course_name,course_code,level,faculty,url,sdg_1,sdg_2,sdg_3,sdg_4,sdg_5,sdg_6,sdg_7,sdg_8,sdg_9,sdg_10,sdg_11,sdg_12,sdg_13,sdg_14,sdg_15,sdg_16,sdg_17
Machine Learning,1.253.420,Master,External institution,https://studiegids.tudelft.nl/courses/study-guide/educations/22193,0,0,0,0,0,0,0,0,0,0,0,0,0,0,0,0,0
Finite Elements in Fluids,4.100.220,Master,External institution,https://studiegids.tudelft.nl/courses/study-guide/educations/22194,0,0,0,0,0,0,0,0,0,0,0,0,0,0,0,0,0
General and Inorganic Chemistry,4051ALACH,Bachelor,Applied Sciences,https://studiegids.tudelft.nl/courses/study-guide/educations/16939,0,0,0,0,0,0,0,0,0,0,0,0,0,0,0,0,0
Calculus 1,4051CALC1,Bachelor,Applied Sciences,https://studiegids.tudelft.nl/courses/study-guide/educations/16940,0,0,0,0,0,0,0,0,0,0,0,0,0,0,0,0,0
Calculus 2,4051CALC2,Bachelor,Applied Sciences,https://studiegids.tudelft.nl/courses/study-guide/educations/16941,0,0,0,0,0,0,0,0,0,0,0,0,0,0,0,0,0
Methods of Chemical Analysis,4051CHAN3,Bachelor,Applied Sciences,https://studiegids.tudelft.nl/courses/study-guide/educations/16942,0,0,0,0,0,0,0,0,0,0,0,0,0,0,0,0,0
Chemical Thermodynamics,4051CHTHE,Bachelor,Applied Sciences,https://studiegids.tudelft.nl/courses/study-guide/educations/16943,0,0,0,0,0,0,0,0,0,0,0,0,0,0,0,0,0
Inorganic Chemistry,4051INCHE,Bachelor,Applied Sciences,https://studiegids.tudelft.nl/courses/study-guide/educations/16944,0,0,0,0,0,0,0,0,0,0,0,0,0,0,0,0,0
Introduction to Process Technology,4051IPTEC,Bachelor,Applied Sciences,https://studiegids.tudelft.nl/courses/study-guide/educations/16945,0,0,0,0,0,0,0,0,0,0,0,0,0,0,0,0,0
Undergraduate Research Project 1,4051LEON1,Bachelor,Applied Sciences,https://studiegids.tudelft.nl/courses/study-guide/educations/16946,0,0,0,0,0,0,0,0,0,0,0,0,0,0,0,1,0
Organic Chemistry 1,4051ORGC1,Bachelor,Applied Sciences,https://studiegids.tudelft.nl/courses/study-guide/educations/16947,0,0,0,0,0,0,0,0,0,0,0,0,0,0,0,0,0
Basic Laboratory Skills Course,4051PRBVA,Bachelor,Applied Sciences,https://studiegids.tudelft.nl/courses/study-guide/educations/16948,0,0,0,0,0,0,0,0,0,0,0,0,0,0,0,0,0
Quantum Chemistry and Physics,4051QCHFY,Bachelor,Applied Sciences,https://studiegids.tudelft.nl/courses/study-guide/educations/16949,0,0,0,0,0,0,0,0,0,0,0,0,0,0,0,0,0
Structure Elucidation,4051STRUA,Bachelor,Applied Sciences,https://studiegids.tudelft.nl/courses/study-guide/educations/23460,0,0,0,0,0,0,0,0,0,0,0,0,0,0,0,0,0
Biochemistry,4052BIOC6,Bachelor,Applied Sciences,https://studiegids.tudelft.nl/courses/study-guide/educations/17173,0,0,0,0,0,0,0,0,0,0,0,0,0,0,0,0,0
Biomolecular Chemistry,4052BMOCH,Bachelor,Applied Sciences,https://studiegids.tudelft.nl/courses/study-guide/educations/17184,0,0,0,0,0,0,0,0,0,0,0,0,0,0,0,0,0
Chemical Biotechnology,4052CHBIO,Bachelor,Applied Sciences,https://studiegids.tudelft.nl/courses/study-guide/educations/17188,0,0,0,0,0,0,0,0,0,0,0,1,1,0,0,0,0
Chemistry and Physics of Solid Materials,4052CHFVS,Bachelor,Applied Sciences,https://studiegids.tudelft.nl/courses/study-guide/educations/17180,0,0,0,0,0,0,0,0,0,0,0,0,0,0,0,0,0
Chemical Reactor Engineering,4052CHREK,Bachelor,Applied Sciences,https://studiegids.tudelft.nl/courses/study-guide/educations/17196,0,0,0,0,0,0,0,0,0,0,0,0,0,0,0,0,0
"Energy, Recycling and Safety",4052ENRV6,Bachelor,Applied Sciences,https://studiegids.tudelft.nl/courses/study-guide/educations/17174,0,0,0,0,0,0,1,0,1,0,0,1,1,0,0,0,0
Physiological Chemistry,4052FYSC6,Bachelor,Applied Sciences,https://studiegids.tudelft.nl/courses/study-guide/educations/17185,0,0,1,0,0,0,0,0,0,0,0,0,0,0,0,0,0
Physical Chemistry and Kinetics,4052FYSCK,Bachelor,Applied Sciences,https://studiegids.tudelft.nl/courses/study-guide/educations/17175,0,0,0,0,0,0,0,0,0,0,0,0,0,0,0,0,0
Physical Transport Phenomena,4052FYSTR,Bachelor,Applied Sciences,https://studiegids.tudelft.nl/courses/study-guide/educations/17181,0,0,0,0,0,0,0,0,0,0,0,0,0,0,0,0,0
Catalysis,4052KATAL,Bachelor,Applied Sciences,https://studiegids.tudelft.nl/courses/study-guide/educations/17176,0,0,0,0,0,0,0,0,1,0,0,0,0,0,0,0,0
Linear Algebra and Differential Equations,4052LADIF,Bachelor,Applied Sciences,https://studiegids.tudelft.nl/courses/study-guide/educations/17182,0,0,0,0,0,0,0,0,0,0,0,0,0,0,0,0,0
Research Project 2,4052LEON2,Bachelor,Applied Sciences,https://studiegids.tudelft.nl/courses/study-guide/educations/17177,0,0,0,0,0,0,0,0,0,0,0,0,0,0,0,0,0
Chemical Product Design,4052LEON3,Bachelor,Applied Sciences,https://studiegids.tudelft.nl/courses/study-guide/educations/17192,0,0,0,0,0,0,0,0,0,0,0,0,0,0,0,0,0
Bachelor Thesis Project,4052LEON4,Bachelor,Applied Sciences,https://studiegids.tudelft.nl/courses/study-guide/educations/17193,0,0,0,0,0,0,0,0,0,0,0,0,0,0,0,0,0
Numerical Techniques,4052NUMT3,Bachelor,Applied Sciences,https://studiegids.tudelft.nl/courses/study-guide/educations/17178,0,0,0,0,0,0,0,0,0,0,0,0,0,0,0,0,0
Organic Chemistry 2,4052ORGC2,Bachelor,Applied Sciences,https://studiegids.tudelft.nl/courses/study-guide/educations/17186,0,0,0,0,0,0,0,0,0,0,0,0,0,0,0,0,0
Separation Technology,4052SCHTE,Bachelor,Applied Sciences,https://studiegids.tudelft.nl/courses/study-guide/educations/17191,0,0,0,0,0,0,0,0,0,0,0,0,0,0,0,0,0
Statistical Methods,4052STAME,Bachelor,Applied Sciences,https://studiegids.tudelft.nl/courses/study-guide/educations/17194,0,0,0,0,0,0,0,0,0,0,0,0,0,0,0,0,0
Structure and Properties of Materials,4052STEVM,Bachelor,Applied Sciences,https://studiegids.tudelft.nl/courses/study-guide/educations/17179,0,0,0,0,0,0,0,0,0,0,0,0,0,0,0,0,0
Statistical Thermodynamics / Spectroscopy,4052STTS6,Bachelor,Applied Sciences,https://studiegids.tudelft.nl/courses/study-guide/educations/17195,0,0,0,0,0,0,0,0,0,0,0,0,0,0,0,0,0
Theoretical Chemistry,4052THECH,Bachelor,Applied Sciences,https://studiegids.tudelft.nl/courses/study-guide/educations/17183,0,0,0,0,0,0,0,0,0,0,0,0,0,0,0,0,0
Linear Analysis,4082LINAN,Master,External institution,https://studiegids.tudelft.nl/courses/study-guide/educations/17354,0,0,0,0,0,0,0,0,0,0,0,0,0,0,0,0,0
Applied Quantum Algorithms,4343APQAL,Master,External institution,https://studiegids.tudelft.nl/courses/study-guide/educations/17355,0,0,0,0,0,0,0,0,0,0,0,0,0,0,0,0,0
Introduction to Machine Learning,4343INTML,Master,External institution,https://studiegids.tudelft.nl/courses/study-guide/educations/17356,0,0,0,0,0,0,0,0,0,0,0,0,0,0,0,0,0
Introduction to Dynamical Systems,4373INTDS,Master,External institution,https://studiegids.tudelft.nl/courses/study-guide/educations/17357,0,0,0,0,0,0,0,0,0,0,0,0,0,0,0,0,0
Representation Theory,4373REPTH,Master,External institution,https://studiegids.tudelft.nl/courses/study-guide/educations/17358,0,0,0,0,0,0,0,0,0,0,0,0,0,0,0,0,0
Computational Physics A,4403CMPHAY,Master,External institution,https://studiegids.tudelft.nl/courses/study-guide/educations/17359,0,0,0,0,0,0,0,0,0,0,0,0,0,0,0,0,0
Computational Physics B,4403CMPHBY,Master,External institution,https://studiegids.tudelft.nl/courses/study-guide/educations/3775,0,0,0,0,0,0,0,0,0,0,0,0,0,0,0,0,0
Condensed Matter Physics,4403COPH6,Master,External institution,https://studiegids.tudelft.nl/courses/study-guide/educations/17360,0,0,0,0,0,0,0,0,0,0,0,0,0,0,0,0,0
Effective Field Theory,4403EFTH3Y,Master,External institution,https://studiegids.tudelft.nl/courses/study-guide/educations/23945,0,0,0,0,0,0,0,0,0,0,0,0,0,0,0,0,0
Physics of Machine Learning,4403PHML3Y,Master,External institution,https://studiegids.tudelft.nl/courses/study-guide/educations/23944,0,0,0,0,0,0,0,0,0,0,0,0,0,0,0,0,0
Quantum Field Theory,4403QFTH6Y,Master,External institution,https://studiegids.tudelft.nl/courses/study-guide/educations/23946,0,0,0,0,0,0,0,0,0,0,0,0,0,0,0,0,0
Quantum Optics,4403QOPT6,Master,External institution,https://studiegids.tudelft.nl/courses/study-guide/educations/17362,0,0,0,0,0,0,0,0,0,0,0,0,0,0,0,0,0
Quantum Theory,4403QUTH6,Master,External institution,https://studiegids.tudelft.nl/courses/study-guide/educations/17363,0,0,0,0,0,0,0,0,0,0,0,0,0,0,0,0,0
Statiscal Physics,4403STPHAY,Master,External institution,https://studiegids.tudelft.nl/courses/study-guide/educations/17364,0,0,0,0,0,0,0,0,0,0,0,0,0,0,0,0,0
Theory of Condensed Matter,4403TCM06,Master,External institution,https://studiegids.tudelft.nl/courses/study-guide/educations/3782,0,0,0,0,0,0,0,0,0,0,0,0,0,0,0,0,0
Theory of General Relativity,4403TGR64,Master,External institution,https://studiegids.tudelft.nl/courses/study-guide/educations/23478,0,0,0,0,0,0,0,0,0,0,0,0,0,0,0,0,0
Beyond Growth,4413BYGR5,Master,"Technology, Policy and Management",https://studiegids.tudelft.nl/courses/study-guide/educations/20247,0,0,0,0,0,0,0,0,0,1,0,1,1,0,0,0,0
Circular Economy,4413CIRC5,Master,"Technology, Policy and Management",https://studiegids.tudelft.nl/courses/study-guide/educations/20252,0,0,0,0,0,0,0,0,1,0,0,1,1,0,0,0,0
Earth System Science and Analysis,4413EASYS,Master,"Technology, Policy and Management",https://studiegids.tudelft.nl/courses/study-guide/educations/20236,0,0,0,0,0,0,0,0,0,0,0,1,1,0,1,0,0
Environmental Input-Output Analysis,4413EIOAT,Master,"Technology, Policy and Management",https://studiegids.tudelft.nl/courses/study-guide/educations/20251,0,0,0,0,0,0,0,0,1,0,0,1,1,0,0,0,0
GIS: Spatial analysis in urban regions,4413GIS20,Master,"Technology, Policy and Management",https://studiegids.tudelft.nl/courses/study-guide/educations/20246,0,0,0,0,0,0,0,0,1,0,1,1,1,0,0,0,0
Industrial Ecology Capita Selecta Module,4413IECS2Y,Master,"Technology, Policy and Management",https://studiegids.tudelft.nl/courses/study-guide/educations/21291,0,0,0,0,0,0,0,0,0,0,0,0,0,0,0,0,0
Industrial Ecology Capita Selecta Module,4413IECS3Y,Master,"Technology, Policy and Management",https://studiegids.tudelft.nl/courses/study-guide/educations/21292,0,0,0,0,0,0,0,0,0,0,0,0,0,0,0,0,0
Industrial Ecology Capita Selecta Module,4413IECS4Y,Master,"Technology, Policy and Management",https://studiegids.tudelft.nl/courses/study-guide/educations/21293,0,0,0,0,0,0,0,0,0,0,0,0,0,0,0,0,0
Industrial Ecology Capita Selecta Module,4413IECS5Y,Master,"Technology, Policy and Management",https://studiegids.tudelft.nl/courses/study-guide/educations/21294,0,0,0,0,0,0,0,0,0,0,0,0,0,0,0,0,0
Industrial Ecology Capita Selecta Module,4413IECS6Y,Master,"Technology, Policy and Management",https://studiegids.tudelft.nl/courses/study-guide/educations/21295,0,0,0,0,0,0,0,0,0,0,0,0,0,0,0,0,0
Integrated Project: Industrial and Urban Systems,4413INTPR,Master,"Technology, Policy and Management",https://studiegids.tudelft.nl/courses/study-guide/educations/20242,0,0,0,0,0,1,1,0,1,0,1,1,1,0,0,0,1
LCA Practice en Reporting,4413LCA10,Master,"Technology, Policy and Management",https://studiegids.tudelft.nl/courses/study-guide/educations/20249,0,0,0,0,0,0,0,0,1,0,0,1,1,0,0,0,0
Methods: Analysing Physical Processes,4413MAPPT,Master,"Technology, Policy and Management",https://studiegids.tudelft.nl/courses/study-guide/educations/20237,0,0,0,0,0,0,0,0,1,0,0,1,0,0,0,0,0
Methods: Analysing Social Processes,4413MASPL,Master,"Technology, Policy and Management",https://studiegids.tudelft.nl/courses/study-guide/educations/20239,0,0,0,0,0,0,0,0,0,0,0,0,0,0,0,0,0
Material Flow Analysis,4413MFA10,Master,"Technology, Policy and Management",https://studiegids.tudelft.nl/courses/study-guide/educations/21296,0,0,0,0,0,0,0,0,1,0,1,1,1,0,0,0,0
System Design for Industrial Ecology,4413SDIEL,Master,"Technology, Policy and Management",https://studiegids.tudelft.nl/courses/study-guide/educations/20240,0,0,0,0,0,0,0,0,0,0,0,0,0,0,0,0,0
Society's Metabolism,4413SOCMB,Master,"Technology, Policy and Management",https://studiegids.tudelft.nl/courses/study-guide/educations/20238,0,1,0,0,0,1,0,0,0,0,0,1,1,0,0,0,0
Sustainability Analysis in Python,4413SUAP6,Master,"Technology, Policy and Management",https://studiegids.tudelft.nl/courses/study-guide/educations/20254,0,0,0,0,0,0,0,0,0,0,0,0,0,0,0,0,0
Sustainability Analysis in Python,4413SUSAP,Master,"Technology, Policy and Management",https://studiegids.tudelft.nl/courses/study-guide/educations/20255,0,0,0,0,0,0,0,0,0,0,0,0,0,0,0,0,0
Sustainability Challenge,4413SUSCH,Master,"Technology, Policy and Management",https://studiegids.tudelft.nl/courses/study-guide/educations/20243,0,0,0,0,0,0,0,0,0,0,0,0,0,0,0,0,0
Thesis Preparation Course,4413THPC1,Master,"Technology, Policy and Management",https://studiegids.tudelft.nl/courses/study-guide/educations/21289,0,0,0,1,0,0,0,0,0,0,0,0,0,0,0,0,0
Thesis Preparation Course,4413THPC2,Master,"Technology, Policy and Management",https://studiegids.tudelft.nl/courses/study-guide/educations/21290,0,0,0,1,0,0,0,0,0,0,0,0,0,0,0,0,0
"Transitions, Innovation en Governance",4413TRIGL,Master,"Technology, Policy and Management",https://studiegids.tudelft.nl/courses/study-guide/educations/20241,0,0,0,0,0,0,1,0,1,0,0,1,1,0,0,1,1
Thesis Research Project,4413TRP30Y,Master,"Technology, Policy and Management",https://studiegids.tudelft.nl/courses/study-guide/educations/20245,0,0,0,0,0,0,0,0,0,0,0,1,1,0,0,0,0
Entrepreneurship and Innovation,4603BSENI,Master,Applied Sciences,https://studiegids.tudelft.nl/courses/study-guide/educations/17534,0,0,0,0,0,0,0,0,0,0,0,0,0,0,0,0,0
Financing Technology Ventures,4603BSFT3,Master,Applied Sciences,https://studiegids.tudelft.nl/courses/study-guide/educations/3785,0,0,0,0,0,0,0,0,0,0,0,0,0,0,0,0,0
Leading and Managing People,4603BSLMP,Master,Applied Sciences,https://studiegids.tudelft.nl/courses/study-guide/educations/17535,0,0,0,0,0,0,0,0,0,0,0,0,0,0,0,0,0
Marketing Analytics,4603BSMA4,Master,Applied Sciences,https://studiegids.tudelft.nl/courses/study-guide/educations/17536,0,0,0,0,0,0,0,0,0,0,0,0,0,0,0,0,0
Management Science,4603BSMSX,Master,Applied Sciences,https://studiegids.tudelft.nl/courses/study-guide/educations/17537,0,0,0,0,0,0,0,0,0,0,0,0,0,0,0,0,0
Complex Networks,4609COMNW,Master,External institution,https://studiegids.tudelft.nl/courses/study-guide/educations/17365,0,0,0,0,0,0,0,0,0,0,0,0,0,0,0,0,0
Geological & Engineering Basics of Final Disposal,5.100.017,Master,External institution,https://studiegids.tudelft.nl/courses/study-guide/educations/22186,0,0,0,0,0,0,0,0,0,0,0,0,0,0,0,0,0
Geophysical Logging and Log Interpretation,5.314.570,Master,External institution,https://studiegids.tudelft.nl/courses/study-guide/educations/22170,0,0,0,0,0,0,0,0,0,0,0,0,0,0,0,0,0
Hydrogeophysics,5.318.482,Master,External institution,https://studiegids.tudelft.nl/courses/study-guide/educations/22178,0,0,0,0,0,0,0,0,0,0,0,0,0,0,0,0,0
Rockphysics Laboratory,5.326.003,Master,External institution,https://studiegids.tudelft.nl/courses/study-guide/educations/22169,0,0,0,0,0,0,0,0,0,0,0,0,0,0,0,0,0
Scientific Machine Learning,5.326.004,Master,External institution,https://studiegids.tudelft.nl/courses/study-guide/educations/22182,0,0,0,0,0,0,0,0,0,0,0,0,0,0,0,0,0
Engineering geophysics,5.329.469,Master,External institution,https://studiegids.tudelft.nl/courses/study-guide/educations/22179,0,0,0,0,0,0,0,0,0,0,0,0,0,0,0,0,0
Seismic Interpretation and Well Integration,5.330.255,Master,External institution,https://studiegids.tudelft.nl/courses/study-guide/educations/22196,0,0,0,0,0,0,0,0,0,0,0,0,0,0,0,0,0
Data analysis in Geoscience,5.331.439,Master,External institution,https://studiegids.tudelft.nl/courses/study-guide/educations/22197,0,0,0,0,0,0,0,0,0,0,0,0,0,0,0,0,0
Remote Sensing of Geohazards,5.331.582.01,Master,External institution,https://studiegids.tudelft.nl/courses/study-guide/educations/22187,0,0,0,0,0,0,0,0,0,0,0,0,0,0,0,0,0
Remote Sensing - Advanced Methods,5.331.582.02,Master,External institution,https://studiegids.tudelft.nl/courses/study-guide/educations/22188,0,0,0,0,0,0,0,0,0,0,0,0,0,0,0,0,0
Rockphysics,5.331.637.01,Master,External institution,https://studiegids.tudelft.nl/courses/study-guide/educations/22168,0,0,0,0,0,0,0,0,0,0,0,0,0,0,0,0,0
Underground Excavation,5.332.383,Master,External institution,https://studiegids.tudelft.nl/courses/study-guide/educations/22198,0,0,0,0,0,0,0,0,0,0,0,0,0,0,0,0,0
Computational Continuum Mechanics,5.342.487,Master,External institution,https://studiegids.tudelft.nl/courses/study-guide/educations/22180,0,0,0,0,0,0,0,0,0,0,0,0,0,0,0,0,0
Final Disposal and Projects,5.345.471,Master,External institution,https://studiegids.tudelft.nl/courses/study-guide/educations/22185,0,0,0,0,0,0,0,0,0,0,0,0,0,0,0,0,0
Neotectonics and Earthquake Geology,5.349.932,Master,External institution,https://studiegids.tudelft.nl/courses/study-guide/educations/22189,0,0,0,0,0,0,0,0,0,0,0,0,0,0,0,0,0
Fieldwork: Geophysical Logging and Log Interpretation,5.350.132,Master,External institution,https://studiegids.tudelft.nl/courses/study-guide/educations/22175,0,0,0,0,0,0,0,0,0,0,0,0,0,0,0,0,0
Research Module in Applied Geophysics,5.412.000,Master,External institution,https://studiegids.tudelft.nl/courses/study-guide/educations/22181,0,0,0,0,0,0,0,0,0,0,0,0,0,0,0,0,0
Modeling and Inversion for multi-method Geophysics,5.412.003,Master,External institution,https://studiegids.tudelft.nl/courses/study-guide/educations/22177,0,0,0,0,0,0,0,0,0,0,0,0,0,0,0,0,0
5000MFS23 Bootcamp,5000MFS23,Bachelor,External institution,https://studiegids.tudelft.nl/courses/study-guide/educations/23429,0,0,0,0,0,0,0,0,0,0,0,0,0,0,0,0,0
Frugal Innovation in Practice,5000MFS24,Bachelor,External institution,https://studiegids.tudelft.nl/courses/study-guide/educations/23430,0,0,0,0,0,0,0,0,0,0,0,0,0,0,0,0,0
Capturing Frugal Innovation,5000MFS25,Bachelor,External institution,https://studiegids.tudelft.nl/courses/study-guide/educations/23431,0,0,0,0,0,0,0,0,0,0,0,0,0,0,0,0,0
Reflection Seismology Processing,651-4079-00L,Master,External institution,https://studiegids.tudelft.nl/courses/study-guide/educations/22155,0,0,0,0,0,0,0,0,0,0,0,0,0,0,0,0,0
Case Studies in Exploration and Environmental Geophysics,651-4087-01L,Master,External institution,https://studiegids.tudelft.nl/courses/study-guide/educations/22161,0,0,0,0,0,0,0,0,0,0,0,0,0,0,0,0,0
Numerical Modelling for Applied Geophyscics,651-4094-00L,Master,External institution,https://studiegids.tudelft.nl/courses/study-guide/educations/22158,0,0,0,0,0,0,0,0,0,0,0,0,0,0,0,0,0
Inverse Theory I: Basics,651-4096-00L,Master,External institution,https://studiegids.tudelft.nl/courses/study-guide/educations/22159,0,0,0,0,0,0,0,0,0,0,0,0,0,0,0,0,0
Inverse Theory II: Applications,651-4096-02L,Master,External institution,https://studiegids.tudelft.nl/courses/study-guide/educations/22162,0,0,0,0,0,0,0,0,0,0,0,0,0,0,0,0,0
Geophysical Field Work and Processing: Methods,651-4104-00L,Master,External institution,https://studiegids.tudelft.nl/courses/study-guide/educations/22156,0,0,0,0,0,0,0,0,0,0,0,0,0,0,0,0,0
Geophysical Field Work & Processing: Preparation and Field Work,651-4106-03L,Master,External institution,https://studiegids.tudelft.nl/courses/study-guide/educations/22157,0,0,0,0,0,0,0,0,0,0,0,0,0,0,0,0,0
Geothermal Energy,651-4109-00L,Master,External institution,https://studiegids.tudelft.nl/courses/study-guide/educations/22163,0,0,0,0,0,0,0,0,0,0,0,0,0,0,0,0,0
Computational Methods in Seismic Data Analysis and Imaging,651-4110-00L,Master,External institution,https://studiegids.tudelft.nl/courses/study-guide/educations/22164,0,0,0,0,0,0,0,0,0,0,0,0,0,0,0,0,0
Geofluids,651-4240-00L,Master,External institution,https://studiegids.tudelft.nl/courses/study-guide/educations/22165,0,0,0,0,0,0,0,0,0,0,0,0,0,0,0,0,0
Mathematics V: Applied Deepening of Mathematics I-III,701-0106-00L,Master,External institution,https://studiegids.tudelft.nl/courses/study-guide/educations/22166,0,0,0,0,0,0,0,0,0,0,0,0,0,0,0,0,0
Economics of Technological Diffusion,8.118.471,Master,External institution,https://studiegids.tudelft.nl/courses/study-guide/educations/22201,0,0,0,0,0,0,0,0,0,0,0,0,0,0,0,0,0
Instability and (In)securities: A case study of crisis,8910PRD01,Bachelor,External institution,https://studiegids.tudelft.nl/courses/study-guide/educations/23426,0,0,0,0,0,0,0,0,0,0,0,0,0,0,0,0,0
Disaster Studies,8910PRD02,Bachelor,External institution,https://studiegids.tudelft.nl/courses/study-guide/educations/23427,0,0,0,0,0,0,0,0,0,0,0,0,0,0,0,0,0
Climate Change as a Political Challenge: Can We Prevent Disaster?,8910PRD03,Bachelor,External institution,https://studiegids.tudelft.nl/courses/study-guide/educations/23428,0,0,0,0,0,0,0,0,0,0,0,0,1,0,0,0,0
Aerospace Materials,AE1108-I,Bachelor,Aerospace Engineering,https://studiegids.tudelft.nl/courses/study-guide/educations/20590,0,0,0,0,0,0,0,0,0,0,0,1,0,0,0,0,0
Aerospace Mechanics of Materials,AE1108-II,Bachelor,Aerospace Engineering,https://studiegids.tudelft.nl/courses/study-guide/educations/20591,0,0,0,0,0,0,0,0,0,0,0,0,0,0,0,0,0
Introduction to Aerospace Engineering I,AE1110-I,Bachelor,Aerospace Engineering,https://studiegids.tudelft.nl/courses/study-guide/educations/20592,0,0,0,0,0,0,0,0,0,0,0,0,0,0,0,0,0
Introduction to Aerospace Engineering II,AE1110-II,Bachelor,Aerospace Engineering,https://studiegids.tudelft.nl/courses/study-guide/educations/20593,0,0,0,0,0,0,0,0,0,0,0,0,0,0,0,0,0
Introduction to Aerospace Engineering I,AE1110-M,Bachelor,Aerospace Engineering,https://studiegids.tudelft.nl/courses/study-guide/educations/3657,0,0,0,0,0,0,0,0,0,0,0,0,0,0,0,0,0
Exploring Aerospace Engineering,AE1111-I,Bachelor,Aerospace Engineering,https://studiegids.tudelft.nl/courses/study-guide/educations/20594,0,0,0,0,0,0,0,0,0,0,0,0,0,0,0,0,0
Engineering Drawing,AE1111-II,Bachelor,Aerospace Engineering,https://studiegids.tudelft.nl/courses/study-guide/educations/20595,0,0,0,0,0,0,0,0,0,0,0,0,0,0,0,0,0
Mentor Programme,AE1111-III,Bachelor,Aerospace Engineering,https://studiegids.tudelft.nl/courses/study-guide/educations/20596,0,0,0,0,0,0,0,0,0,0,0,0,0,0,0,0,0
Statics,AE1130-I,Bachelor,Aerospace Engineering,https://studiegids.tudelft.nl/courses/study-guide/educations/20597,0,0,0,0,0,0,0,0,0,0,0,0,0,0,0,0,0
Dynamics,AE1130-II,Bachelor,Aerospace Engineering,https://studiegids.tudelft.nl/courses/study-guide/educations/20598,0,0,0,0,0,0,0,0,0,0,0,0,0,0,0,0,0
Programming and Scientific Computing in Python for AE1,AE1205,Bachelor,Aerospace Engineering,https://studiegids.tudelft.nl/courses/study-guide/educations/20470,0,0,0,0,0,0,0,0,0,0,0,0,0,0,0,0,0
Design en Construction,AE1222-I,Bachelor,Aerospace Engineering,https://studiegids.tudelft.nl/courses/study-guide/educations/20599,0,0,0,0,0,0,0,0,0,0,0,0,0,0,0,0,0
Aerospace Design en Systems Engineering Elements,AE1222-II,Bachelor,Aerospace Engineering,https://studiegids.tudelft.nl/courses/study-guide/educations/20600,0,0,0,0,0,0,0,0,1,0,0,0,0,0,0,0,0
Physics,AE1241,Bachelor,Aerospace Engineering,https://studiegids.tudelft.nl/courses/study-guide/educations/20601,0,0,0,0,0,0,0,0,0,0,0,0,1,0,0,0,0
Systems Design,AE2111-I,Bachelor,Aerospace Engineering,https://studiegids.tudelft.nl/courses/study-guide/educations/20602,0,0,0,0,0,0,0,0,0,0,0,0,0,0,0,0,0
Aerospace Design en Systems Engineering Elements,AE2111-II,Bachelor,Aerospace Engineering,https://studiegids.tudelft.nl/courses/study-guide/educations/20603,0,0,0,0,0,0,0,0,0,0,0,0,0,0,0,0,0
Aerodynamics I,AE2130-I,Bachelor,Aerospace Engineering,https://studiegids.tudelft.nl/courses/study-guide/educations/20604,0,0,0,0,0,0,0,0,0,0,0,0,0,0,0,0,0
Aerodynamics I,AE2130-I S,Bachelor,Aerospace Engineering,https://studiegids.tudelft.nl/courses/study-guide/educations/20460,0,0,0,0,0,0,0,0,0,0,0,0,0,0,0,0,0
Low Speed Wind Tunnel Test,AE2130-II,Bachelor,Aerospace Engineering,https://studiegids.tudelft.nl/courses/study-guide/educations/20605,0,0,0,0,0,0,0,0,0,0,0,0,0,0,0,0,0
Aerodynamics II,AE2130-III,Bachelor,Aerospace Engineering,https://studiegids.tudelft.nl/courses/study-guide/educations/20606,0,0,0,0,0,0,0,0,0,0,0,0,0,0,0,0,0
Structural Analysis en Design,AE2135-I,Bachelor,Aerospace Engineering,https://studiegids.tudelft.nl/courses/study-guide/educations/20607,0,0,0,0,0,0,0,0,0,0,0,0,0,0,0,0,0
Structural Analysis and Design,AE2135-I S,Bachelor,Aerospace Engineering,https://studiegids.tudelft.nl/courses/study-guide/educations/20461,0,0,0,0,0,0,0,0,0,0,0,0,0,0,0,0,0
Vibrations,AE2135-II,Bachelor,Aerospace Engineering,https://studiegids.tudelft.nl/courses/study-guide/educations/20608,0,0,0,0,0,0,0,0,0,0,0,0,0,0,0,0,0
Applied Numerical Analysis,AE2220-I,Bachelor,Aerospace Engineering,https://studiegids.tudelft.nl/courses/study-guide/educations/20609,0,0,0,0,0,0,0,0,0,0,0,0,0,0,0,0,0
Computational Modelling,AE2220-II,Bachelor,Aerospace Engineering,https://studiegids.tudelft.nl/courses/study-guide/educations/20610,0,0,0,0,0,0,0,0,0,0,0,0,0,0,0,0,0
Computational Modeling,AE2220-II S,Bachelor,Aerospace Engineering,https://studiegids.tudelft.nl/courses/study-guide/educations/20462,0,0,0,0,0,0,0,0,0,0,0,0,0,0,0,0,0
"Test, Analysis en Simulation",AE2224-I,Bachelor,Aerospace Engineering,https://studiegids.tudelft.nl/courses/study-guide/educations/20611,0,0,0,1,0,0,0,0,0,0,0,0,0,0,0,0,0
Artificial Intelligence for Aerospace Engineering,AE2224-II,Bachelor,Aerospace Engineering,https://studiegids.tudelft.nl/courses/study-guide/educations/20612,0,0,0,0,0,0,0,0,0,0,0,0,1,0,0,1,0
Flight en Orbital Mechanics,AE2230-I,Bachelor,Aerospace Engineering,https://studiegids.tudelft.nl/courses/study-guide/educations/20613,0,0,0,0,0,0,0,0,0,0,0,0,0,0,0,0,0
Flight and Orbital Mechanics,AE2230-I S,Bachelor,Aerospace Engineering,https://studiegids.tudelft.nl/courses/study-guide/educations/20463,0,0,0,0,0,0,0,0,0,0,0,0,0,0,0,0,0
Propulsion en Power,AE2230-II,Bachelor,Aerospace Engineering,https://studiegids.tudelft.nl/courses/study-guide/educations/20614,0,0,0,0,0,0,1,1,1,0,0,0,0,0,0,0,0
Aerospace Systems en Control Theory,AE2235-I,Bachelor,Aerospace Engineering,https://studiegids.tudelft.nl/courses/study-guide/educations/20615,0,0,0,0,0,0,0,0,0,0,0,0,0,0,0,0,0
Signal Analysis and Telecommunication Principles,AE2235-II,Bachelor,Aerospace Engineering,https://studiegids.tudelft.nl/courses/study-guide/educations/20616,0,0,0,0,0,0,0,0,0,0,0,0,0,0,0,0,0
Exchange Period BSc,AE3060,Bachelor,Aerospace Engineering,https://studiegids.tudelft.nl/courses/study-guide/educations/24520,0,0,0,0,0,0,0,0,0,0,0,0,0,0,0,0,0
Design Synthesis,AE3200,Bachelor,Aerospace Engineering,https://studiegids.tudelft.nl/courses/study-guide/educations/20617,0,0,0,1,0,0,0,0,1,0,0,1,1,0,0,0,0
Systems Engineering en Aerospace Design,AE3211-I,Bachelor,Aerospace Engineering,https://studiegids.tudelft.nl/courses/study-guide/educations/20788,0,0,0,0,0,0,0,0,0,0,0,0,0,0,0,0,0
Production of Aerospace Systems,AE3211-II,Bachelor,Aerospace Engineering,https://studiegids.tudelft.nl/courses/study-guide/educations/20789,0,0,0,0,0,0,0,0,1,0,0,1,1,0,0,0,0
"Aerospace Flight Dynamics en Simulation, including Flight Test",AE3212-I,Bachelor,Aerospace Engineering,https://studiegids.tudelft.nl/courses/study-guide/educations/20790,0,0,0,0,0,0,0,0,0,0,0,0,0,0,0,0,0
Aerospace Flight Dynamics and Simulation,AE3212-I S,Bachelor,Aerospace Engineering,https://studiegids.tudelft.nl/courses/study-guide/educations/20465,0,0,0,0,0,0,0,0,0,0,0,0,0,0,0,0,0
"Simulation, Verification en Validation",AE3212-II,Bachelor,Aerospace Engineering,https://studiegids.tudelft.nl/courses/study-guide/educations/20791,0,0,0,0,0,0,0,0,0,0,0,0,0,0,0,0,0
Air Transportation,AE3501-25,Bachelor,Aerospace Engineering,https://studiegids.tudelft.nl/courses/study-guide/educations/21064,0,0,0,0,0,0,0,0,1,0,0,1,1,0,0,0,0
"Airport Planning, Design and Operations",AE3502-14,Bachelor,Aerospace Engineering,https://studiegids.tudelft.nl/courses/study-guide/educations/20488,0,0,0,0,0,0,0,0,0,0,0,0,0,0,0,0,0
Strategic Planning for Airport Systems,AE3503,Bachelor,Aerospace Engineering,https://studiegids.tudelft.nl/courses/study-guide/educations/20489,0,0,0,0,0,0,0,0,0,0,0,0,0,0,0,0,0
Group Assignment Responsible Risk Management for Airport Development,AE3504,Bachelor,Aerospace Engineering,https://studiegids.tudelft.nl/courses/study-guide/educations/21065,0,0,0,0,0,0,0,0,0,0,0,0,0,0,0,0,0
Asset Management,AE3512-20,Bachelor,Aerospace Engineering,https://studiegids.tudelft.nl/courses/study-guide/educations/20481,0,0,0,0,0,0,1,0,1,0,0,0,1,0,0,0,0
Integration Assignment,AE3513,Bachelor,Aerospace Engineering,https://studiegids.tudelft.nl/courses/study-guide/educations/20482,0,0,0,0,0,0,1,0,0,0,0,0,1,0,0,0,1
Basics of Aeroacoustics for Wind Energy,AE3515,Bachelor,Aerospace Engineering,https://studiegids.tudelft.nl/courses/study-guide/educations/20483,0,0,0,0,0,0,1,0,1,0,0,0,1,0,0,0,0
Fundamentals of Wind Energy I,AE3516A,Bachelor,Aerospace Engineering,https://studiegids.tudelft.nl/courses/study-guide/educations/20484,0,0,0,0,0,0,1,1,1,0,0,0,1,0,0,0,0
Fundamentals of Wind Energy II,AE3516B,Bachelor,Aerospace Engineering,https://studiegids.tudelft.nl/courses/study-guide/educations/20485,0,0,0,0,0,0,1,0,1,0,0,0,1,0,0,0,0
Educational Research Project BSc,AE3997,Bachelor,Aerospace Engineering,https://studiegids.tudelft.nl/courses/study-guide/educations/24522,0,0,0,0,0,0,0,0,0,0,0,0,0,0,0,0,0
Sustainability in Engineering,AE4006E,Master,Aerospace Engineering,https://studiegids.tudelft.nl/courses/study-guide/educations/20792,0,0,0,1,1,0,0,0,0,0,0,1,1,0,0,1,1
Research Methodologies,AE4010,Master,Aerospace Engineering,https://studiegids.tudelft.nl/courses/study-guide/educations/20794,0,0,0,1,0,0,0,0,0,0,0,0,0,0,0,0,0
Experimental Simulations,AE4115-23,Master,Aerospace Engineering,https://studiegids.tudelft.nl/courses/study-guide/educations/20635,0,0,0,0,0,0,0,0,0,0,0,0,0,0,0,0,0
Fluid-Structure Interaction,AE4117,Master,Aerospace Engineering,https://studiegids.tudelft.nl/courses/study-guide/educations/20795,0,0,0,0,0,0,0,0,0,0,0,0,0,0,0,0,0
Viscous Flows,AE4120,Master,Aerospace Engineering,https://studiegids.tudelft.nl/courses/study-guide/educations/20636,0,0,0,0,0,0,0,0,0,0,0,0,0,0,0,0,0
Aircraft Aerodynamics,AE4130-22,Master,Aerospace Engineering,https://studiegids.tudelft.nl/courses/study-guide/educations/20637,0,0,0,0,0,0,1,0,1,0,0,0,1,0,0,0,0
Rotor / wake Aerodynamics,AE4135,Master,Aerospace Engineering,https://studiegids.tudelft.nl/courses/study-guide/educations/20638,0,0,0,0,0,0,1,0,1,0,0,0,1,0,0,0,0
CFD 2: Discretisation Techniques,AE4136-24,Master,Aerospace Engineering,https://studiegids.tudelft.nl/courses/study-guide/educations/20639,0,0,0,0,0,0,0,0,0,0,0,0,0,0,0,0,0
CFD 4: Uncertainty Quantification,AE4138-18,Master,Aerospace Engineering,https://studiegids.tudelft.nl/courses/study-guide/educations/20796,0,0,0,0,0,0,0,0,0,0,0,0,0,0,0,0,0
CFD 3: Large Eddy Simulation,AE4139,Master,Aerospace Engineering,https://studiegids.tudelft.nl/courses/study-guide/educations/20797,0,0,0,0,0,0,0,0,0,0,0,0,0,0,0,0,0
Gas Dynamics,AE4140,Master,Aerospace Engineering,https://studiegids.tudelft.nl/courses/study-guide/educations/20640,0,0,0,0,0,0,0,0,0,0,0,0,0,0,0,0,0
Hypersonic Aerodynamics,AE4143,Master,Aerospace Engineering,https://studiegids.tudelft.nl/courses/study-guide/educations/20798,0,0,0,0,0,0,0,0,0,0,0,0,0,0,0,0,0
Flow Measurement Techniques,AE4180,Master,Aerospace Engineering,https://studiegids.tudelft.nl/courses/study-guide/educations/20641,0,0,0,0,0,0,0,0,0,0,0,0,0,0,0,0,0
Fluid Flow Data Processing and Visualization,AE4185,Master,Aerospace Engineering,https://studiegids.tudelft.nl/courses/study-guide/educations/20799,0,0,0,0,0,0,0,0,0,0,0,0,0,0,0,0,0
CFD for Aerospace Engineers,AE4202,Master,Aerospace Engineering,https://studiegids.tudelft.nl/courses/study-guide/educations/20642,0,0,0,0,0,0,0,0,0,0,0,0,0,0,0,0,0
Knowledge Based Engineering,AE4204,Master,Aerospace Engineering,https://studiegids.tudelft.nl/courses/study-guide/educations/20753,0,0,0,0,0,0,0,0,0,0,0,0,0,0,0,0,0
MDO for Aerospace Applications,AE4205,Master,Aerospace Engineering,https://studiegids.tudelft.nl/courses/study-guide/educations/20754,0,0,0,0,0,0,0,0,0,0,0,0,0,0,0,0,0
Turbomachinery,AE4206-24,Master,Aerospace Engineering,https://studiegids.tudelft.nl/courses/study-guide/educations/20996,0,0,0,0,0,0,0,0,1,0,0,0,0,0,0,0,0
Aero Engine Technology,AE4238,Master,Aerospace Engineering,https://studiegids.tudelft.nl/courses/study-guide/educations/20755,0,0,0,0,0,0,0,0,0,0,0,1,1,0,0,0,0
Advanced Aircraft Design I,AE4240,Master,Aerospace Engineering,https://studiegids.tudelft.nl/courses/study-guide/educations/20800,0,0,0,0,0,0,0,0,0,0,0,0,0,0,0,0,0
Fundamentals of Aeroacoustics,AE4260A,Master,Aerospace Engineering,https://studiegids.tudelft.nl/courses/study-guide/educations/20801,0,0,0,0,0,0,0,0,0,0,0,0,1,0,0,0,0
Experimental Applications of Aeroacoustics,AE4260B,Master,Aerospace Engineering,https://studiegids.tudelft.nl/courses/study-guide/educations/20802,0,0,0,0,0,0,0,0,1,0,0,0,1,0,0,0,0
Internal Flows,AE4261,Master,Aerospace Engineering,https://studiegids.tudelft.nl/courses/study-guide/educations/20999,0,0,0,0,0,0,0,0,0,0,0,0,0,0,0,0,0
Combustion for Propulsion and Power Technologies,AE4262,Master,Aerospace Engineering,https://studiegids.tudelft.nl/courses/study-guide/educations/20803,0,0,0,0,0,0,0,0,0,0,0,1,1,0,0,0,0
"Modelling, Simulation and Application of Propulsion and Power Systems",AE4263,Master,Aerospace Engineering,https://studiegids.tudelft.nl/courses/study-guide/educations/20768,0,0,0,0,0,0,0,0,0,0,0,0,0,0,0,0,0
Control and Operations Project,AE4270,Master,Aerospace Engineering,https://studiegids.tudelft.nl/courses/study-guide/educations/20829,0,0,0,0,0,0,0,0,0,0,0,0,0,0,0,0,0
Automatic Flight Control System Design,AE4301,Master,Aerospace Engineering,https://studiegids.tudelft.nl/courses/study-guide/educations/20658,0,0,0,0,0,0,0,0,0,0,0,0,0,0,0,0,0
Exercise Automatic Flight Control System Design,AE4301P,Master,Aerospace Engineering,https://studiegids.tudelft.nl/courses/study-guide/educations/20659,0,0,0,0,0,0,0,0,0,0,0,0,0,0,0,0,0
Avionics and Operations,AE4302,Master,Aerospace Engineering,https://studiegids.tudelft.nl/courses/study-guide/educations/20660,0,0,0,0,0,0,0,0,0,0,0,0,0,0,0,0,0
Stochastic Aerospace Systems,AE4304,Master,Aerospace Engineering,https://studiegids.tudelft.nl/courses/study-guide/educations/24253,0,0,0,0,0,0,0,0,0,0,0,0,0,0,0,0,0
Stochastic Aerospace Systems Practical,AE4304P,Master,Aerospace Engineering,https://studiegids.tudelft.nl/courses/study-guide/educations/20661,0,0,0,0,0,0,0,0,0,0,0,0,0,0,0,0,0
Non-linear and Adaptive Flight Control,AE4311,Master,Aerospace Engineering,https://studiegids.tudelft.nl/courses/study-guide/educations/20830,0,0,0,0,0,0,0,0,0,0,0,0,0,0,0,0,0
"Helicopter Performance, Stability and Control",AE4314-21,Master,Aerospace Engineering,https://studiegids.tudelft.nl/courses/study-guide/educations/20832,0,0,0,0,0,0,0,0,0,0,0,0,0,0,0,0,0
Aerospace Human-Machine Systems,AE4316,Master,Aerospace Engineering,https://studiegids.tudelft.nl/courses/study-guide/educations/20662,0,0,0,0,0,0,0,0,0,0,0,0,0,0,0,0,0
Advanced Topics in Aerospace Human-Machine Systems,AE4316P,Master,Aerospace Engineering,https://studiegids.tudelft.nl/courses/study-guide/educations/20833,0,0,0,0,0,0,0,0,0,0,0,0,0,0,0,0,0
Autonomous Flight of Micro Air Vehicles,AE4317,Master,Aerospace Engineering,https://studiegids.tudelft.nl/courses/study-guide/educations/20834,0,0,0,0,0,0,0,0,0,0,0,0,0,0,0,1,0
System Identification of Aerospace Vehicles,AE4320,Master,Aerospace Engineering,https://studiegids.tudelft.nl/courses/study-guide/educations/20835,0,0,0,0,0,0,0,0,0,0,0,0,0,0,0,0,0
Air Traffic Management,AE4321-15,Master,Aerospace Engineering,https://studiegids.tudelft.nl/courses/study-guide/educations/20836,0,0,0,0,0,0,0,0,0,0,0,0,0,0,0,0,0
Piloted Flight Simulation,AE4322-24,Master,Aerospace Engineering,https://studiegids.tudelft.nl/courses/study-guide/educations/20663,0,0,0,0,0,0,0,0,0,0,0,0,0,0,0,0,0
Real-time Distributed Flight and Space Simulation,AE4323,Master,Aerospace Engineering,https://studiegids.tudelft.nl/courses/study-guide/educations/20837,0,0,0,0,0,0,0,0,0,0,0,0,0,0,0,0,0
Physical Interaction for Aerial and Space Robots,AE4324,Master,Aerospace Engineering,https://studiegids.tudelft.nl/courses/study-guide/educations/20838,0,0,0,0,0,0,0,0,0,0,0,0,0,0,0,0,0
Bio-inspired Intelligence and learning for Aerospace Applications,AE4350,Master,Aerospace Engineering,https://studiegids.tudelft.nl/courses/study-guide/educations/20839,0,0,0,0,0,0,0,0,0,0,0,0,0,0,0,0,0
Robust Flight Control,AE4351,Master,Aerospace Engineering,https://studiegids.tudelft.nl/courses/study-guide/educations/20840,0,0,0,0,0,0,0,0,0,0,0,0,0,0,0,0,0
Mathematical and human-inspired decision,AE4352,Master,Aerospace Engineering,https://studiegids.tudelft.nl/courses/study-guide/educations/20841,0,0,0,0,0,0,0,0,0,0,0,0,0,0,0,0,0
Artificial Intelligence for Aerospace Control and Operations,AE4353,Master,Aerospace Engineering,https://studiegids.tudelft.nl/courses/study-guide/educations/20664,0,0,0,0,0,0,0,0,0,0,0,0,0,0,0,0,0
Agent-based Modelling and Simulation in Air Transport,AE4422-20,Master,Aerospace Engineering,https://studiegids.tudelft.nl/courses/study-guide/educations/20842,0,0,0,0,0,0,0,0,0,0,0,0,0,0,0,0,0
Airline Planning and Optimisation,AE4423-20,Master,Aerospace Engineering,https://studiegids.tudelft.nl/courses/study-guide/educations/20673,0,0,0,0,0,0,0,0,0,0,0,0,0,0,0,0,0
Aircraft noise,AE4431-23,Master,Aerospace Engineering,https://studiegids.tudelft.nl/courses/study-guide/educations/20674,0,0,0,0,0,0,0,0,0,0,0,0,0,0,0,0,0
Operations Optimisation,AE4441-16,Master,Aerospace Engineering,https://studiegids.tudelft.nl/courses/study-guide/educations/20665,0,0,0,0,0,0,0,0,0,0,0,0,0,0,0,0,0
Airport and Cargo Operations,AE4446,Master,Aerospace Engineering,https://studiegids.tudelft.nl/courses/study-guide/educations/20854,0,0,0,0,0,0,0,0,0,0,0,0,0,0,0,0,0
Aircraft Emissions and Climate Effects,AE4462-17,Master,Aerospace Engineering,https://studiegids.tudelft.nl/courses/study-guide/educations/20666,0,0,0,0,0,0,0,0,0,0,0,0,1,0,0,0,0
Advanced Aircraft Noise Modelling and Measurement,AE4463P-23,Master,Aerospace Engineering,https://studiegids.tudelft.nl/courses/study-guide/educations/20823,0,0,0,0,0,0,0,0,0,0,0,0,1,0,0,0,0
Maintenance Modelling and Analysis,AE4465,Master,Aerospace Engineering,https://studiegids.tudelft.nl/courses/study-guide/educations/20856,0,0,0,0,0,0,0,0,0,0,0,0,0,0,0,0,0
Numerical Astrodynamics,AE4868-25,Master,Aerospace Engineering,https://studiegids.tudelft.nl/courses/study-guide/educations/21173,0,0,0,0,0,0,0,0,0,0,0,0,0,0,0,0,0
Rocket Motion,AE4870A,Master,Aerospace Engineering,https://studiegids.tudelft.nl/courses/study-guide/educations/20691,0,0,0,0,0,0,0,0,0,0,0,0,0,0,0,0,0
Re-Entry Systems,AE4870B,Master,Aerospace Engineering,https://studiegids.tudelft.nl/courses/study-guide/educations/20692,0,0,0,0,0,0,0,0,0,0,0,0,0,0,0,0,0
Satellite Orbit Determination,AE4872,Master,Aerospace Engineering,https://studiegids.tudelft.nl/courses/study-guide/educations/20693,0,0,0,0,0,0,0,0,0,0,0,0,0,0,0,0,0
Fundamentals of Astrodynamics,AE4874 I,Master,Aerospace Engineering,https://studiegids.tudelft.nl/courses/study-guide/educations/20694,0,0,0,0,0,0,0,0,0,0,0,0,0,0,0,0,0
Planetary Missions,AE4876-24,Master,Aerospace Engineering,https://studiegids.tudelft.nl/courses/study-guide/educations/20705,0,0,0,0,0,0,0,0,0,0,0,0,0,0,0,0,0
Special Topics in Astrodynamics,AE4889,Master,Aerospace Engineering,https://studiegids.tudelft.nl/courses/study-guide/educations/20871,0,0,0,0,0,0,0,0,0,0,0,0,0,0,0,0,0
Planetary Exploration,AE4890-11,Master,Aerospace Engineering,https://studiegids.tudelft.nl/courses/study-guide/educations/20680,0,0,0,0,0,0,0,0,0,0,0,0,0,0,0,0,0
Physics of Planetary Interiors,AE4893-24,Master,Aerospace Engineering,https://studiegids.tudelft.nl/courses/study-guide/educations/20707,0,0,0,0,0,0,0,0,0,0,0,0,0,0,0,0,0
Practical Astrodynamics,AE4894,Master,Aerospace Engineering,https://studiegids.tudelft.nl/courses/study-guide/educations/20696,0,0,0,0,0,0,0,0,0,0,0,0,0,0,0,0,0
Measurement Strategies for Planetary Science Missions,AE4895-25,Master,Aerospace Engineering,https://studiegids.tudelft.nl/courses/study-guide/educations/21171,0,0,0,0,0,0,0,0,0,0,0,0,0,0,0,0,0
Space instrumentation,AE4896,Master,Aerospace Engineering,https://studiegids.tudelft.nl/courses/study-guide/educations/20681,0,0,0,0,0,0,0,0,0,0,0,0,0,0,0,0,0
Space Engineering Practical,AE4897-25,Master,Aerospace Engineering,https://studiegids.tudelft.nl/courses/study-guide/educations/21114,0,0,0,0,0,0,0,0,0,0,0,0,0,0,0,0,0
Space debris tracking and mitigation,AE4898,Master,Aerospace Engineering,https://studiegids.tudelft.nl/courses/study-guide/educations/20874,0,0,0,0,0,0,0,0,0,0,0,0,1,0,0,0,0
Spacecraft Communications,AE4900,Master,Aerospace Engineering,https://studiegids.tudelft.nl/courses/study-guide/educations/21103,0,0,0,0,0,0,0,0,0,0,0,0,0,0,0,0,0
Spacecraft Power & Data Handling,AE4901,Master,Aerospace Engineering,https://studiegids.tudelft.nl/courses/study-guide/educations/21104,0,0,0,0,0,0,0,0,0,0,0,0,0,0,0,0,0
Attitude and Orbit Control,AE4902,Master,Aerospace Engineering,https://studiegids.tudelft.nl/courses/study-guide/educations/21105,0,0,0,0,0,0,0,0,0,0,0,0,0,0,0,0,0
Space Propulsion,AE4903,Master,Aerospace Engineering,https://studiegids.tudelft.nl/courses/study-guide/educations/21106,0,0,0,0,0,0,0,0,0,0,0,0,0,0,0,0,0
Space Engineering Detailed Design Project,AE4904,Master,Aerospace Engineering,https://studiegids.tudelft.nl/courses/study-guide/educations/21107,0,0,0,0,0,0,0,0,0,0,0,0,0,0,0,0,0
Educational Research Project MSc,AE4997,Master,Aerospace Engineering,https://studiegids.tudelft.nl/courses/study-guide/educations/24523,0,0,0,0,0,0,0,0,0,0,0,0,0,0,0,0,0
Design of Lightweight Structures I: Composites and Metals,AE4ASM001,Master,Aerospace Engineering,https://studiegids.tudelft.nl/courses/study-guide/educations/20713,0,0,0,0,0,0,0,0,0,0,0,1,1,0,0,0,0
Designing Materials with Aerospace Specific Properties,AE4ASM002,Master,Aerospace Engineering,https://studiegids.tudelft.nl/courses/study-guide/educations/20714,0,0,0,0,0,0,0,0,0,0,0,0,0,0,0,0,0
Linear Modelling (incl. F.E.M),AE4ASM003,Master,Aerospace Engineering,https://studiegids.tudelft.nl/courses/study-guide/educations/20875,0,0,0,0,0,0,0,0,0,0,0,0,0,0,0,0,0
Manufacturing of Aerospace Structures and Materials,AE4ASM004,Master,Aerospace Engineering,https://studiegids.tudelft.nl/courses/study-guide/educations/20716,0,0,0,0,0,0,0,0,1,0,0,0,0,0,0,0,0
Fatigue of Structures and Materials,AE4ASM005,Master,Aerospace Engineering,https://studiegids.tudelft.nl/courses/study-guide/educations/20717,0,0,0,0,0,0,0,0,0,0,0,0,0,0,0,0,0
Polymer Science,AE4ASM101TU-22,Master,Aerospace Engineering,https://studiegids.tudelft.nl/courses/study-guide/educations/20718,0,0,0,0,0,0,0,0,0,0,0,0,0,0,0,0,0
Functional Coatings,AE4ASM103,Master,Aerospace Engineering,https://studiegids.tudelft.nl/courses/study-guide/educations/20925,0,0,0,0,0,0,0,0,0,0,0,0,0,0,0,0,0
Trinity Exercise,AE4ASM105,Master,Aerospace Engineering,https://studiegids.tudelft.nl/courses/study-guide/educations/20780,0,0,0,0,0,0,0,0,0,0,0,0,0,0,0,0,0
Stability and Analysis of Structures I,AE4ASM106,Master,Aerospace Engineering,https://studiegids.tudelft.nl/courses/study-guide/educations/20927,0,0,0,0,0,0,0,0,0,0,0,0,0,0,0,0,0
Experimental Techniques and NDT,AE4ASM108,Master,Aerospace Engineering,https://studiegids.tudelft.nl/courses/study-guide/educations/20928,0,0,0,0,0,0,0,0,0,0,0,0,0,0,0,0,0
Mechanics and Structural Health Monitoring of Composite Structures,AE4ASM109,Master,Aerospace Engineering,https://studiegids.tudelft.nl/courses/study-guide/educations/20781,0,0,0,0,0,0,0,0,1,0,0,0,0,0,0,0,0
Polymer Composites Manufacturing,AE4ASM110-22,Master,Aerospace Engineering,https://studiegids.tudelft.nl/courses/study-guide/educations/20719,0,0,0,0,0,0,0,0,1,0,0,1,1,0,0,0,0
Sheet Metal Forming,AE4ASM503,Master,Aerospace Engineering,https://studiegids.tudelft.nl/courses/study-guide/educations/20930,0,0,0,0,0,0,0,0,0,0,0,0,0,0,0,0,0
Structural Integrity and Maintenance,AE4ASM504,Master,Aerospace Engineering,https://studiegids.tudelft.nl/courses/study-guide/educations/20931,0,0,0,0,0,0,0,0,0,0,0,0,0,0,0,0,0
Non-linear Modelling (using F.E.M.),AE4ASM505,Master,Aerospace Engineering,https://studiegids.tudelft.nl/courses/study-guide/educations/20782,0,0,0,0,0,0,0,0,0,0,0,0,0,0,0,0,0
Fundamentals of Aeroelasticity,AE4ASM506,Master,Aerospace Engineering,https://studiegids.tudelft.nl/courses/study-guide/educations/20804,0,0,0,0,0,0,0,0,0,0,0,0,0,0,0,0,0
Design and Analysis of Composite Structures,AE4ASM510,Master,Aerospace Engineering,https://studiegids.tudelft.nl/courses/study-guide/educations/21041,0,0,0,0,0,0,0,0,0,0,0,0,0,0,0,0,0
Stability and Analysis of Structures II,AE4ASM511,Master,Aerospace Engineering,https://studiegids.tudelft.nl/courses/study-guide/educations/21042,0,0,0,0,0,0,0,0,0,0,0,0,0,0,0,0,0
Continuum Mechanics,AE4ASM514TU,Master,Aerospace Engineering,https://studiegids.tudelft.nl/courses/study-guide/educations/20805,0,0,0,0,0,0,0,0,0,0,0,0,0,0,0,0,0
Characterization of materials and components,AE4ASM515-22,Master,Aerospace Engineering,https://studiegids.tudelft.nl/courses/study-guide/educations/20720,0,0,0,0,0,0,0,0,0,0,0,0,0,0,0,0,0
Aircraft Manufacturing Laboratory,AE4ASM517,Master,Aerospace Engineering,https://studiegids.tudelft.nl/courses/study-guide/educations/21011,0,0,0,0,0,0,0,0,1,0,0,0,0,0,0,1,0
Industrial Composite Manufacturing,AE4ASM520,Master,Aerospace Engineering,https://studiegids.tudelft.nl/courses/study-guide/educations/20938,0,0,0,0,0,0,1,0,1,0,0,1,1,0,0,0,0
Additive Manufacturing,AE4ASM521,Master,Aerospace Engineering,https://studiegids.tudelft.nl/courses/study-guide/educations/20721,0,0,0,0,0,0,0,0,1,0,0,1,1,0,0,0,0
Applied Aircraft Aeroelasticity,AE4ASM522,Master,Aerospace Engineering,https://studiegids.tudelft.nl/courses/study-guide/educations/20940,0,0,0,0,0,0,0,0,0,0,0,0,0,0,0,0,0
Spacecraft Structures Development,AE4ASM524,Master,Aerospace Engineering,https://studiegids.tudelft.nl/courses/study-guide/educations/20876,0,0,0,0,0,0,0,0,0,0,0,0,0,0,0,0,0
Materials for Space,AE4ASM525,Master,Aerospace Engineering,https://studiegids.tudelft.nl/courses/study-guide/educations/20877,0,0,0,0,0,0,0,0,0,0,0,0,0,0,0,0,0
Spacecraft Thermal Design,AE4ASM526,Master,Aerospace Engineering,https://studiegids.tudelft.nl/courses/study-guide/educations/20878,0,0,0,0,0,0,0,0,0,0,0,0,0,0,0,0,0
Spatial AI for Industrial Automation,AE4ASM527,Master,Aerospace Engineering,https://studiegids.tudelft.nl/courses/study-guide/educations/21184,0,0,0,0,0,0,0,0,1,0,0,0,0,0,0,0,1
Space systems engineering,AE4S12-23,Master,Aerospace Engineering,https://studiegids.tudelft.nl/courses/study-guide/educations/20684,0,0,0,0,0,0,0,0,0,0,0,0,0,0,0,0,0
Airborne Wind Energy,AE4T40,Master,Aerospace Engineering,https://studiegids.tudelft.nl/courses/study-guide/educations/20806,0,0,0,0,0,0,1,0,1,0,0,0,1,0,0,0,0
Introduction to Wind Turbines: Physics and Technology,AE4W02TU,Master,Aerospace Engineering,https://studiegids.tudelft.nl/courses/study-guide/educations/20807,0,0,0,0,0,0,1,0,1,0,0,0,1,0,0,0,0
Wind Turbine Design,AE4W09,Master,Aerospace Engineering,https://studiegids.tudelft.nl/courses/study-guide/educations/20652,0,0,0,0,0,0,1,0,1,0,0,0,1,0,0,0,0
Site Conditions for Wind Turbine Design,AE4W13,Master,Aerospace Engineering,https://studiegids.tudelft.nl/courses/study-guide/educations/20653,0,0,0,0,0,0,1,0,0,0,0,0,0,0,0,0,0
Wind Turbine Aeroelasticity,AE4W21-14,Master,Aerospace Engineering,https://studiegids.tudelft.nl/courses/study-guide/educations/20808,0,0,0,0,0,0,1,0,1,0,0,0,1,0,0,0,0
Wind Resource and Wind Farm Yield,AE4W30,Master,Aerospace Engineering,https://studiegids.tudelft.nl/courses/study-guide/educations/20809,0,0,0,0,0,0,1,0,1,0,0,0,1,0,0,0,0
Floating Offshore Wind Energy,AE4W31,Master,Aerospace Engineering,https://studiegids.tudelft.nl/courses/study-guide/educations/20810,0,0,0,0,0,0,1,0,1,0,0,0,1,0,0,0,0
Internship,AE5051,Master,Aerospace Engineering,https://studiegids.tudelft.nl/courses/study-guide/educations/20643,0,0,0,0,0,0,0,1,0,0,0,0,0,0,0,0,0
Exchange Period MSc,AE5060-11,Master,Aerospace Engineering,https://studiegids.tudelft.nl/courses/study-guide/educations/24521,0,0,0,0,0,0,0,0,0,0,0,0,0,0,0,0,0
Thesis Aerodynamics and Wind Energy,AE5122,Master,Aerospace Engineering,https://studiegids.tudelft.nl/courses/study-guide/educations/20644,0,0,0,0,0,0,0,0,0,0,0,0,0,0,0,0,0
Thesis Flight Performance and Propulsion,AE5222,Master,Aerospace Engineering,https://studiegids.tudelft.nl/courses/study-guide/educations/20759,0,0,0,0,0,0,0,0,0,0,0,0,0,0,0,0,0
Thesis Control and Operations,AE5322,Master,Aerospace Engineering,https://studiegids.tudelft.nl/courses/study-guide/educations/20668,0,0,0,0,0,0,0,0,0,0,0,0,0,0,0,0,0
Thesis Aerospace Structures and Materials,AE5722,Master,Aerospace Engineering,https://studiegids.tudelft.nl/courses/study-guide/educations/20723,0,0,0,0,0,0,0,0,0,0,0,0,0,0,0,0,0
Thesis Space,AE5822,Master,Aerospace Engineering,https://studiegids.tudelft.nl/courses/study-guide/educations/20687,0,0,0,0,0,0,0,0,0,0,0,0,0,0,0,0,0
Differential Equations,AESB2110-21,Bachelor,Civil Engineering and Geosciences,https://studiegids.tudelft.nl/courses/study-guide/educations/18434,0,0,0,0,0,0,0,0,0,0,0,0,0,0,0,0,0
Signals and Systems with Python,AESB2122-24,Bachelor,Civil Engineering and Geosciences,https://studiegids.tudelft.nl/courses/study-guide/educations/18435,0,0,0,0,0,0,0,0,0,0,0,0,0,0,0,0,0
Geophysical Methods for Subsurface Characterisation,AESB2140-21,Bachelor,Civil Engineering and Geosciences,https://studiegids.tudelft.nl/courses/study-guide/educations/18436,0,0,0,0,0,0,0,0,0,0,0,0,0,0,0,0,0
Numerical Mathematics,AESB2210-18,Bachelor,Civil Engineering and Geosciences,https://studiegids.tudelft.nl/courses/study-guide/educations/18437,0,0,0,0,0,0,0,0,0,0,0,0,0,0,0,0,0
Chemical Thermodynamics,AESB2220-20,Bachelor,Civil Engineering and Geosciences,https://studiegids.tudelft.nl/courses/study-guide/educations/18438,0,0,0,0,0,0,0,0,0,0,0,0,0,0,0,0,0
Sedimentology and Reservoir Geology,AESB2230,Bachelor,Civil Engineering and Geosciences,https://studiegids.tudelft.nl/courses/study-guide/educations/18439,0,0,0,0,0,0,0,0,0,0,0,0,0,0,0,0,0
Physical Transport Phenomena,AESB2320-24,Bachelor,Civil Engineering and Geosciences,https://studiegids.tudelft.nl/courses/study-guide/educations/18440,0,0,0,0,0,0,0,0,0,0,0,0,0,0,0,0,0
Soil Mechanics,AESB2330,Bachelor,Civil Engineering and Geosciences,https://studiegids.tudelft.nl/courses/study-guide/educations/18441,0,0,0,0,0,0,0,0,0,0,0,0,0,0,0,0,0
Rock Mechanics,AESB2342,Bachelor,Civil Engineering and Geosciences,https://studiegids.tudelft.nl/courses/study-guide/educations/18442,0,0,0,0,0,0,0,0,0,0,0,0,0,0,0,0,0
Geological Fieldwork: Data Acquisition,AESB2430,Bachelor,Civil Engineering and Geosciences,https://studiegids.tudelft.nl/courses/study-guide/educations/18443,0,0,0,0,0,0,0,0,0,0,0,0,0,0,0,0,0
Geological Fieldwork: Data Integration,AESB2431,Bachelor,Civil Engineering and Geosciences,https://studiegids.tudelft.nl/courses/study-guide/educations/18444,0,0,0,0,0,0,0,0,1,0,0,0,0,0,1,0,0
Geostatistics and Remote Sensing,AESB2440,Bachelor,Civil Engineering and Geosciences,https://studiegids.tudelft.nl/courses/study-guide/educations/18445,0,0,0,0,0,0,0,0,0,0,0,0,0,0,0,0,0
Geo-resources 1.0: Past and Present,AESB3110,Bachelor,Civil Engineering and Geosciences,https://studiegids.tudelft.nl/courses/study-guide/educations/17771,0,0,0,0,0,0,0,0,1,0,0,0,1,0,0,0,0
Political Economy of Geo-resources,AESB3111,Bachelor,Civil Engineering and Geosciences,https://studiegids.tudelft.nl/courses/study-guide/educations/17772,0,0,0,0,0,0,0,1,1,0,0,1,1,0,0,0,1
Group Project: Future of Geo-resources,AESB3113,Bachelor,Civil Engineering and Geosciences,https://studiegids.tudelft.nl/courses/study-guide/educations/17773,0,0,0,0,0,0,1,1,1,0,0,0,1,0,0,0,1
Geo-resources 2.0: Towards the Future,AESB3114,Bachelor,Civil Engineering and Geosciences,https://studiegids.tudelft.nl/courses/study-guide/educations/17774,0,0,0,0,0,1,1,0,1,0,0,1,1,0,1,1,1
Mechanics and Transport by Flow in Porous Media,AESB3340,Bachelor,Civil Engineering and Geosciences,https://studiegids.tudelft.nl/courses/study-guide/educations/18658,0,0,0,0,0,1,0,0,0,0,0,0,0,0,0,0,0
Petrophysics and Image Analysis,AESB3341-18,Bachelor,Civil Engineering and Geosciences,https://studiegids.tudelft.nl/courses/study-guide/educations/18659,0,0,0,0,0,0,0,0,0,0,0,0,0,0,0,0,0
Mineral Resource Geology and Modelling,AESB3343,Bachelor,Civil Engineering and Geosciences,https://studiegids.tudelft.nl/courses/study-guide/educations/18660,0,0,0,0,0,0,1,1,1,0,0,1,1,0,0,0,0
Climate Impacts and Engineering,AESB3344,Bachelor,Civil Engineering and Geosciences,https://studiegids.tudelft.nl/courses/study-guide/educations/18661,0,0,0,0,0,0,0,0,1,0,0,0,1,0,0,0,0
Bachelor Thesis,AESB3400,Bachelor,Civil Engineering and Geosciences,https://studiegids.tudelft.nl/courses/study-guide/educations/18662,0,0,0,0,0,0,0,0,0,0,0,0,0,0,0,0,0
Field Exploration Project,AESB3440,Bachelor,Civil Engineering and Geosciences,https://studiegids.tudelft.nl/courses/study-guide/educations/18663,0,0,0,0,0,0,0,0,0,0,0,0,0,0,0,0,0
"Earth, Climate and Ethics",AESM1010,Master,Civil Engineering and Geosciences,https://studiegids.tudelft.nl/courses/study-guide/educations/18730,0,0,0,0,0,0,0,0,0,0,0,0,1,0,0,1,0
Dynamics of Solids and Fluids,AESM1030,Master,Civil Engineering and Geosciences,https://studiegids.tudelft.nl/courses/study-guide/educations/18731,0,0,0,0,0,0,0,0,0,0,0,0,1,0,0,0,0
Physical Principles of Earth Observation,AESM2030,Master,Civil Engineering and Geosciences,https://studiegids.tudelft.nl/courses/study-guide/educations/18732,0,0,0,0,0,0,0,0,0,0,0,0,0,0,0,0,0
Geo-Energy and Geo-Resources in Society,AESM2040,Master,Civil Engineering and Geosciences,https://studiegids.tudelft.nl/courses/study-guide/educations/21181,0,0,0,0,0,0,1,0,1,0,0,0,1,0,0,0,0
Economic and Structural Geology,AESM3004,Master,Civil Engineering and Geosciences,https://studiegids.tudelft.nl/courses/study-guide/educations/18750,0,0,0,0,0,0,0,0,1,0,0,0,0,0,0,0,0
Climate Modelling and Data Analysis,AESM3010,Master,Civil Engineering and Geosciences,https://studiegids.tudelft.nl/courses/study-guide/educations/21186,0,0,0,0,0,0,0,0,0,0,0,0,1,0,0,0,0
Data Analysis for Earth Observation,AESM3020,Master,Civil Engineering and Geosciences,https://studiegids.tudelft.nl/courses/study-guide/educations/18738,0,0,0,0,0,0,0,0,0,0,0,0,1,0,0,0,0
Geo-Energy Engineering Applications,AESM3030,Master,Civil Engineering and Geosciences,https://studiegids.tudelft.nl/courses/study-guide/educations/18744,0,0,0,0,0,0,0,0,0,0,0,0,0,0,0,0,0
Characterisation of the Subsurface,AESM305A-24,Master,Civil Engineering and Geosciences,https://studiegids.tudelft.nl/courses/study-guide/educations/18746,0,0,0,0,0,0,0,0,1,0,0,0,1,0,0,0,0
Extraction Processes and Consequences of Raw Materials,AESM306A-24,Master,Civil Engineering and Geosciences,https://studiegids.tudelft.nl/courses/study-guide/educations/18751,0,0,0,0,0,0,0,0,1,0,0,1,1,0,0,0,1
Climate Physics,AESM310A,Master,Civil Engineering and Geosciences,https://studiegids.tudelft.nl/courses/study-guide/educations/18734,0,0,0,0,0,0,1,0,0,0,0,0,1,0,0,0,0
Climate and Remote Sensing,AESM315A,Master,Civil Engineering and Geosciences,https://studiegids.tudelft.nl/courses/study-guide/educations/21188,0,0,0,0,0,0,0,0,0,0,0,0,1,0,0,0,0
Earth Observation Technologies,AESM320A,Master,Civil Engineering and Geosciences,https://studiegids.tudelft.nl/courses/study-guide/educations/21191,0,0,0,0,0,0,0,0,1,0,0,0,1,0,0,0,0
Climate and Weather B-module,AESM401B-24,Master,Civil Engineering and Geosciences,https://studiegids.tudelft.nl/courses/study-guide/educations/18737,0,0,0,0,0,1,0,0,0,0,0,0,1,0,0,1,0
Earth Observation B-module,AESM402B-24,Master,Civil Engineering and Geosciences,https://studiegids.tudelft.nl/courses/study-guide/educations/18743,0,0,0,0,0,0,0,0,0,0,0,0,1,0,0,1,0
Geo-Energy B-module,AESM403B-24,Master,Civil Engineering and Geosciences,https://studiegids.tudelft.nl/courses/study-guide/educations/18749,0,0,0,0,0,0,1,0,1,0,0,0,1,0,0,1,0
Geo-resources B-module,AESM404B-24,Master,Civil Engineering and Geosciences,https://studiegids.tudelft.nl/courses/study-guide/educations/18752,0,0,0,0,0,0,0,0,1,0,0,1,1,0,0,1,0
Data Assimilation for the Geosciences,AESM5120C,Master,Civil Engineering and Geosciences,https://studiegids.tudelft.nl/courses/study-guide/educations/18754,0,0,0,0,0,0,0,0,0,0,0,0,0,0,0,0,1
Climate Remote Sensing,AESM5210C,Master,Civil Engineering and Geosciences,https://studiegids.tudelft.nl/courses/study-guide/educations/18755,0,0,0,0,0,1,0,0,0,0,0,0,1,0,0,0,0
Microwave Remote Sensing of the Earth’s Surface,AESM5220C,Master,Civil Engineering and Geosciences,https://studiegids.tudelft.nl/courses/study-guide/educations/18756,0,0,0,0,0,0,0,0,0,0,0,0,1,1,1,0,0
Coastal Remote Sensing,AESM5230C,Master,Civil Engineering and Geosciences,https://studiegids.tudelft.nl/courses/study-guide/educations/18757,0,0,0,0,0,0,0,0,0,0,0,0,0,0,0,0,0
Applied Space Geodesy,AESM5240C,Master,Civil Engineering and Geosciences,https://studiegids.tudelft.nl/courses/study-guide/educations/18758,0,0,0,0,0,0,1,1,1,0,1,0,1,0,0,0,1
Geo-Energy Integration Project,AESM5310C,Master,Civil Engineering and Geosciences,https://studiegids.tudelft.nl/courses/study-guide/educations/18759,0,0,0,0,0,0,0,0,1,0,0,0,1,0,0,0,0
Advanced Reservoir Simulation,AESM5330C,Master,Civil Engineering and Geosciences,https://studiegids.tudelft.nl/courses/study-guide/educations/18760,0,0,0,0,0,0,0,0,0,0,0,0,0,0,0,0,0
Occupational Health and Safety Management,AESM5410C,Master,Civil Engineering and Geosciences,https://studiegids.tudelft.nl/courses/study-guide/educations/18761,0,0,1,0,0,0,0,0,0,0,0,0,0,0,0,0,0
Geo-Resource Research Driven Project,AESM5420C,Master,Civil Engineering and Geosciences,https://studiegids.tudelft.nl/courses/study-guide/educations/18762,0,0,0,0,0,0,0,0,0,0,0,0,0,0,0,0,0
Thesis Preparation,AESM6000,Master,Civil Engineering and Geosciences,https://studiegids.tudelft.nl/courses/study-guide/educations/18774,0,0,0,0,0,0,0,0,0,0,0,0,0,0,0,1,0
Master Thesis Applied Earth Sciences,AESM7000,Master,Civil Engineering and Geosciences,https://studiegids.tudelft.nl/courses/study-guide/educations/18775,0,0,0,0,0,0,0,0,1,0,0,1,1,0,1,0,0
Simulation and Building of Stratigraphy,AESQ304A1,Master,Civil Engineering and Geosciences,https://studiegids.tudelft.nl/courses/study-guide/educations/1173,0,0,0,0,0,0,0,0,0,0,0,0,0,0,0,0,0
Multiphase Flow in Porous Rock,AESQ304A2,Master,Civil Engineering and Geosciences,https://studiegids.tudelft.nl/courses/study-guide/educations/1174,0,0,0,0,0,0,0,0,0,0,0,0,0,0,0,0,0
Numerical Methods for Subsurface Geoscience Simulation,AESQ304A3,Master,Civil Engineering and Geosciences,https://studiegids.tudelft.nl/courses/study-guide/educations/1175,0,0,0,0,0,0,0,0,0,0,0,0,0,0,0,0,0
Geomechanics and Structural Geology,AESQ305A2,Master,Civil Engineering and Geosciences,https://studiegids.tudelft.nl/courses/study-guide/educations/1176,0,0,0,0,0,0,0,0,0,0,0,0,0,0,0,0,0
Advanced Sedimentary Geology,AESQ305A3,Master,Civil Engineering and Geosciences,https://studiegids.tudelft.nl/courses/study-guide/educations/1177,0,0,0,0,0,0,0,0,0,0,0,0,0,0,0,0,0
From Field Observations to Modeling,AESQ401B,Master,Civil Engineering and Geosciences,https://studiegids.tudelft.nl/courses/study-guide/educations/1178,0,0,0,0,0,0,0,0,0,0,0,0,0,0,0,0,0
GRS Fieldwork,AESQ402B2,Master,Civil Engineering and Geosciences,https://studiegids.tudelft.nl/courses/study-guide/educations/1179,0,0,0,0,0,0,0,0,0,0,0,0,0,0,0,0,0
Effects of Subsurface Engineering,AESQ403B1-1,Master,Civil Engineering and Geosciences,https://studiegids.tudelft.nl/courses/study-guide/educations/1180,0,0,0,0,0,0,1,0,1,0,0,0,1,0,0,1,0
Geologic Interpretation of Geophysical Data,AESQ403B1-2,Master,Civil Engineering and Geosciences,https://studiegids.tudelft.nl/courses/study-guide/educations/1181,0,0,0,0,0,0,1,0,0,0,0,0,0,0,0,0,0
Geophysical Prospecting,AESQ403B1-3,Master,Civil Engineering and Geosciences,https://studiegids.tudelft.nl/courses/study-guide/educations/1182,0,0,0,0,0,0,1,0,0,0,0,0,0,0,0,0,0
Production Science and Technology,AESQ403B1-4,Master,Civil Engineering and Geosciences,https://studiegids.tudelft.nl/courses/study-guide/educations/1183,0,0,0,0,0,0,0,0,1,0,0,0,0,0,0,0,0
Field Lab,AESQ403B2,Master,Civil Engineering and Geosciences,https://studiegids.tudelft.nl/courses/study-guide/educations/1184,0,0,0,0,0,0,1,0,0,0,0,0,1,0,0,0,0
Algebra 1,AM1060,Bachelor,"Electrical Engineering, Mathematics and Computer Science",https://studiegids.tudelft.nl/courses/study-guide/educations/14322,0,0,0,0,0,0,0,0,0,0,0,0,0,0,0,0,0
Complex Function Theory,AM2040-TWN,Bachelor,"Electrical Engineering, Mathematics and Computer Science",https://studiegids.tudelft.nl/courses/study-guide/educations/14324,0,0,0,0,0,0,0,0,0,0,0,0,0,0,0,0,0
Modelling 2A,AM2050-A TWN,Bachelor,"Electrical Engineering, Mathematics and Computer Science",https://studiegids.tudelft.nl/courses/study-guide/educations/14337,0,0,0,0,0,0,0,0,0,0,0,0,0,0,0,0,0
Real Analysis,AM2090,Bachelor,"Electrical Engineering, Mathematics and Computer Science",https://studiegids.tudelft.nl/courses/study-guide/educations/14303,0,0,0,0,0,0,0,0,0,0,0,0,0,0,0,0,0
Bachelor Project,AM3001,Bachelor,"Electrical Engineering, Mathematics and Computer Science",https://studiegids.tudelft.nl/courses/study-guide/educations/14305,0,0,0,0,0,0,0,0,0,0,0,0,0,0,0,0,0
AM colloquium,AM3010,Bachelor,"Electrical Engineering, Mathematics and Computer Science",https://studiegids.tudelft.nl/courses/study-guide/educations/14306,0,0,0,1,0,0,0,0,0,0,0,0,0,0,0,0,0
Mathematical Physical Models,AM3510,Bachelor,"Electrical Engineering, Mathematics and Computer Science",https://studiegids.tudelft.nl/courses/study-guide/educations/14577,0,0,0,0,0,0,0,0,0,0,0,0,0,0,0,0,0
Numerical Methods 2,AM3530,Bachelor,"Electrical Engineering, Mathematics and Computer Science",https://studiegids.tudelft.nl/courses/study-guide/educations/14578,0,0,0,0,0,0,0,0,0,0,0,0,0,0,0,0,0
Inverse Problems,AM3540,Bachelor,"Electrical Engineering, Mathematics and Computer Science",https://studiegids.tudelft.nl/courses/study-guide/educations/14579,0,0,0,0,0,0,0,0,0,0,0,0,0,0,0,0,0
Graph Theory,AM3550,Bachelor,"Electrical Engineering, Mathematics and Computer Science",https://studiegids.tudelft.nl/courses/study-guide/educations/14580,0,0,0,0,0,0,0,0,0,0,0,0,0,0,0,0,0
Advanced Probability,AM3560,Bachelor,"Electrical Engineering, Mathematics and Computer Science",https://studiegids.tudelft.nl/courses/study-guide/educations/14581,0,0,0,0,0,0,0,0,0,0,0,0,0,0,0,0,0
Fourier Analysis,AM3570,Bachelor,"Electrical Engineering, Mathematics and Computer Science",https://studiegids.tudelft.nl/courses/study-guide/educations/14582,0,0,0,0,0,0,0,0,0,0,0,0,0,0,0,0,0
Differential Geometry,AM3580,Bachelor,"Electrical Engineering, Mathematics and Computer Science",https://studiegids.tudelft.nl/courses/study-guide/educations/14583,0,0,0,0,0,0,0,0,0,0,0,0,0,0,0,0,0
Topology,AM3590,Bachelor,"Electrical Engineering, Mathematics and Computer Science",https://studiegids.tudelft.nl/courses/study-guide/educations/14584,0,0,0,0,0,0,0,0,0,0,0,0,0,0,0,0,0
Mathematical Methods for Physics,AP3001,Master,Applied Sciences,https://studiegids.tudelft.nl/courses/study-guide/educations/17216,0,0,0,0,0,0,0,0,0,0,0,0,0,0,0,0,0
Complex Analysis,AP3001-CA,Master,Applied Sciences,https://studiegids.tudelft.nl/courses/study-guide/educations/17403,0,0,0,0,0,0,0,0,0,0,0,0,0,0,0,0,0
Finite Elements,AP3001-FE,Master,Applied Sciences,https://studiegids.tudelft.nl/courses/study-guide/educations/17404,0,0,0,0,0,0,0,0,0,0,0,0,0,0,0,0,0
Partial Differential Equations,AP3001-PDE,Master,Applied Sciences,https://studiegids.tudelft.nl/courses/study-guide/educations/17405,0,0,0,0,0,0,0,0,0,0,0,0,0,0,0,0,0
Advanced Statistical Mechanics,AP3021,Master,Applied Sciences,https://studiegids.tudelft.nl/courses/study-guide/educations/17218,0,0,0,0,0,0,0,0,0,0,0,0,0,0,0,0,0
Continuum Physics,AP3032,Master,Applied Sciences,https://studiegids.tudelft.nl/courses/study-guide/educations/17219,0,0,0,0,0,0,0,0,0,0,0,0,0,0,0,0,0
Advanced Quantum Mechanics,AP3051,Master,Applied Sciences,https://studiegids.tudelft.nl/courses/study-guide/educations/17220,0,0,0,0,0,0,0,0,0,0,0,0,0,0,0,0,0
"Acoustic, Elastic and Electromagnetic Waves",AP3061,Master,Applied Sciences,https://studiegids.tudelft.nl/courses/study-guide/educations/17424,0,0,0,0,0,0,0,0,0,0,0,0,0,0,0,0,0
Advanced Electrodynamics,AP3071,Master,Applied Sciences,https://studiegids.tudelft.nl/courses/study-guide/educations/17221,0,0,0,0,0,0,0,0,0,0,0,0,0,0,0,0,0
Computational Physics,AP3082,Master,Applied Sciences,https://studiegids.tudelft.nl/courses/study-guide/educations/17227,0,0,0,0,0,0,0,0,0,0,0,0,0,0,0,0,0
Elementary Particles,AP3091,Master,Applied Sciences,https://studiegids.tudelft.nl/courses/study-guide/educations/17439,0,0,1,0,0,0,0,0,0,0,0,0,0,0,0,0,0
The Interpretation of Quantum Mechanics,AP3101,Master,Applied Sciences,https://studiegids.tudelft.nl/courses/study-guide/educations/17455,0,0,0,0,0,0,0,0,0,0,0,0,0,0,0,0,0
Quantum Optics,AP3113,Master,Applied Sciences,https://studiegids.tudelft.nl/courses/study-guide/educations/17440,0,0,0,0,0,0,0,0,0,0,0,0,0,0,0,0,0
Advanced Optical Imaging,AP3122,Master,Applied Sciences,https://studiegids.tudelft.nl/courses/study-guide/educations/17425,0,0,1,0,0,0,0,0,0,0,0,0,0,0,0,0,0
Advanced Digital Image Processing,AP3132,Master,Applied Sciences,https://studiegids.tudelft.nl/courses/study-guide/educations/17426,0,0,0,0,0,0,0,0,0,0,0,0,0,0,0,0,0
Environmental Physics,AP3141,Master,Applied Sciences,https://studiegids.tudelft.nl/courses/study-guide/educations/17408,0,0,0,0,0,1,1,0,1,0,0,1,1,0,0,0,0
Optics for Lithography,AP3152,Master,Applied Sciences,https://studiegids.tudelft.nl/courses/study-guide/educations/17443,0,0,0,0,0,0,0,0,1,0,0,0,0,0,0,0,0
Physics of Biological Systems,AP3163,Master,Applied Sciences,https://studiegids.tudelft.nl/courses/study-guide/educations/17427,0,0,0,0,0,0,0,0,0,0,0,0,0,0,0,0,0
Advanced Physical Transport Phenomena,AP3171,Master,Applied Sciences,https://studiegids.tudelft.nl/courses/study-guide/educations/17416,0,0,0,0,0,0,0,0,0,0,0,0,0,0,0,0,0
Applied Multiphase Flow,AP3181,Master,Applied Sciences,https://studiegids.tudelft.nl/courses/study-guide/educations/17417,0,0,0,0,0,0,0,0,0,0,1,0,1,1,0,0,0
Advanced Solid State Physics,AP3211,Master,Applied Sciences,https://studiegids.tudelft.nl/courses/study-guide/educations/17409,0,0,0,0,0,0,0,0,0,0,0,0,0,0,0,0,0
Nanotechnology,AP3222,Master,Applied Sciences,https://studiegids.tudelft.nl/courses/study-guide/educations/17444,0,0,0,0,0,0,0,0,1,0,0,0,0,0,0,0,0
Medical Imaging Signals and Systems,AP3232,Master,Applied Sciences,https://studiegids.tudelft.nl/courses/study-guide/educations/17428,0,0,1,0,0,0,0,0,0,0,0,0,0,0,0,0,0
Electron Microscopy Characterisation of the Nanoscale,AP3252,Master,Applied Sciences,https://studiegids.tudelft.nl/courses/study-guide/educations/17446,0,0,0,0,0,0,0,0,0,0,0,0,0,0,0,0,0
Mesoscopic Physics,AP3261,Master,Applied Sciences,https://studiegids.tudelft.nl/courses/study-guide/educations/17460,0,0,0,0,0,0,0,0,0,0,0,0,0,0,0,0,0
Quantum Transport,AP3281,Master,Applied Sciences,https://studiegids.tudelft.nl/courses/study-guide/educations/17461,0,0,0,0,0,0,0,0,0,0,0,0,0,0,0,0,0
Applications of Quantum Mechanics,AP3303,Master,Applied Sciences,https://studiegids.tudelft.nl/courses/study-guide/educations/17462,0,0,0,0,0,0,0,0,0,0,0,0,0,0,0,0,0
"Neutrons, X-Rays and Positrons for Studying Microscopic Structures and Dynamics",AP3311,Master,Applied Sciences,https://studiegids.tudelft.nl/courses/study-guide/educations/17410,0,0,0,0,0,0,0,0,0,0,0,0,0,0,0,0,0
Physics of Energy Materials,AP3333,Master,Applied Sciences,https://studiegids.tudelft.nl/courses/study-guide/educations/17411,0,0,0,0,0,0,1,0,1,0,0,0,1,0,0,0,0
Nuclear Reactor Physics,AP3341,Master,Applied Sciences,https://studiegids.tudelft.nl/courses/study-guide/educations/17412,0,0,0,0,0,0,0,0,0,0,0,0,0,0,0,0,0
"Nuclear Science, Technology and Applications",AP3353,Master,Applied Sciences,https://studiegids.tudelft.nl/courses/study-guide/educations/21313,0,0,1,0,0,0,1,0,1,0,0,0,0,0,0,0,0
From Semiconductors to Solar Cells,AP3362,Master,Applied Sciences,https://studiegids.tudelft.nl/courses/study-guide/educations/21314,0,0,0,0,0,0,1,0,1,0,0,0,1,0,0,0,0
Radiological Health Physics,AP3371,Master,Applied Sciences,https://studiegids.tudelft.nl/courses/study-guide/educations/17430,0,0,1,0,0,0,0,0,0,0,0,0,0,0,0,0,0
Modern Optics: Theory and Applications,AP3383,Master,Applied Sciences,https://studiegids.tudelft.nl/courses/study-guide/educations/21324,0,0,0,0,0,0,0,0,0,0,0,0,0,0,0,0,0
Geometrical Optics,AP3391,Master,Applied Sciences,https://studiegids.tudelft.nl/courses/study-guide/educations/17450,0,0,0,0,0,0,0,0,0,0,0,0,0,0,0,0,0
Physics of Electron Microscopy Instrumentation,AP3402,Master,Applied Sciences,https://studiegids.tudelft.nl/courses/study-guide/educations/21325,0,0,0,0,0,0,0,0,1,0,0,0,0,0,0,0,0
Experimental Techniques in Optics,AP3412,Master,Applied Sciences,https://studiegids.tudelft.nl/courses/study-guide/educations/17452,0,0,0,0,0,0,0,0,0,0,0,0,0,0,0,0,0
Theoretical Concepts of Quantum Hardware,AP3433,Master,Applied Sciences,https://studiegids.tudelft.nl/courses/study-guide/educations/21326,0,0,0,0,0,0,0,0,0,0,0,0,0,0,0,0,0
Experimental State-of-the-Art in Quantum Hardware,AP3443,Master,Applied Sciences,https://studiegids.tudelft.nl/courses/study-guide/educations/21327,0,0,0,0,0,0,0,0,0,0,0,0,0,0,0,0,0
Quantum Error Correction,AP3452,Master,Applied Sciences,https://studiegids.tudelft.nl/courses/study-guide/educations/17466,0,0,0,0,0,0,0,0,0,0,0,0,0,0,0,0,0
Modelling of Superconducting Devices,AP3472,Master,Applied Sciences,https://studiegids.tudelft.nl/courses/study-guide/educations/17467,0,0,0,0,0,0,0,0,0,0,0,0,0,0,0,0,0
Acoustical Imaging,AP3531,Master,Applied Sciences,https://studiegids.tudelft.nl/courses/study-guide/educations/17431,0,0,1,0,0,0,0,0,0,0,0,0,0,0,0,0,0
Computational Multiphase Flow,AP3551,Master,Applied Sciences,https://studiegids.tudelft.nl/courses/study-guide/educations/17418,0,0,0,0,0,0,0,0,0,0,0,0,0,0,0,0,0
Water in the Atmosphere,AP3563,Master,Applied Sciences,https://studiegids.tudelft.nl/courses/study-guide/educations/17419,0,0,0,0,0,0,0,0,0,0,0,0,1,0,0,0,0
Medical Physics of Photon and Proton Therapy,AP3582,Master,Applied Sciences,https://studiegids.tudelft.nl/courses/study-guide/educations/17432,0,0,1,0,0,0,0,0,0,0,0,0,0,0,0,0,0
Electronics for Physicists,AP3652,Master,Applied Sciences,https://studiegids.tudelft.nl/courses/study-guide/educations/17228,0,0,0,0,0,0,0,0,0,0,0,0,0,0,0,0,0
Fairy Tales of Theoretical Physics,AP3681,Master,Applied Sciences,https://studiegids.tudelft.nl/courses/study-guide/educations/17229,0,0,0,0,0,0,0,0,0,0,0,0,0,0,0,0,0
Artificial Intelligence for Physicists,AP3751,Master,Applied Sciences,https://studiegids.tudelft.nl/courses/study-guide/educations/17230,0,0,0,0,0,0,0,0,0,0,0,0,0,0,0,0,0
Systems Engineering for Physicists,AP3832,Master,Applied Sciences,https://studiegids.tudelft.nl/courses/study-guide/educations/17231,0,0,0,0,0,0,0,0,0,0,0,0,0,0,0,0,0
Systems Engineering Company Project,AP3841,Master,Applied Sciences,https://studiegids.tudelft.nl/courses/study-guide/educations/17470,0,0,0,0,0,0,0,0,0,0,0,0,0,0,0,0,0
Master Thesis Applied Physics,AP3902,Master,Applied Sciences,https://studiegids.tudelft.nl/courses/study-guide/educations/23674,0,0,0,0,0,0,0,0,0,0,0,0,0,0,0,0,0
Master Thesis Project,AP3902-MTP,Master,Applied Sciences,https://studiegids.tudelft.nl/courses/study-guide/educations/23676,0,0,0,0,0,0,0,0,0,0,0,0,0,0,0,0,0
Preparation for the Master Thesis,AP3902-PMT,Master,Applied Sciences,https://studiegids.tudelft.nl/courses/study-guide/educations/23675,0,0,0,0,0,0,0,0,0,0,0,0,0,0,0,0,0
Master Thesis Applied Physics,AP3903,Master,Applied Sciences,https://studiegids.tudelft.nl/courses/study-guide/educations/17217,0,0,0,0,0,0,0,0,0,0,0,0,0,0,0,0,0
Master Thesis Project,AP3903-MTP,Master,Applied Sciences,https://studiegids.tudelft.nl/courses/study-guide/educations/17406,0,0,0,0,0,0,0,0,0,0,0,0,0,0,0,0,0
Preparation for the Master Thesis,AP3903-PMT,Master,Applied Sciences,https://studiegids.tudelft.nl/courses/study-guide/educations/17407,0,0,0,0,0,0,0,0,0,0,0,0,0,0,0,0,0
Work Placement (Internship),AP3911,Master,Applied Sciences,https://studiegids.tudelft.nl/courses/study-guide/educations/23672,0,0,0,0,0,0,0,0,0,0,0,0,0,0,0,0,0
Internship Applied Physics,AP3912,Master,Applied Sciences,https://studiegids.tudelft.nl/courses/study-guide/educations/17471,0,0,0,0,0,0,0,0,0,0,0,0,0,0,0,1,0
Academic Skills - Is a PhD something for you?,AP3932,Master,Applied Sciences,https://studiegids.tudelft.nl/courses/study-guide/educations/17236,0,0,0,1,0,0,0,0,0,0,0,0,0,0,0,0,0
Academic Research Project,AP3945,Master,Applied Sciences,https://studiegids.tudelft.nl/courses/study-guide/educations/17237,0,0,0,1,0,0,0,0,0,0,0,0,0,0,0,0,0
Research Project,AP3991,Master,Applied Sciences,https://studiegids.tudelft.nl/courses/study-guide/educations/3860,0,0,0,0,0,0,0,0,0,0,0,0,0,0,0,0,0
"Social Inequality in the City, Diversity and Design",AR0095,Master,Architecture and the Built Environment,https://studiegids.tudelft.nl/courses/study-guide/educations/10611,0,0,0,0,0,0,0,1,0,1,1,0,0,0,0,0,1
Architectural Ethnography,AR0106,Master,Architecture and the Built Environment,https://studiegids.tudelft.nl/courses/study-guide/educations/11047,0,0,0,0,0,0,0,0,0,0,0,0,0,0,0,0,0
Housing Studies: An Open Intersectional Archive,AR0107,Master,Architecture and the Built Environment,https://studiegids.tudelft.nl/courses/study-guide/educations/11048,0,0,0,1,1,0,0,1,0,1,0,0,0,0,0,0,0
"Mastermind: CRASH (Conservation, Re-use, Architecture, Sustainability and Heritage)",AR0108,Master,Architecture and the Built Environment,https://studiegids.tudelft.nl/courses/study-guide/educations/11049,0,0,0,0,0,0,0,0,0,0,1,1,1,0,0,0,0
City of Innovations Project,AR0109,Master,Architecture and the Built Environment,https://studiegids.tudelft.nl/courses/study-guide/educations/11050,0,0,0,1,0,0,0,0,1,0,1,1,1,0,0,0,1
"Adaptive Strategies Past, Present, Future: Topics in the History of Architecture and Urban Planning",AR0110,Master,Architecture and the Built Environment,https://studiegids.tudelft.nl/courses/study-guide/educations/11051,0,0,0,0,0,0,0,0,0,0,0,0,0,0,0,0,0
Tools of the Architect,AR0113,Master,Architecture and the Built Environment,https://studiegids.tudelft.nl/courses/study-guide/educations/11052,0,0,0,0,0,0,0,0,0,0,0,0,0,0,0,0,0
"Architectural Translations: Drawing, Recoding, Tectonic",AR0114,Master,Architecture and the Built Environment,https://studiegids.tudelft.nl/courses/study-guide/educations/11053,0,0,0,1,0,0,0,0,0,0,0,0,0,0,0,0,0
Experiments in Drawing Theory,AR0118,Master,Architecture and the Built Environment,https://studiegids.tudelft.nl/courses/study-guide/educations/11054,0,0,0,0,0,0,0,0,0,0,0,0,0,0,0,0,0
Figures,AR0119,Master,Architecture and the Built Environment,https://studiegids.tudelft.nl/courses/study-guide/educations/11055,0,0,0,0,0,0,0,0,0,0,0,0,0,0,0,0,0
Analytical Models,AR0121,Master,Architecture and the Built Environment,https://studiegids.tudelft.nl/courses/study-guide/educations/11056,0,0,0,0,0,0,0,0,0,0,0,0,0,0,0,0,0
1:1 Interactive Architecture Prototypes Workshop,AR0122,Master,Architecture and the Built Environment,https://studiegids.tudelft.nl/courses/study-guide/educations/11057,0,0,0,0,0,0,0,0,1,0,0,0,0,0,0,0,0
Bridge Design,AR0126,Master,Architecture and the Built Environment,https://studiegids.tudelft.nl/courses/study-guide/educations/11058,0,0,0,0,0,0,0,0,0,0,1,0,0,0,0,0,0
Zero-Energy Design,AR0132,Master,Architecture and the Built Environment,https://studiegids.tudelft.nl/courses/study-guide/educations/11059,0,0,0,0,0,0,1,0,1,0,1,1,1,0,0,0,0
Technoledge Glass Structures,AR0133,Master,Architecture and the Built Environment,https://studiegids.tudelft.nl/courses/study-guide/educations/11060,0,0,0,0,0,0,0,0,1,0,0,1,1,0,0,0,0
Technoledge Façade Design,AR0134,Master,Architecture and the Built Environment,https://studiegids.tudelft.nl/courses/study-guide/educations/11061,0,0,0,0,0,0,1,0,1,0,1,1,1,0,0,0,1
Making,AR0136,Master,Architecture and the Built Environment,https://studiegids.tudelft.nl/courses/study-guide/educations/11062,0,0,0,0,0,0,0,0,0,0,0,0,0,0,0,0,0
Technoledge Health and Comfort,AR0137,Master,Architecture and the Built Environment,https://studiegids.tudelft.nl/courses/study-guide/educations/11063,0,0,1,0,0,1,0,0,0,0,0,0,0,0,0,0,0
Technoledge Design Informatics,AR0138,Master,Architecture and the Built Environment,https://studiegids.tudelft.nl/courses/study-guide/educations/11064,0,0,0,0,0,0,0,0,1,0,0,0,0,0,0,0,0
MEGA,AR0139,Master,Architecture and the Built Environment,https://studiegids.tudelft.nl/courses/study-guide/educations/11087,0,0,0,0,0,0,0,0,1,0,1,1,1,0,0,0,1
"CSI – Heritage (Conservation, Survey, Investigation of the Built Heritage)",AR0141,Master,Architecture and the Built Environment,https://studiegids.tudelft.nl/courses/study-guide/educations/11065,0,0,0,0,0,0,0,0,0,0,0,0,0,0,0,0,0
EXTREME Technology,AR0142,Master,Architecture and the Built Environment,https://studiegids.tudelft.nl/courses/study-guide/educations/11088,0,0,1,0,0,0,0,0,0,0,0,0,1,0,0,0,0
Circular Product Design,AR0145,Master,Architecture and the Built Environment,https://studiegids.tudelft.nl/courses/study-guide/educations/11066,0,0,0,0,0,0,0,0,1,0,0,1,1,0,0,0,0
ON SITE: Landscape Architectonic Explorations,AR0149,Master,Architecture and the Built Environment,https://studiegids.tudelft.nl/courses/study-guide/educations/11089,0,0,0,0,0,0,0,0,1,0,1,1,1,0,1,0,0
Architecture and Urban Design,AR0167,Master,Architecture and the Built Environment,https://studiegids.tudelft.nl/courses/study-guide/educations/11090,0,0,1,0,0,0,0,0,1,0,1,0,1,0,0,0,0
"People, Movement and Public Space",AR0168,Master,Architecture and the Built Environment,https://studiegids.tudelft.nl/courses/study-guide/educations/10613,0,0,0,1,0,0,0,0,0,0,1,0,0,0,0,0,0
Materialisation: The Future Envelope,AR0169,Master,Architecture and the Built Environment,https://studiegids.tudelft.nl/courses/study-guide/educations/11067,0,0,0,0,0,0,0,0,1,0,0,0,0,0,0,0,0
Bucky Lab A,AR0194,Master,Architecture and the Built Environment,https://studiegids.tudelft.nl/courses/study-guide/educations/11092,0,0,0,0,0,0,0,0,0,0,0,0,0,0,0,0,0
Computational Intelligence for Integrated Design,AR0202,Master,Architecture and the Built Environment,https://studiegids.tudelft.nl/courses/study-guide/educations/11069,0,0,0,0,0,0,0,0,1,0,0,0,0,0,0,0,0
Eco-friendly Material Choices,AR0203,Master,Architecture and the Built Environment,https://studiegids.tudelft.nl/courses/study-guide/educations/11070,0,0,0,0,0,0,0,0,1,0,1,1,1,0,0,0,0
Form and Inspiration,AR0215,Master,Architecture and the Built Environment,https://studiegids.tudelft.nl/courses/study-guide/educations/11071,0,0,0,0,0,0,0,0,0,0,0,0,0,0,0,0,0
Towards an inclusive Living Environment,AR0216,Master,Architecture and the Built Environment,https://studiegids.tudelft.nl/courses/study-guide/educations/11093,0,0,1,0,0,0,0,0,0,1,1,0,0,0,0,0,1
Worlding Theories and Concepts,AR0570,Master,Architecture and the Built Environment,https://studiegids.tudelft.nl/courses/study-guide/educations/11072,0,0,0,0,0,0,0,0,0,0,0,0,0,0,0,0,0
Heritage and Architecture Design Studio: Research and Architectural Design,AR0682,Master,Architecture and the Built Environment,https://studiegids.tudelft.nl/courses/study-guide/educations/11095,0,0,0,0,0,0,0,0,0,0,1,1,1,0,0,0,0
Ornamatics,AR0796,Master,Architecture and the Built Environment,https://studiegids.tudelft.nl/courses/study-guide/educations/11073,0,0,0,0,0,0,0,0,1,0,0,0,0,0,0,0,0
An Archaeology of Digital Design,AR0805,Master,Architecture and the Built Environment,https://studiegids.tudelft.nl/courses/study-guide/educations/11074,0,0,0,1,0,0,0,0,0,0,0,0,0,0,0,0,0
Idiosyncratic Infrastructures II,AR0815,Master,Architecture and the Built Environment,https://studiegids.tudelft.nl/courses/study-guide/educations/11075,0,0,0,0,0,0,0,0,0,0,0,0,0,0,0,0,0
Building Stories,AR0826,Master,Architecture and the Built Environment,https://studiegids.tudelft.nl/courses/study-guide/educations/12111,0,0,0,0,0,0,0,0,0,0,0,0,0,0,0,0,0
Van Gezel tot Meester,AR0897,Master,Architecture and the Built Environment,https://studiegids.tudelft.nl/courses/study-guide/educations/11077,0,0,0,0,0,0,0,0,0,0,0,0,0,0,0,0,0
Online Digital Portfolio,AR0915,Master,Architecture and the Built Environment,https://studiegids.tudelft.nl/courses/study-guide/educations/11079,0,0,0,0,0,0,0,0,0,0,0,0,0,0,0,0,0
Beyond 3D Computer Visualisation,AR0916,Master,Architecture and the Built Environment,https://studiegids.tudelft.nl/courses/study-guide/educations/11078,0,0,0,0,0,0,0,0,0,0,0,0,0,0,0,0,0
Timber Architecture Design,AR0917,Master,Architecture and the Built Environment,https://studiegids.tudelft.nl/courses/study-guide/educations/11080,0,0,0,0,0,0,0,0,1,0,0,1,1,0,0,0,0
Adaptive Architecture for Public Buildings: Theories and Practices,AR0918,Master,Architecture and the Built Environment,https://studiegids.tudelft.nl/courses/study-guide/educations/11081,0,0,1,0,0,0,0,0,0,0,1,1,0,0,0,0,0
Exteriorless: The Design of the Ordinary,AR0919,Master,Architecture and the Built Environment,https://studiegids.tudelft.nl/courses/study-guide/educations/11082,0,0,0,0,0,0,0,0,1,0,1,0,1,0,0,0,0
Delft Lectures on Architectural Design and Research Methods,AR1A061,Master,Architecture and the Built Environment,https://studiegids.tudelft.nl/courses/study-guide/educations/10923,0,0,0,1,0,0,0,0,0,0,0,0,0,0,0,0,0
Delft Lectures on Architectural History and Theory,AR1A066,Master,Architecture and the Built Environment,https://studiegids.tudelft.nl/courses/study-guide/educations/10924,0,0,0,0,0,0,0,0,0,0,0,0,0,0,0,0,0
Building Engineering Studios,AR1A080,Master,Architecture and the Built Environment,https://studiegids.tudelft.nl/courses/study-guide/educations/10925,0,0,0,0,0,0,0,0,1,0,1,1,1,0,0,0,0
Fundamentals of Housing Design,AR1AD014,Master,Architecture and the Built Environment,https://studiegids.tudelft.nl/courses/study-guide/educations/11032,0,0,0,0,0,0,0,0,1,0,1,0,1,0,0,0,0
EXTREME Architecture,AR1AE011,Master,Architecture and the Built Environment,https://studiegids.tudelft.nl/courses/study-guide/educations/11033,0,0,1,0,0,0,0,0,1,0,0,0,1,0,0,0,0
Heritage and Architecture Design Studio Architectonic Design,AR1AH010,Master,Architecture and the Built Environment,https://studiegids.tudelft.nl/courses/study-guide/educations/11034,0,0,0,0,0,0,0,0,0,0,1,1,1,0,0,0,0
"Interiors, Buildings and Cities MSc 1 Design Project",AR1AI013,Master,Architecture and the Built Environment,https://studiegids.tudelft.nl/courses/study-guide/educations/11035,0,0,0,0,0,0,0,0,0,0,1,0,0,0,0,0,0
Public Building Design Studio,AR1AP012,Master,Architecture and the Built Environment,https://studiegids.tudelft.nl/courses/study-guide/educations/11036,0,0,0,0,0,0,1,0,1,0,1,1,1,0,0,0,1
Bucky Lab Design,AR1B011,Master,Architecture and the Built Environment,https://studiegids.tudelft.nl/courses/study-guide/educations/10932,0,0,0,0,0,0,0,0,1,0,0,0,0,0,0,0,0
Climate Design,AR1B022,Master,Architecture and the Built Environment,https://studiegids.tudelft.nl/courses/study-guide/educations/10933,0,0,1,0,0,0,1,0,1,0,1,0,1,0,0,0,0
Sustainable Architectural Materials and Structures,AR1B023,Master,Architecture and the Built Environment,https://studiegids.tudelft.nl/courses/study-guide/educations/10934,0,0,0,0,0,0,0,0,1,0,1,1,1,0,0,0,0
Introduction to Computational Design,AR1B024,Master,Architecture and the Built Environment,https://studiegids.tudelft.nl/courses/study-guide/educations/10935,0,0,0,0,0,0,0,0,0,0,0,0,0,0,0,0,0
Research and Methodology,AR1B032,Master,Architecture and the Built Environment,https://studiegids.tudelft.nl/courses/study-guide/educations/10936,0,0,0,1,0,0,0,0,0,0,0,0,0,0,0,1,0
Borders and Territories Design Studio,AR1BO010,Master,Architecture and the Built Environment,https://studiegids.tudelft.nl/courses/study-guide/educations/11037,0,0,0,0,0,0,0,0,0,1,1,0,0,0,0,0,1
Complex Projects Design Studio,AR1CP011,Master,Architecture and the Built Environment,https://studiegids.tudelft.nl/courses/study-guide/educations/11038,0,0,0,1,0,1,0,0,1,0,1,0,1,0,0,0,0
Architectural Design Crossovers Studio,AR1DC010,Master,Architecture and the Built Environment,https://studiegids.tudelft.nl/courses/study-guide/educations/11039,0,0,0,0,0,0,0,0,1,0,1,1,1,0,0,0,1
"Design, Data and Society MSc1 Design Studio",AR1DDS005,Master,Architecture and the Built Environment,https://studiegids.tudelft.nl/courses/study-guide/educations/11040,0,0,0,0,0,0,1,0,1,0,1,1,1,0,0,0,1
"Form, Structure and Aesthetics",AR1FO010,Master,Architecture and the Built Environment,https://studiegids.tudelft.nl/courses/study-guide/educations/11041,0,0,0,0,0,0,0,0,1,0,1,1,1,0,0,0,0
Architecture and Landscape: Design Studio,AR1LA011,Master,Architecture and the Built Environment,https://studiegids.tudelft.nl/courses/study-guide/educations/10955,0,0,0,0,0,0,0,0,0,0,0,0,0,0,0,0,0
"Architecture and Landscape: Theory, Method and Critical Thinking",AR1LA021,Master,Architecture and the Built Environment,https://studiegids.tudelft.nl/courses/study-guide/educations/10956,0,0,0,0,0,0,0,0,0,0,0,0,0,0,0,0,0
Dutch Landscape: Design Studio,AR1LA051,Master,Architecture and the Built Environment,https://studiegids.tudelft.nl/courses/study-guide/educations/10957,0,0,0,0,0,1,0,0,0,0,1,0,1,0,1,0,0
"Dutch Landscape: Theory, Method and Critical Thinking",AR1LA061,Master,Architecture and the Built Environment,https://studiegids.tudelft.nl/courses/study-guide/educations/10958,0,0,0,0,0,1,0,0,0,0,0,0,0,0,0,0,0
Research Methods 1,AR1MBE015,Master,Architecture and the Built Environment,https://studiegids.tudelft.nl/courses/study-guide/educations/10942,0,0,0,0,0,0,0,0,0,0,0,0,0,0,0,1,0
Design and Construction Management,AR1MBE020,Master,Architecture and the Built Environment,https://studiegids.tudelft.nl/courses/study-guide/educations/10943,0,0,0,0,0,0,0,0,0,0,0,0,0,0,0,0,0
Building Economics,AR1MBE025,Master,Architecture and the Built Environment,https://studiegids.tudelft.nl/courses/study-guide/educations/10944,0,0,0,0,0,0,0,0,1,0,1,0,0,0,0,0,0
Real Estate Management,AR1MBE030,Master,Architecture and the Built Environment,https://studiegids.tudelft.nl/courses/study-guide/educations/10945,0,0,0,0,0,1,0,0,0,1,1,1,1,0,0,0,0
Situating Architecture,AR1MET015,Master,Architecture and the Built Environment,https://studiegids.tudelft.nl/courses/study-guide/educations/11042,0,0,0,0,0,0,0,0,0,0,0,0,0,0,0,0,0
R and D Studio: Analysis and Design of Urban Form,AR1U090,Master,Architecture and the Built Environment,https://studiegids.tudelft.nl/courses/study-guide/educations/10966,0,0,0,1,0,0,0,0,0,0,1,0,1,0,0,0,0
R and D Studio: Designing Urban Environments,AR1U100,Master,Architecture and the Built Environment,https://studiegids.tudelft.nl/courses/study-guide/educations/10967,0,0,0,0,0,0,0,0,0,0,1,1,1,0,0,0,1
History and Theory of Urbanism,AR1U121,Master,Architecture and the Built Environment,https://studiegids.tudelft.nl/courses/study-guide/educations/10968,0,0,0,0,0,0,0,0,0,0,1,0,0,0,0,0,0
Sustainable Urban Engineering of Territory,AR1U131,Master,Architecture and the Built Environment,https://studiegids.tudelft.nl/courses/study-guide/educations/10969,0,0,0,0,0,1,1,0,1,0,1,0,1,0,1,0,1
Urban Architecture MSc 1 Design studio,AR1UA010,Master,Architecture and the Built Environment,https://studiegids.tudelft.nl/courses/study-guide/educations/11044,0,0,0,0,0,0,0,0,0,0,1,1,1,0,1,0,0
Architectural History Thesis,AR2A011,Master,Architecture and the Built Environment,https://studiegids.tudelft.nl/courses/study-guide/educations/11045,0,0,0,1,0,0,0,0,0,0,1,0,0,0,0,0,0
Architectural Design Studio,AR2AA015,Master,Architecture and the Built Environment,https://studiegids.tudelft.nl/courses/study-guide/educations/11097,0,0,0,0,0,0,0,0,0,0,0,0,0,0,0,0,0
Architectural Design Studio,AR2AA016,Master,Architecture and the Built Environment,https://studiegids.tudelft.nl/courses/study-guide/educations/11098,0,0,0,0,0,0,0,0,0,0,0,0,0,0,0,0,0
Architectural Design Studio,AR2AA017,Master,Architecture and the Built Environment,https://studiegids.tudelft.nl/courses/study-guide/educations/11099,0,0,0,0,0,0,0,0,0,0,0,0,0,0,0,0,0
Interiors Buildings Cities MSc2 Design Project,AR2AI011,Master,Architecture and the Built Environment,https://studiegids.tudelft.nl/courses/study-guide/educations/11101,0,0,0,0,0,0,0,0,0,0,1,0,0,0,0,0,0
MSc2 Public Building Design Studio Multiplicity and Identity,AR2AP010,Master,Architecture and the Built Environment,https://studiegids.tudelft.nl/courses/study-guide/educations/11102,0,0,0,0,0,0,0,0,0,0,1,0,1,0,0,0,0
Architectural Technicities Design Studio,AR2AT021,Master,Architecture and the Built Environment,https://studiegids.tudelft.nl/courses/study-guide/educations/11103,0,0,0,0,0,0,0,0,0,0,0,0,0,0,0,0,0
Architecture Theory Thesis Seminar - Thinking/Reading/Writing,AR2AT031,Master,Architecture and the Built Environment,https://studiegids.tudelft.nl/courses/study-guide/educations/11046,0,0,0,1,0,0,0,0,0,0,0,0,0,0,0,0,0
Architecture and Philosophy Lecture Seminar,AR2AT041,Master,Architecture and the Built Environment,https://studiegids.tudelft.nl/courses/study-guide/educations/11084,0,0,0,0,0,0,0,0,0,0,0,0,0,0,0,0,0
Borders and Territories International Design Studio,AR2BO010,Master,Architecture and the Built Environment,https://studiegids.tudelft.nl/courses/study-guide/educations/11104,0,0,0,0,0,0,0,0,0,0,0,0,0,0,0,0,0
Complex Projects Design Studio,AR2CP011,Master,Architecture and the Built Environment,https://studiegids.tudelft.nl/courses/study-guide/educations/11105,0,0,0,0,0,0,0,0,0,0,0,0,0,0,0,0,0
Architectural Design Crossovers Studio,AR2DC010,Master,Architecture and the Built Environment,https://studiegids.tudelft.nl/courses/study-guide/educations/11106,0,0,0,0,0,0,0,0,0,0,0,0,0,0,0,0,0
AI in Architectural Design,AR2DS010,Master,Architecture and the Built Environment,https://studiegids.tudelft.nl/courses/study-guide/educations/12115,0,0,0,0,0,0,0,0,0,0,0,0,0,0,0,0,0
The Delta Shelter,AR2FO010,Master,Architecture and the Built Environment,https://studiegids.tudelft.nl/courses/study-guide/educations/11108,0,0,0,0,0,0,0,0,0,0,0,0,1,0,1,0,0
Studio 'High-Rise Culture',AR2FST010,Master,Architecture and the Built Environment,https://studiegids.tudelft.nl/courses/study-guide/educations/11109,0,0,0,0,0,0,0,0,1,0,1,0,1,0,0,0,0
MSc2 Global Housing Design Studio,AR2GH010,Master,Architecture and the Built Environment,https://studiegids.tudelft.nl/courses/study-guide/educations/12117,1,0,0,0,0,0,0,1,0,0,1,0,1,0,0,0,0
"Building Green: Past, Present, Future",AR2HA011,Master,Architecture and the Built Environment,https://studiegids.tudelft.nl/courses/study-guide/educations/11085,0,0,0,0,0,0,0,0,0,0,1,1,1,0,0,0,0
Urban Archipelago,AR2HA020,Master,Architecture and the Built Environment,https://studiegids.tudelft.nl/courses/study-guide/educations/11110,0,0,0,0,0,1,0,0,0,0,1,0,1,0,0,0,0
Urban Landscape: Design Studio,AR2LA011,Master,Architecture and the Built Environment,https://studiegids.tudelft.nl/courses/study-guide/educations/10959,0,0,0,0,0,1,0,0,0,1,1,0,1,0,1,0,0
"Urban Landscape: Theory, Method and Critical Thinking",AR2LA021,Master,Architecture and the Built Environment,https://studiegids.tudelft.nl/courses/study-guide/educations/10960,0,0,0,0,0,0,0,0,0,0,1,0,0,0,1,0,0
Building Law,AR2MBE011,Master,Architecture and the Built Environment,https://studiegids.tudelft.nl/courses/study-guide/educations/10946,0,0,0,0,0,0,0,0,1,0,1,0,0,0,0,0,1
Urban Development Management,AR2MBE030,Master,Architecture and the Built Environment,https://studiegids.tudelft.nl/courses/study-guide/educations/10947,0,0,0,0,0,0,0,0,0,0,1,0,0,0,0,0,1
Designing with Others,AR2MET011,Master,Architecture and the Built Environment,https://studiegids.tudelft.nl/courses/study-guide/educations/11111,0,0,0,0,0,0,0,0,0,0,0,0,0,0,0,0,0
Play,AR2MM002,Master,Architecture and the Built Environment,https://studiegids.tudelft.nl/courses/study-guide/educations/12121,0,0,0,0,0,0,0,0,0,0,1,0,0,0,0,0,0
R and D Studio: Spatial Strategies for the Global Metropolis,AR2U086,Master,Architecture and the Built Environment,https://studiegids.tudelft.nl/courses/study-guide/educations/10970,0,0,0,1,0,0,0,0,0,1,1,0,0,0,0,1,1
Research and Design Methodology for Urbanism,AR2U088,Master,Architecture and the Built Environment,https://studiegids.tudelft.nl/courses/study-guide/educations/10971,0,0,0,1,0,0,0,0,0,1,1,0,1,0,0,0,0
The Living City,AR2UA010,Master,Architecture and the Built Environment,https://studiegids.tudelft.nl/courses/study-guide/educations/11086,0,0,0,0,0,0,0,0,0,0,1,0,0,0,0,0,0
Urban Architecture MSc2 Design Studio,AR2UA020,Master,Architecture and the Built Environment,https://studiegids.tudelft.nl/courses/study-guide/educations/11113,0,0,0,0,0,0,0,0,0,0,0,1,1,0,0,0,0
Seminar Cross Domain City of the Future,AR3CS021,Master,Architecture and the Built Environment,https://studiegids.tudelft.nl/courses/study-guide/educations/11309,0,0,1,0,0,0,0,0,0,0,1,1,1,0,0,0,0
Research Methods 2,AR3MBE010,Master,Architecture and the Built Environment,https://studiegids.tudelft.nl/courses/study-guide/educations/10949,0,0,0,1,0,0,0,0,0,0,0,0,0,0,0,0,0
Information Management in the Built Environment,AR3MBE200,Master,Architecture and the Built Environment,https://studiegids.tudelft.nl/courses/study-guide/educations/12373,0,0,0,0,0,0,0,0,0,0,0,0,0,0,0,0,0
Advanced Housing Design Graduation Studio,AR4AD150,Master,Architecture and the Built Environment,https://studiegids.tudelft.nl/courses/study-guide/educations/12155,0,0,0,0,1,0,0,0,0,0,1,1,1,0,0,0,0
Designing for Health and Care Graduation Studio,AR4AD300,Master,Architecture and the Built Environment,https://studiegids.tudelft.nl/courses/study-guide/educations/12158,0,0,1,0,0,0,0,0,0,0,0,0,0,0,0,0,0
Architectural Engineering Graduation Studio,AR4AE020,Master,Architecture and the Built Environment,https://studiegids.tudelft.nl/courses/study-guide/educations/12184,0,0,0,0,0,0,0,0,0,0,0,1,1,0,1,0,0
Adaptive Reuse of Heritage Graduation Studio,AR4AH120,Master,Architecture and the Built Environment,https://studiegids.tudelft.nl/courses/study-guide/educations/12180,0,0,0,0,0,0,0,0,0,0,1,0,0,0,0,0,0
Resourceful Reuse of Heritage Graduation Studio,AR4AH130,Master,Architecture and the Built Environment,https://studiegids.tudelft.nl/courses/study-guide/educations/12181,0,0,0,0,0,0,0,0,1,0,1,1,1,0,0,0,0
Interiors Buildings Cities Graduation Studio,AR4AI130,Master,Architecture and the Built Environment,https://studiegids.tudelft.nl/courses/study-guide/educations/12164,0,0,0,0,0,0,0,0,0,0,1,0,0,0,0,0,0
Public Building Graduation Studio,AR4AP120,Master,Architecture and the Built Environment,https://studiegids.tudelft.nl/courses/study-guide/educations/12160,0,0,0,0,0,0,0,0,0,0,1,1,1,0,0,0,0
Architectural Wood Graduation Studio,AR4AW010,Master,Architecture and the Built Environment,https://studiegids.tudelft.nl/courses/study-guide/educations/12182,0,0,1,0,0,0,0,0,1,0,1,0,1,0,0,0,0
Building Technology Graduation Studio,AR4B030,Master,Architecture and the Built Environment,https://studiegids.tudelft.nl/courses/study-guide/educations/12378,0,0,0,0,0,0,0,0,1,0,1,1,1,0,0,0,0
Borders and Territories Graduation Studio,AR4BO100,Master,Architecture and the Built Environment,https://studiegids.tudelft.nl/courses/study-guide/educations/12165,0,0,0,0,0,1,0,0,0,0,0,0,1,0,0,0,0
Cross Domain City of the Future Graduation Studio,AR4CFA010,Master,Architecture and the Built Environment,https://studiegids.tudelft.nl/courses/study-guide/educations/12177,0,0,0,0,0,0,0,0,0,0,1,0,1,0,0,0,0
Cross Domain City of the Future Graduation Studio,AR4CFM010,Master,Architecture and the Built Environment,https://studiegids.tudelft.nl/courses/study-guide/educations/12272,0,0,0,0,0,0,0,0,0,0,1,0,1,0,0,0,0
Cross Domain City of the Future Graduation Studio,AR4CFU010,Master,Architecture and the Built Environment,https://studiegids.tudelft.nl/courses/study-guide/educations/12188,0,0,0,0,0,0,0,0,0,0,1,0,1,0,0,0,0
Complex Projects Graduation Studio,AR4CP020,Master,Architecture and the Built Environment,https://studiegids.tudelft.nl/courses/study-guide/educations/12161,0,0,0,0,0,0,0,0,0,0,1,0,0,0,0,0,0
Architectural Design Crossovers Graduation Studio,AR4DC100,Master,Architecture and the Built Environment,https://studiegids.tudelft.nl/courses/study-guide/educations/12159,0,0,0,0,0,1,0,0,0,0,1,0,1,0,0,0,0
Design Data and Society Graduation Studio,AR4DDS010,Master,Architecture and the Built Environment,https://studiegids.tudelft.nl/courses/study-guide/educations/12179,0,0,0,0,0,0,0,0,0,0,0,0,0,0,0,0,0
EXTREME Graduation Studio,AR4EA010,Master,Architecture and the Built Environment,https://studiegids.tudelft.nl/courses/study-guide/educations/12186,0,0,0,0,0,0,0,0,0,0,0,0,1,0,0,0,0
Extra-/Terrestrial Architecture Graduation Studio,AR4ETA010,Master,Architecture and the Built Environment,https://studiegids.tudelft.nl/courses/study-guide/educations/12162,0,0,0,0,0,0,0,0,1,0,0,0,1,0,0,0,1
Explore Lab Graduation Studio,AR4EX310,Master,Architecture and the Built Environment,https://studiegids.tudelft.nl/courses/study-guide/educations/12176,0,0,0,0,0,0,0,0,0,0,0,0,0,0,0,0,0
Global Housing Graduation Studio,AR4GH010,Master,Architecture and the Built Environment,https://studiegids.tudelft.nl/courses/study-guide/educations/12157,1,0,1,0,1,0,0,0,0,1,1,0,0,0,0,1,0
Landscape Architecture Graduation Studio,AR4LA020,Master,Architecture and the Built Environment,https://studiegids.tudelft.nl/courses/study-guide/educations/12377,0,0,0,1,0,0,0,0,0,0,1,0,0,0,1,0,0
Management in the Built Environment Graduation Studio,AR4MBE010,Master,Architecture and the Built Environment,https://studiegids.tudelft.nl/courses/study-guide/educations/12271,0,0,0,0,0,0,0,0,0,0,0,0,0,0,0,0,0
A Matter of Scale Graduation Studio,AR4MET110,Master,Architecture and the Built Environment,https://studiegids.tudelft.nl/courses/study-guide/educations/12163,0,0,0,0,0,0,0,0,0,0,1,0,0,0,0,0,0
Urbanism Graduation Studio,AR4U020,Master,Architecture and the Built Environment,https://studiegids.tudelft.nl/courses/study-guide/educations/12187,0,0,0,1,0,0,0,0,1,0,1,0,1,0,0,0,1
Urban Architecture Graduation Studio,AR4UA020,Master,Architecture and the Built Environment,https://studiegids.tudelft.nl/courses/study-guide/educations/12166,0,0,0,0,0,0,0,0,0,0,1,0,0,0,0,0,0
Legal and Governance,AR8003TU,Master,Architecture and the Built Environment,https://studiegids.tudelft.nl/courses/study-guide/educations/10615,0,0,0,0,0,0,0,0,0,0,0,0,0,0,0,1,0
Research Project I Honours Programme Master,AR9026HPM,Master,Architecture and the Built Environment,https://studiegids.tudelft.nl/courses/study-guide/educations/10692,0,0,0,0,0,0,0,0,0,0,0,0,0,0,0,0,0
Research Project II Honours Programme Master,AR9027HPM,Master,Architecture and the Built Environment,https://studiegids.tudelft.nl/courses/study-guide/educations/10693,0,0,0,1,0,0,0,0,0,0,0,0,0,0,0,0,0
Project NL,ARB101,Master,Architecture and the Built Environment,https://studiegids.tudelft.nl/courses/study-guide/educations/10733,0,0,0,0,0,0,0,0,0,0,0,0,0,0,0,0,0
Proseminar,ARB102,Master,Architecture and the Built Environment,https://studiegids.tudelft.nl/courses/study-guide/educations/10734,0,0,0,0,0,0,0,0,0,0,1,0,0,0,0,0,0
The Berlage Sessions,ARB106,Master,Architecture and the Built Environment,https://studiegids.tudelft.nl/courses/study-guide/educations/10735,0,0,0,0,0,0,0,0,0,0,0,0,0,0,0,0,0
Research Colloquium,ARB107,Master,Architecture and the Built Environment,https://studiegids.tudelft.nl/courses/study-guide/educations/10736,0,0,0,1,0,0,0,0,0,0,1,0,0,0,0,0,0
Design Master Class,ARB108,Master,Architecture and the Built Environment,https://studiegids.tudelft.nl/courses/study-guide/educations/10737,0,0,0,0,0,0,0,0,0,0,0,0,0,0,0,0,0
Project Global,ARB201,Master,Architecture and the Built Environment,https://studiegids.tudelft.nl/courses/study-guide/educations/10738,0,0,0,0,0,0,0,0,0,0,1,0,0,0,0,0,0
Proseminar,ARB202,Master,Architecture and the Built Environment,https://studiegids.tudelft.nl/courses/study-guide/educations/10739,0,0,0,0,0,0,0,0,0,0,1,0,0,0,0,0,0
The Berlage Sessions,ARB206,Master,Architecture and the Built Environment,https://studiegids.tudelft.nl/courses/study-guide/educations/10740,0,0,0,0,0,0,0,0,0,0,0,0,0,0,0,0,0
Theory Master Class,ARB208,Master,Architecture and the Built Environment,https://studiegids.tudelft.nl/courses/study-guide/educations/10741,0,0,0,0,0,0,0,0,0,0,0,0,0,0,0,0,0
Thesis Development,ARB215,Master,Architecture and the Built Environment,https://studiegids.tudelft.nl/courses/study-guide/educations/10742,0,0,0,0,0,0,0,0,0,0,0,0,0,0,0,0,0
Project Thesis,ARB301,Master,Architecture and the Built Environment,https://studiegids.tudelft.nl/courses/study-guide/educations/10743,0,0,0,0,0,0,0,0,0,0,0,0,0,0,0,0,0
Applied Spatial Analysis for Sustainable Urban Development,ARFW0501,Master,Architecture and the Built Environment,https://studiegids.tudelft.nl/courses/study-guide/educations/11166,0,0,0,1,0,0,0,0,1,0,1,0,0,0,0,0,1
Plantscapes,ARFW0502,Master,Architecture and the Built Environment,https://studiegids.tudelft.nl/courses/study-guide/educations/11167,0,0,0,0,0,0,0,0,0,0,0,0,1,0,1,0,0
Urbidata: Responsible Design for Fair Data Cities,ARFW0503,Master,Architecture and the Built Environment,https://studiegids.tudelft.nl/courses/study-guide/educations/11189,0,0,0,0,0,0,0,0,0,0,1,0,0,0,0,1,0
"Integrated Metabolic Design for Sustainable Neighborhoods, Cities and Regions",ARFW1001,Master,Architecture and the Built Environment,https://studiegids.tudelft.nl/courses/study-guide/educations/11169,0,0,0,0,0,0,0,0,0,0,1,0,1,0,0,0,1
Heritage Landscape Design,ARFW1002,Master,Architecture and the Built Environment,https://studiegids.tudelft.nl/courses/study-guide/educations/11170,0,0,0,0,0,0,0,0,0,0,1,0,0,0,0,0,1
Metropolitan Regions in Times of Environmental and Economic Transitions,ARFW1500,Master,Architecture and the Built Environment,https://studiegids.tudelft.nl/courses/study-guide/educations/11114,0,0,0,1,0,0,0,1,1,1,1,0,1,0,0,0,1
Entrepreneurship in the Built Environment,ARFW1501,Master,Architecture and the Built Environment,https://studiegids.tudelft.nl/courses/study-guide/educations/11115,0,0,0,0,0,0,0,1,1,0,1,0,0,0,0,0,0
"Peri-Urban Transformations: Analysis, Development, Design",ARFW1502,Master,Architecture and the Built Environment,https://studiegids.tudelft.nl/courses/study-guide/educations/11182,0,0,0,0,0,0,0,0,1,0,1,0,0,0,0,0,0
Curatorial Practices and Exhibition Design,ARIT1501,Master,Architecture and the Built Environment,https://studiegids.tudelft.nl/courses/study-guide/educations/12126,0,0,0,1,0,0,0,0,0,0,0,0,0,0,0,0,1
University of Tomorrow Studio (discontinued),ARIT1502,Master,Architecture and the Built Environment,https://studiegids.tudelft.nl/courses/study-guide/educations/12134,0,0,0,1,0,0,0,0,0,0,0,0,0,0,0,0,1
Fieldworks,ARIT1503,Master,Architecture and the Built Environment,https://studiegids.tudelft.nl/courses/study-guide/educations/12136,0,0,0,0,0,0,0,0,0,0,0,0,0,0,0,0,0
The Travelling Architect,ARIT1504,Master,Architecture and the Built Environment,https://studiegids.tudelft.nl/courses/study-guide/educations/12138,0,0,0,0,0,0,0,0,0,0,0,0,0,0,0,0,1
Designing for Eco-systems in Transition,ARIT1505,Master,Architecture and the Built Environment,https://studiegids.tudelft.nl/courses/study-guide/educations/12139,0,0,0,0,0,0,0,0,0,0,0,0,1,0,0,0,1
Industrial Design in Architecture,ARIT1506,Master,Architecture and the Built Environment,https://studiegids.tudelft.nl/courses/study-guide/educations/12140,0,0,0,0,0,0,0,0,1,0,1,0,1,0,0,0,0
Creative Robotics in Spatial Design,ARIT1507,Master,Architecture and the Built Environment,https://studiegids.tudelft.nl/courses/study-guide/educations/12141,0,0,0,0,0,0,0,0,1,0,0,0,0,0,0,0,0
Future Materials,ARIT1508,Master,Architecture and the Built Environment,https://studiegids.tudelft.nl/courses/study-guide/educations/12142,0,0,0,0,0,0,0,0,1,0,1,1,1,0,0,0,0
Architectural Lighting Design,ARIT1509,Master,Architecture and the Built Environment,https://studiegids.tudelft.nl/courses/study-guide/educations/12143,0,0,0,0,0,0,0,0,0,0,0,1,0,0,0,0,0
Healthy Environments and Communities,ARIT1510,Master,Architecture and the Built Environment,https://studiegids.tudelft.nl/courses/study-guide/educations/12145,0,0,1,0,0,0,0,0,0,0,1,0,0,0,0,0,0
Design for Systemic Change,ARIT1511,Master,Architecture and the Built Environment,https://studiegids.tudelft.nl/courses/study-guide/educations/12146,0,0,0,1,0,0,0,0,1,0,0,1,1,0,0,0,1
Delta Infrastructure and Environment Design/Delta Futures Lab,ARIT1512,Master,Architecture and the Built Environment,https://studiegids.tudelft.nl/courses/study-guide/educations/12147,0,0,0,0,0,0,0,0,1,0,1,0,1,0,0,0,1
Climate Adaptation in Urban Areas,ARIT1513,Master,Architecture and the Built Environment,https://studiegids.tudelft.nl/courses/study-guide/educations/12148,0,0,0,0,0,0,0,0,0,0,1,0,1,0,0,0,0
Co-creating Future Urban Environments,ARIT1514,Master,Architecture and the Built Environment,https://studiegids.tudelft.nl/courses/study-guide/educations/12149,0,0,0,0,0,0,0,0,1,0,1,0,1,0,0,0,1
ECO-campus (discontinued),ARIT1515,Master,Architecture and the Built Environment,https://studiegids.tudelft.nl/courses/study-guide/educations/12150,0,0,0,0,0,0,0,0,0,0,1,1,1,0,1,0,1
Sustainable Finance: Valuation Techniques Going Beyond Monetary Value,ARIT1516,Master,Architecture and the Built Environment,https://studiegids.tudelft.nl/courses/study-guide/educations/12151,0,0,0,0,0,0,0,0,0,0,0,1,1,0,0,0,1
Social Sustainability in Human Habitats,ARIT1517,Master,Architecture and the Built Environment,https://studiegids.tudelft.nl/courses/study-guide/educations/12152,0,0,0,0,0,0,0,0,0,0,1,0,0,0,0,0,0
Entrepreneurial Engineering and Design for the Built Environment,ARIT1518,Master,Architecture and the Built Environment,https://studiegids.tudelft.nl/courses/study-guide/educations/12153,0,0,0,0,0,0,1,0,0,1,1,0,1,0,1,0,1
Inter- and/or Transdisciplinary Pop-Up,ARIT1519,Master,Architecture and the Built Environment,https://studiegids.tudelft.nl/courses/study-guide/educations/12154,0,0,0,0,0,0,0,0,0,0,1,0,1,0,0,0,1
Applied Sciences Company Project,AS1011HPM,Master,Applied Sciences,https://studiegids.tudelft.nl/courses/study-guide/educations/17526,0,0,0,0,0,0,0,0,0,0,0,0,0,0,0,0,0
Applied Sciences Honours Classes,AS1021HPM,Master,Applied Sciences,https://studiegids.tudelft.nl/courses/study-guide/educations/17527,0,0,0,0,0,0,0,0,1,0,0,1,1,0,0,0,0
Applied Sciences Research Project,AS1031HPM,Master,Applied Sciences,https://studiegids.tudelft.nl/courses/study-guide/educations/17530,0,0,0,0,0,0,0,0,0,0,0,0,0,0,0,0,0
ATHENS,AS3111,Master,Applied Sciences,https://studiegids.tudelft.nl/courses/study-guide/educations/17473,0,0,0,0,0,0,0,0,0,0,0,0,0,0,0,0,0
"Scientific Writing, Argumentation and Integrity",AS3122,Master,Applied Sciences,https://studiegids.tudelft.nl/courses/study-guide/educations/21331,0,0,0,1,0,0,0,0,0,0,0,0,0,0,0,1,0
"Art, Empathy and Ethics",AS3132,Master,Applied Sciences,https://studiegids.tudelft.nl/courses/study-guide/educations/17474,0,0,0,0,0,0,0,0,0,0,0,0,0,0,0,0,0
Transdisciplinary Art Science Project,AS3151,Master,Applied Sciences,https://studiegids.tudelft.nl/courses/study-guide/educations/17269,0,0,0,0,0,0,0,0,0,0,0,0,1,0,0,0,1
Coaching for Innovation,AS3161,Master,Applied Sciences,https://studiegids.tudelft.nl/courses/study-guide/educations/21332,0,0,0,0,0,0,0,0,0,0,0,0,0,0,0,0,0
Work in Practice: Architecture,BK5STA,Bachelor,Architecture and the Built Environment,https://studiegids.tudelft.nl/courses/study-guide/educations/10695,0,0,0,1,0,0,0,0,1,0,0,0,0,0,0,0,0
Work in Practice: Building Technology,BK5STB,Bachelor,Architecture and the Built Environment,https://studiegids.tudelft.nl/courses/study-guide/educations/10696,0,0,0,0,0,0,0,0,0,0,0,0,0,0,0,0,0
Internship: Personal Development,BK5STPO,Bachelor,Architecture and the Built Environment,https://studiegids.tudelft.nl/courses/study-guide/educations/10697,0,0,0,1,0,0,0,0,0,0,0,0,0,0,0,0,0
Work in Practice: Management in the Built Environment,BK5STR,Bachelor,Architecture and the Built Environment,https://studiegids.tudelft.nl/courses/study-guide/educations/10698,0,0,0,1,0,0,0,0,1,0,0,0,0,0,0,0,0
Work in Practice: Urbanism,BK5STU,Bachelor,Architecture and the Built Environment,https://studiegids.tudelft.nl/courses/study-guide/educations/10699,0,0,0,0,0,0,0,0,0,0,0,0,0,0,0,0,0
Report Work in Practice: Architecture,BK5STVA,Bachelor,Architecture and the Built Environment,https://studiegids.tudelft.nl/courses/study-guide/educations/10700,0,0,0,0,0,0,0,0,0,0,0,0,0,0,0,0,0
Report Work in Practice: Building Technology,BK5STVB,Bachelor,Architecture and the Built Environment,https://studiegids.tudelft.nl/courses/study-guide/educations/10701,0,0,0,1,0,0,0,0,1,0,0,0,0,0,0,0,0
Report Work in Practice: Management in the Built Environment,BK5STVR,Bachelor,Architecture and the Built Environment,https://studiegids.tudelft.nl/courses/study-guide/educations/10702,0,0,0,1,0,0,0,0,0,0,0,0,0,0,0,0,0
Report Work in Practice: Urbanism,BK5STVU,Bachelor,Architecture and the Built Environment,https://studiegids.tudelft.nl/courses/study-guide/educations/10703,0,0,0,1,0,0,0,0,0,0,1,0,0,0,0,0,0
Spaces of Display 1,BK7064,Bachelor,Architecture and the Built Environment,https://studiegids.tudelft.nl/courses/study-guide/educations/10714,0,0,0,1,0,0,0,0,0,0,1,0,0,0,0,0,0
Spaces of Display 2: Retail and Exhibition Design (Design Project),BK7065,Bachelor,Architecture and the Built Environment,https://studiegids.tudelft.nl/courses/study-guide/educations/10715,0,0,0,0,0,0,0,0,0,0,0,0,0,0,0,0,0
Tools for Spaces of Display 1,BK7066,Bachelor,Architecture and the Built Environment,https://studiegids.tudelft.nl/courses/study-guide/educations/10716,0,0,0,0,0,0,0,0,0,0,0,0,0,0,0,0,0
Tools for Spaces of Display 2,BK7067,Bachelor,Architecture and the Built Environment,https://studiegids.tudelft.nl/courses/study-guide/educations/10717,0,0,0,0,0,0,0,0,0,0,0,0,0,0,0,0,0
Computational Design Studio,BK7083,Bachelor,Architecture and the Built Environment,https://studiegids.tudelft.nl/courses/study-guide/educations/10707,0,0,0,0,0,0,0,0,1,0,1,1,1,0,0,0,1
Computational Simulations,BK7084,Bachelor,Architecture and the Built Environment,https://studiegids.tudelft.nl/courses/study-guide/educations/10708,0,0,0,0,0,0,0,0,0,0,1,0,0,0,0,0,0
Presenting Project Facts (discontinued),BK7140,Bachelor,Architecture and the Built Environment,https://studiegids.tudelft.nl/courses/study-guide/educations/10709,0,0,0,0,0,0,0,0,0,0,0,0,0,0,0,0,0
Presenting Project Visions (discontinued),BK7141,Bachelor,Architecture and the Built Environment,https://studiegids.tudelft.nl/courses/study-guide/educations/10710,0,0,0,0,0,0,0,0,0,0,0,0,0,0,0,0,0
Presenting Project Prospects (discontinued),BK7142,Bachelor,Architecture and the Built Environment,https://studiegids.tudelft.nl/courses/study-guide/educations/10711,0,0,0,0,0,0,0,0,0,0,0,0,0,0,0,0,0
Basic Techniques for Sustainable Urban Design,BK7215,Bachelor,Architecture and the Built Environment,https://studiegids.tudelft.nl/courses/study-guide/educations/10724,0,0,0,0,0,1,1,0,1,0,1,0,1,0,1,0,0
Archineering 1,BK7460-13,Bachelor,Architecture and the Built Environment,https://studiegids.tudelft.nl/courses/study-guide/educations/10712,0,0,0,0,0,0,0,0,1,0,0,1,1,0,0,0,0
Archineering 2,BK7461,Bachelor,Architecture and the Built Environment,https://studiegids.tudelft.nl/courses/study-guide/educations/10713,0,0,0,0,0,0,0,0,1,0,0,1,1,0,1,0,0
Landscape and Transition,BK7550,Bachelor,Architecture and the Built Environment,https://studiegids.tudelft.nl/courses/study-guide/educations/10718,0,0,0,0,0,0,0,0,0,0,1,0,0,0,0,0,0
History of Dutch Cities and Landscapes,BK7551,Bachelor,Architecture and the Built Environment,https://studiegids.tudelft.nl/courses/study-guide/educations/10719,0,0,0,0,0,0,0,0,0,0,1,0,0,0,0,0,0
Heritage: Theory and Practice,BK7552,Bachelor,Architecture and the Built Environment,https://studiegids.tudelft.nl/courses/study-guide/educations/10720,0,0,0,0,0,0,0,0,0,0,0,0,1,0,0,0,0
Architecture and Re-use,BK7553,Bachelor,Architecture and the Built Environment,https://studiegids.tudelft.nl/courses/study-guide/educations/10721,0,0,0,0,0,0,0,0,0,0,1,0,0,0,0,0,0
History of Dutch Architecture and Art,BK7554,Bachelor,Architecture and the Built Environment,https://studiegids.tudelft.nl/courses/study-guide/educations/10722,0,0,0,0,0,0,0,0,0,0,0,0,0,0,0,0,0
City and Transformation,BK7555,Bachelor,Architecture and the Built Environment,https://studiegids.tudelft.nl/courses/study-guide/educations/10723,0,0,0,0,0,0,0,0,0,0,1,0,0,0,0,0,1
Lecture Series and Review Paper (discontinued),BK7560,Bachelor,Architecture and the Built Environment,https://studiegids.tudelft.nl/courses/study-guide/educations/10704,0,0,1,1,0,0,0,0,0,1,1,0,0,0,0,0,0
Design Strategies (discontinued),BK7565,Bachelor,Architecture and the Built Environment,https://studiegids.tudelft.nl/courses/study-guide/educations/10705,0,0,0,0,0,0,0,0,0,1,1,0,0,0,0,0,0
Action Research (discontinued),BK7570,Bachelor,Architecture and the Built Environment,https://studiegids.tudelft.nl/courses/study-guide/educations/10706,0,0,1,0,0,0,0,0,0,1,1,0,0,0,0,0,0
Systems in the City: Sustainable Urban Design,BK7575,Bachelor,Architecture and the Built Environment,https://studiegids.tudelft.nl/courses/study-guide/educations/10725,0,0,0,0,0,0,0,0,0,0,1,0,1,0,0,0,0
Introduction to Integrated Infrastructure Design,BK7932,Bachelor,Architecture and the Built Environment,https://studiegids.tudelft.nl/courses/study-guide/educations/23415,0,0,0,0,0,1,0,0,1,0,1,0,0,0,0,0,0
Idiosyncratic Infrastructures,BK7933,Bachelor,Architecture and the Built Environment,https://studiegids.tudelft.nl/courses/study-guide/educations/23405,0,0,0,0,0,0,0,0,0,0,0,0,0,0,0,0,0
Design of (Infra-)Structures,BK7934,Bachelor,Architecture and the Built Environment,https://studiegids.tudelft.nl/courses/study-guide/educations/23407,0,0,0,0,0,0,0,0,1,0,1,0,0,0,0,0,0
Environment and Infrastructure: Urban Systems and Landscape,BK7935,Bachelor,Architecture and the Built Environment,https://studiegids.tudelft.nl/courses/study-guide/educations/23408,0,0,0,0,0,1,0,0,1,0,1,0,0,0,0,0,0
"(Re)Imagining Port Cities: Understanding Space, Society and Culture Q1",BK7940,Bachelor,Architecture and the Built Environment,https://studiegids.tudelft.nl/courses/study-guide/educations/10726,0,0,0,0,0,0,0,0,0,0,1,0,1,0,0,0,0
"(Re)Imagining Port Cities: Understanding Space, Society and Culture Q2",BK7941,Bachelor,Architecture and the Built Environment,https://studiegids.tudelft.nl/courses/study-guide/educations/10727,0,0,0,0,0,0,0,0,0,0,1,0,1,0,0,0,0
Culture and Understanding (discontinued),BK7942,Bachelor,Architecture and the Built Environment,https://studiegids.tudelft.nl/courses/study-guide/educations/10731,0,0,0,0,0,0,0,0,0,0,0,0,0,0,0,0,0
Design and Remodelling (discontinued),BK7943,Bachelor,Architecture and the Built Environment,https://studiegids.tudelft.nl/courses/study-guide/educations/10732,0,0,0,0,0,0,0,0,0,0,0,0,0,0,0,0,0
Spatial Decision Support Systems (discontinued),BK7951,Bachelor,Architecture and the Built Environment,https://studiegids.tudelft.nl/courses/study-guide/educations/10728,0,0,0,0,0,0,1,0,1,0,1,0,1,0,0,0,0
3D Data Acquisition and Analysis (discontinued),BK7952,Bachelor,Architecture and the Built Environment,https://studiegids.tudelft.nl/courses/study-guide/educations/10729,0,0,0,0,0,0,0,0,0,0,0,0,0,0,0,0,0
Open Urban Data Governance (discontinued),BK7953,Bachelor,Architecture and the Built Environment,https://studiegids.tudelft.nl/courses/study-guide/educations/10730,0,0,0,0,0,0,0,0,0,0,1,0,0,0,0,1,1
Design Aspects,BKB1GR1,Bachelor,Architecture and the Built Environment,https://studiegids.tudelft.nl/courses/study-guide/educations/10631,0,0,0,0,0,0,0,0,0,0,1,0,0,0,0,0,0
House and Anchoring in the Landscape,BKB1ON1,Bachelor,Architecture and the Built Environment,https://studiegids.tudelft.nl/courses/study-guide/educations/10632,0,0,0,0,0,0,0,0,0,0,1,0,0,0,0,0,0
Physics for Architecture and the Built Environment,BKB1TE1,Bachelor,Architecture and the Built Environment,https://studiegids.tudelft.nl/courses/study-guide/educations/10633,0,0,0,0,0,0,0,0,0,0,0,1,1,0,0,0,0
Academic Design,BKB1WV1,Bachelor,Architecture and the Built Environment,https://studiegids.tudelft.nl/courses/study-guide/educations/10634,0,0,0,1,0,0,0,0,0,0,0,0,0,0,0,0,0
Form and Representation,BKB1WV2,Bachelor,Architecture and the Built Environment,https://studiegids.tudelft.nl/courses/study-guide/educations/10635,0,0,0,1,0,0,0,0,0,0,0,0,0,0,0,0,0
Configuration,BKB2GR2,Bachelor,Architecture and the Built Environment,https://studiegids.tudelft.nl/courses/study-guide/educations/10636,0,0,0,0,0,0,0,0,0,0,1,0,0,0,0,0,0
Design and Technology,BKB2ON2,Bachelor,Architecture and the Built Environment,https://studiegids.tudelft.nl/courses/study-guide/educations/10637,0,0,0,0,0,0,0,0,1,0,1,1,1,0,0,0,0
Architectural Materials and Construction,BKB2TE2,Bachelor,Architecture and the Built Environment,https://studiegids.tudelft.nl/courses/study-guide/educations/10638,0,0,0,0,0,0,0,0,1,0,0,1,1,0,0,0,0
Construction and Climate,BKB2TE3,Bachelor,Architecture and the Built Environment,https://studiegids.tudelft.nl/courses/study-guide/educations/10639,0,0,0,0,0,0,1,0,1,0,1,1,1,0,0,0,0
Digital Design Environment,BKB2WV3,Bachelor,Architecture and the Built Environment,https://studiegids.tudelft.nl/courses/study-guide/educations/10640,0,0,0,0,0,0,0,0,0,0,0,0,0,0,0,0,0
The Resilient Built Environment,BKB3MA1,Bachelor,Architecture and the Built Environment,https://studiegids.tudelft.nl/courses/study-guide/educations/10641,0,0,1,0,0,0,0,0,0,1,1,0,1,0,0,0,0
From Challenge to Reality,BKB3MA2,Bachelor,Architecture and the Built Environment,https://studiegids.tudelft.nl/courses/study-guide/educations/10642,0,0,0,0,0,0,0,0,0,0,0,0,0,0,0,1,0
City and Public Space,BKB3ON3,Bachelor,Architecture and the Built Environment,https://studiegids.tudelft.nl/courses/study-guide/educations/10643,0,0,0,0,0,0,0,0,0,0,1,0,0,0,0,0,0
Residential Building Technology,BKB3TE4,Bachelor,Architecture and the Built Environment,https://studiegids.tudelft.nl/courses/study-guide/educations/10644,0,0,1,0,0,0,1,0,1,0,1,1,1,0,0,0,0
Bouwkunde as Science,BKB3WV4,Bachelor,Architecture and the Built Environment,https://studiegids.tudelft.nl/courses/study-guide/educations/10645,0,0,0,1,0,0,0,0,0,0,0,0,0,0,0,0,0
Idea and Expression,BKB4GR3,Bachelor,Architecture and the Built Environment,https://studiegids.tudelft.nl/courses/study-guide/educations/10646,0,0,0,0,0,0,0,0,0,0,1,0,0,0,0,0,0
Observing the City,BKB4GR4,Bachelor,Architecture and the Built Environment,https://studiegids.tudelft.nl/courses/study-guide/educations/10647,0,0,0,0,0,0,0,0,0,0,1,0,0,0,0,0,0
Just Management and Redevelopment,BKB4MA3,Bachelor,Architecture and the Built Environment,https://studiegids.tudelft.nl/courses/study-guide/educations/10648,0,0,0,0,0,0,0,0,0,0,1,0,0,0,0,0,1
Residential Building and Environment,BKB4ON4,Bachelor,Architecture and the Built Environment,https://studiegids.tudelft.nl/courses/study-guide/educations/10649,0,0,0,1,0,0,0,0,0,0,1,0,0,0,0,0,0
Scientific Research and Ethics,BKB4WV5,Bachelor,Architecture and the Built Environment,https://studiegids.tudelft.nl/courses/study-guide/educations/10650,0,0,0,1,0,0,0,0,0,0,0,0,0,0,0,1,0
Area (Re)development,BKB6IOP1,Bachelor,Architecture and the Built Environment,https://studiegids.tudelft.nl/courses/study-guide/educations/10652,0,0,0,0,0,0,0,0,0,0,1,1,1,0,1,0,0
Public Building,BKB6IOP2,Bachelor,Architecture and the Built Environment,https://studiegids.tudelft.nl/courses/study-guide/educations/10653,0,0,0,0,0,0,0,0,1,0,1,1,1,0,0,0,0
Building Technology across Scales,BKB6TE5,Bachelor,Architecture and the Built Environment,https://studiegids.tudelft.nl/courses/study-guide/educations/10654,0,0,0,0,0,1,0,0,1,0,1,1,1,0,1,0,0
The Position of the Bouwkundige,BKB6WV6,Bachelor,Architecture and the Built Environment,https://studiegids.tudelft.nl/courses/study-guide/educations/10655,0,0,0,1,0,0,0,0,0,0,0,0,0,0,0,1,0
Ontwerp en Methoden,BKBS6ON,Bachelor,Architecture and the Built Environment,https://studiegids.tudelft.nl/courses/study-guide/educations/12109,0,0,0,1,0,0,0,0,0,0,0,0,0,0,0,0,0
Biomechanics: Anatomy and Control,BM3102A,Bachelor,Mechanical Engineering,https://studiegids.tudelft.nl/courses/study-guide/educations/19075,0,0,1,0,0,0,0,0,0,0,0,0,0,0,0,0,0
BME Minor Projects,BM3105-18,Bachelor,Mechanical Engineering,https://studiegids.tudelft.nl/courses/study-guide/educations/19076,0,0,1,0,0,0,0,0,0,0,0,0,0,0,0,0,0
Orthopedic Biomaterials,BM3106-18,Bachelor,Mechanical Engineering,https://studiegids.tudelft.nl/courses/study-guide/educations/19077,0,0,1,0,0,0,0,0,1,0,0,0,0,0,0,0,0
Medical Imaging,BM3108-23,Bachelor,Mechanical Engineering,https://studiegids.tudelft.nl/courses/study-guide/educations/19078,0,0,1,0,0,0,0,0,0,0,0,0,0,0,0,0,0
General Introduction to Biomedical Engineering,BM3110,Bachelor,Mechanical Engineering,https://studiegids.tudelft.nl/courses/study-guide/educations/19079,0,0,1,0,0,0,0,0,0,0,0,0,0,0,0,0,0
Biomaterials,BM41035,Master,Mechanical Engineering,https://studiegids.tudelft.nl/courses/study-guide/educations/19851,0,0,1,0,0,0,0,0,0,0,0,0,0,0,0,0,0
Neuromechanics and Motor Control,BM41040,Master,Mechanical Engineering,https://studiegids.tudelft.nl/courses/study-guide/educations/19846,0,0,1,0,0,0,0,0,0,0,0,0,0,0,0,0,0
Applied Experimental Methods: Medical Instruments,BM41050,Master,Mechanical Engineering,https://studiegids.tudelft.nl/courses/study-guide/educations/19862,0,0,0,0,0,0,0,0,0,0,0,0,0,0,0,0,0
Anatomy and Physiology,BM41055,Master,Mechanical Engineering,https://studiegids.tudelft.nl/courses/study-guide/educations/19388,0,0,1,0,0,0,0,0,0,0,0,0,0,0,0,0,0
Medical Device Prototyping,BM41070,Master,Mechanical Engineering,https://studiegids.tudelft.nl/courses/study-guide/educations/19390,0,0,1,0,0,0,0,0,0,0,0,1,0,0,0,0,0
Regenerative Medicine,BM41075,Master,Mechanical Engineering,https://studiegids.tudelft.nl/courses/study-guide/educations/19865,0,0,1,0,0,0,0,0,0,0,0,0,0,0,0,0,0
Computational Mechanics of Tissues and Cells,BM41090,Master,Mechanical Engineering,https://studiegids.tudelft.nl/courses/study-guide/educations/19847,0,0,0,0,0,0,0,0,0,0,0,0,0,0,0,0,0
Medical Devices: Designing for CE-marking,BM41100,Master,Mechanical Engineering,https://studiegids.tudelft.nl/courses/study-guide/educations/19867,0,0,0,0,0,0,0,0,0,0,0,0,0,0,0,0,0
Tissue Biomechanics,BM41131,Master,Mechanical Engineering,https://studiegids.tudelft.nl/courses/study-guide/educations/19848,0,0,1,0,0,0,0,0,0,0,0,0,0,0,0,0,0
Fundamentals of Biomedical Engineering,BM41141,Master,Mechanical Engineering,https://studiegids.tudelft.nl/courses/study-guide/educations/19386,0,0,0,1,0,0,0,0,0,0,0,0,0,0,0,0,0
3D Printing,BM41155,Master,Mechanical Engineering,https://studiegids.tudelft.nl/courses/study-guide/educations/19852,0,0,0,0,0,0,0,0,1,0,0,0,0,0,0,0,0
Physiological Flows and Transport,BM41170,Master,Mechanical Engineering,https://studiegids.tudelft.nl/courses/study-guide/educations/19853,0,0,1,0,0,0,0,0,0,0,0,0,0,0,0,0,0
Digital Twins in Healthcare,BM41175,Master,Mechanical Engineering,https://studiegids.tudelft.nl/courses/study-guide/educations/19854,0,0,1,0,0,0,0,0,0,0,0,0,0,0,0,0,0
Professional Development Journey,BM51007,Master,Mechanical Engineering,https://studiegids.tudelft.nl/courses/study-guide/educations/19387,0,0,0,0,0,0,0,0,0,0,0,0,0,0,0,0,0
BME Literature Research,BM51010,Master,Mechanical Engineering,https://studiegids.tudelft.nl/courses/study-guide/educations/19399,0,0,0,0,0,0,0,0,0,0,0,0,0,0,0,0,0
BME Research Internship,BM51015,Master,Mechanical Engineering,https://studiegids.tudelft.nl/courses/study-guide/educations/19397,0,0,0,0,0,0,0,0,0,0,0,0,0,0,0,0,0
BME MSc Thesis,BM51035,Master,Mechanical Engineering,https://studiegids.tudelft.nl/courses/study-guide/educations/19400,0,0,1,0,0,0,0,0,0,0,0,0,0,0,0,0,0
Effective Communication for Designers,CEE5000,Post graduate,Civil Engineering and Geosciences,https://studiegids.tudelft.nl/courses/study-guide/educations/17806,0,0,0,0,0,0,0,0,0,0,0,0,0,0,0,0,0
Research Design,CEE5001,Post graduate,Civil Engineering and Geosciences,https://studiegids.tudelft.nl/courses/study-guide/educations/17807,0,0,0,0,0,0,0,0,0,0,0,0,0,0,0,0,0
Integrated Design,CEE5002,Post graduate,Civil Engineering and Geosciences,https://studiegids.tudelft.nl/courses/study-guide/educations/17808,0,0,0,0,0,0,0,0,0,0,0,0,0,0,0,0,0
Asset Management for Designers,CEE5003,Post graduate,Civil Engineering and Geosciences,https://studiegids.tudelft.nl/courses/study-guide/educations/17809,0,0,0,0,0,0,0,0,0,0,0,0,0,0,0,0,0
Risk Management for Designers,CEE5004,Post graduate,Civil Engineering and Geosciences,https://studiegids.tudelft.nl/courses/study-guide/educations/17810,0,0,0,0,0,0,0,0,0,0,0,0,0,0,0,0,0
Group Design Project,CEE5005,Post graduate,Civil Engineering and Geosciences,https://studiegids.tudelft.nl/courses/study-guide/educations/17811,0,0,0,0,0,0,0,0,0,0,0,0,0,0,0,0,0
Individual Design Project,CEE5006,Post graduate,Civil Engineering and Geosciences,https://studiegids.tudelft.nl/courses/study-guide/educations/17812,0,0,0,0,0,0,0,1,1,0,0,0,0,0,0,0,0
Techno-Economic Evaluation for Designers,CEE5007,Post graduate,Civil Engineering and Geosciences,https://studiegids.tudelft.nl/courses/study-guide/educations/17813,0,0,0,0,0,0,0,1,1,0,0,0,0,0,0,0,0
Research Design,CEE7001,Post graduate,Civil Engineering and Geosciences,https://studiegids.tudelft.nl/courses/study-guide/educations/21748,0,0,0,0,0,0,0,0,0,0,0,0,0,0,0,0,0
Group Design Project,CEE7005,Post graduate,Civil Engineering and Geosciences,https://studiegids.tudelft.nl/courses/study-guide/educations/21746,0,0,0,0,0,0,0,0,0,0,0,0,0,0,0,0,0
Individual Design Project,CEE7006,Post graduate,Civil Engineering and Geosciences,https://studiegids.tudelft.nl/courses/study-guide/educations/21747,0,0,0,0,0,0,0,0,0,0,0,0,0,0,0,0,0
"Modelling, Uncertainty and Data for Engineers",CEGM1000-25,Master,Civil Engineering and Geosciences,https://studiegids.tudelft.nl/courses/study-guide/educations/18729,0,0,0,0,0,0,0,0,0,0,0,0,0,0,0,0,0
"Suspensions, Sludges and Soils",CEGM2000,Master,Civil Engineering and Geosciences,https://studiegids.tudelft.nl/courses/study-guide/educations/18765,0,0,0,0,0,0,0,0,0,0,0,0,0,0,0,0,0
Sustainable Cities,CEGM2001,Master,Civil Engineering and Geosciences,https://studiegids.tudelft.nl/courses/study-guide/educations/18766,0,0,1,0,0,1,0,0,0,0,1,0,1,0,1,0,0
Engineering for Global Development,CEGM2002,Master,Civil Engineering and Geosciences,https://studiegids.tudelft.nl/courses/study-guide/educations/18767,0,0,0,0,0,1,1,0,0,0,1,0,0,0,0,0,1
Data Science and Artificial Intelligence for Engineers,CEGM2003,Master,Civil Engineering and Geosciences,https://studiegids.tudelft.nl/courses/study-guide/educations/18768,0,0,0,0,0,0,0,0,0,0,0,0,0,0,0,0,0
"Noise and Vibration: Generation, Propagation and Effect on Humans and Environment",CEGM2004,Master,Civil Engineering and Geosciences,https://studiegids.tudelft.nl/courses/study-guide/educations/18769,0,0,1,0,0,0,0,0,0,0,1,0,1,1,0,0,0
Probabilistic Modelling of real-world phenomena through ObseRvations and Elicitation (MORE),CEGM2005,Master,Civil Engineering and Geosciences,https://studiegids.tudelft.nl/courses/study-guide/educations/18770,0,0,0,0,0,1,0,0,1,0,1,0,1,0,0,0,0
"Subsurface Storage for Energy, Water and Climate Applications",CEGM2006,Master,Civil Engineering and Geosciences,https://studiegids.tudelft.nl/courses/study-guide/educations/18771,0,0,0,1,0,1,1,1,1,1,0,0,1,0,0,0,0
Resilient Deltas,CEGM2007,Master,Civil Engineering and Geosciences,https://studiegids.tudelft.nl/courses/study-guide/educations/18772,0,0,0,0,0,1,0,0,1,0,1,0,1,0,0,0,1
Monitoring of Structural Health and Geohazards,CEGM2008,Master,Civil Engineering and Geosciences,https://studiegids.tudelft.nl/courses/study-guide/educations/18773,0,0,0,0,0,0,0,0,1,0,1,0,0,0,0,0,0
Construction Technology & Management,CEGM2009,Master,Civil Engineering and Geosciences,https://studiegids.tudelft.nl/courses/study-guide/educations/21193,0,0,0,0,0,1,0,0,1,0,0,1,1,0,0,0,1
Multidisciplinary Project (MDP),CEGM3000,Master,Civil Engineering and Geosciences,https://studiegids.tudelft.nl/courses/study-guide/educations/18763,0,0,0,0,0,0,0,0,0,0,0,0,0,0,0,0,0
Software Fundamentals,CESE4000,Master,"Electrical Engineering, Mathematics and Computer Science",https://studiegids.tudelft.nl/courses/study-guide/educations/14397,0,0,0,0,0,0,0,0,0,0,0,0,0,0,0,0,0
Hardware Fundamentals,CESE4005,Master,"Electrical Engineering, Mathematics and Computer Science",https://studiegids.tudelft.nl/courses/study-guide/educations/14398,0,0,0,0,0,0,0,0,0,0,0,0,0,0,0,0,0
Software Systems,CESE4015,Master,"Electrical Engineering, Mathematics and Computer Science",https://studiegids.tudelft.nl/courses/study-guide/educations/14399,0,0,0,0,0,0,0,0,0,0,0,0,0,0,0,0,0
Effective and Responsible Engineering,CESE4020,Master,"Electrical Engineering, Mathematics and Computer Science",https://studiegids.tudelft.nl/courses/study-guide/educations/14400,0,0,0,1,0,0,0,0,0,0,0,0,0,0,0,1,0
Real-time Systems,CESE4025,Master,"Electrical Engineering, Mathematics and Computer Science",https://studiegids.tudelft.nl/courses/study-guide/educations/14401,0,0,0,0,0,0,0,0,0,0,0,0,0,0,0,0,0
Embedded Systems Laboratory,CESE4030,Master,"Electrical Engineering, Mathematics and Computer Science",https://studiegids.tudelft.nl/courses/study-guide/educations/14402,0,0,0,0,0,0,0,0,0,0,0,0,0,0,0,0,0
Computer Arithmetic,CESE4035,Master,"Electrical Engineering, Mathematics and Computer Science",https://studiegids.tudelft.nl/courses/study-guide/educations/14719,0,0,0,0,0,0,0,0,0,0,0,0,0,0,0,0,0
Processor Design Project,CESE4040,Master,"Electrical Engineering, Mathematics and Computer Science",https://studiegids.tudelft.nl/courses/study-guide/educations/14403,0,0,0,0,0,0,0,0,0,0,0,0,0,0,0,0,0
High-performance data networking,CESE4045,Master,"Electrical Engineering, Mathematics and Computer Science",https://studiegids.tudelft.nl/courses/study-guide/educations/14731,0,0,0,0,0,0,0,0,0,0,0,0,0,0,0,0,0
Ad hoc and Sensor Networks,CESE4055,Master,"Electrical Engineering, Mathematics and Computer Science",https://studiegids.tudelft.nl/courses/study-guide/educations/14445,0,0,0,0,0,0,0,0,0,0,0,0,0,0,0,0,0
Wireless IoT and Local Area Networks,CESE4060,Master,"Electrical Engineering, Mathematics and Computer Science",https://studiegids.tudelft.nl/courses/study-guide/educations/14733,0,0,0,0,0,0,0,0,0,0,0,0,0,0,0,0,0
Advanced Practical I.o.T. and Seminar,CESE4065,Master,"Electrical Engineering, Mathematics and Computer Science",https://studiegids.tudelft.nl/courses/study-guide/educations/14734,0,0,0,0,0,0,0,0,1,0,0,0,0,0,0,0,0
Modern Computer Architectures,CESE4085,Master,"Electrical Engineering, Mathematics and Computer Science",https://studiegids.tudelft.nl/courses/study-guide/educations/14404,0,0,0,0,0,0,0,0,0,0,0,0,0,0,0,0,0
Reconfigurable Computing Design,CESE4090,Master,"Electrical Engineering, Mathematics and Computer Science",https://studiegids.tudelft.nl/courses/study-guide/educations/14721,0,0,0,0,0,0,0,0,0,0,0,0,0,0,0,0,0
Embedded Computer Architecture 2,CESE4115,Master,"Electrical Engineering, Mathematics and Computer Science",https://studiegids.tudelft.nl/courses/study-guide/educations/14722,0,0,0,0,0,0,0,0,0,0,0,0,0,0,0,0,0
Smart Phone Sensing,CESE4120,Master,"Electrical Engineering, Mathematics and Computer Science",https://studiegids.tudelft.nl/courses/study-guide/educations/14704,0,0,0,0,0,0,0,0,0,0,0,0,0,0,0,0,0
Computer Engineering,CESE4130,Master,"Electrical Engineering, Mathematics and Computer Science",https://studiegids.tudelft.nl/courses/study-guide/educations/14405,0,0,0,0,0,0,0,0,0,0,0,0,0,0,0,0,0
Thesis Project,CESE5000,Master,"Electrical Engineering, Mathematics and Computer Science",https://studiegids.tudelft.nl/courses/study-guide/educations/14411,0,0,0,0,0,0,0,0,0,0,0,0,0,0,0,0,0
Industry Internship,CESE5010,Master,"Electrical Engineering, Mathematics and Computer Science",https://studiegids.tudelft.nl/courses/study-guide/educations/14412,0,0,0,0,0,0,0,0,0,0,0,0,0,0,0,0,0
Research Internship (10-15 EC),CESE5020,Master,"Electrical Engineering, Mathematics and Computer Science",https://studiegids.tudelft.nl/courses/study-guide/educations/14413,0,0,0,0,0,0,0,0,0,0,0,0,0,0,0,0,0
EDA-Based VLSI System and PCB Design,CESE5030,Master,"Electrical Engineering, Mathematics and Computer Science",https://studiegids.tudelft.nl/courses/study-guide/educations/21879,0,0,0,0,0,0,0,0,0,0,0,0,0,0,0,0,0
Interfaces and Particles,CH3013,Master,Applied Sciences,https://studiegids.tudelft.nl/courses/study-guide/educations/17245,0,0,0,0,0,0,0,0,0,0,0,0,0,0,0,0,0
Process Dynamics and Control,CH3044A,Master,Applied Sciences,https://studiegids.tudelft.nl/courses/study-guide/educations/17242,0,0,0,0,0,0,0,0,0,0,0,0,0,0,0,0,0
Applied Transport Phenomena,CH3051,Master,Applied Sciences,https://studiegids.tudelft.nl/courses/study-guide/educations/17420,0,0,0,0,0,0,0,0,0,0,0,0,0,0,0,0,0
Multiphase Reactor Engineering,CH3061,Master,Applied Sciences,https://studiegids.tudelft.nl/courses/study-guide/educations/17499,0,0,0,0,0,0,0,0,0,0,0,0,0,0,0,0,0
Multiphase Reactor Eng. II - Design Proj,CH3065,Master,Applied Sciences,https://studiegids.tudelft.nl/courses/study-guide/educations/17500,0,0,0,0,0,0,0,0,0,0,0,0,0,0,0,0,0
"Separation Processes, Design and Operation",CH3073,Master,Applied Sciences,https://studiegids.tudelft.nl/courses/study-guide/educations/17270,0,0,0,0,0,0,0,0,0,0,0,0,0,0,0,0,0
Chemical Process Technology: Present & Future,CH3085,Master,Applied Sciences,https://studiegids.tudelft.nl/courses/study-guide/educations/17485,0,0,0,0,0,0,0,0,1,0,0,1,1,0,0,0,0
Catalysis for Energy and Circularity,CH3102,Master,Applied Sciences,https://studiegids.tudelft.nl/courses/study-guide/educations/17486,0,0,0,0,0,0,1,0,1,0,0,1,1,0,0,0,0
Artificial Intelligence in (Bio-)Chemical Engineering,CH3112,Master,Applied Sciences,https://studiegids.tudelft.nl/courses/study-guide/educations/17501,0,0,0,0,0,0,0,0,0,0,0,0,0,0,0,0,0
Computational Practicum,CH3133,Master,Applied Sciences,https://studiegids.tudelft.nl/courses/study-guide/educations/17243,0,0,0,0,0,0,0,0,0,0,0,0,0,0,0,0,0
Advanced Thermodynamics,CH3143,Master,Applied Sciences,https://studiegids.tudelft.nl/courses/study-guide/educations/17247,0,0,0,0,0,0,0,0,0,0,0,0,0,0,0,0,0
Molecular Transport Phenomena,CH3153,Master,Applied Sciences,https://studiegids.tudelft.nl/courses/study-guide/educations/17421,0,0,0,0,0,0,0,0,0,0,0,0,0,0,0,0,0
Solid State Materials,CH3175,Master,Applied Sciences,https://studiegids.tudelft.nl/courses/study-guide/educations/17248,0,0,0,0,0,0,0,0,0,0,0,0,0,0,0,0,0
International Design Contest,CH3291,Master,Applied Sciences,https://studiegids.tudelft.nl/courses/study-guide/educations/24585,0,0,0,0,0,0,0,0,1,0,0,0,0,0,0,0,0
Foreign Excursion Tour TG,CH3301,Master,Applied Sciences,https://studiegids.tudelft.nl/courses/study-guide/educations/4210,0,0,0,0,0,0,0,0,0,0,0,0,0,0,0,0,0
Soft Materials Engineering,CH3373,Master,Applied Sciences,https://studiegids.tudelft.nl/courses/study-guide/educations/17249,0,0,1,0,0,0,1,0,1,0,0,0,0,0,0,0,0
Soft Matter - Analytically Relevant Techniques,CH3375,Master,Applied Sciences,https://studiegids.tudelft.nl/courses/study-guide/educations/17272,0,0,0,0,0,0,0,0,0,0,0,0,0,0,0,0,0
Molecular Engineering of Soft Materials in Health Care,CH3382,Master,Applied Sciences,https://studiegids.tudelft.nl/courses/study-guide/educations/17492,0,0,1,0,0,0,0,0,0,0,0,0,0,0,0,0,0
Biological Transport Phenomena,CH3412,Master,Applied Sciences,https://studiegids.tudelft.nl/courses/study-guide/educations/17422,0,0,0,0,0,0,0,0,0,0,0,0,0,0,0,0,0
Computational Transport Phenomena,CH3421,Master,Applied Sciences,https://studiegids.tudelft.nl/courses/study-guide/educations/17423,0,0,0,0,0,0,0,0,0,0,0,0,0,0,0,0,0
Electrochemistry for Renewable Energy,CH3513,Master,Applied Sciences,https://studiegids.tudelft.nl/courses/study-guide/educations/17490,0,0,0,0,0,1,1,0,1,0,0,0,1,0,0,0,0
Functional Ceramics,CH3531,Master,Applied Sciences,https://studiegids.tudelft.nl/courses/study-guide/educations/17273,0,0,0,0,0,0,1,0,1,0,0,0,0,0,0,0,0
Inorganic Materials Chemistry for Energy and Circularity,CH3543,Master,Applied Sciences,https://studiegids.tudelft.nl/courses/study-guide/educations/17487,0,0,0,0,0,0,1,0,1,0,0,1,1,0,0,0,0
Particle Technology for Health and Energy,CH3564,Master,Applied Sciences,https://studiegids.tudelft.nl/courses/study-guide/educations/17494,0,0,1,0,0,0,1,0,1,0,0,1,0,0,0,0,0
Process Intensification,CH3622,Master,Applied Sciences,https://studiegids.tudelft.nl/courses/study-guide/educations/17491,0,0,0,0,0,0,1,0,1,0,0,1,1,0,0,0,0
Computational Approaches for Chemistry and Materials,CH3673,Master,Applied Sciences,https://studiegids.tudelft.nl/courses/study-guide/educations/17503,0,0,0,0,0,0,0,0,0,0,0,0,0,0,0,0,0
Reactors and Kinetics,CH3682A,Master,Applied Sciences,https://studiegids.tudelft.nl/courses/study-guide/educations/17250,0,0,0,0,0,0,0,0,1,0,0,0,0,0,0,0,0
Industrial Internship,CH3702,Master,Applied Sciences,https://studiegids.tudelft.nl/courses/study-guide/educations/17260,0,0,0,0,0,0,0,1,1,0,0,0,0,0,0,0,0
External Research Project,CH3715,Master,Applied Sciences,https://studiegids.tudelft.nl/courses/study-guide/educations/17263,0,0,0,0,0,0,0,0,0,0,0,0,0,0,0,0,0
External Research Project,CH3718,Master,Applied Sciences,https://studiegids.tudelft.nl/courses/study-guide/educations/21370,0,0,0,0,0,0,0,0,0,0,0,0,0,0,0,0,0
Industrial Internship (Extended),CH3724,Master,Applied Sciences,https://studiegids.tudelft.nl/courses/study-guide/educations/17261,0,0,0,0,0,0,0,1,1,0,0,0,0,0,0,0,0
Nuclear Medicine,CH3764,Master,Applied Sciences,https://studiegids.tudelft.nl/courses/study-guide/educations/17434,0,0,1,0,0,0,0,0,0,0,0,0,0,0,0,0,0
Advanced Materials Characterisation,CH3765,Master,Applied Sciences,https://studiegids.tudelft.nl/courses/study-guide/educations/17496,0,0,0,0,0,0,0,0,0,0,0,0,0,0,0,0,0
Nuclear Chemistry,CH3771,Master,Applied Sciences,https://studiegids.tudelft.nl/courses/study-guide/educations/17435,0,0,0,0,0,0,0,0,0,0,0,0,0,0,0,0,0
Materials Chemistry for the Nuclear Fuel Cycle,CH3783,Master,Applied Sciences,https://studiegids.tudelft.nl/courses/study-guide/educations/17414,0,0,0,0,0,0,0,0,0,0,0,0,0,0,0,0,0
Product and Process Design,CH3803,Master,Applied Sciences,https://studiegids.tudelft.nl/courses/study-guide/educations/17256,0,0,1,0,0,0,0,0,0,0,0,0,0,0,0,0,0
Design Project,CH3843,Master,Applied Sciences,https://studiegids.tudelft.nl/courses/study-guide/educations/17257,0,0,0,0,0,0,0,0,0,0,0,0,0,0,0,0,0
Sustainable Polymer Materials,CH3921,Master,Applied Sciences,https://studiegids.tudelft.nl/courses/study-guide/educations/17488,0,0,0,0,0,0,0,0,1,0,0,1,1,0,0,0,0
External Research Project,CH3924,Master,Applied Sciences,https://studiegids.tudelft.nl/courses/study-guide/educations/21371,0,0,0,0,0,0,0,0,0,0,0,0,0,0,0,0,0
MSc Thesis Work,CH3930,Master,Applied Sciences,https://studiegids.tudelft.nl/courses/study-guide/educations/17258,0,0,0,0,0,0,0,0,0,0,0,0,0,0,0,0,0
MSc Thesis Work,CH3942,Master,Applied Sciences,https://studiegids.tudelft.nl/courses/study-guide/educations/17259,0,0,0,0,0,0,0,0,0,0,0,0,0,0,0,0,0
Literature Study,CH3982,Master,Applied Sciences,https://studiegids.tudelft.nl/courses/study-guide/educations/17504,0,0,0,0,0,0,0,0,0,0,0,0,0,0,0,0,0
Research Project,CH3991,Master,Applied Sciences,https://studiegids.tudelft.nl/courses/study-guide/educations/3916,0,0,0,0,0,0,0,0,0,0,0,0,0,0,0,0,0
Interdisciplinary Mechanics and Design for CE,CIEM0000,Master,Civil Engineering and Geosciences,https://studiegids.tudelft.nl/courses/study-guide/educations/18777,0,0,0,0,0,0,0,0,0,0,0,0,0,0,0,0,0
Research Internship,CIEM0120,Master,Civil Engineering and Geosciences,https://studiegids.tudelft.nl/courses/study-guide/educations/18845,0,0,0,0,0,0,0,0,0,0,0,0,0,0,0,0,0
Thesis Preparation,CIEM0400,Master,Civil Engineering and Geosciences,https://studiegids.tudelft.nl/courses/study-guide/educations/18856,0,0,0,0,0,0,0,0,0,0,0,0,0,0,0,1,0
Master Thesis,CIEM0500,Master,Civil Engineering and Geosciences,https://studiegids.tudelft.nl/courses/study-guide/educations/18857,0,0,0,0,0,0,0,0,0,0,0,0,0,0,0,0,0
Base: Structural & Materials Enigineering,CIEM1000-25,Master,Civil Engineering and Geosciences,https://studiegids.tudelft.nl/courses/study-guide/educations/21203,0,0,0,0,0,0,0,0,1,0,1,1,1,0,0,0,0
Module A: Modelling and Characterisation,CIEM1110,Bachelor,Civil Engineering and Geosciences,https://studiegids.tudelft.nl/courses/study-guide/educations/18779,0,0,0,0,0,0,0,0,1,0,0,0,0,0,0,0,0
"Module B1: Technology, Durability, and Performance",CIEM1230,Master,Civil Engineering and Geosciences,https://studiegids.tudelft.nl/courses/study-guide/educations/21205,0,0,0,0,0,0,0,0,1,0,0,1,0,0,0,0,0
"Module B2: Technology, Durability, and Modelling",CIEM1240,Master,Civil Engineering and Geosciences,https://studiegids.tudelft.nl/courses/study-guide/educations/21206,0,0,0,0,0,0,0,0,1,0,0,0,0,0,0,0,0
Advanced Computation Mechanics,CIEM1301,Master,Civil Engineering and Geosciences,https://studiegids.tudelft.nl/courses/study-guide/educations/18813,0,0,0,0,0,0,0,0,0,0,0,0,0,0,0,0,0
Forensic Construction Materials Engineering,CIEM1302,Master,Civil Engineering and Geosciences,https://studiegids.tudelft.nl/courses/study-guide/educations/18814,0,0,0,0,0,0,0,0,0,0,0,0,0,0,0,0,0
Upscaling Techniques in Construction Materials Design and Engineering,CIEM1303,Master,Civil Engineering and Geosciences,https://studiegids.tudelft.nl/courses/study-guide/educations/18815,0,0,0,0,0,0,0,0,1,0,0,0,0,0,0,0,0
Glass Science and Engineering,CIEM1304,Master,Civil Engineering and Geosciences,https://studiegids.tudelft.nl/courses/study-guide/educations/18816,0,0,0,0,0,0,0,0,1,0,0,1,1,0,0,0,0
Base: Geotechnical Engineering,CIEM2000,Master,Civil Engineering and Geosciences,https://studiegids.tudelft.nl/courses/study-guide/educations/18782,0,0,0,0,0,0,0,0,0,0,0,0,0,0,0,1,1
Module A: Geotechnical modelling,CIEM2110,Master,Civil Engineering and Geosciences,https://studiegids.tudelft.nl/courses/study-guide/educations/18783,0,0,0,0,0,0,0,0,0,0,0,0,0,0,0,1,0
Geotechnical Design,CIEM2210,Master,Civil Engineering and Geosciences,https://studiegids.tudelft.nl/courses/study-guide/educations/21207,0,0,0,0,0,0,0,0,0,0,0,0,0,0,0,1,0
Advanced Soil Mechanics,CIEM2220,Master,Civil Engineering and Geosciences,https://studiegids.tudelft.nl/courses/study-guide/educations/18784,0,0,0,0,0,0,0,0,0,0,0,0,0,0,0,0,0
Delta Geotechnics,CIEM2230,Master,Civil Engineering and Geosciences,https://studiegids.tudelft.nl/courses/study-guide/educations/18785,0,0,0,0,0,0,0,0,0,0,0,0,0,0,0,1,0
Offshore Geotechnical Engineering,CIEM2301,Master,Civil Engineering and Geosciences,https://studiegids.tudelft.nl/courses/study-guide/educations/18817,0,0,0,0,0,0,1,0,1,0,0,0,1,0,0,0,0
Trenchless Technologies,CIEM2302,Master,Civil Engineering and Geosciences,https://studiegids.tudelft.nl/courses/study-guide/educations/18818,0,0,0,0,0,0,0,0,1,0,0,0,0,0,0,0,0
Rock Mechanics Applications,CIEM2303,Master,Civil Engineering and Geosciences,https://studiegids.tudelft.nl/courses/study-guide/educations/18819,0,0,0,0,0,0,0,0,1,0,0,0,0,0,0,0,0
Environmental and Energy Geotechnics,CIEM2304,Master,Civil Engineering and Geosciences,https://studiegids.tudelft.nl/courses/study-guide/educations/18820,0,0,0,0,0,0,1,0,1,0,0,0,1,0,0,0,0
Base: Hydraulic Engineering Fundamentals and Environments Part I,CIEM3000-25,Master,Civil Engineering and Geosciences,https://studiegids.tudelft.nl/courses/study-guide/educations/18786,0,0,0,0,0,1,0,0,0,0,0,0,1,0,1,0,0
Hydraulic Engineering Fundamentals and Environments Part II,CIEM3110,Master,Civil Engineering and Geosciences,https://studiegids.tudelft.nl/courses/study-guide/educations/18787,0,0,0,0,0,1,0,0,1,0,0,0,1,0,0,0,0
Coastal Engineering,CIEM3210,Master,Civil Engineering and Geosciences,https://studiegids.tudelft.nl/courses/study-guide/educations/18788,0,0,0,0,0,0,0,0,1,0,0,0,1,0,0,0,0
River Engineering,CIEM3220,Master,Civil Engineering and Geosciences,https://studiegids.tudelft.nl/courses/study-guide/educations/18789,0,0,0,0,0,1,0,0,0,0,0,0,0,0,1,0,1
Building with Nature,CIEM3301,Master,Civil Engineering and Geosciences,https://studiegids.tudelft.nl/courses/study-guide/educations/18821,0,0,0,0,0,0,0,0,0,0,0,0,1,1,1,0,0
Dredging for Sustainable Infrastructure,CIEM3302,Master,Civil Engineering and Geosciences,https://studiegids.tudelft.nl/courses/study-guide/educations/18822,0,0,0,0,0,0,0,0,1,0,1,1,1,0,0,0,0
Advanced Modelling of Turbulent Flows and Transport,CIEM3303,Master,Civil Engineering and Geosciences,https://studiegids.tudelft.nl/courses/study-guide/educations/18823,0,0,0,0,0,0,0,0,0,0,0,0,0,0,0,0,0
Physical Oceanography,CIEM3304,Master,Civil Engineering and Geosciences,https://studiegids.tudelft.nl/courses/study-guide/educations/18824,0,0,0,0,0,0,0,0,0,0,0,0,1,1,0,0,0
Base: Hydraulic and Offshore Structures,CIEM4000,Master,Civil Engineering and Geosciences,https://studiegids.tudelft.nl/courses/study-guide/educations/18791,0,0,0,0,0,0,0,0,0,0,0,0,0,0,0,0,0
Hydraulic Structures,CIEM4110,Master,Civil Engineering and Geosciences,https://studiegids.tudelft.nl/courses/study-guide/educations/18792,0,0,0,0,0,0,0,0,1,0,0,0,0,0,0,0,0
Offshore Structures,CIEM4120,Master,Civil Engineering and Geosciences,https://studiegids.tudelft.nl/courses/study-guide/educations/18793,0,0,0,0,0,0,0,0,1,0,0,0,0,0,0,0,0
Marine Renewables,CIEM4210,Master,Civil Engineering and Geosciences,https://studiegids.tudelft.nl/courses/study-guide/educations/18794,0,0,0,0,0,0,1,0,1,0,0,0,1,0,0,1,0
"Dams, Dikes and Breakwaters",CIEM4220,Master,Civil Engineering and Geosciences,https://studiegids.tudelft.nl/courses/study-guide/educations/18795,0,0,0,0,0,1,0,0,1,0,1,0,1,0,0,1,0
Floating and Submerged Structures,CIEM4230,Master,Civil Engineering and Geosciences,https://studiegids.tudelft.nl/courses/study-guide/educations/18796,0,0,0,0,0,0,0,0,1,0,1,0,0,0,0,1,0
Onshore Hydropower,CIEM4301,Master,Civil Engineering and Geosciences,https://studiegids.tudelft.nl/courses/study-guide/educations/18825,0,0,0,0,0,0,1,0,1,0,0,0,1,0,0,0,0
Cold Regions Engineering,CIEM4302,Master,Civil Engineering and Geosciences,https://studiegids.tudelft.nl/courses/study-guide/educations/18826,0,0,0,0,0,0,0,0,0,0,0,0,1,0,0,0,0
Flood Risk,CIEM4303,Master,Civil Engineering and Geosciences,https://studiegids.tudelft.nl/courses/study-guide/educations/18827,0,0,0,0,0,1,0,0,1,0,0,0,1,0,0,0,0
Hydraulics Fieldwork,CIEM4304,Master,Civil Engineering and Geosciences,https://studiegids.tudelft.nl/courses/study-guide/educations/18828,0,0,0,0,0,0,0,0,0,0,0,0,0,0,0,0,0
Marine Renewable Technologies,CIEM4305,Master,Civil Engineering and Geosciences,https://studiegids.tudelft.nl/courses/study-guide/educations/21267,0,0,0,0,0,0,1,0,1,0,0,0,1,0,0,0,1
Base: Structural Engineering,CIEM5000,Master,Civil Engineering and Geosciences,https://studiegids.tudelft.nl/courses/study-guide/educations/18797,0,0,0,0,0,0,0,0,0,0,0,1,1,0,0,0,0
Structural Mechanics and Dynamics,CIEM5110,Master,Civil Engineering and Geosciences,https://studiegids.tudelft.nl/courses/study-guide/educations/18798,0,0,0,0,0,0,0,0,0,0,0,0,0,0,0,0,0
Design of Structural Components,CIEM5120,Master,Civil Engineering and Geosciences,https://studiegids.tudelft.nl/courses/study-guide/educations/18799,0,0,0,0,0,0,0,0,1,0,0,1,1,0,0,0,0
Design of Civil Structures and Infrastructures,CIEM5130,Master,Civil Engineering and Geosciences,https://studiegids.tudelft.nl/courses/study-guide/educations/18800,0,0,0,0,0,0,0,0,1,0,1,1,1,0,0,1,0
Applied Mechanics of Structures,CIEM5210,Master,Civil Engineering and Geosciences,https://studiegids.tudelft.nl/courses/study-guide/educations/18801,0,0,0,0,0,0,0,0,0,0,0,0,0,0,0,0,0
Applied Dynamics of Structures,CIEM5220,Master,Civil Engineering and Geosciences,https://studiegids.tudelft.nl/courses/study-guide/educations/18802,0,0,0,0,0,0,1,0,1,0,0,0,1,0,0,0,0
Concrete Structures,CIEM5230,Master,Civil Engineering and Geosciences,https://studiegids.tudelft.nl/courses/study-guide/educations/18803,0,0,0,0,0,0,0,0,1,0,0,1,1,0,0,0,0
Steel and Composite Structures,CIEM5240-24,Master,Civil Engineering and Geosciences,https://studiegids.tudelft.nl/courses/study-guide/educations/18804,0,0,0,0,0,0,1,0,1,0,0,1,1,0,0,1,0
Building Engineering,CIEM5250,Master,Civil Engineering and Geosciences,https://studiegids.tudelft.nl/courses/study-guide/educations/18805,0,0,0,0,0,0,0,0,1,0,1,1,1,0,0,0,0
Transportation Infrastructures,CIEM5260,Master,Civil Engineering and Geosciences,https://studiegids.tudelft.nl/courses/study-guide/educations/18806,0,0,0,0,0,0,0,0,1,0,1,0,1,0,0,0,0
Shell Structures,CIEM5301,Master,Civil Engineering and Geosciences,https://studiegids.tudelft.nl/courses/study-guide/educations/18829,0,0,0,0,0,0,0,0,0,0,0,0,0,0,0,0,0
CO2 Neutral Structures,CIEM5304,Master,Civil Engineering and Geosciences,https://studiegids.tudelft.nl/courses/study-guide/educations/18830,0,0,0,0,0,0,0,0,1,0,1,1,1,0,0,0,0
Fire Safety Design,CIEM5305,Master,Civil Engineering and Geosciences,https://studiegids.tudelft.nl/courses/study-guide/educations/18831,0,0,0,0,0,0,0,0,0,0,0,0,0,0,0,0,0
Assessment of Existing Concrete Structures,CIEM5306,Master,Civil Engineering and Geosciences,https://studiegids.tudelft.nl/courses/study-guide/educations/18832,0,0,0,0,0,0,0,0,0,0,0,0,0,0,0,1,0
Forensic Structural Engineering,CIEM5307,Master,Civil Engineering and Geosciences,https://studiegids.tudelft.nl/courses/study-guide/educations/18833,0,0,0,0,0,0,0,0,0,0,0,0,0,0,0,0,0
Parametric Design and Digital Fabrication,CIEM5308,Master,Civil Engineering and Geosciences,https://studiegids.tudelft.nl/courses/study-guide/educations/18834,0,0,0,0,0,0,0,0,1,0,0,0,0,0,0,0,1
Advanced Building Physics,CIEM5309,Master,Civil Engineering and Geosciences,https://studiegids.tudelft.nl/courses/study-guide/educations/18835,0,0,1,0,0,0,0,0,1,0,0,0,1,0,0,0,0
Contact and Interface Mechanics for Engineering Structures,CIEM5310,Master,Civil Engineering and Geosciences,https://studiegids.tudelft.nl/courses/study-guide/educations/18836,0,0,0,0,0,0,0,0,0,0,0,0,0,0,0,0,0
Transportation Infrastructures under Extreme Conditions,CIEM5311,Master,Civil Engineering and Geosciences,https://studiegids.tudelft.nl/courses/study-guide/educations/18837,0,0,0,0,0,0,0,0,1,0,1,0,1,0,0,0,0
Emerging Technologies for Transportation Infrastructure,CIEM5312,Master,Civil Engineering and Geosciences,https://studiegids.tudelft.nl/courses/study-guide/educations/18838,0,0,0,0,0,0,1,0,1,0,1,1,1,0,0,0,0
Base: Traffic and Transport Engineering,CIEM6000,Master,Civil Engineering and Geosciences,https://studiegids.tudelft.nl/courses/study-guide/educations/18807,0,0,0,0,0,0,0,0,1,1,1,0,1,0,0,1,0
Methods in Traffic and Transport Engineering,CIEM6110,Master,Civil Engineering and Geosciences,https://studiegids.tudelft.nl/courses/study-guide/educations/18808,0,0,0,0,0,0,0,0,1,0,1,0,0,0,0,0,0
Transport Systems Design,CIEM6250,Master,Civil Engineering and Geosciences,https://studiegids.tudelft.nl/courses/study-guide/educations/21208,0,0,0,0,0,0,0,0,1,0,1,1,1,0,0,0,0
Railway Traffic Management,CIEM6301,Master,Civil Engineering and Geosciences,https://studiegids.tudelft.nl/courses/study-guide/educations/18839,0,0,0,0,0,0,1,0,1,0,0,1,1,0,0,1,0
Advanced Data Science for Traffic and Transportation Engineering,CIEM6302,Master,Civil Engineering and Geosciences,https://studiegids.tudelft.nl/courses/study-guide/educations/18840,0,0,0,0,0,0,0,0,1,0,1,0,0,0,0,0,1
Innovations and Transitions for Sustainable Transport,CIEM6303,Master,Civil Engineering and Geosciences,https://studiegids.tudelft.nl/courses/study-guide/educations/18841,0,0,0,0,1,1,0,1,1,0,1,0,1,0,0,0,1
eXtended Reality for Civil Engineering,CIEM6304,Master,Civil Engineering and Geosciences,https://studiegids.tudelft.nl/courses/study-guide/educations/18842,0,0,0,0,0,0,0,0,1,0,0,0,0,0,0,0,0
Active Modes: Traffic and Transportation,CIEM6305,Master,Civil Engineering and Geosciences,https://studiegids.tudelft.nl/courses/study-guide/educations/18843,0,0,0,0,0,0,0,0,1,0,1,0,0,0,0,0,0
Micromechanics and Computational Modelling of Building Materials,CIEQ1000,Master,Civil Engineering and Geosciences,https://studiegids.tudelft.nl/courses/study-guide/educations/1280,0,0,0,0,0,0,0,0,1,0,0,0,0,0,0,0,0
Concrete - Science and Technology,CIEQ1004,Master,Civil Engineering and Geosciences,https://studiegids.tudelft.nl/courses/study-guide/educations/1281,0,0,0,0,0,0,0,0,0,0,0,0,0,0,0,0,0
Repair and Maintenance of Construction Materials,CIEQ1211,Master,Civil Engineering and Geosciences,https://studiegids.tudelft.nl/courses/study-guide/educations/1282,0,0,0,0,0,0,0,0,0,0,0,0,0,0,0,0,0
Consolidation of Soils,CIEQ2001,Master,Civil Engineering and Geosciences,https://studiegids.tudelft.nl/courses/study-guide/educations/1283,0,0,0,0,0,0,0,0,0,0,0,0,0,0,0,0,0
Soil-structure Interaction,CIEQ2003A,Master,Civil Engineering and Geosciences,https://studiegids.tudelft.nl/courses/study-guide/educations/1284,0,0,0,0,0,0,0,0,0,0,0,0,0,0,0,0,0
Deep Excavations,CIEQ2003B,Master,Civil Engineering and Geosciences,https://studiegids.tudelft.nl/courses/study-guide/educations/1285,0,0,0,0,0,0,0,0,0,0,0,0,0,0,0,0,0
Numerical Modelling in Geo-Engineering,CIEQ2111,Master,Civil Engineering and Geosciences,https://studiegids.tudelft.nl/courses/study-guide/educations/1286,0,0,0,0,0,0,0,0,1,0,0,0,0,0,0,1,0
Engineering Geology,CIEQ2112,Master,Civil Engineering and Geosciences,https://studiegids.tudelft.nl/courses/study-guide/educations/1287,0,0,0,0,0,0,0,0,0,0,0,0,0,0,0,1,0
Risk and Variability in Geo-Engineering,CIEQ2211,Master,Civil Engineering and Geosciences,https://studiegids.tudelft.nl/courses/study-guide/educations/1288,0,0,0,0,0,0,0,0,0,0,0,0,0,0,0,0,0
Design of Embankments,CIEQ2212A,Master,Civil Engineering and Geosciences,https://studiegids.tudelft.nl/courses/study-guide/educations/1289,0,0,0,0,0,0,0,0,0,0,0,0,0,0,0,0,0
Bored and Immersed Tunneling,CIEQ2212B,Master,Civil Engineering and Geosciences,https://studiegids.tudelft.nl/courses/study-guide/educations/1290,0,0,0,0,0,0,0,0,0,0,0,0,0,0,0,0,0
Experimental Methods in Geotechnical Engineering,CIEQ2222,Master,Civil Engineering and Geosciences,https://studiegids.tudelft.nl/courses/study-guide/educations/1291,0,0,0,0,0,0,0,0,0,0,0,0,0,0,0,0,0
Soil Dynamics,CIEQ2223,Master,Civil Engineering and Geosciences,https://studiegids.tudelft.nl/courses/study-guide/educations/1292,0,0,0,0,0,0,0,0,0,0,0,0,0,0,0,0,0
Computational Modelling of Flow and Tranport,CIEQ3001,Master,Civil Engineering and Geosciences,https://studiegids.tudelft.nl/courses/study-guide/educations/1293,0,0,0,0,0,1,0,0,1,0,0,0,0,0,0,0,0
Ocean Waves,CIEQ3002,Master,Civil Engineering and Geosciences,https://studiegids.tudelft.nl/courses/study-guide/educations/1294,0,0,0,0,0,0,0,0,0,0,0,0,0,1,0,0,0
River Dynamics 1,CIEQ3003,Master,Civil Engineering and Geosciences,https://studiegids.tudelft.nl/courses/study-guide/educations/1295,0,0,0,0,0,1,0,0,0,0,0,0,0,0,0,0,0
Coastal Dynamics 1,CIEQ3111,Master,Civil Engineering and Geosciences,https://studiegids.tudelft.nl/courses/study-guide/educations/1296,0,0,0,0,0,0,0,0,0,0,0,0,1,0,0,0,0
Ports and Waterways 1,CIEQ3112,Master,Civil Engineering and Geosciences,https://studiegids.tudelft.nl/courses/study-guide/educations/18945,0,0,0,0,0,1,0,0,1,0,1,1,1,0,0,0,0
Sediment Dynamics,CIEQ3211A,Master,Civil Engineering and Geosciences,https://studiegids.tudelft.nl/courses/study-guide/educations/1298,0,0,0,0,0,0,0,0,0,0,0,0,0,0,0,0,0
Coastal Dynamics 2,CIEQ3211B,Master,Civil Engineering and Geosciences,https://studiegids.tudelft.nl/courses/study-guide/educations/1299,0,0,0,0,0,0,0,0,0,0,0,0,0,0,0,0,0
River Dynamics 2,CIEQ3221,Master,Civil Engineering and Geosciences,https://studiegids.tudelft.nl/courses/study-guide/educations/1300,0,0,0,0,0,0,0,0,0,0,0,0,0,0,0,0,0
Ports and Waterways 2,CIEQ3231,Master,Civil Engineering and Geosciences,https://studiegids.tudelft.nl/courses/study-guide/educations/1301,0,0,0,0,0,0,0,0,1,0,1,0,0,0,0,0,0
Hydraulic Structures 2,CIEQ4112,Master,Civil Engineering and Geosciences,https://studiegids.tudelft.nl/courses/study-guide/educations/1302,0,0,0,0,0,0,0,0,1,0,0,0,0,0,0,0,0
Breakwaters and Closure Dams,CIEQ4223,Master,Civil Engineering and Geosciences,https://studiegids.tudelft.nl/courses/study-guide/educations/1303,0,0,0,0,0,0,0,0,0,0,0,0,0,0,0,0,0
Prestressed Concrete,CIEQ5001,Master,Civil Engineering and Geosciences,https://studiegids.tudelft.nl/courses/study-guide/educations/1304,0,0,0,0,0,0,0,0,1,0,0,1,0,0,0,0,0
Timber Structures and Wood Technology,CIEQ5001A,Master,Civil Engineering and Geosciences,https://studiegids.tudelft.nl/courses/study-guide/educations/1305,0,0,0,0,0,0,0,0,1,0,0,1,1,0,0,0,0
Structural Dynamics,CIEQ5002A,Master,Civil Engineering and Geosciences,https://studiegids.tudelft.nl/courses/study-guide/educations/1306,0,0,0,0,0,0,0,0,0,0,0,0,0,0,0,0,0
Plates and Slabs,CIEQ5002B,Master,Civil Engineering and Geosciences,https://studiegids.tudelft.nl/courses/study-guide/educations/1307,0,0,0,0,0,0,0,0,0,0,0,0,0,0,0,0,0
Analysis of Slender Structures,CIEQ5002C,Master,Civil Engineering and Geosciences,https://studiegids.tudelft.nl/courses/study-guide/educations/1308,0,0,0,0,0,0,0,0,0,0,0,0,0,0,0,0,0
Introduction to the Finite Element Method,CIEQ5112,Master,Civil Engineering and Geosciences,https://studiegids.tudelft.nl/courses/study-guide/educations/1309,0,0,0,0,0,0,0,0,0,0,0,0,0,0,0,0,0
Steel Structures 2,CIEQ5121B,Master,Civil Engineering and Geosciences,https://studiegids.tudelft.nl/courses/study-guide/educations/1310,0,0,0,0,0,0,0,0,0,0,0,0,0,0,0,0,0
Computational Modelling of Structures,CIEQ5211,Master,Civil Engineering and Geosciences,https://studiegids.tudelft.nl/courses/study-guide/educations/1311,0,0,0,0,0,0,0,0,0,0,0,0,0,0,0,0,0
Plastic Analysis of Structures,CIEQ5213,Master,Civil Engineering and Geosciences,https://studiegids.tudelft.nl/courses/study-guide/educations/1312,0,0,0,0,0,0,0,0,0,0,0,0,0,0,0,0,0
Structural Response to Earthquakes,CIEQ5221,Master,Civil Engineering and Geosciences,https://studiegids.tudelft.nl/courses/study-guide/educations/1313,0,0,0,0,0,0,0,0,1,0,0,0,0,0,0,0,0
Random Vibrations,CIEQ5222,Master,Civil Engineering and Geosciences,https://studiegids.tudelft.nl/courses/study-guide/educations/1314,0,0,0,0,0,0,1,0,0,0,0,0,0,0,0,0,0
Capita Selecta Concrete Structures,CIEQ5234,Master,Civil Engineering and Geosciences,https://studiegids.tudelft.nl/courses/study-guide/educations/1315,0,0,0,0,0,0,0,0,0,0,0,0,0,0,0,0,0
Concrete Bridges,CIEQ5235,Master,Civil Engineering and Geosciences,https://studiegids.tudelft.nl/courses/study-guide/educations/1316,0,0,0,0,0,0,0,0,0,0,0,0,0,0,0,0,0
Steel Structures 3,CIEQ5241A,Master,Civil Engineering and Geosciences,https://studiegids.tudelft.nl/courses/study-guide/educations/1317,0,0,0,0,0,0,0,0,1,0,0,0,0,0,0,0,0
Fatigue,CIEQ5241B,Master,Civil Engineering and Geosciences,https://studiegids.tudelft.nl/courses/study-guide/educations/1318,0,0,0,0,0,0,0,0,0,0,0,0,0,0,0,0,0
Steel Bridges,CIEQ5242,Master,Civil Engineering and Geosciences,https://studiegids.tudelft.nl/courses/study-guide/educations/1319,0,0,0,0,0,0,1,0,1,0,0,0,1,0,0,0,0
Capita Selecta Steel and Aluminium Structures,CIEQ5243A,Master,Civil Engineering and Geosciences,https://studiegids.tudelft.nl/courses/study-guide/educations/1320,0,0,0,0,0,0,0,0,0,0,0,0,0,0,0,0,0
Fibre-Reinforced Polymer (FRP) Structures,CIEQ5243B,Master,Civil Engineering and Geosciences,https://studiegids.tudelft.nl/courses/study-guide/educations/1321,0,0,0,0,0,0,0,0,1,0,0,0,0,0,0,0,0
Architectural History of Buildings,CIEQ5251A,Master,Civil Engineering and Geosciences,https://studiegids.tudelft.nl/courses/study-guide/educations/1322,0,0,0,0,0,0,0,0,1,0,1,0,0,0,0,0,0
Introduction to Building Physics and Façades,CIEQ5251B,Master,Civil Engineering and Geosciences,https://studiegids.tudelft.nl/courses/study-guide/educations/1323,0,0,0,0,0,0,1,0,1,0,0,1,1,0,0,0,0
Building Structures 2,CIEQ5252,Master,Civil Engineering and Geosciences,https://studiegids.tudelft.nl/courses/study-guide/educations/1324,0,0,0,0,0,0,0,0,1,0,1,1,0,0,0,0,0
"Structural Design, Special Structures",CIEQ5253,Master,Civil Engineering and Geosciences,https://studiegids.tudelft.nl/courses/study-guide/educations/1325,0,0,0,0,0,0,0,0,0,0,0,0,0,0,0,0,0
Structural Pavement Design,CIEQ5261A,Master,Civil Engineering and Geosciences,https://studiegids.tudelft.nl/courses/study-guide/educations/1326,0,0,0,0,0,0,0,0,1,0,0,0,0,0,0,1,0
Structural Design of Railway Track,CIEQ5261B,Master,Civil Engineering and Geosciences,https://studiegids.tudelft.nl/courses/study-guide/educations/1327,0,0,0,0,0,0,0,0,1,0,0,0,0,0,0,0,0
Road Paving Materials incl. Laboratory Experiment,CIEQ5262,Master,Civil Engineering and Geosciences,https://studiegids.tudelft.nl/courses/study-guide/educations/1328,0,0,0,0,0,0,0,0,0,0,0,0,0,0,0,0,0
"Production, Construction and Maintenance of Asphalt Concrete Pavements",CIEQ5263,Master,Civil Engineering and Geosciences,https://studiegids.tudelft.nl/courses/study-guide/educations/1329,0,0,0,0,0,0,0,0,1,0,0,0,0,0,0,0,0
Transport Modelling and Analysis,CIEQ6002,Master,Civil Engineering and Geosciences,https://studiegids.tudelft.nl/courses/study-guide/educations/18579,0,0,0,0,0,0,1,0,1,0,1,0,0,0,0,0,0
Traffic Modelling and Management,CIEQ6003,Master,Civil Engineering and Geosciences,https://studiegids.tudelft.nl/courses/study-guide/educations/18923,0,0,0,0,0,0,0,0,0,0,0,0,0,0,0,0,0
Empirical Analysis for Transport en Planning,CIEQ6111,Master,Civil Engineering and Geosciences,https://studiegids.tudelft.nl/courses/study-guide/educations/1332,0,0,0,0,0,0,0,0,0,0,0,0,0,0,0,0,0
Transport Engineering en Optimisation,CIEQ6112,Master,Civil Engineering and Geosciences,https://studiegids.tudelft.nl/courses/study-guide/educations/1333,0,0,0,0,0,0,0,0,0,0,0,0,0,0,0,0,0
Transport Modelling: Traffic Assignment,CIEQ6211,Master,Civil Engineering and Geosciences,https://studiegids.tudelft.nl/courses/study-guide/educations/18935,0,0,0,0,0,0,0,0,0,0,0,0,0,0,0,0,0
"Regions, Transport and Networks",CIEQ6212,Master,Civil Engineering and Geosciences,https://studiegids.tudelft.nl/courses/study-guide/educations/18922,0,0,0,0,0,0,0,0,1,0,1,0,0,0,0,0,0
Freight transport networks and systems,CIEQ6213,Master,Civil Engineering and Geosciences,https://studiegids.tudelft.nl/courses/study-guide/educations/18929,0,0,0,0,0,0,0,0,1,0,1,1,1,0,0,0,0
Resilient Transport Systems: Analysis and Interventions,CIEQ6214,Master,Civil Engineering and Geosciences,https://studiegids.tudelft.nl/courses/study-guide/educations/1337,0,0,0,0,0,0,0,0,1,0,1,1,1,0,0,0,0
Active Modes: Traffic and Transport,CIEQ6221,Master,Civil Engineering and Geosciences,https://studiegids.tudelft.nl/courses/study-guide/educations/1338,0,0,0,0,0,0,0,0,0,0,0,0,0,0,0,0,0
Traffic Safety,CIEQ6222,Master,Civil Engineering and Geosciences,https://studiegids.tudelft.nl/courses/study-guide/educations/18939,0,0,0,0,0,0,0,0,0,0,0,0,0,0,0,0,0
Intelligent Vehicles for Safe and Efficient Traffic: Design and Assessment,CIEQ6223,Master,Civil Engineering and Geosciences,https://studiegids.tudelft.nl/courses/study-guide/educations/18924,0,0,0,0,0,0,0,0,1,0,1,0,0,0,0,0,0
Urban and motorway Traffic Flow Modelling and Control,CIEQ6224,Master,Civil Engineering and Geosciences,https://studiegids.tudelft.nl/courses/study-guide/educations/1341,0,0,0,0,0,0,0,0,1,0,1,0,0,0,0,0,0
Public Transport System and Supply Planning and Operations,CIEQ6231,Master,Civil Engineering and Geosciences,https://studiegids.tudelft.nl/courses/study-guide/educations/18942,0,0,0,0,0,0,0,0,1,1,1,0,1,0,0,0,0
Public Transport Demand and Network Planning and Operations,CIEQ6232,Master,Civil Engineering and Geosciences,https://studiegids.tudelft.nl/courses/study-guide/educations/18927,0,0,0,0,0,0,0,0,0,1,1,0,1,0,0,0,0
Railway Operations and Control,CIEQ6233,Master,Civil Engineering and Geosciences,https://studiegids.tudelft.nl/courses/study-guide/educations/18928,0,0,0,0,0,0,0,0,1,0,0,0,0,0,0,1,0
Collaborative Design and Engineering,CME1201,Master,Civil Engineering and Geosciences,https://studiegids.tudelft.nl/courses/study-guide/educations/18552,0,0,0,0,0,0,0,0,0,0,0,0,0,0,0,0,0
Master Thesis,CME2000,Master,Civil Engineering and Geosciences,https://studiegids.tudelft.nl/courses/study-guide/educations/18875,0,0,0,0,0,0,0,0,0,0,0,0,0,0,0,0,0
"Master Thesis, Preparation",CME2001,Master,Civil Engineering and Geosciences,https://studiegids.tudelft.nl/courses/study-guide/educations/18876,0,0,0,0,0,0,0,0,0,0,0,0,0,0,0,0,0
Research Internship,CME2100-11,Master,Civil Engineering and Geosciences,https://studiegids.tudelft.nl/courses/study-guide/educations/18562,0,0,0,0,0,0,0,0,0,0,0,0,0,0,0,0,0
Dynamic Control of Projects,CME2202,Master,Civil Engineering and Geosciences,https://studiegids.tudelft.nl/courses/study-guide/educations/18868,0,0,0,0,0,0,0,0,1,0,1,1,1,0,0,0,0
Financial Engineering,CME2300,Master,Civil Engineering and Geosciences,https://studiegids.tudelft.nl/courses/study-guide/educations/18553,0,0,0,0,0,0,0,0,0,0,0,1,1,0,0,0,0
Project Management,CME4001,Master,Civil Engineering and Geosciences,https://studiegids.tudelft.nl/courses/study-guide/educations/18554,0,0,0,0,0,0,0,0,0,0,0,0,0,0,0,0,0
Process Management,CME4100,Master,Civil Engineering and Geosciences,https://studiegids.tudelft.nl/courses/study-guide/educations/18869,0,0,0,0,0,0,0,0,0,0,1,0,1,0,0,0,0
Information Systems for the Construction Industry,CME4121,Master,Civil Engineering and Geosciences,https://studiegids.tudelft.nl/courses/study-guide/educations/18555,0,0,0,0,0,0,0,0,0,0,1,1,1,0,0,0,0
Managing Uncertainty and Data,CME4150,Master,Civil Engineering and Geosciences,https://studiegids.tudelft.nl/courses/study-guide/educations/18556,0,0,0,0,0,0,0,0,0,0,0,0,0,0,0,0,0
Construction Technology,CME4170,Master,Civil Engineering and Geosciences,https://studiegids.tudelft.nl/courses/study-guide/educations/19005,0,0,0,0,0,0,0,0,1,0,0,0,0,0,0,0,0
Intercultural Relations and Diversity Competence,CME4200,Master,Civil Engineering and Geosciences,https://studiegids.tudelft.nl/courses/study-guide/educations/18557,0,0,0,0,1,0,0,0,0,0,0,0,0,0,0,0,0
Transformative Design,CME4250,Master,Civil Engineering and Geosciences,https://studiegids.tudelft.nl/courses/study-guide/educations/18873,0,0,0,0,0,0,0,0,1,0,1,0,0,0,0,0,1
Infrastructure Asset Management,CME4301,Master,Civil Engineering and Geosciences,https://studiegids.tudelft.nl/courses/study-guide/educations/21308,0,0,0,0,0,0,0,0,1,0,1,0,1,0,0,0,0
Entrepreneurial Engineering,CME4400,Master,Civil Engineering and Geosciences,https://studiegids.tudelft.nl/courses/study-guide/educations/18874,0,0,0,0,0,0,0,1,1,0,0,1,1,0,0,0,1
Systems Engineering Design,CME4481,Master,Civil Engineering and Geosciences,https://studiegids.tudelft.nl/courses/study-guide/educations/18864,0,0,0,0,0,0,0,0,0,0,0,0,0,0,0,0,0
Engineering Systems Optimisation,CME4501,Master,Civil Engineering and Geosciences,https://studiegids.tudelft.nl/courses/study-guide/educations/18865,0,0,0,0,0,0,0,0,1,0,0,0,0,0,0,0,0
Leadership and Strategic Management,CME4601,Master,Civil Engineering and Geosciences,https://studiegids.tudelft.nl/courses/study-guide/educations/18870,0,0,0,0,0,0,0,0,0,0,1,0,1,0,0,0,0
Construction Management Systems,CME4701,Master,Civil Engineering and Geosciences,https://studiegids.tudelft.nl/courses/study-guide/educations/18866,0,0,0,0,0,0,0,0,1,0,1,0,0,0,0,0,0
Procurement of Complex Public Projects and Programmes,CME4800,Master,Civil Engineering and Geosciences,https://studiegids.tudelft.nl/courses/study-guide/educations/19006,0,0,0,0,0,0,0,0,0,0,0,0,0,0,0,0,0
Forms of Collaboration in Civil Engineering,CME4850,Master,Civil Engineering and Geosciences,https://studiegids.tudelft.nl/courses/study-guide/educations/19007,0,0,0,0,0,0,0,0,0,0,0,0,0,0,0,0,0
CME Research and Development Project,CME4950,Master,Civil Engineering and Geosciences,https://studiegids.tudelft.nl/courses/study-guide/educations/18565,0,0,0,0,0,0,0,0,0,0,0,0,0,0,0,1,0
Research and Development Methods for CME,CME5021,Master,Civil Engineering and Geosciences,https://studiegids.tudelft.nl/courses/study-guide/educations/21312,0,0,0,0,0,0,0,0,0,0,0,0,0,0,0,0,0
Technical Writing,CME5050,Master,Civil Engineering and Geosciences,https://studiegids.tudelft.nl/courses/study-guide/educations/17797,0,0,0,1,0,0,0,0,0,0,0,0,0,0,0,0,0
CME Master Thesis Preparation,CME5100,Master,Civil Engineering and Geosciences,https://studiegids.tudelft.nl/courses/study-guide/educations/18566,0,0,0,0,0,0,0,0,0,0,0,0,0,0,0,0,0
CME Master Thesis,CME5200,Master,Civil Engineering and Geosciences,https://studiegids.tudelft.nl/courses/study-guide/educations/18567,0,0,0,0,0,0,0,0,0,0,0,0,0,0,0,0,0
Quantum Communication and Cryptography,CS4090,Master,"Electrical Engineering, Mathematics and Computer Science",https://studiegids.tudelft.nl/courses/study-guide/educations/14448,0,0,0,0,0,0,0,0,0,0,0,0,0,0,0,0,0
Crowd Computing,CS4145,Master,"Electrical Engineering, Mathematics and Computer Science",https://studiegids.tudelft.nl/courses/study-guide/educations/14767,0,0,0,0,0,0,0,0,0,0,1,0,0,0,0,0,0
Systems Security,CS4150,Master,"Electrical Engineering, Mathematics and Computer Science",https://studiegids.tudelft.nl/courses/study-guide/educations/14761,0,0,0,0,0,0,0,0,0,0,0,0,0,0,0,0,0
Blockchain Engineering,CS4160,Master,"Electrical Engineering, Mathematics and Computer Science",https://studiegids.tudelft.nl/courses/study-guide/educations/14764,0,0,0,0,0,0,0,0,1,0,0,0,0,0,0,1,0
Evolutionary Algorithms,CS4205,Master,"Electrical Engineering, Mathematics and Computer Science",https://studiegids.tudelft.nl/courses/study-guide/educations/14752,0,0,0,0,0,0,0,0,0,0,0,0,0,0,0,0,0
Development and Operation of Distributed Applications,CS4295,Master,"Electrical Engineering, Mathematics and Computer Science",https://studiegids.tudelft.nl/courses/study-guide/educations/14776,0,0,0,0,0,0,0,0,0,0,0,0,0,0,0,0,0
Privacy Enhancing Technologies,CS4380,Master,"Electrical Engineering, Mathematics and Computer Science",https://studiegids.tudelft.nl/courses/study-guide/educations/14762,0,0,0,0,0,0,0,0,0,0,0,0,0,0,0,0,0
Category Theory for Programmers,CS4410,Master,"Electrical Engineering, Mathematics and Computer Science",https://studiegids.tudelft.nl/courses/study-guide/educations/14780,0,0,0,0,0,0,0,0,0,0,0,0,0,0,0,0,0
Network Security,CS4430,Master,"Electrical Engineering, Mathematics and Computer Science",https://studiegids.tudelft.nl/courses/study-guide/educations/14763,0,0,0,0,0,0,0,0,0,0,0,0,0,0,0,0,0
Responsible Computer Science,CS4500,Master,"Electrical Engineering, Mathematics and Computer Science",https://studiegids.tudelft.nl/courses/study-guide/educations/14744,0,0,0,1,1,0,0,0,0,1,0,0,0,0,0,1,1
Software Architecture,CS4505,Master,"Electrical Engineering, Mathematics and Computer Science",https://studiegids.tudelft.nl/courses/study-guide/educations/14745,0,0,0,0,0,0,0,0,0,0,0,0,0,0,0,0,0
Formal Reasoning about Software,CS4510,Master,"Electrical Engineering, Mathematics and Computer Science",https://studiegids.tudelft.nl/courses/study-guide/educations/14747,0,0,0,0,0,0,0,0,0,0,0,0,0,0,0,0,0
3D Computer Graphics and Animation,CS4515,Master,"Electrical Engineering, Mathematics and Computer Science",https://studiegids.tudelft.nl/courses/study-guide/educations/14748,0,0,0,0,0,0,0,0,0,0,0,0,0,0,0,0,0
Security and Cryptography,CS4520,Master,"Electrical Engineering, Mathematics and Computer Science",https://studiegids.tudelft.nl/courses/study-guide/educations/14749,0,0,0,0,0,0,0,0,0,0,0,0,0,0,0,0,0
Web-Scale Data Management,CS4525,Master,"Electrical Engineering, Mathematics and Computer Science",https://studiegids.tudelft.nl/courses/study-guide/educations/14750,0,0,0,0,0,0,0,0,0,0,0,0,0,0,0,0,0
Modelling and Problem Solving,CS4530,Master,"Electrical Engineering, Mathematics and Computer Science",https://studiegids.tudelft.nl/courses/study-guide/educations/14753,0,0,0,0,0,0,0,0,0,0,0,0,0,0,0,0,0
Constraint Solving,CS4535,Master,"Electrical Engineering, Mathematics and Computer Science",https://studiegids.tudelft.nl/courses/study-guide/educations/14754,0,0,0,0,0,0,0,0,0,0,0,0,0,0,0,0,0
Geometric Data Processing,CS4540,Master,"Electrical Engineering, Mathematics and Computer Science",https://studiegids.tudelft.nl/courses/study-guide/educations/14755,0,0,0,0,0,0,0,0,0,0,0,0,0,0,0,0,0
Distributed Algorithms,CS4545,Master,"Electrical Engineering, Mathematics and Computer Science",https://studiegids.tudelft.nl/courses/study-guide/educations/14765,0,0,0,0,0,0,0,0,0,0,0,0,0,0,0,0,0
Distributed Data Systems,CS4550,Master,"Electrical Engineering, Mathematics and Computer Science",https://studiegids.tudelft.nl/courses/study-guide/educations/14766,0,0,0,0,0,0,0,0,0,0,0,0,0,0,0,0,0
Compiler Construction,CS4555,Master,"Electrical Engineering, Mathematics and Computer Science",https://studiegids.tudelft.nl/courses/study-guide/educations/14773,0,0,0,0,0,0,0,0,0,0,0,0,0,0,0,0,0
Parallel and Concurrent Programming,CS4560,Master,"Electrical Engineering, Mathematics and Computer Science",https://studiegids.tudelft.nl/courses/study-guide/educations/14774,0,0,0,0,0,0,0,0,0,0,0,0,0,0,0,0,0
Advanced Functional Programming,CS4565,Master,"Electrical Engineering, Mathematics and Computer Science",https://studiegids.tudelft.nl/courses/study-guide/educations/14775,0,0,0,0,0,0,0,0,0,0,0,0,0,0,0,0,0
Machine Learning for Software Engineering,CS4570,Master,"Electrical Engineering, Mathematics and Computer Science",https://studiegids.tudelft.nl/courses/study-guide/educations/22013,0,0,0,0,0,0,0,0,0,0,0,0,0,0,0,0,0
Sustainable Software Engineering,CS4575,Master,"Electrical Engineering, Mathematics and Computer Science",https://studiegids.tudelft.nl/courses/study-guide/educations/14777,0,0,0,0,0,0,0,0,0,0,0,1,1,0,0,0,0
Automated Software Testing and Reverse Engineering,CS4580,Master,"Electrical Engineering, Mathematics and Computer Science",https://studiegids.tudelft.nl/courses/study-guide/educations/22717,0,0,0,0,0,0,0,0,0,0,0,0,0,0,0,0,0
Applied Quantum Algorithms,CS4590,Master,"Electrical Engineering, Mathematics and Computer Science",https://studiegids.tudelft.nl/courses/study-guide/educations/21983,0,0,0,0,0,0,0,0,0,0,0,0,0,0,0,0,0
Literature Survey,CS4700,Master,"Electrical Engineering, Mathematics and Computer Science",https://studiegids.tudelft.nl/courses/study-guide/educations/14427,0,0,0,0,0,0,0,0,0,0,0,0,0,0,0,0,0
Research Seminar Computer Graphics,CS4705,Master,"Electrical Engineering, Mathematics and Computer Science",https://studiegids.tudelft.nl/courses/study-guide/educations/14428,0,0,0,0,0,0,0,0,0,0,0,0,0,0,0,0,0
Research in Cyber Security – Hacking Lab,CS4710,Master,"Electrical Engineering, Mathematics and Computer Science",https://studiegids.tudelft.nl/courses/study-guide/educations/14429,0,0,0,0,0,0,0,0,0,0,0,0,0,0,0,0,0
Programming Languages Research Seminar,CS4715,Master,"Electrical Engineering, Mathematics and Computer Science",https://studiegids.tudelft.nl/courses/study-guide/educations/14430,0,0,0,0,0,0,0,0,0,0,0,0,0,0,0,0,0
Research in Software Analysis,CS4720,Master,"Electrical Engineering, Mathematics and Computer Science",https://studiegids.tudelft.nl/courses/study-guide/educations/14431,0,0,0,0,0,0,0,0,0,0,0,0,0,0,0,0,0
Research Seminar on Scalable Learning Systems,CS4725,Master,"Electrical Engineering, Mathematics and Computer Science",https://studiegids.tudelft.nl/courses/study-guide/educations/14432,0,0,0,0,0,0,0,0,0,0,0,0,0,0,0,0,0
Thesis Project,CS5000,Master,"Electrical Engineering, Mathematics and Computer Science",https://studiegids.tudelft.nl/courses/study-guide/educations/14441,0,0,0,0,0,0,0,0,0,0,0,0,0,0,0,0,0
Mentoring,CSE1000,Bachelor,"Electrical Engineering, Mathematics and Computer Science",https://studiegids.tudelft.nl/courses/study-guide/educations/14246,0,0,0,1,0,0,0,0,0,0,0,0,0,0,0,0,0
Introduction to Programming,CSE1100,Bachelor,"Electrical Engineering, Mathematics and Computer Science",https://studiegids.tudelft.nl/courses/study-guide/educations/14247,0,0,0,0,0,0,0,0,0,0,0,0,0,0,0,0,0
Collaborative Software Engineering Project,CSE1105,Bachelor,"Electrical Engineering, Mathematics and Computer Science",https://studiegids.tudelft.nl/courses/study-guide/educations/14248,0,0,0,0,0,0,0,0,0,0,0,0,0,0,0,0,0
Software Quality and Testing,CSE1110,Bachelor,"Electrical Engineering, Mathematics and Computer Science",https://studiegids.tudelft.nl/courses/study-guide/educations/14249,0,0,0,0,0,0,0,0,0,0,0,0,0,0,0,0,0
Calculus,CSE1200,Bachelor,"Electrical Engineering, Mathematics and Computer Science",https://studiegids.tudelft.nl/courses/study-guide/educations/14250,0,0,0,0,0,0,0,0,0,0,0,0,0,0,0,0,0
Linear Algebra,CSE1205,Bachelor,"Electrical Engineering, Mathematics and Computer Science",https://studiegids.tudelft.nl/courses/study-guide/educations/14251,0,0,0,0,0,0,0,0,0,0,0,0,0,0,0,0,0
Probability Theory and Statistics,CSE1210,Bachelor,"Electrical Engineering, Mathematics and Computer Science",https://studiegids.tudelft.nl/courses/study-guide/educations/14252,0,0,0,0,0,0,0,0,0,0,0,0,0,0,0,0,0
Reasoning and Logic,CSE1300,Bachelor,"Electrical Engineering, Mathematics and Computer Science",https://studiegids.tudelft.nl/courses/study-guide/educations/14253,0,0,0,0,0,0,0,0,0,0,0,0,0,0,0,0,0
Algorithms and Data Structures,CSE1305,Bachelor,"Electrical Engineering, Mathematics and Computer Science",https://studiegids.tudelft.nl/courses/study-guide/educations/14254,0,0,0,0,0,0,0,0,0,0,0,0,0,0,0,0,0
Computer Organisation,CSE1400,Bachelor,"Electrical Engineering, Mathematics and Computer Science",https://studiegids.tudelft.nl/courses/study-guide/educations/14255,0,0,0,0,0,0,0,0,0,0,0,0,0,0,0,0,0
Computer Networks,CSE1405,Bachelor,"Electrical Engineering, Mathematics and Computer Science",https://studiegids.tudelft.nl/courses/study-guide/educations/14256,0,0,0,0,0,0,0,0,0,0,0,0,0,0,0,1,0
Web and Database Technology,CSE1500,Bachelor,"Electrical Engineering, Mathematics and Computer Science",https://studiegids.tudelft.nl/courses/study-guide/educations/14257,0,0,0,0,0,0,0,0,0,0,0,0,0,0,0,0,0
Information and Data Management,CSE1505,Bachelor,"Electrical Engineering, Mathematics and Computer Science",https://studiegids.tudelft.nl/courses/study-guide/educations/14258,0,0,0,0,0,0,0,0,0,0,0,0,0,0,0,0,0
Software Project,CSE2000,Bachelor,"Electrical Engineering, Mathematics and Computer Science",https://studiegids.tudelft.nl/courses/study-guide/educations/14259,0,0,0,0,0,0,0,0,0,0,0,0,0,0,0,0,0
Software Engineering Methods,CSE2115,Bachelor,"Electrical Engineering, Mathematics and Computer Science",https://studiegids.tudelft.nl/courses/study-guide/educations/14260,0,0,0,0,0,0,0,0,0,0,0,0,0,0,0,0,0
Concepts of Programming Languages,CSE2120,Bachelor,"Electrical Engineering, Mathematics and Computer Science",https://studiegids.tudelft.nl/courses/study-guide/educations/14261,0,0,0,0,0,0,0,0,0,0,0,0,0,0,0,0,0
Computer Graphics,CSE2215,Bachelor,"Electrical Engineering, Mathematics and Computer Science",https://studiegids.tudelft.nl/courses/study-guide/educations/14262,0,0,0,0,0,0,0,0,0,0,0,0,0,0,0,0,0
Signal Processing,CSE2220,Bachelor,"Electrical Engineering, Mathematics and Computer Science",https://studiegids.tudelft.nl/courses/study-guide/educations/14263,0,0,0,0,0,0,0,0,0,0,0,0,0,0,0,0,0
Image Processing,CSE2225,Bachelor,"Electrical Engineering, Mathematics and Computer Science",https://studiegids.tudelft.nl/courses/study-guide/educations/14264,0,0,0,0,0,0,0,0,0,0,0,0,0,0,0,0,0
Multimedia Analysis,CSE2230,Bachelor,"Electrical Engineering, Mathematics and Computer Science",https://studiegids.tudelft.nl/courses/study-guide/educations/14265,0,0,0,0,0,0,0,0,0,0,0,0,0,0,0,0,0
Algorithm Design,CSE2310,Bachelor,"Electrical Engineering, Mathematics and Computer Science",https://studiegids.tudelft.nl/courses/study-guide/educations/14266,0,0,0,0,0,0,0,0,0,0,0,0,0,0,0,0,0
"Automata, Computability and Complexity",CSE2315,Bachelor,"Electrical Engineering, Mathematics and Computer Science",https://studiegids.tudelft.nl/courses/study-guide/educations/14267,0,0,0,0,0,0,0,0,0,0,0,0,0,0,0,0,0
Digital Systems,CSE2420,Bachelor,"Electrical Engineering, Mathematics and Computer Science",https://studiegids.tudelft.nl/courses/study-guide/educations/14268,0,0,0,0,0,0,0,0,0,0,0,0,0,0,0,0,0
Embedded Software,CSE2425,Bachelor,"Electrical Engineering, Mathematics and Computer Science",https://studiegids.tudelft.nl/courses/study-guide/educations/14269,0,0,0,0,0,0,0,0,0,0,0,0,0,0,0,0,0
Operating Systems,CSE2430,Bachelor,"Electrical Engineering, Mathematics and Computer Science",https://studiegids.tudelft.nl/courses/study-guide/educations/14270,0,0,0,0,0,0,0,0,0,0,0,0,0,0,0,0,0
Machine Learning,CSE2510,Bachelor,"Electrical Engineering, Mathematics and Computer Science",https://studiegids.tudelft.nl/courses/study-guide/educations/14271,0,0,0,0,0,0,0,0,0,0,0,0,0,0,0,1,0
Big Data Processing,CSE2520,Bachelor,"Electrical Engineering, Mathematics and Computer Science",https://studiegids.tudelft.nl/courses/study-guide/educations/14272,0,0,0,0,0,0,0,0,0,0,0,0,0,0,0,0,0
Data Mining,CSE2525,Bachelor,"Electrical Engineering, Mathematics and Computer Science",https://studiegids.tudelft.nl/courses/study-guide/educations/14273,0,0,0,0,0,0,0,0,0,0,0,0,0,0,0,1,0
Computational Intelligence,CSE2530,Bachelor,"Electrical Engineering, Mathematics and Computer Science",https://studiegids.tudelft.nl/courses/study-guide/educations/14274,0,0,0,0,0,0,0,0,0,0,0,0,0,0,0,0,0
Research Project,CSE3000,Bachelor,"Electrical Engineering, Mathematics and Computer Science",https://studiegids.tudelft.nl/courses/study-guide/educations/14275,0,0,0,0,0,0,0,0,0,0,0,0,0,0,0,0,0
Functional Programming,CSE3100,Bachelor,"Electrical Engineering, Mathematics and Computer Science",https://studiegids.tudelft.nl/courses/study-guide/educations/14276,0,0,0,0,0,0,0,0,0,0,0,0,0,0,0,0,0
Introduction to Quantum Computer Science,CSE3130,Bachelor,"Electrical Engineering, Mathematics and Computer Science",https://studiegids.tudelft.nl/courses/study-guide/educations/14277,0,0,0,0,0,0,0,0,0,0,0,0,0,0,0,0,0
Collaborative Artificial Intelligence,CSE3210,Bachelor,"Electrical Engineering, Mathematics and Computer Science",https://studiegids.tudelft.nl/courses/study-guide/educations/14278,0,0,0,0,0,0,0,0,0,0,0,0,0,0,0,0,0
Computer Security,CSE3220,Bachelor,"Electrical Engineering, Mathematics and Computer Science",https://studiegids.tudelft.nl/courses/study-guide/educations/14279,0,0,0,0,0,0,0,0,0,0,0,0,0,0,0,0,0
Algorithms for NP-Hard Problems,CSE3300,Bachelor,"Electrical Engineering, Mathematics and Computer Science",https://studiegids.tudelft.nl/courses/study-guide/educations/14280,0,0,0,0,0,0,0,0,0,0,0,0,0,0,0,0,0
Human Computer Interaction,CSE3500,Bachelor,"Electrical Engineering, Mathematics and Computer Science",https://studiegids.tudelft.nl/courses/study-guide/educations/14281,0,0,0,0,0,0,0,0,0,0,0,0,0,0,0,1,0
Introduction to Geotechnical Engineering,CT1730HBO,Bachelor,Civil Engineering and Geosciences,https://studiegids.tudelft.nl/courses/study-guide/educations/18596,0,0,0,0,0,0,0,0,0,0,0,0,0,0,0,0,0
Programmeren in Python,CT2023,Bachelor,Civil Engineering and Geosciences,https://studiegids.tudelft.nl/courses/study-guide/educations/18615,0,0,0,0,0,0,0,0,0,0,0,0,0,0,0,0,0
Project Minor Water Research,CT3016,Bachelor,Civil Engineering and Geosciences,https://studiegids.tudelft.nl/courses/study-guide/educations/17734,0,0,0,0,0,1,0,0,0,0,0,0,0,0,0,0,0
The Science of Climate Change,CT3080,Bachelor,Civil Engineering and Geosciences,https://studiegids.tudelft.nl/courses/study-guide/educations/17750,0,0,0,0,0,0,0,0,0,0,0,0,1,0,0,0,0
Landside Accessibility of Airports,CT3080LR,Bachelor,Civil Engineering and Geosciences,https://studiegids.tudelft.nl/courses/study-guide/educations/35238,0,0,0,0,0,0,0,0,1,0,1,0,0,0,0,0,0
Climate Change Impact and Adaptation,CT3081-24,Bachelor,Civil Engineering and Geosciences,https://studiegids.tudelft.nl/courses/study-guide/educations/17751,0,0,0,0,0,1,0,0,0,0,1,0,1,0,0,0,0
Mitigation of Climate Change,CT3082,Bachelor,Civil Engineering and Geosciences,https://studiegids.tudelft.nl/courses/study-guide/educations/17752,0,0,0,0,0,0,1,0,1,0,0,1,1,0,0,0,0
Climate Engineering,CT3083-25,Bachelor,Civil Engineering and Geosciences,https://studiegids.tudelft.nl/courses/study-guide/educations/17753,0,0,0,0,0,0,0,0,0,0,0,0,1,0,0,1,0
Political Economy of Climate Change,CT3084,Bachelor,Civil Engineering and Geosciences,https://studiegids.tudelft.nl/courses/study-guide/educations/17754,0,0,0,0,0,0,1,0,1,0,0,1,1,0,0,0,1
End Project,CT3085,Bachelor,Civil Engineering and Geosciences,https://studiegids.tudelft.nl/courses/study-guide/educations/17755,0,0,0,0,0,0,0,0,0,0,0,0,1,0,0,0,0
Project Management Basics,CT3101,Bachelor,Civil Engineering and Geosciences,https://studiegids.tudelft.nl/courses/study-guide/educations/17740,0,0,0,0,0,0,0,0,0,0,0,0,0,0,0,0,0
Finance and Legal Aspects of Projects,CT3102-15,Bachelor,Civil Engineering and Geosciences,https://studiegids.tudelft.nl/courses/study-guide/educations/17741,0,0,0,0,0,1,0,0,0,0,0,0,0,0,0,0,0
Integration: Technical Project,CT3103,Bachelor,Civil Engineering and Geosciences,https://studiegids.tudelft.nl/courses/study-guide/educations/17742,0,0,0,0,0,0,0,1,0,0,0,0,0,0,0,0,1
Fit-for-Purpose Project management,CT3104,Bachelor,Civil Engineering and Geosciences,https://studiegids.tudelft.nl/courses/study-guide/educations/17743,0,0,0,0,0,0,0,0,0,0,0,0,0,0,0,0,0
Bend and Break Experimentele Recycling,CT3170-25,Bachelor,Civil Engineering and Geosciences,https://studiegids.tudelft.nl/courses/study-guide/educations/21165,0,0,0,0,0,0,0,0,1,0,0,1,1,0,0,0,0
Infrastructure Planning and Governance,CT3200,Bachelor,Civil Engineering and Geosciences,https://studiegids.tudelft.nl/courses/study-guide/educations/17744,0,0,0,0,0,0,0,0,1,1,1,0,0,0,0,0,0
Interdisciplinary and Collaborative Design Project,CT3201,Bachelor,Civil Engineering and Geosciences,https://studiegids.tudelft.nl/courses/study-guide/educations/17745,0,0,0,0,0,1,0,0,1,0,1,0,1,0,0,0,1
Bend and Break Beton,CT3260-24,Bachelor,Civil Engineering and Geosciences,https://studiegids.tudelft.nl/courses/study-guide/educations/17728,0,0,0,0,0,0,0,0,1,0,0,1,0,0,0,0,0
Bend and Break: Form and Force,CT3270-15,Bachelor,Civil Engineering and Geosciences,https://studiegids.tudelft.nl/courses/study-guide/educations/17730,0,0,0,0,0,0,0,0,1,0,0,0,0,0,0,0,0
Bend and Break Masonry,CT3280-19,Bachelor,Civil Engineering and Geosciences,https://studiegids.tudelft.nl/courses/study-guide/educations/17731,0,0,0,0,0,0,0,0,0,0,0,0,0,0,0,0,0
Bend and Break Asphalt,CT3295-25,Bachelor,Civil Engineering and Geosciences,https://studiegids.tudelft.nl/courses/study-guide/educations/17732,0,0,0,0,0,0,0,0,0,0,0,0,0,0,0,0,0
Research topics minor Bend and Break,CT3296,Bachelor,Civil Engineering and Geosciences,https://studiegids.tudelft.nl/courses/study-guide/educations/21166,0,0,0,0,0,0,0,0,1,0,0,0,0,0,0,0,0
Introduction to Water and Climate,CT3367,Bachelor,Civil Engineering and Geosciences,https://studiegids.tudelft.nl/courses/study-guide/educations/17735,0,1,0,0,0,1,0,0,0,0,1,0,1,0,0,0,0
Waterworks in Practice,CT3411-16,Bachelor,Civil Engineering and Geosciences,https://studiegids.tudelft.nl/courses/study-guide/educations/17736,0,1,0,0,0,1,0,0,0,0,0,0,0,0,0,0,0
Mobiliteit en Bereikbaarheid,CT3501,Bachelor,Civil Engineering and Geosciences,https://studiegids.tudelft.nl/courses/study-guide/educations/17761,0,0,1,0,0,0,0,0,0,0,1,0,1,0,0,0,0
Het Transportsysteem,CT3502,Bachelor,Civil Engineering and Geosciences,https://studiegids.tudelft.nl/courses/study-guide/educations/17762,0,0,0,0,0,0,0,0,1,0,1,1,1,0,0,0,0
Stad en Transport,CT3503,Bachelor,Civil Engineering and Geosciences,https://studiegids.tudelft.nl/courses/study-guide/educations/17763,0,0,0,1,0,0,0,0,1,0,1,0,0,0,0,0,0
Traffic Flows and Management,CT3505-24,Bachelor,Civil Engineering and Geosciences,https://studiegids.tudelft.nl/courses/study-guide/educations/17764,0,0,0,0,0,0,0,0,1,0,1,1,1,0,0,0,0
Onderzoeksproject Mobiliteit,CT3510,Bachelor,Civil Engineering and Geosciences,https://studiegids.tudelft.nl/courses/study-guide/educations/17765,0,0,0,0,0,0,0,0,1,0,1,0,0,0,0,0,0
Seminars in M&T: Research fields and Trends,CT3520,Bachelor,Civil Engineering and Geosciences,https://studiegids.tudelft.nl/courses/study-guide/educations/17766,0,0,0,0,0,0,0,0,1,0,1,0,1,0,0,0,0
Seminars in M&T: Case Studies,CT3521,Bachelor,Civil Engineering and Geosciences,https://studiegids.tudelft.nl/courses/study-guide/educations/17767,0,0,0,1,0,0,0,0,1,0,1,0,1,0,0,0,0
Exploratory Research Assignment,CT3601,Bachelor,Civil Engineering and Geosciences,https://studiegids.tudelft.nl/courses/study-guide/educations/17756,0,0,0,0,0,1,1,0,0,0,0,1,0,0,0,0,0
"Analysis of the Energy, Materials and Water Cycle in the Linear and Circular Economy",CT3602,Bachelor,Civil Engineering and Geosciences,https://studiegids.tudelft.nl/courses/study-guide/educations/17733,0,0,0,0,0,1,1,0,1,0,0,1,1,0,0,0,0
Solid Waste to Secondary Material Resources,CT3603-23,Bachelor,Civil Engineering and Geosciences,https://studiegids.tudelft.nl/courses/study-guide/educations/17758,0,0,0,0,0,0,0,0,1,0,0,1,1,0,0,0,0
Biomass Nutrients and Energy Conversion,CT3604-25,Bachelor,Civil Engineering and Geosciences,https://studiegids.tudelft.nl/courses/study-guide/educations/21717,0,0,0,0,0,0,1,0,1,0,0,1,1,0,1,0,0
Construction Site 1,CTB1000,Bachelor,Civil Engineering and Geosciences,https://studiegids.tudelft.nl/courses/study-guide/educations/18448,0,0,0,0,0,0,0,0,1,0,0,0,0,0,0,0,0
Mathematics,CTB1001-16,Bachelor,Civil Engineering and Geosciences,https://studiegids.tudelft.nl/courses/study-guide/educations/18449,0,0,0,0,0,0,0,0,0,0,0,0,0,0,0,0,0
Linear Algebra,CTB1002,Bachelor,Civil Engineering and Geosciences,https://studiegids.tudelft.nl/courses/study-guide/educations/18450,0,0,0,0,0,0,0,0,0,0,0,0,0,0,0,0,0
Construction Mechanics 1,CTB1110-17,Bachelor,Civil Engineering and Geosciences,https://studiegids.tudelft.nl/courses/study-guide/educations/18451,0,0,0,0,0,0,0,0,0,0,0,0,0,0,0,0,0
Introduction to Civil and Environmental Engineering,CTB1120-17,Bachelor,Civil Engineering and Geosciences,https://studiegids.tudelft.nl/courses/study-guide/educations/18452,0,0,0,0,0,1,0,0,1,0,1,0,1,0,0,0,0
Dynamics and Modelling,CTB1210,Bachelor,Civil Engineering and Geosciences,https://studiegids.tudelft.nl/courses/study-guide/educations/17747,0,0,0,0,0,0,0,0,0,0,0,0,0,0,0,0,0
Clean Watersystems,CTB1215-25,Bachelor,Civil Engineering and Geosciences,https://studiegids.tudelft.nl/courses/study-guide/educations/18453,0,0,0,0,0,1,0,0,0,0,0,0,0,0,0,0,0
Integrated Design and Control,CTB1220-17,Bachelor,Civil Engineering and Geosciences,https://studiegids.tudelft.nl/courses/study-guide/educations/18454,0,0,0,0,0,0,0,0,0,0,0,0,1,0,0,1,0
Constructiemechanica 2,CTB1310,Bachelor,Civil Engineering and Geosciences,https://studiegids.tudelft.nl/courses/study-guide/educations/18455,0,0,0,0,0,0,0,0,0,0,0,0,0,0,0,0,0
Construction Materials and Sustainability,CTB1320-24,Bachelor,Civil Engineering and Geosciences,https://studiegids.tudelft.nl/courses/study-guide/educations/18456,0,0,0,0,0,0,0,0,1,0,0,1,1,0,0,0,0
Design of Structures and Foundations 1,CTB1410-20,Bachelor,Civil Engineering and Geosciences,https://studiegids.tudelft.nl/courses/study-guide/educations/18457,0,0,0,0,0,0,0,0,1,0,1,1,1,0,0,0,0
Transport and Planning,CTB1420-25,Bachelor,Civil Engineering and Geosciences,https://studiegids.tudelft.nl/courses/study-guide/educations/18458,0,0,1,0,0,0,0,0,1,0,1,0,1,0,0,1,0
Construction Site 2,CTB2000-25,Bachelor,Civil Engineering and Geosciences,https://studiegids.tudelft.nl/courses/study-guide/educations/18459,0,0,0,0,0,0,0,0,0,0,0,0,0,0,0,0,0
Differential Equations,CTB2105,Bachelor,Civil Engineering and Geosciences,https://studiegids.tudelft.nl/courses/study-guide/educations/18460,0,0,0,0,0,0,0,0,0,0,0,0,0,0,0,0,0
Fluid Mechanics,CTB2110,Bachelor,Civil Engineering and Geosciences,https://studiegids.tudelft.nl/courses/study-guide/educations/18461,0,0,0,0,0,1,0,0,0,0,0,0,0,0,0,0,0
Probability and Statistics,CTB2200,Bachelor,Civil Engineering and Geosciences,https://studiegids.tudelft.nl/courses/study-guide/educations/18463,0,0,0,0,0,0,0,0,0,0,0,0,0,0,0,0,0
Construction Mechanics 3,CTB2210,Bachelor,Civil Engineering and Geosciences,https://studiegids.tudelft.nl/courses/study-guide/educations/18464,0,0,0,0,0,0,0,0,0,0,0,0,0,0,0,0,0
Concrete and Steel Structures,CTB2220-25,Bachelor,Civil Engineering and Geosciences,https://studiegids.tudelft.nl/courses/study-guide/educations/18465,0,0,0,0,0,0,0,0,0,0,0,0,0,0,0,0,0
Dynamics of Systems,CTB2300,Bachelor,Civil Engineering and Geosciences,https://studiegids.tudelft.nl/courses/study-guide/educations/18466,0,0,0,0,0,0,0,0,0,0,0,0,0,0,0,0,0
Soil Mechanics,CTB2310,Bachelor,Civil Engineering and Geosciences,https://studiegids.tudelft.nl/courses/study-guide/educations/18467,0,0,0,0,0,0,0,0,0,0,0,0,0,0,0,0,0
Design of Structures and Foundations 2,CTB2320-17,Bachelor,Civil Engineering and Geosciences,https://studiegids.tudelft.nl/courses/study-guide/educations/18468,0,0,0,0,0,0,0,0,1,0,1,1,1,0,0,1,0
Numerical Maths,CTB2400,Bachelor,Civil Engineering and Geosciences,https://studiegids.tudelft.nl/courses/study-guide/educations/18469,0,0,0,0,0,0,0,0,0,0,0,0,0,0,0,0,0
Hydraulic Engineering,CTB2410,Bachelor,Civil Engineering and Geosciences,https://studiegids.tudelft.nl/courses/study-guide/educations/18470,0,0,0,0,0,1,1,0,1,0,1,0,1,0,0,0,0
Hydrology,CTB2420-17,Bachelor,Civil Engineering and Geosciences,https://studiegids.tudelft.nl/courses/study-guide/educations/18471,0,1,0,0,0,1,0,0,0,0,1,0,1,0,0,0,0
Bachelor Thesis,CTB3000-16,Bachelor,Civil Engineering and Geosciences,https://studiegids.tudelft.nl/courses/study-guide/educations/18724,0,0,0,0,0,0,0,0,0,0,0,0,0,0,0,1,0
Surveying and Mapping,CTB3310,Bachelor,Civil Engineering and Geosciences,https://studiegids.tudelft.nl/courses/study-guide/educations/18725,0,0,0,1,0,1,0,0,1,0,1,0,0,0,0,0,0
Climate Impacts and Engineering,CTB3311,Bachelor,Civil Engineering and Geosciences,https://studiegids.tudelft.nl/courses/study-guide/educations/18969,0,0,0,0,0,0,0,0,1,0,1,0,1,0,0,0,0
Road and Railway Design,CTB3320,Bachelor,Civil Engineering and Geosciences,https://studiegids.tudelft.nl/courses/study-guide/educations/18726,0,0,0,0,0,1,0,0,1,0,1,1,1,0,0,0,0
Structural Mechanics 4,CTB3330,Bachelor,Civil Engineering and Geosciences,https://studiegids.tudelft.nl/courses/study-guide/educations/18975,0,0,0,0,0,0,0,0,0,0,0,0,0,0,0,0,0
Concrete Structures 2,CTB3335,Bachelor,Civil Engineering and Geosciences,https://studiegids.tudelft.nl/courses/study-guide/educations/18976,0,0,0,0,0,0,0,0,1,0,0,0,0,0,0,0,0
Building Structures 1,CTB3340-15,Bachelor,Civil Engineering and Geosciences,https://studiegids.tudelft.nl/courses/study-guide/educations/18977,0,0,0,0,0,0,0,0,0,0,0,0,0,0,0,0,0
Open Channel Flow,CTB3350,Bachelor,Civil Engineering and Geosciences,https://studiegids.tudelft.nl/courses/study-guide/educations/18970,0,0,0,0,0,1,0,0,0,0,0,0,0,0,0,0,0
Hydraulic Structures,CTB3355,Bachelor,Civil Engineering and Geosciences,https://studiegids.tudelft.nl/courses/study-guide/educations/18979,0,0,0,0,0,1,0,0,1,0,0,0,0,0,0,0,0
Water System Analysis,CTB3360,Bachelor,Civil Engineering and Geosciences,https://studiegids.tudelft.nl/courses/study-guide/educations/18971,0,0,0,0,0,1,0,0,0,0,0,0,0,0,0,0,0
Introduction to Water Treatment,CTB3365-16,Bachelor,Civil Engineering and Geosciences,https://studiegids.tudelft.nl/courses/study-guide/educations/18972,0,0,0,0,0,1,0,0,0,0,0,0,0,0,0,0,0
Rainfall in the City,CTB3366,Bachelor,Civil Engineering and Geosciences,https://studiegids.tudelft.nl/courses/study-guide/educations/17739,0,0,0,0,0,0,0,0,0,0,1,0,1,0,0,0,0
Geometrical Design of Roads and Railways,CTB3370-18,Bachelor,Civil Engineering and Geosciences,https://studiegids.tudelft.nl/courses/study-guide/educations/18980,0,0,0,0,0,0,0,0,1,0,1,0,0,0,0,0,0
Use of Underground Space,CTB3385,Bachelor,Civil Engineering and Geosciences,https://studiegids.tudelft.nl/courses/study-guide/educations/18981,0,0,0,0,0,0,0,0,1,0,1,0,1,0,0,0,0
Mechanics and Transport by Flow through Porous Media,CTB3390,Bachelor,Civil Engineering and Geosciences,https://studiegids.tudelft.nl/courses/study-guide/educations/18973,0,0,0,0,0,1,0,0,0,0,0,0,0,0,0,0,0
Water Management Research,CTB3415,Bachelor,Civil Engineering and Geosciences,https://studiegids.tudelft.nl/courses/study-guide/educations/18974,0,0,0,0,0,1,0,0,0,0,0,0,0,0,0,0,0
Integral Design of Infrastructure,CTB3420,Bachelor,Civil Engineering and Geosciences,https://studiegids.tudelft.nl/courses/study-guide/educations/18983,0,0,0,0,0,0,0,0,1,0,1,1,1,0,0,0,0
Monitoring and Stability of Dikes and Embankments,CTB3425-17,Bachelor,Civil Engineering and Geosciences,https://studiegids.tudelft.nl/courses/study-guide/educations/18984,0,0,0,0,0,0,0,0,0,0,0,0,0,0,0,0,0
Structural Mechanics,CTS1000,Bachelor,Civil Engineering and Geosciences,https://studiegids.tudelft.nl/courses/study-guide/educations/21299,0,0,0,0,0,0,0,0,0,0,0,0,0,0,0,0,0
Data Management and Engineering,DSAIT4000,Master,"Electrical Engineering, Mathematics and Computer Science",https://studiegids.tudelft.nl/courses/study-guide/educations/14466,0,0,0,0,0,0,0,0,0,0,0,0,0,0,0,0,0
Machine and Deep Learning,DSAIT4005,Master,"Electrical Engineering, Mathematics and Computer Science",https://studiegids.tudelft.nl/courses/study-guide/educations/14467,0,0,0,0,0,0,0,0,0,0,0,0,0,0,0,0,0
Probabilistic AI and Reasoning,DSAIT4010,Master,"Electrical Engineering, Mathematics and Computer Science",https://studiegids.tudelft.nl/courses/study-guide/educations/14468,0,0,0,0,0,0,0,0,0,0,0,0,0,0,0,0,0
Software Engineering and Testing for AI Systems,DSAIT4015,Master,"Electrical Engineering, Mathematics and Computer Science",https://studiegids.tudelft.nl/courses/study-guide/educations/14469,0,0,0,0,0,0,0,0,0,0,0,0,0,0,0,0,0
Elements of Statistical Learning,DSAIT4020,Master,"Electrical Engineering, Mathematics and Computer Science",https://studiegids.tudelft.nl/courses/study-guide/educations/14771,0,0,0,0,0,0,0,0,0,0,0,0,0,0,0,0,0
Alternative Learning Strategies,DSAIT4025,Master,"Electrical Engineering, Mathematics and Computer Science",https://studiegids.tudelft.nl/courses/study-guide/educations/14789,0,0,0,0,0,0,0,0,0,0,0,0,0,0,0,0,0
Generative Modelling,DSAIT4030,Master,"Electrical Engineering, Mathematics and Computer Science",https://studiegids.tudelft.nl/courses/study-guide/educations/14790,0,0,0,0,0,0,0,0,0,0,0,0,0,0,0,0,0
Algorithms for Sequence-based Bioinformatics,DSAIT4035,Master,"Electrical Engineering, Mathematics and Computer Science",https://studiegids.tudelft.nl/courses/study-guide/educations/14791,0,0,0,0,0,0,0,0,0,0,0,0,0,0,0,0,0
Algorithms for Network-based Bioinformatics,DSAIT4040,Master,"Electrical Engineering, Mathematics and Computer Science",https://studiegids.tudelft.nl/courses/study-guide/educations/14792,0,0,0,0,0,0,0,0,0,0,0,0,0,0,0,0,0
Machine Learning in Bioinformatics,DSAIT4045,Master,"Electrical Engineering, Mathematics and Computer Science",https://studiegids.tudelft.nl/courses/study-guide/educations/14793,0,0,1,0,0,0,0,0,0,0,0,0,0,0,0,0,0
Information Retrieval,DSAIT4050,Master,"Electrical Engineering, Mathematics and Computer Science",https://studiegids.tudelft.nl/courses/study-guide/educations/14768,0,0,0,0,0,0,0,0,0,0,0,0,0,0,0,0,0
Web Science and Engineering,DSAIT4055,Master,"Electrical Engineering, Mathematics and Computer Science",https://studiegids.tudelft.nl/courses/study-guide/educations/14769,0,0,0,0,0,0,0,0,0,0,0,0,0,0,0,0,0
Human-centred Machine Perception,DSAIT4060,Master,"Electrical Engineering, Mathematics and Computer Science",https://studiegids.tudelft.nl/courses/study-guide/educations/14797,0,0,0,0,0,0,0,0,0,0,0,0,0,0,0,0,0
Conversational Agents,DSAIT4065,Master,"Electrical Engineering, Mathematics and Computer Science",https://studiegids.tudelft.nl/courses/study-guide/educations/14772,0,0,1,1,0,0,0,0,0,0,0,0,0,0,0,0,0
Designing Human-Centred AI Systems,DSAIT4070,Master,"Electrical Engineering, Mathematics and Computer Science",https://studiegids.tudelft.nl/courses/study-guide/educations/14799,0,0,0,0,0,0,0,0,0,0,0,0,0,0,0,0,0
Data Visualization,DSAIT4075,Master,"Electrical Engineering, Mathematics and Computer Science",https://studiegids.tudelft.nl/courses/study-guide/educations/14800,0,0,0,0,0,0,0,0,0,0,0,0,0,0,0,0,0
3D Visualization,DSAIT4080,Master,"Electrical Engineering, Mathematics and Computer Science",https://studiegids.tudelft.nl/courses/study-guide/educations/14801,0,0,1,0,0,0,0,0,0,0,0,0,0,0,0,0,0
High-Performance Analysis Systems,DSAIT4085,Master,"Electrical Engineering, Mathematics and Computer Science",https://studiegids.tudelft.nl/courses/study-guide/educations/14802,0,0,0,0,0,0,0,0,0,0,0,0,0,0,0,0,0
Natural Language Processing,DSAIT4090,Master,"Electrical Engineering, Mathematics and Computer Science",https://studiegids.tudelft.nl/courses/study-guide/educations/14803,0,0,0,0,0,0,0,0,0,0,0,0,0,0,0,0,0
Inclusive Speech Technology,DSAIT4095,Master,"Electrical Engineering, Mathematics and Computer Science",https://studiegids.tudelft.nl/courses/study-guide/educations/14804,0,0,0,0,0,0,0,0,0,0,0,0,0,0,0,0,0
Natural Language Processing for Society,DSAIT4100,Master,"Electrical Engineering, Mathematics and Computer Science",https://studiegids.tudelft.nl/courses/study-guide/educations/14805,0,0,1,1,0,0,0,0,0,0,0,0,0,0,0,1,0
Probabilistic Models and Inference,DSAIT4105,Master,"Electrical Engineering, Mathematics and Computer Science",https://studiegids.tudelft.nl/courses/study-guide/educations/14809,0,0,0,0,0,0,0,0,0,0,0,0,0,0,0,0,0
Sequential Decision Making,DSAIT4110,Master,"Electrical Engineering, Mathematics and Computer Science",https://studiegids.tudelft.nl/courses/study-guide/educations/14810,0,0,0,0,0,0,0,0,0,0,0,0,0,0,0,0,0
Deep Reinforcement Learning,DSAIT4115,Master,"Electrical Engineering, Mathematics and Computer Science",https://studiegids.tudelft.nl/courses/study-guide/educations/14811,0,0,0,0,0,0,0,0,0,0,0,0,0,0,0,0,0
Applied Image Processing,DSAIT4120,Master,"Electrical Engineering, Mathematics and Computer Science",https://studiegids.tudelft.nl/courses/study-guide/educations/14757,0,0,0,0,0,0,0,0,0,0,0,0,0,0,0,1,0
Computer Vision,DSAIT4125,Master,"Electrical Engineering, Mathematics and Computer Science",https://studiegids.tudelft.nl/courses/study-guide/educations/14816,0,0,0,0,0,0,0,0,0,0,0,0,0,0,0,0,0
3D Visual Computing,DSAIT4130,Master,"Electrical Engineering, Mathematics and Computer Science",https://studiegids.tudelft.nl/courses/study-guide/educations/14817,0,0,0,0,0,0,0,0,0,0,0,0,0,0,0,0,0
Empirical Research of Computational Solutions,DSAIT4200,Master,"Electrical Engineering, Mathematics and Computer Science",https://studiegids.tudelft.nl/courses/study-guide/educations/14433,0,0,0,0,0,0,0,0,0,0,0,0,0,0,0,0,0
Fundamental Research in Machine and Deep Learning,DSAIT4205,Master,"Electrical Engineering, Mathematics and Computer Science",https://studiegids.tudelft.nl/courses/study-guide/educations/14483,0,0,0,0,0,0,0,0,0,0,0,0,0,0,0,0,0
Research in Web Data and Information Management,DSAIT4210,Master,"Electrical Engineering, Mathematics and Computer Science",https://studiegids.tudelft.nl/courses/study-guide/educations/14434,0,0,0,0,0,0,0,0,0,0,0,0,0,0,0,0,0
Research in Visual Computing and Visual Data Science,DSAIT4215,Master,"Electrical Engineering, Mathematics and Computer Science",https://studiegids.tudelft.nl/courses/study-guide/educations/14485,0,0,0,0,0,0,0,0,0,0,0,0,0,0,0,0,0
Research in Intelligent Decision Making,DSAIT4220,Master,"Electrical Engineering, Mathematics and Computer Science",https://studiegids.tudelft.nl/courses/study-guide/educations/14435,0,0,0,0,0,0,1,0,1,0,1,0,0,0,0,0,0
Research in Bioinformatics,DSAIT4225,Master,"Electrical Engineering, Mathematics and Computer Science",https://studiegids.tudelft.nl/courses/study-guide/educations/14487,0,0,1,0,0,0,0,0,0,0,0,0,0,0,0,0,0
Research in Social Signal Processing and Affective Computing,DSAIT4230,Master,"Electrical Engineering, Mathematics and Computer Science",https://studiegids.tudelft.nl/courses/study-guide/educations/14436,0,0,0,0,0,0,0,0,0,0,0,0,0,0,0,0,0
Research Seminar on Multimedia Computing and Systems,DSAIT4235,Master,"Electrical Engineering, Mathematics and Computer Science",https://studiegids.tudelft.nl/courses/study-guide/educations/14437,0,0,0,0,0,0,0,0,0,0,0,0,0,0,0,0,0
Formal Methods for Machine Learning,DSAIT4300,Master,"Electrical Engineering, Mathematics and Computer Science",https://studiegids.tudelft.nl/courses/study-guide/educations/14819,0,0,0,0,0,0,0,0,0,0,0,0,0,0,0,0,0
Graph Machine Learning,DSAIT4305,Master,"Electrical Engineering, Mathematics and Computer Science",https://studiegids.tudelft.nl/courses/study-guide/educations/14820,0,0,0,0,0,0,0,0,0,0,0,0,0,0,0,0,0
Modeling and Data Analysis in Complex Networks,DSAIT4310,Master,"Electrical Engineering, Mathematics and Computer Science",https://studiegids.tudelft.nl/courses/study-guide/educations/14821,0,0,0,0,0,0,0,0,0,0,0,0,0,0,0,0,0
Performance Analysis,DSAIT4315,Master,"Electrical Engineering, Mathematics and Computer Science",https://studiegids.tudelft.nl/courses/study-guide/educations/14822,0,0,0,0,0,0,0,0,0,0,0,0,0,0,0,0,0
Building Serious Games,DSAIT4320,Master,"Electrical Engineering, Mathematics and Computer Science",https://studiegids.tudelft.nl/courses/study-guide/educations/14823,0,0,0,0,0,0,0,0,0,0,0,0,0,0,0,0,0
Socio-Cognitive Engineering,DSAIT4325,Master,"Electrical Engineering, Mathematics and Computer Science",https://studiegids.tudelft.nl/courses/study-guide/educations/14824,0,0,0,0,0,0,0,0,0,0,0,0,0,0,0,0,0
Recommender Systems,DSAIT4335,Master,"Electrical Engineering, Mathematics and Computer Science",https://studiegids.tudelft.nl/courses/study-guide/educations/22014,0,0,0,0,0,0,0,0,0,0,0,0,0,0,0,0,0
Responsible Data Science and AI Engineering,DSAIT4500,Master,"Electrical Engineering, Mathematics and Computer Science",https://studiegids.tudelft.nl/courses/study-guide/educations/14470,0,0,0,0,0,0,0,0,0,0,0,0,0,0,0,1,1
Thesis Project,DSAIT5000,Master,"Electrical Engineering, Mathematics and Computer Science",https://studiegids.tudelft.nl/courses/study-guide/educations/14493,0,0,0,0,0,0,0,0,0,0,0,0,0,0,0,0,0
Exploring the Grand Challenges: Data and Python,ECTB1110A,Bachelor,Civil Engineering and Geosciences,https://studiegids.tudelft.nl/courses/study-guide/educations/21132,0,0,0,1,0,0,0,0,0,0,0,0,0,0,0,0,1
Exploring the Grand Challenges: Application and Skills,ECTB1110B,Bachelor,Civil Engineering and Geosciences,https://studiegids.tudelft.nl/courses/study-guide/educations/21133,0,0,0,1,0,0,0,0,0,0,0,0,0,0,0,0,1
Earth and Climate System - part 1,ECTB1120A,Bachelor,Civil Engineering and Geosciences,https://studiegids.tudelft.nl/courses/study-guide/educations/21134,0,0,0,0,0,1,1,0,0,0,0,0,1,0,0,0,0
Earth and Climate System - part 2,ECTB1120B,Bachelor,Civil Engineering and Geosciences,https://studiegids.tudelft.nl/courses/study-guide/educations/21146,0,0,0,0,0,1,1,0,0,0,0,0,1,0,0,0,0
Mechanics,ECTB1130A,Bachelor,Civil Engineering and Geosciences,https://studiegids.tudelft.nl/courses/study-guide/educations/21135,0,0,0,0,0,0,0,0,0,0,0,0,1,0,0,0,0
Continuum Mechanics and Thermodynamics,ECTB1130B,Bachelor,Civil Engineering and Geosciences,https://studiegids.tudelft.nl/courses/study-guide/educations/21136,0,0,0,0,0,0,0,0,0,0,0,0,1,0,0,0,0
Calculus,ECTB1140,Bachelor,Civil Engineering and Geosciences,https://studiegids.tudelft.nl/courses/study-guide/educations/18426,0,0,0,0,0,0,0,0,0,0,0,0,1,0,0,0,0
"Surface, Water and Atmosphere - part 1",ECTB1210A,Bachelor,Civil Engineering and Geosciences,https://studiegids.tudelft.nl/courses/study-guide/educations/21138,0,0,0,0,0,1,0,0,0,0,0,0,1,0,0,0,0
"Surface, Water and Atmosphere - part 2",ECTB1210B,Bachelor,Civil Engineering and Geosciences,https://studiegids.tudelft.nl/courses/study-guide/educations/21147,0,0,0,0,0,1,0,0,0,0,0,0,1,0,0,0,0
Geodata Fundamentals: Sensing and Statistics,ECTB1220A,Bachelor,Civil Engineering and Geosciences,https://studiegids.tudelft.nl/courses/study-guide/educations/21140,0,0,0,0,0,0,0,0,0,0,0,0,0,0,0,0,0
Geodata Fundamentals: Applied Statistics with Python,ECTB1220B,Bachelor,Civil Engineering and Geosciences,https://studiegids.tudelft.nl/courses/study-guide/educations/21142,0,0,0,0,0,0,0,0,0,0,0,0,0,0,0,0,0
Chemistry for Earth Sciences,ECTB1230,Bachelor,Civil Engineering and Geosciences,https://studiegids.tudelft.nl/courses/study-guide/educations/21143,0,0,0,0,0,1,0,0,0,0,0,1,1,0,1,0,0
Linear Algebra,ECTB1240,Bachelor,Civil Engineering and Geosciences,https://studiegids.tudelft.nl/courses/study-guide/educations/21144,0,0,0,0,0,0,0,0,0,0,0,0,0,0,0,0,0
EC&T in the Field,ECTB1250,Bachelor,Civil Engineering and Geosciences,https://studiegids.tudelft.nl/courses/study-guide/educations/21145,0,0,0,0,0,0,0,0,0,0,0,0,0,0,0,0,0
Linear Circuits A,EE1C1,Bachelor,"Electrical Engineering, Mathematics and Computer Science",https://studiegids.tudelft.nl/courses/study-guide/educations/14218,0,0,0,0,0,0,0,0,0,0,0,0,0,0,0,0,0
Linear Circuits B,EE1C2,Bachelor,"Electrical Engineering, Mathematics and Computer Science",https://studiegids.tudelft.nl/courses/study-guide/educations/14219,0,0,0,0,0,0,0,0,0,0,0,0,0,0,0,0,0
Digital Systems A,EE1D1,Bachelor,"Electrical Engineering, Mathematics and Computer Science",https://studiegids.tudelft.nl/courses/study-guide/educations/14220,0,0,0,0,0,0,0,0,0,0,0,0,0,0,0,0,0
Digital Systems B,EE1D2,Bachelor,"Electrical Engineering, Mathematics and Computer Science",https://studiegids.tudelft.nl/courses/study-guide/educations/14221,0,0,0,0,0,0,0,0,0,0,0,0,0,0,0,0,0
Electrical Energy Fundamentals,EE1E1,Bachelor,"Electrical Engineering, Mathematics and Computer Science",https://studiegids.tudelft.nl/courses/study-guide/educations/14222,0,0,0,0,0,0,1,0,1,0,0,0,1,0,0,0,0
Introduction to Electrical Engineering,EE1G1,Bachelor,"Electrical Engineering, Mathematics and Computer Science",https://studiegids.tudelft.nl/courses/study-guide/educations/14223,0,0,0,0,0,0,0,0,0,0,0,0,0,0,0,0,0
Integrated Project 1,EE1L1,Bachelor,"Electrical Engineering, Mathematics and Computer Science",https://studiegids.tudelft.nl/courses/study-guide/educations/14224,0,0,0,0,0,0,0,0,0,0,0,0,0,0,0,0,0
Integrated Project 2,EE1L2,Bachelor,"Electrical Engineering, Mathematics and Computer Science",https://studiegids.tudelft.nl/courses/study-guide/educations/14225,0,0,0,0,0,0,0,0,1,0,0,0,0,0,0,1,0
Calculus,EE1M1,Bachelor,"Electrical Engineering, Mathematics and Computer Science",https://studiegids.tudelft.nl/courses/study-guide/educations/14226,0,0,0,0,0,0,0,0,0,0,0,0,0,0,0,0,0
Calculus and Linear Algebra,EE1M2,Bachelor,"Electrical Engineering, Mathematics and Computer Science",https://studiegids.tudelft.nl/courses/study-guide/educations/14227,0,0,0,0,0,0,0,0,0,0,0,0,0,0,0,0,0
Linear Algebra and Differential Equations,EE1M3,Bachelor,"Electrical Engineering, Mathematics and Computer Science",https://studiegids.tudelft.nl/courses/study-guide/educations/14228,0,0,0,0,0,0,0,0,0,0,0,0,0,0,0,0,0
Electricity and Magnetism,EE1P1,Bachelor,"Electrical Engineering, Mathematics and Computer Science",https://studiegids.tudelft.nl/courses/study-guide/educations/14229,0,0,0,0,0,0,0,0,0,0,0,0,0,0,0,0,0
Transistor Circuits,EE2C1,Bachelor,"Electrical Engineering, Mathematics and Computer Science",https://studiegids.tudelft.nl/courses/study-guide/educations/14230,0,0,0,0,0,0,0,0,0,0,0,0,0,0,0,0,0
Mixed-Signal Circuits and Systems,EE2C2,Bachelor,"Electrical Engineering, Mathematics and Computer Science",https://studiegids.tudelft.nl/courses/study-guide/educations/14232,0,0,0,0,0,0,0,0,0,0,0,0,0,0,0,0,0
Electrical Engineering for the Next Generation,EE2G1,Bachelor,"Electrical Engineering, Mathematics and Computer Science",https://studiegids.tudelft.nl/courses/study-guide/educations/14233,0,1,1,0,0,0,1,0,0,0,0,0,0,0,0,1,0
Integrated Project 3,EE2L1,Bachelor,"Electrical Engineering, Mathematics and Computer Science",https://studiegids.tudelft.nl/courses/study-guide/educations/14234,0,0,1,0,0,0,0,0,0,0,0,0,0,0,0,1,0
Probability and statistics,EE2M1,Bachelor,"Electrical Engineering, Mathematics and Computer Science",https://studiegids.tudelft.nl/courses/study-guide/educations/14235,0,0,0,0,0,0,0,0,0,0,0,0,0,0,0,0,0
Electromagnetics,EE2P1,Bachelor,"Electrical Engineering, Mathematics and Computer Science",https://studiegids.tudelft.nl/courses/study-guide/educations/14236,0,0,0,0,0,0,0,0,0,0,0,0,0,0,0,0,0
Semiconductor Physics and Devices,EE2P2,Bachelor,"Electrical Engineering, Mathematics and Computer Science",https://studiegids.tudelft.nl/courses/study-guide/educations/14237,0,0,0,0,0,0,0,0,1,0,0,0,0,0,0,0,0
Signals and Systems,EE2S1,Bachelor,"Electrical Engineering, Mathematics and Computer Science",https://studiegids.tudelft.nl/courses/study-guide/educations/14238,0,0,0,0,0,0,0,0,0,0,0,0,0,0,0,0,0
Systems and Control,EE2S2,Bachelor,"Electrical Engineering, Mathematics and Computer Science",https://studiegids.tudelft.nl/courses/study-guide/educations/14239,0,0,0,0,0,0,0,0,0,0,0,0,0,0,0,0,0
Telecommunication and Sensing,EE2T1,Bachelor,"Electrical Engineering, Mathematics and Computer Science",https://studiegids.tudelft.nl/courses/study-guide/educations/14240,0,0,0,0,0,0,0,0,0,0,0,0,0,0,0,0,0
Hardware Implementation Project Definition,EE3057TU,Bachelor,"Electrical Engineering, Mathematics and Computer Science",https://studiegids.tudelft.nl/courses/study-guide/educations/2687,0,0,0,0,0,0,0,0,0,0,0,0,0,0,0,0,0
Sustainable Energy Technologies,EE3105TU,Bachelor,"Electrical Engineering, Mathematics and Computer Science",https://studiegids.tudelft.nl/courses/study-guide/educations/23314,0,0,0,0,0,1,1,0,1,0,0,0,1,0,0,0,0
Digital Communication Systems,EE3115TU,Bachelor,"Electrical Engineering, Mathematics and Computer Science",https://studiegids.tudelft.nl/courses/study-guide/educations/13761,0,0,0,0,0,0,0,0,0,0,0,0,0,0,0,0,0
Guided and Wireless EM Transfer,EE3120TU,Bachelor,"Electrical Engineering, Mathematics and Computer Science",https://studiegids.tudelft.nl/courses/study-guide/educations/13816,0,0,0,0,0,0,0,0,0,0,0,0,0,0,0,0,0
Power Electronics for Robotics,EE3125TU,Bachelor,"Electrical Engineering, Mathematics and Computer Science",https://studiegids.tudelft.nl/courses/study-guide/educations/13762,0,0,0,0,0,0,1,0,1,0,0,0,1,0,0,0,0
Marsrover Project,EE3130TU,Bachelor,"Electrical Engineering, Mathematics and Computer Science",https://studiegids.tudelft.nl/courses/study-guide/educations/13763,0,0,0,0,0,0,1,0,1,0,0,0,0,0,0,0,0
Computer Architecture and Organisation,EE3D1,Bachelor,"Electrical Engineering, Mathematics and Computer Science",https://studiegids.tudelft.nl/courses/study-guide/educations/14243,0,0,0,0,0,0,0,0,0,0,0,0,0,0,0,0,0
Bachelor Graduation Project EE,EE3L1,Bachelor,"Electrical Engineering, Mathematics and Computer Science",https://studiegids.tudelft.nl/courses/study-guide/educations/21753,0,0,0,0,0,0,0,0,0,0,0,0,0,0,0,1,0
Bachelor Graduation Project Electrical Engineering,EE3L11,Bachelor,"Electrical Engineering, Mathematics and Computer Science",https://studiegids.tudelft.nl/courses/study-guide/educations/14244,0,0,0,1,0,0,0,1,1,0,0,0,0,0,0,1,0
Signal Processing,EE3S1,Bachelor,"Electrical Engineering, Mathematics and Computer Science",https://studiegids.tudelft.nl/courses/study-guide/educations/21738,0,0,0,0,0,0,0,0,0,0,0,0,0,0,0,0,0
Antenna Systems,EE4016,Master,"Electrical Engineering, Mathematics and Computer Science",https://studiegids.tudelft.nl/courses/study-guide/educations/14897,0,0,0,0,0,0,0,0,0,0,0,0,0,0,0,0,0
Power Systems Analysis II,EE4107,Master,"Electrical Engineering, Mathematics and Computer Science",https://studiegids.tudelft.nl/courses/study-guide/educations/14855,0,0,0,0,0,0,0,0,1,0,0,0,0,0,0,0,0
Transients in Power Systems,EE4108,Master,"Electrical Engineering, Mathematics and Computer Science",https://studiegids.tudelft.nl/courses/study-guide/educations/14838,0,0,0,0,0,0,0,0,1,0,0,0,0,0,0,0,0
Structured Electronic Design,EE4109,Master,"Electrical Engineering, Mathematics and Computer Science",https://studiegids.tudelft.nl/courses/study-guide/educations/14842,0,0,0,0,0,0,0,0,0,0,0,0,0,0,0,0,0
High-Voltage DC,EE4111,Master,"Electrical Engineering, Mathematics and Computer Science",https://studiegids.tudelft.nl/courses/study-guide/educations/14843,0,0,0,0,0,0,1,0,1,0,0,0,0,0,0,0,0
Power System Protection and Grounding,EE4114,Master,"Electrical Engineering, Mathematics and Computer Science",https://studiegids.tudelft.nl/courses/study-guide/educations/14844,0,0,0,0,0,0,0,0,0,0,0,0,0,0,0,0,0
Power Electronics,EE4116,Master,"Electrical Engineering, Mathematics and Computer Science",https://studiegids.tudelft.nl/courses/study-guide/educations/14857,0,0,0,0,0,0,1,0,1,0,0,0,0,0,0,0,0
"Introduction to UWB technology, systems and applications",EE4173,Master,"Electrical Engineering, Mathematics and Computer Science",https://studiegids.tudelft.nl/courses/study-guide/educations/22044,0,0,0,0,0,0,0,0,0,0,0,0,0,0,0,0,0
Finite Element Modelling for Electrical Energy Applications,EE4375,Master,"Electrical Engineering, Mathematics and Computer Science",https://studiegids.tudelft.nl/courses/study-guide/educations/14845,0,0,0,0,0,0,0,0,0,0,0,0,0,0,0,0,0
Mobile Networks,EE4396,Master,"Electrical Engineering, Mathematics and Computer Science",https://studiegids.tudelft.nl/courses/study-guide/educations/14960,0,0,0,0,0,0,0,0,1,0,0,0,0,0,0,0,0
Cyber Security of Power Grids,EE4410,Master,"Electrical Engineering, Mathematics and Computer Science",https://studiegids.tudelft.nl/courses/study-guide/educations/14846,0,0,0,0,0,0,0,0,0,0,0,0,0,0,0,0,0
Advanced Electromagnetics,EE4510,Master,"Electrical Engineering, Mathematics and Computer Science",https://studiegids.tudelft.nl/courses/study-guide/educations/15259,0,0,0,0,0,0,0,0,0,0,0,0,0,0,0,0,0
Advanced Power Electronics,EE4515,Master,"Electrical Engineering, Mathematics and Computer Science",https://studiegids.tudelft.nl/courses/study-guide/educations/14847,0,0,0,0,0,0,1,0,1,0,0,0,0,0,0,0,0
Analogue CMOS Design I,EE4520,Master,"Electrical Engineering, Mathematics and Computer Science",https://studiegids.tudelft.nl/courses/study-guide/educations/14886,0,0,0,0,0,0,0,0,0,0,0,0,0,0,0,0,0
Analogue CMOS Design II,EE4525,Master,"Electrical Engineering, Mathematics and Computer Science",https://studiegids.tudelft.nl/courses/study-guide/educations/14899,0,0,0,0,0,0,0,0,0,0,0,0,0,0,0,0,0
Applied Convex Optimisation,EE4530,Master,"Electrical Engineering, Mathematics and Computer Science",https://studiegids.tudelft.nl/courses/study-guide/educations/14867,0,0,0,0,0,0,0,0,0,0,0,0,0,0,0,0,0
DC and AC Microgrids,EE4536,Master,"Electrical Engineering, Mathematics and Computer Science",https://studiegids.tudelft.nl/courses/study-guide/educations/14848,0,0,0,0,0,0,1,0,1,0,0,0,0,0,0,0,0
Distributed Signal Processing,EE4540,Master,"Electrical Engineering, Mathematics and Computer Science",https://studiegids.tudelft.nl/courses/study-guide/educations/14962,0,0,0,0,0,0,0,0,0,0,0,0,0,0,0,0,0
Electrical Power Systems of the Future,EE4545,Master,"Electrical Engineering, Mathematics and Computer Science",https://studiegids.tudelft.nl/courses/study-guide/educations/14849,0,0,0,0,0,0,1,0,1,0,0,0,1,0,0,0,0
Active Implantable Biomedical Microsystems,EE4555,Master,"Electrical Engineering, Mathematics and Computer Science",https://studiegids.tudelft.nl/courses/study-guide/educations/14893,0,0,1,0,0,0,0,0,0,0,0,0,0,0,0,1,0
Propagation and Scattering of EM Waves,EE4565,Master,"Electrical Engineering, Mathematics and Computer Science",https://studiegids.tudelft.nl/courses/study-guide/educations/14946,0,0,0,0,0,0,0,0,0,0,0,0,0,0,0,0,0
Semiconductor Device Physics,EE4585,Master,"Electrical Engineering, Mathematics and Computer Science",https://studiegids.tudelft.nl/courses/study-guide/educations/14836,0,0,0,0,0,0,0,0,0,0,0,0,0,0,0,0,0
An Introduction to Wavefield and Magnetic Resonance Imaging,EE4595,Master,"Electrical Engineering, Mathematics and Computer Science",https://studiegids.tudelft.nl/courses/study-guide/educations/14902,0,0,0,0,0,0,0,0,0,0,0,0,0,0,0,0,0
Integrated Circuits for RF/Wireless Applications,EE4605,Master,"Electrical Engineering, Mathematics and Computer Science",https://studiegids.tudelft.nl/courses/study-guide/educations/14888,0,0,0,0,0,0,0,0,1,0,0,0,0,0,0,0,0
Digital IC Design I,EE4610,Master,"Electrical Engineering, Mathematics and Computer Science",https://studiegids.tudelft.nl/courses/study-guide/educations/14889,0,0,0,0,0,0,0,0,0,0,0,0,0,0,0,0,0
Digital IC Design II,EE4615,Master,"Electrical Engineering, Mathematics and Computer Science",https://studiegids.tudelft.nl/courses/study-guide/educations/14903,0,0,0,0,0,0,0,0,0,0,0,0,0,0,0,0,0
Spectral Domain Methods in Electromagnetics,EE4620,Master,"Electrical Engineering, Mathematics and Computer Science",https://studiegids.tudelft.nl/courses/study-guide/educations/15262,0,0,0,0,0,0,0,0,0,0,0,0,0,0,0,0,0
High Voltage Cable System,EE4625,Master,"Electrical Engineering, Mathematics and Computer Science",https://studiegids.tudelft.nl/courses/study-guide/educations/14850,0,0,0,0,0,0,0,0,1,0,0,0,0,0,0,0,0
Telecommunication Network Architectures,EE4630,Master,"Electrical Engineering, Mathematics and Computer Science",https://studiegids.tudelft.nl/courses/study-guide/educations/14966,0,0,0,0,0,0,0,0,0,0,0,0,0,0,0,0,0
High-Efficiency PV Solar Cells,EE4670,Master,"Electrical Engineering, Mathematics and Computer Science",https://studiegids.tudelft.nl/courses/study-guide/educations/14852,0,0,0,0,0,0,1,0,1,0,0,0,1,0,0,0,0
Photovoltaic Modelling,EE4680,Master,"Electrical Engineering, Mathematics and Computer Science",https://studiegids.tudelft.nl/courses/study-guide/educations/14853,0,0,0,0,0,0,1,0,1,0,0,0,1,0,0,0,0
"Machine Learning, a Bayesian Perspective",EE4685,Master,"Electrical Engineering, Mathematics and Computer Science",https://studiegids.tudelft.nl/courses/study-guide/educations/14968,0,0,0,0,0,0,0,0,0,0,0,0,0,0,0,0,0
Hardware Architecture for Artificial Intelligence,EE4690,Master,"Electrical Engineering, Mathematics and Computer Science",https://studiegids.tudelft.nl/courses/study-guide/educations/14904,0,0,0,0,0,0,0,0,0,0,0,0,0,0,0,0,0
Hardware Dependability,EE4695,Master,"Electrical Engineering, Mathematics and Computer Science",https://studiegids.tudelft.nl/courses/study-guide/educations/15194,0,0,0,0,0,0,0,0,0,0,0,0,0,0,0,0,0
Solid State Physics,EE4705,Master,"Electrical Engineering, Mathematics and Computer Science",https://studiegids.tudelft.nl/courses/study-guide/educations/14905,0,0,0,0,0,0,0,0,1,0,0,0,0,0,0,0,0
Solid State Physics with Quantum and Nano Electronics,EE4710,Master,"Electrical Engineering, Mathematics and Computer Science",https://studiegids.tudelft.nl/courses/study-guide/educations/14906,0,0,0,0,0,0,0,0,1,0,0,0,0,0,0,0,0
Array Processing,EE4715,Master,"Electrical Engineering, Mathematics and Computer Science",https://studiegids.tudelft.nl/courses/study-guide/educations/14455,0,0,0,0,0,0,0,0,0,0,0,0,0,0,0,0,0
Quasi Optical Systems,EE4725,Master,"Electrical Engineering, Mathematics and Computer Science",https://studiegids.tudelft.nl/courses/study-guide/educations/15263,0,0,0,0,0,0,0,0,0,0,0,0,0,0,0,0,0
High Frequency Wireless Architectures,EE4730,Master,"Electrical Engineering, Mathematics and Computer Science",https://studiegids.tudelft.nl/courses/study-guide/educations/15264,0,0,0,0,0,0,0,0,0,0,0,0,0,0,0,0,0
Introduction Imaging Sensors,EE4736,Master,"Electrical Engineering, Mathematics and Computer Science",https://studiegids.tudelft.nl/courses/study-guide/educations/14907,0,0,0,0,0,0,0,0,0,0,0,0,0,0,0,0,0
Data Compression: Entropy and Sparsity Perspectives,EE4740,Master,"Electrical Engineering, Mathematics and Computer Science",https://studiegids.tudelft.nl/courses/study-guide/educations/14456,0,0,0,0,0,0,0,0,0,0,0,0,0,0,0,0,0
Superconducting Astronomical Instrumentation,EE4745,Master,"Electrical Engineering, Mathematics and Computer Science",https://studiegids.tudelft.nl/courses/study-guide/educations/14974,0,0,0,0,0,0,0,0,0,0,0,0,0,0,0,0,0
Tensor Networks for Green AI and Signal Processing,EE4750,Master,"Electrical Engineering, Mathematics and Computer Science",https://studiegids.tudelft.nl/courses/study-guide/educations/15018,0,0,1,0,0,0,0,0,0,0,0,0,1,0,0,0,0
Reliable Power Electronic Components and Systems,EE4755,Master,"Electrical Engineering, Mathematics and Computer Science",https://studiegids.tudelft.nl/courses/study-guide/educations/14854,0,0,0,0,0,0,0,0,1,0,0,0,0,0,0,0,0
Probablistic Sensor Fusion,EE4760,Master,"Electrical Engineering, Mathematics and Computer Science",https://studiegids.tudelft.nl/courses/study-guide/educations/15019,0,0,0,0,0,0,0,0,0,0,0,0,0,0,0,0,0
Object classification with radar,EE4775,Master,"Electrical Engineering, Mathematics and Computer Science",https://studiegids.tudelft.nl/courses/study-guide/educations/22046,0,0,0,0,0,0,0,0,0,0,0,0,0,0,0,0,0
Fundamentals of photonic integrated circuits,EE4780,Master,"Electrical Engineering, Mathematics and Computer Science",https://studiegids.tudelft.nl/courses/study-guide/educations/22115,0,0,0,0,0,0,0,0,1,0,0,0,0,0,0,0,0
Profile Orientation and Academic Skills,EE4C01,Master,"Electrical Engineering, Mathematics and Computer Science",https://studiegids.tudelft.nl/courses/study-guide/educations/14826,0,0,0,1,0,0,0,0,0,0,0,0,0,0,0,1,0
Statistical Digital Signal Processing and Modelling,EE4C03,Master,"Electrical Engineering, Mathematics and Computer Science",https://studiegids.tudelft.nl/courses/study-guide/educations/14827,0,0,0,0,0,0,0,0,0,0,0,0,0,0,0,0,0
Control System Design,EE4C04,Master,"Electrical Engineering, Mathematics and Computer Science",https://studiegids.tudelft.nl/courses/study-guide/educations/14828,0,0,0,0,0,0,0,0,0,0,0,0,0,0,0,0,0
Electromagnetics,EE4C05,Master,"Electrical Engineering, Mathematics and Computer Science",https://studiegids.tudelft.nl/courses/study-guide/educations/14829,0,0,0,0,0,0,0,0,0,0,0,0,0,0,0,0,0
Network Science,EE4C06,Master,"Electrical Engineering, Mathematics and Computer Science",https://studiegids.tudelft.nl/courses/study-guide/educations/14457,0,0,0,0,0,0,0,0,0,0,0,0,0,0,0,0,0
Measurement and Instrumentation,EE4C08,Master,"Electrical Engineering, Mathematics and Computer Science",https://studiegids.tudelft.nl/courses/study-guide/educations/14831,0,0,0,0,0,0,0,0,0,0,0,0,0,0,0,0,0
Analogue Circuit Design Fundamentals,EE4C10,Master,"Electrical Engineering, Mathematics and Computer Science",https://studiegids.tudelft.nl/courses/study-guide/educations/14832,0,0,0,0,0,0,0,0,0,0,0,0,0,0,0,0,0
Systems Engineering,EE4C11,Master,"Electrical Engineering, Mathematics and Computer Science",https://studiegids.tudelft.nl/courses/study-guide/educations/14833,0,0,0,0,0,0,0,0,0,0,0,0,0,0,0,0,0
Machine Learning for Electrical Engineering Applications,EE4C12,Master,"Electrical Engineering, Mathematics and Computer Science",https://studiegids.tudelft.nl/courses/study-guide/educations/14834,0,0,0,0,0,0,0,0,0,0,0,0,0,0,0,0,0
Wireless Systems for Electrical Engineering Applications,EE4C13,Master,"Electrical Engineering, Mathematics and Computer Science",https://studiegids.tudelft.nl/courses/study-guide/educations/14835,0,0,0,0,0,0,0,0,0,0,0,0,0,0,0,0,0
Internship 10-15 ECTS,EE5010,Master,"Electrical Engineering, Mathematics and Computer Science",https://studiegids.tudelft.nl/courses/study-guide/educations/15036,0,0,0,0,0,0,0,0,0,0,0,0,0,0,0,0,0
Sensor Signal and Data Processing,EE5020,Master,"Electrical Engineering, Mathematics and Computer Science",https://studiegids.tudelft.nl/courses/study-guide/educations/14975,0,0,0,0,0,0,0,0,0,0,0,0,0,0,0,0,0
Introduction to Machine Learning,EEX01,Bachelor,"Electrical Engineering, Mathematics and Computer Science",https://studiegids.tudelft.nl/courses/study-guide/educations/14564,0,0,0,0,0,0,0,0,0,0,0,0,0,0,0,0,0
Communication Networks and Algorithms,EEX02,Bachelor,"Electrical Engineering, Mathematics and Computer Science",https://studiegids.tudelft.nl/courses/study-guide/educations/14565,0,0,0,0,0,0,0,0,0,0,0,0,0,0,0,0,0
Microwave Engineering,EEX03,Bachelor,"Electrical Engineering, Mathematics and Computer Science",https://studiegids.tudelft.nl/courses/study-guide/educations/14566,0,0,0,0,0,0,0,0,0,0,0,0,0,0,0,0,0
Technologies for Energy Transition,EEX04,Bachelor,"Electrical Engineering, Mathematics and Computer Science",https://studiegids.tudelft.nl/courses/study-guide/educations/14567,0,0,0,0,0,0,1,0,1,0,0,0,1,0,0,0,0
Chip Design,EEX05,Bachelor,"Electrical Engineering, Mathematics and Computer Science",https://studiegids.tudelft.nl/courses/study-guide/educations/14568,0,0,0,0,0,0,0,0,0,0,0,0,0,0,0,0,0
Extension Research Internship,ENVM0121,Master,Civil Engineering and Geosciences,https://studiegids.tudelft.nl/courses/study-guide/educations/18896,0,0,0,0,0,0,0,0,0,0,0,0,0,0,0,0,0
Principles of Environmental Engineering,ENVM1000,Master,Civil Engineering and Geosciences,https://studiegids.tudelft.nl/courses/study-guide/educations/18878,0,0,1,0,0,1,0,0,0,0,0,0,1,0,0,1,0
Fundamentals of R and WE,ENVM1100,Master,Civil Engineering and Geosciences,https://studiegids.tudelft.nl/courses/study-guide/educations/18890,0,0,0,0,0,1,0,0,1,0,0,1,1,0,0,0,0
Resource Engineering,ENVM1200-23,Master,Civil Engineering and Geosciences,https://studiegids.tudelft.nl/courses/study-guide/educations/18891,0,0,0,0,0,0,0,0,1,0,1,1,1,0,0,0,0
Waste Processing Technologies,ENVM1300,Master,Civil Engineering and Geosciences,https://studiegids.tudelft.nl/courses/study-guide/educations/18892,0,0,0,0,0,0,0,0,1,0,1,1,1,0,0,0,0
Reactive Resources and Wastes,ENVM1301,Master,Civil Engineering and Geosciences,https://studiegids.tudelft.nl/courses/study-guide/educations/18893,0,0,1,0,0,1,0,0,1,0,0,1,1,0,0,0,0
"Quality, Quantity and Design, Information and Advice",ENVM1401,Master,Civil Engineering and Geosciences,https://studiegids.tudelft.nl/courses/study-guide/educations/18882,0,0,0,0,0,1,0,0,0,0,0,0,0,0,0,0,0
Water Quality and Principles of Environmental Engineering,ENVM1500,Master,Civil Engineering and Geosciences,https://studiegids.tudelft.nl/courses/study-guide/educations/18883,0,0,1,0,0,1,0,0,0,0,0,0,0,0,0,0,0
Design and Modeling of Urban Water Infrastructure Systems,ENVM1501,Master,Civil Engineering and Geosciences,https://studiegids.tudelft.nl/courses/study-guide/educations/18884,0,0,1,0,0,1,0,0,0,0,0,0,0,0,0,0,0
River Basin Hydrology and Water Management,ENVM1502,Master,Civil Engineering and Geosciences,https://studiegids.tudelft.nl/courses/study-guide/educations/18885,0,0,0,0,0,1,0,0,0,0,0,0,1,0,0,0,0
Water Treatment Technologies,ENVM1600,Master,Civil Engineering and Geosciences,https://studiegids.tudelft.nl/courses/study-guide/educations/18886,0,0,1,0,0,1,0,0,0,0,1,1,0,0,0,0,0
"Operation, Control, Management and Adoption of Urban Water Infrastructure Systems",ENVM1601,Master,Civil Engineering and Geosciences,https://studiegids.tudelft.nl/courses/study-guide/educations/18887,0,0,1,0,0,1,0,0,0,0,0,1,1,0,0,0,0
Groundwater modelling,ENVM1602-2,Master,Civil Engineering and Geosciences,https://studiegids.tudelft.nl/courses/study-guide/educations/18898,0,0,0,0,0,1,0,0,0,0,0,0,0,0,0,0,0
Regional Hydrology,ENVM1602-24,Master,Civil Engineering and Geosciences,https://studiegids.tudelft.nl/courses/study-guide/educations/18888,0,0,0,0,0,1,0,0,0,0,0,0,0,0,0,0,0
Water Resources Engineering and Management,ENVM1603,Master,Civil Engineering and Geosciences,https://studiegids.tudelft.nl/courses/study-guide/educations/18889,0,0,0,0,0,1,0,0,0,0,0,0,1,0,0,0,1
Fundamentals of AEE,ENVM1700,Master,Civil Engineering and Geosciences,https://studiegids.tudelft.nl/courses/study-guide/educations/18879,0,0,1,0,0,0,0,0,0,0,0,0,0,0,0,0,0
Atmospheric Measurements and Modelling,ENVM1800,Master,Civil Engineering and Geosciences,https://studiegids.tudelft.nl/courses/study-guide/educations/18880,0,0,0,0,0,0,0,0,1,0,1,0,0,0,0,1,0
Atmospheric Measurement Techniques for Urban Environments,ENVM1800-1,Master,Civil Engineering and Geosciences,https://studiegids.tudelft.nl/courses/study-guide/educations/18899,0,0,0,0,0,0,0,0,0,0,1,0,1,0,0,0,0
Modelling of Urban Flows,ENVM1800-2,Master,Civil Engineering and Geosciences,https://studiegids.tudelft.nl/courses/study-guide/educations/18900,0,0,0,0,0,0,0,0,0,0,0,0,0,0,0,0,0
Grand Challenges in AEE,ENVM1900,Master,Civil Engineering and Geosciences,https://studiegids.tudelft.nl/courses/study-guide/educations/18881,0,0,1,0,0,0,1,0,0,0,1,0,1,0,0,0,0
Industry Water,ENVM2100,Master,Civil Engineering and Geosciences,https://studiegids.tudelft.nl/courses/study-guide/educations/18901,0,0,0,0,0,1,1,0,1,0,0,1,0,0,0,0,0
Water and Health,ENVM2102,Master,Civil Engineering and Geosciences,https://studiegids.tudelft.nl/courses/study-guide/educations/18902,0,0,1,0,0,1,0,0,0,0,0,0,0,0,0,0,0
Design Nature Based Solutions in Water Management Using Aquatic Ecology and Morphodynamic Principles,ENVM2104-25,Master,Civil Engineering and Geosciences,https://studiegids.tudelft.nl/courses/study-guide/educations/18903,0,0,0,0,0,1,0,0,1,0,0,0,1,0,0,0,0
Water Law and Organisation,ENVM2105,Master,Civil Engineering and Geosciences,https://studiegids.tudelft.nl/courses/study-guide/educations/18904,0,0,0,0,0,1,0,0,0,0,0,0,0,0,0,0,0
Engineering and Development,ENVM2106,Master,Civil Engineering and Geosciences,https://studiegids.tudelft.nl/courses/study-guide/educations/18905,0,0,0,0,0,0,0,0,0,0,0,0,0,0,0,0,1
Capita Selecta ENVM (4),ENVM2204,Master,Civil Engineering and Geosciences,https://studiegids.tudelft.nl/courses/study-guide/educations/21702,0,0,0,0,0,0,0,0,0,0,0,0,0,0,0,0,0
Capita Selecta ENVM (5),ENVM2205,Master,Civil Engineering and Geosciences,https://studiegids.tudelft.nl/courses/study-guide/educations/21703,0,0,0,0,0,0,0,0,0,0,0,0,0,0,0,0,0
Capita Selecta ENVM (6),ENVM2206,Master,Civil Engineering and Geosciences,https://studiegids.tudelft.nl/courses/study-guide/educations/21704,0,0,0,0,0,0,0,0,0,0,0,0,0,0,0,0,0
Internship Environmental Engineering,ENVM3000,Master,Civil Engineering and Geosciences,https://studiegids.tudelft.nl/courses/study-guide/educations/18897,0,0,0,0,0,0,0,0,0,0,0,0,0,0,0,0,0
Master Thesis Preparation and Portfolio Environmental Engineering,ENVM4000,Master,Civil Engineering and Geosciences,https://studiegids.tudelft.nl/courses/study-guide/educations/18915,0,0,0,1,0,0,0,0,0,0,0,0,0,0,0,1,0
Master Thesis Environmental Engineering,ENVM4010,Master,Civil Engineering and Geosciences,https://studiegids.tudelft.nl/courses/study-guide/educations/18916,0,0,0,0,0,0,0,0,0,0,0,0,0,0,0,0,0
Transport Processes in Environmental Science and Engineering,ENVQ1000A,Master,Civil Engineering and Geosciences,https://studiegids.tudelft.nl/courses/study-guide/educations/1608,0,0,0,0,0,0,0,0,0,0,0,0,0,0,0,0,0
Integrated Water Management,ENVQ1000C,Master,Civil Engineering and Geosciences,https://studiegids.tudelft.nl/courses/study-guide/educations/1609,0,0,0,0,0,1,0,0,0,0,0,0,0,0,0,0,0
Integrated Project: Leapfrog Environmental Degradation,ENVQ1000C2,Master,Civil Engineering and Geosciences,https://studiegids.tudelft.nl/courses/study-guide/educations/1610,0,0,0,0,0,0,0,0,0,0,0,0,0,0,0,0,0
Materials Separation in Waste Processing,ENVQ1200A,Master,Civil Engineering and Geosciences,https://studiegids.tudelft.nl/courses/study-guide/educations/1611,0,0,0,0,0,0,0,0,0,0,0,0,0,0,0,0,0
Hydrological Processes and Measurements,ENVQ1400A,Master,Civil Engineering and Geosciences,https://studiegids.tudelft.nl/courses/study-guide/educations/1612,0,0,0,0,0,1,0,0,0,0,0,0,0,0,0,0,0
Chemical Conversions in Environmental Engineering,ENVQ1500A1,Master,Civil Engineering and Geosciences,https://studiegids.tudelft.nl/courses/study-guide/educations/1613,0,0,1,0,0,0,0,0,0,0,0,0,0,0,0,0,0
Environmental Biotechnology en Microbiology,ENVQ1500A2,Master,Civil Engineering and Geosciences,https://studiegids.tudelft.nl/courses/study-guide/educations/1614,0,0,1,0,0,0,0,0,0,0,0,0,0,0,0,0,0
"Hydrology of Catchments, Rivers and Landscapes",ENVQ1502A,Master,Civil Engineering and Geosciences,https://studiegids.tudelft.nl/courses/study-guide/educations/1615,0,1,1,0,0,1,0,0,0,0,0,0,1,0,0,0,0
Hydrological Modelling,ENVQ1502C,Master,Civil Engineering and Geosciences,https://studiegids.tudelft.nl/courses/study-guide/educations/1616,0,0,0,0,0,1,0,0,0,0,0,0,1,0,0,0,0
Water Treatment,ENVQ1600,Master,Civil Engineering and Geosciences,https://studiegids.tudelft.nl/courses/study-guide/educations/1617,0,0,1,0,0,1,0,0,0,0,0,0,0,0,0,0,0
Design of Water Treatment Plants,ENVQ1600A1,Master,Civil Engineering and Geosciences,https://studiegids.tudelft.nl/courses/study-guide/educations/1618,0,0,1,0,0,1,0,0,0,0,0,0,0,0,0,0,0
Water Treatment Research,ENVQ1600A2,Master,Civil Engineering and Geosciences,https://studiegids.tudelft.nl/courses/study-guide/educations/1619,0,0,1,0,0,1,0,0,0,0,0,0,0,0,0,0,0
Conceptual Process Design,ENVQ1600A3,Master,Civil Engineering and Geosciences,https://studiegids.tudelft.nl/courses/study-guide/educations/1620,0,0,0,0,0,1,0,0,0,0,0,0,0,0,0,0,0
Urban Water Transport Infrastructure,ENVQ1601,Master,Civil Engineering and Geosciences,https://studiegids.tudelft.nl/courses/study-guide/educations/1621,0,0,0,0,0,1,0,0,0,0,0,0,0,0,0,0,0
Hydrological and Ecological Fieldwork in River Systems,ENVQ1602C,Master,Civil Engineering and Geosciences,https://studiegids.tudelft.nl/courses/study-guide/educations/1623,0,0,0,0,0,1,0,0,0,0,0,0,0,0,0,0,0
"Water Systems, People and Society",ENVQ1603A,Master,Civil Engineering and Geosciences,https://studiegids.tudelft.nl/courses/study-guide/educations/1624,0,0,0,0,0,1,0,0,0,0,0,0,0,0,0,0,0
Hydroeconomic Modelling,ENVQ1603B,Master,Civil Engineering and Geosciences,https://studiegids.tudelft.nl/courses/study-guide/educations/1625,0,0,0,0,0,1,0,0,0,0,0,0,0,0,0,0,0
Operational Water Management,ENVQ1603C,Master,Civil Engineering and Geosciences,https://studiegids.tudelft.nl/courses/study-guide/educations/1626,0,0,0,0,0,1,0,0,0,0,0,0,0,0,0,0,0
Air Quality,ENVQ1700,Master,Civil Engineering and Geosciences,https://studiegids.tudelft.nl/courses/study-guide/educations/1627,0,0,1,0,0,0,0,0,0,0,1,0,1,0,0,0,0
Remote Sensing for Environmental Monitoring,ENVQ1800,Master,Civil Engineering and Geosciences,https://studiegids.tudelft.nl/courses/study-guide/educations/1628,0,0,0,0,0,0,0,0,0,0,0,0,1,0,0,0,0
Urban Climate and Hydrology,ENVQ1900,Master,Civil Engineering and Geosciences,https://studiegids.tudelft.nl/courses/study-guide/educations/1629,0,0,0,0,0,0,0,0,0,0,0,0,1,0,0,0,0
Policy Analysis for International Challenges,EPA111A,Master,"Technology, Policy and Management",https://studiegids.tudelft.nl/courses/study-guide/educations/20201,0,0,1,0,0,0,1,0,0,0,0,0,1,0,0,1,0
Programming for Data Science,EPA112A,Master,"Technology, Policy and Management",https://studiegids.tudelft.nl/courses/study-guide/educations/20202,0,0,0,0,0,0,0,0,0,0,0,0,0,0,0,0,0
Political Decision Making,EPA113A,Master,"Technology, Policy and Management",https://studiegids.tudelft.nl/courses/study-guide/educations/20203,0,0,0,0,0,0,0,0,0,0,0,0,0,0,0,0,0
Oral Presentation,EPA114A,Master,"Technology, Policy and Management",https://studiegids.tudelft.nl/courses/study-guide/educations/20301,0,0,0,0,0,0,0,0,0,0,0,0,0,0,0,0,0
Actor and Strategy Models,EPA121A,Master,"Technology, Policy and Management",https://studiegids.tudelft.nl/courses/study-guide/educations/20204,0,0,0,0,0,0,0,0,0,0,0,0,0,0,0,0,0
Spatial Data Science,EPA122A,Master,"Technology, Policy and Management",https://studiegids.tudelft.nl/courses/study-guide/educations/20373,0,0,0,0,0,0,0,0,0,1,1,0,1,0,0,0,0
Introduction to TPM Modelling,EPA123A,Master,"Technology, Policy and Management",https://studiegids.tudelft.nl/courses/study-guide/educations/20374,0,0,0,0,0,0,0,0,0,0,0,0,0,0,0,0,0
Behaviour in Transitions,EPA131A,Master,"Technology, Policy and Management",https://studiegids.tudelft.nl/courses/study-guide/educations/20206,0,0,0,0,0,0,0,0,0,0,0,0,0,0,0,0,0
Advanced System Dynamics,EPA132A,Master,"Technology, Policy and Management",https://studiegids.tudelft.nl/courses/study-guide/educations/20207,0,0,0,0,0,0,0,0,0,0,0,0,0,0,0,0,0
Advanced Simulation,EPA133A,Master,"Technology, Policy and Management",https://studiegids.tudelft.nl/courses/study-guide/educations/20208,0,0,0,0,0,0,0,0,0,0,0,0,0,0,0,0,0
Model-based Decision-Making,EPA141A,Master,"Technology, Policy and Management",https://studiegids.tudelft.nl/courses/study-guide/educations/20209,0,0,0,1,0,0,0,0,0,0,0,0,0,0,0,1,1
Ethics of Large System Interventions,EPA142A,Master,"Technology, Policy and Management",https://studiegids.tudelft.nl/courses/study-guide/educations/20210,0,0,1,0,0,0,1,0,1,0,0,0,1,0,0,0,0
Macro-economics for Policy Analysis,EPA143A,Master,"Technology, Policy and Management",https://studiegids.tudelft.nl/courses/study-guide/educations/20211,0,0,0,0,0,0,0,1,0,0,0,0,0,0,0,0,0
Societal Challenge Project,EPA221B,Master,"Technology, Policy and Management",https://studiegids.tudelft.nl/courses/study-guide/educations/21087,0,0,0,0,0,0,0,0,0,0,0,0,0,0,0,0,0
Preparation Master Thesis,EPA222A,Master,"Technology, Policy and Management",https://studiegids.tudelft.nl/courses/study-guide/educations/20216,0,0,0,0,0,0,0,0,0,0,0,0,0,0,0,0,0
Academic Writing,EPA223A,Master,"Technology, Policy and Management",https://studiegids.tudelft.nl/courses/study-guide/educations/20302,0,0,0,0,0,0,0,0,0,0,0,0,0,0,0,0,0
Master Thesis EPA,EPA2942,Master,"Technology, Policy and Management",https://studiegids.tudelft.nl/courses/study-guide/educations/20217,0,0,0,0,0,0,0,0,0,0,0,0,0,0,0,0,0
Circuit Analysis,ET3033TU,Bachelor,"Electrical Engineering, Mathematics and Computer Science",https://studiegids.tudelft.nl/courses/study-guide/educations/13764,0,0,0,0,0,0,0,0,0,0,0,0,0,0,0,0,0
Solar Energy,ET3034TU,Bachelor,"Electrical Engineering, Mathematics and Computer Science",https://studiegids.tudelft.nl/courses/study-guide/educations/23317,0,0,0,0,0,0,1,0,1,0,0,1,1,0,0,0,0
Hardware Implementation Project,ET3056TU,Bachelor,"Electrical Engineering, Mathematics and Computer Science",https://studiegids.tudelft.nl/courses/study-guide/educations/2690,0,0,0,0,0,0,0,0,0,0,0,0,0,0,0,0,0
Electronic Circuits,ET3604LR,Bachelor,"Electrical Engineering, Mathematics and Computer Science",https://studiegids.tudelft.nl/courses/study-guide/educations/14356,0,0,0,0,0,0,0,0,0,0,0,0,0,0,0,0,0
Electronic Circuits,ET3604LRP,Bachelor,"Electrical Engineering, Mathematics and Computer Science",https://studiegids.tudelft.nl/courses/study-guide/educations/2424,0,0,0,0,0,0,0,0,0,0,0,0,0,0,0,0,0
Error Correcting Codes,ET4030,Master,"Electrical Engineering, Mathematics and Computer Science",https://studiegids.tudelft.nl/courses/study-guide/educations/14458,0,0,0,0,0,0,0,0,0,0,0,0,0,0,0,0,0
Telecom Business Architectures and Models,ET4034,Master,"Electrical Engineering, Mathematics and Computer Science",https://studiegids.tudelft.nl/courses/study-guide/educations/14977,0,0,0,0,0,0,0,0,0,0,0,0,0,0,0,0,0
High Voltage Technology,ET4103,Master,"Electrical Engineering, Mathematics and Computer Science",https://studiegids.tudelft.nl/courses/study-guide/educations/14837,0,0,0,0,0,0,0,0,0,0,0,0,0,0,0,0,0
Power Systems Dynamics,ET4113,Master,"Electrical Engineering, Mathematics and Computer Science",https://studiegids.tudelft.nl/courses/study-guide/educations/14856,0,0,0,0,0,0,0,0,1,0,0,0,1,0,0,0,0
Electrical Machines and Drives,ET4117,Master,"Electrical Engineering, Mathematics and Computer Science",https://studiegids.tudelft.nl/courses/study-guide/educations/14839,0,0,0,0,0,0,0,0,0,0,0,0,0,0,0,0,0
Electronic Power Conversion,ET4119,Master,"Electrical Engineering, Mathematics and Computer Science",https://studiegids.tudelft.nl/courses/study-guide/educations/14840,0,0,0,0,0,0,0,0,0,0,0,0,0,0,0,0,0
AC Machines,ET4121,Master,"Electrical Engineering, Mathematics and Computer Science",https://studiegids.tudelft.nl/courses/study-guide/educations/14858,0,0,0,0,0,0,0,0,0,0,0,0,0,0,0,0,0
Themes in Biomedical Electronics,ET4127,Master,"Electrical Engineering, Mathematics and Computer Science",https://studiegids.tudelft.nl/courses/study-guide/educations/14908,0,0,1,0,0,0,0,0,0,0,0,0,0,0,0,0,0
Bioelectricity,ET4130,Master,"Electrical Engineering, Mathematics and Computer Science",https://studiegids.tudelft.nl/courses/study-guide/educations/15226,0,0,1,0,0,0,0,0,0,0,0,0,0,0,0,0,0
Radar I: From Basic Principles to Applications,ET4169,Master,"Electrical Engineering, Mathematics and Computer Science",https://studiegids.tudelft.nl/courses/study-guide/educations/15268,0,0,0,0,0,0,0,0,0,0,0,0,0,0,0,0,0
Radar II: Theory and System Design,ET4175,Master,"Electrical Engineering, Mathematics and Computer Science",https://studiegids.tudelft.nl/courses/study-guide/educations/14980,0,0,0,0,0,0,0,0,0,0,0,0,0,0,0,0,0
Analogue Integrated Circuit Design,ET4252,Master,"Electrical Engineering, Mathematics and Computer Science",https://studiegids.tudelft.nl/courses/study-guide/educations/14910,0,0,0,0,0,0,0,0,0,0,0,0,0,0,0,0,0
Sensors and Actuators,ET4257,Master,"Electrical Engineering, Mathematics and Computer Science",https://studiegids.tudelft.nl/courses/study-guide/educations/14890,0,0,0,0,0,0,0,0,0,0,0,0,0,0,0,0,0
Microsystems Design and Modelling,ET4260,Master,"Electrical Engineering, Mathematics and Computer Science",https://studiegids.tudelft.nl/courses/study-guide/educations/14911,0,0,0,0,0,0,0,0,0,0,0,0,0,0,0,0,0
Microelectronics Reliability,ET4277,Master,"Electrical Engineering, Mathematics and Computer Science",https://studiegids.tudelft.nl/courses/study-guide/educations/14868,0,0,0,0,0,0,0,0,0,0,0,0,0,0,0,0,0
Over-Sampled Data Converters,ET4278,Master,"Electrical Engineering, Mathematics and Computer Science",https://studiegids.tudelft.nl/courses/study-guide/educations/14913,0,0,0,0,0,0,0,0,0,0,0,0,0,0,0,0,0
Integrated Circuits and MEMS Technology,ET4289,Master,"Electrical Engineering, Mathematics and Computer Science",https://studiegids.tudelft.nl/courses/study-guide/educations/14891,0,0,0,0,0,0,0,0,0,0,0,0,0,0,0,0,0
Control of Electrical Drives,ET4291,Master,"Electrical Engineering, Mathematics and Computer Science",https://studiegids.tudelft.nl/courses/study-guide/educations/14859,0,0,0,0,0,0,0,0,0,0,0,0,0,0,0,0,0
Digital Modelling of Electric Powertrain,ET4291SET,Master,"Electrical Engineering, Mathematics and Computer Science",https://studiegids.tudelft.nl/courses/study-guide/educations/13836,0,0,0,0,0,0,0,0,1,0,0,0,0,0,0,0,0
Master Thesis EE,ET4300,Master,"Electrical Engineering, Mathematics and Computer Science",https://studiegids.tudelft.nl/courses/study-guide/educations/14874,0,0,0,0,0,0,0,0,0,0,0,0,0,0,0,0,0
Research Project at Industry,ET4300-I,Master,"Electrical Engineering, Mathematics and Computer Science",https://studiegids.tudelft.nl/courses/study-guide/educations/15037,0,0,0,0,0,0,0,0,0,0,0,0,0,0,0,0,0
Digital VLSI Systems on Chip,ET4351,Master,"Electrical Engineering, Mathematics and Computer Science",https://studiegids.tudelft.nl/courses/study-guide/educations/14914,0,0,0,0,0,0,0,0,0,0,0,0,0,0,0,0,0
Fundamentals of Wireless Communications,ET4358,Master,"Electrical Engineering, Mathematics and Computer Science",https://studiegids.tudelft.nl/courses/study-guide/educations/14947,0,0,0,0,0,0,0,0,0,0,0,0,0,0,0,0,0
Nyquist-Rate Data Converters,ET4369,Master,"Electrical Engineering, Mathematics and Computer Science",https://studiegids.tudelft.nl/courses/study-guide/educations/14916,0,0,0,0,0,0,0,0,0,0,0,0,0,0,0,0,0
Mixed-mode Wireless transceivers,ET4371,Master,"Electrical Engineering, Mathematics and Computer Science",https://studiegids.tudelft.nl/courses/study-guide/educations/14917,0,0,0,0,0,0,0,0,0,0,0,0,0,0,0,0,0
Photovoltaic Fundamentals,ET4376,Master,"Electrical Engineering, Mathematics and Computer Science",https://studiegids.tudelft.nl/courses/study-guide/educations/14841,0,0,0,0,0,0,1,0,1,0,0,0,1,0,0,0,0
Photovoltaic Technologies,ET4377,Master,"Electrical Engineering, Mathematics and Computer Science",https://studiegids.tudelft.nl/courses/study-guide/educations/14860,0,0,0,0,0,0,1,0,1,0,0,0,1,0,0,0,0
Photovoltaic Systems,ET4378,Master,"Electrical Engineering, Mathematics and Computer Science",https://studiegids.tudelft.nl/courses/study-guide/educations/14861,0,0,0,0,0,0,1,0,1,0,0,0,1,0,0,0,0
Photovoltaic Lab Course,ET4379,Master,"Electrical Engineering, Mathematics and Computer Science",https://studiegids.tudelft.nl/courses/study-guide/educations/14862,0,0,0,0,0,0,1,0,1,0,0,0,1,0,0,0,0
Power Conversion Techniques in CMOS Technology,ET4382,Master,"Electrical Engineering, Mathematics and Computer Science",https://studiegids.tudelft.nl/courses/study-guide/educations/14922,0,0,0,0,0,0,1,0,1,0,0,0,0,0,0,0,0
Estimation and Detection,ET4386,Master,"Electrical Engineering, Mathematics and Computer Science",https://studiegids.tudelft.nl/courses/study-guide/educations/14948,0,0,0,0,0,0,0,0,0,0,0,0,0,0,0,0,0
Advanced Microelectronics Packaging,ET4391,Master,"Electrical Engineering, Mathematics and Computer Science",https://studiegids.tudelft.nl/courses/study-guide/educations/14923,0,0,0,0,0,0,0,0,1,0,0,0,0,0,0,0,0
Research Project at University (max. 15EC),ET4399,Master,"Electrical Engineering, Mathematics and Computer Science",https://studiegids.tudelft.nl/courses/study-guide/educations/15038,0,0,0,0,0,0,0,0,0,0,0,0,0,0,0,0,0
IC-Technology Lab,ET4ICP,Master,"Electrical Engineering, Mathematics and Computer Science",https://studiegids.tudelft.nl/courses/study-guide/educations/14924,0,0,0,0,0,0,0,0,0,0,0,0,0,0,0,0,0
Structured Electronic Design Laboratory,ET8011MSC,Master,"Electrical Engineering, Mathematics and Computer Science",https://studiegids.tudelft.nl/courses/study-guide/educations/14925,0,0,0,0,0,0,0,0,0,0,0,0,0,0,0,0,0
High Voltage Testing and Diagnostics,ET8020,Master,"Electrical Engineering, Mathematics and Computer Science",https://studiegids.tudelft.nl/courses/study-guide/educations/14863,0,0,0,0,0,0,1,1,1,0,0,0,0,0,0,0,0
Computer Science Project,EWI3615TU,Bachelor,"Electrical Engineering, Mathematics and Computer Science",https://studiegids.tudelft.nl/courses/study-guide/educations/14370,0,0,0,0,0,0,0,0,0,0,0,0,0,0,0,0,0
Python Programming for Geomatics,GEO1000,Master,Architecture and the Built Environment,https://studiegids.tudelft.nl/courses/study-guide/educations/10677,0,0,0,0,0,0,0,0,0,0,0,0,0,0,0,0,0
Sensing Technologies,GEO1001,Master,Architecture and the Built Environment,https://studiegids.tudelft.nl/courses/study-guide/educations/10678,0,0,0,0,0,0,0,0,0,0,0,0,0,0,0,0,0
Geographical Information Systems (GIS) and Cartography,GEO1002,Master,Architecture and the Built Environment,https://studiegids.tudelft.nl/courses/study-guide/educations/10679,0,0,0,0,0,0,0,0,0,0,1,0,1,0,0,0,0
Positioning and Location Awareness,GEO1003,Master,Architecture and the Built Environment,https://studiegids.tudelft.nl/courses/study-guide/educations/10680,0,0,0,0,0,0,0,0,0,0,1,0,0,0,0,1,0
3D Modelling of the Built Environment,GEO1004,Master,Architecture and the Built Environment,https://studiegids.tudelft.nl/courses/study-guide/educations/10683,0,0,0,0,0,0,0,0,0,0,0,0,0,0,0,0,0
Geo Database Management Systems,GEO1006,Master,Architecture and the Built Environment,https://studiegids.tudelft.nl/courses/study-guide/educations/10681,0,0,0,0,0,0,0,0,0,0,0,0,0,0,0,0,0
Geoweb Technology,GEO1007,Master,Architecture and the Built Environment,https://studiegids.tudelft.nl/courses/study-guide/educations/10684,0,0,0,0,0,0,0,0,1,0,1,0,0,0,0,0,0
Geo-information Governance,GEO1009,Master,Architecture and the Built Environment,https://studiegids.tudelft.nl/courses/study-guide/educations/10685,0,0,0,0,0,0,0,0,1,0,0,0,0,0,0,0,1
Digital Terrain Modelling,GEO1015,Master,Architecture and the Built Environment,https://studiegids.tudelft.nl/courses/study-guide/educations/10682,0,0,0,0,0,0,0,0,0,0,0,0,1,0,0,0,0
Photogrammetry and 3D Computer Vision,GEO1016,Master,Architecture and the Built Environment,https://studiegids.tudelft.nl/courses/study-guide/educations/10686,0,0,0,0,0,0,0,0,0,0,0,0,0,0,0,0,0
Geomatics Graduation Studio,GEO2021,Master,Architecture and the Built Environment,https://studiegids.tudelft.nl/courses/study-guide/educations/12135,0,0,0,0,0,0,0,0,0,0,0,0,0,0,0,0,0
Research Assignment,GEO5010,Master,Architecture and the Built Environment,https://studiegids.tudelft.nl/courses/study-guide/educations/11190,0,0,0,0,0,0,0,0,0,0,0,0,0,0,0,0,0
Geomatics as Support for Energy Applications,GEO5014,Master,Architecture and the Built Environment,https://studiegids.tudelft.nl/courses/study-guide/educations/22240,0,0,0,0,0,0,1,0,1,0,1,0,1,0,0,0,0
Geomatics in Practice,GEO5016,Master,Architecture and the Built Environment,https://studiegids.tudelft.nl/courses/study-guide/educations/11194,0,0,0,1,0,0,0,0,0,0,0,0,0,0,0,0,0
Machine Learning for the Built Environment,GEO5017,Master,Architecture and the Built Environment,https://studiegids.tudelft.nl/courses/study-guide/educations/11195,0,0,0,0,0,0,0,0,0,0,0,0,0,0,0,0,0
Geomatics Studio,GEO5019,Master,Architecture and the Built Environment,https://studiegids.tudelft.nl/courses/study-guide/educations/12114,0,0,0,0,0,0,0,0,0,0,0,0,0,0,0,0,0
Synthesis project,GEOIT1501,Master,Architecture and the Built Environment,https://studiegids.tudelft.nl/courses/study-guide/educations/12120,0,0,0,0,0,0,0,0,0,0,0,0,0,0,0,0,0
Graduation Project (IPD),ID4190-16,Master,Industrial Design Engineering,https://studiegids.tudelft.nl/courses/study-guide/educations/12636,0,0,0,0,0,0,0,0,0,0,0,0,0,0,0,0,0
Graduation Project DfI,ID4290-16,Master,Industrial Design Engineering,https://studiegids.tudelft.nl/courses/study-guide/educations/12585,0,0,0,0,0,0,0,0,0,0,0,0,0,0,0,0,0
Graduation Project (SPD),ID4390-16,Master,Industrial Design Engineering,https://studiegids.tudelft.nl/courses/study-guide/educations/12687,0,0,0,0,0,0,0,0,0,0,0,0,0,0,0,0,0
Submitting and Presenting a Paper,ID5526,Master,Industrial Design Engineering,https://studiegids.tudelft.nl/courses/study-guide/educations/3019,0,0,0,0,0,0,0,0,0,0,0,0,0,0,0,0,0
Master Honours Project (MHP),ID6101HPM,Master,Industrial Design Engineering,https://studiegids.tudelft.nl/courses/study-guide/educations/12506,0,0,0,1,0,0,0,0,0,0,0,0,0,0,0,0,1
[start per 2025] Graduation Project DfI,IDEM1000,Master,Industrial Design Engineering,https://studiegids.tudelft.nl/courses/study-guide/educations/12586,0,0,0,0,0,0,0,0,0,0,0,0,0,0,0,0,0
Advanced Service Thinking and Design Practice,IDEM101,Master,Industrial Design Engineering,https://studiegids.tudelft.nl/courses/study-guide/educations/12426,0,0,1,0,0,0,0,0,0,0,0,0,0,0,0,0,0
Build Your Start-up 1: Idea Validation,IDEM102,Master,Industrial Design Engineering,https://studiegids.tudelft.nl/courses/study-guide/educations/12427,0,0,0,0,0,0,0,1,1,0,0,0,0,0,0,0,0
Build Your Start-up 2: Prototyping,IDEM103,Master,Industrial Design Engineering,https://studiegids.tudelft.nl/courses/study-guide/educations/12428,0,0,0,0,0,0,0,1,1,0,0,0,0,0,0,0,0
Creative Facilitation,IDEM104,Master,Industrial Design Engineering,https://studiegids.tudelft.nl/courses/study-guide/educations/12429,0,0,0,0,0,0,0,0,0,0,0,0,0,0,0,0,0
Exploring Design Intelligence,IDEM105,Master,Industrial Design Engineering,https://studiegids.tudelft.nl/courses/study-guide/educations/12430,0,0,0,0,0,0,0,0,0,0,0,0,0,0,0,0,0
Dare to Design Studio,IDEM1100,Master,Industrial Design Engineering,https://studiegids.tudelft.nl/courses/study-guide/educations/12537,0,0,0,0,0,0,0,0,0,0,0,0,0,0,0,0,0
Human-Centered Design and Beyond,IDEM1101,Master,Industrial Design Engineering,https://studiegids.tudelft.nl/courses/study-guide/educations/12538,0,0,0,1,0,0,0,0,0,0,0,0,1,0,0,0,1
Consequences of Design,IDEM1102,Master,Industrial Design Engineering,https://studiegids.tudelft.nl/courses/study-guide/educations/12539,0,0,0,0,1,0,0,0,0,0,0,0,0,0,0,0,0
Research to/for/through Design,IDEM1103-25,Master,Industrial Design Engineering,https://studiegids.tudelft.nl/courses/study-guide/educations/12540,0,0,0,0,0,0,0,0,0,0,0,0,0,0,0,0,0
Multi-Sensory Design Studio,IDEM1210-25,Master,Industrial Design Engineering,https://studiegids.tudelft.nl/courses/study-guide/educations/12549,0,0,0,0,0,0,0,0,0,0,0,0,0,0,0,0,0
Design for Emotion and Well-being,IDEM1211,Master,Industrial Design Engineering,https://studiegids.tudelft.nl/courses/study-guide/educations/12541,0,0,1,0,0,0,0,0,0,0,0,0,0,0,0,0,0
Assessment for Impact,IDEM1212-25,Master,Industrial Design Engineering,https://studiegids.tudelft.nl/courses/study-guide/educations/12542,0,0,1,0,0,0,0,0,0,0,0,0,0,0,0,0,0
Behavioral Design,IDEM1213-25,Master,Industrial Design Engineering,https://studiegids.tudelft.nl/courses/study-guide/educations/12543,0,0,1,0,0,0,0,0,0,0,0,0,0,0,0,1,0
Social Design,IDEM1221,Master,Industrial Design Engineering,https://studiegids.tudelft.nl/courses/study-guide/educations/12544,1,0,0,0,0,0,0,0,0,1,0,0,0,0,1,0,0
Designing Transformation,IDEM1222,Master,Industrial Design Engineering,https://studiegids.tudelft.nl/courses/study-guide/educations/12545,0,0,0,1,0,0,0,0,0,0,0,0,0,0,0,0,1
Position and Roles of Designers,IDEM1223,Master,Industrial Design Engineering,https://studiegids.tudelft.nl/courses/study-guide/educations/12546,0,0,0,0,0,0,0,0,0,0,0,0,0,0,0,0,0
Speculative Design Studio,IDEM1230-25,Master,Industrial Design Engineering,https://studiegids.tudelft.nl/courses/study-guide/educations/12550,0,0,0,0,0,0,0,0,0,0,0,0,0,0,0,0,0
Design Futures,IDEM1231,Master,Industrial Design Engineering,https://studiegids.tudelft.nl/courses/study-guide/educations/12776,0,0,0,0,0,0,0,0,0,0,0,0,1,0,0,0,1
More-than-Human-Design,IDEM1232,Master,Industrial Design Engineering,https://studiegids.tudelft.nl/courses/study-guide/educations/12547,0,0,0,0,0,0,0,0,0,0,0,0,1,0,1,0,0
Design Justice and Emerging Technologies,IDEM1233,Master,Industrial Design Engineering,https://studiegids.tudelft.nl/courses/study-guide/educations/12548,0,0,0,0,1,0,0,0,0,1,0,0,0,0,0,1,0
[start per 2025] Graduation Project IPD,IDEM2000,Master,Industrial Design Engineering,https://studiegids.tudelft.nl/courses/study-guide/educations/12637,0,0,0,0,0,0,0,0,0,0,0,0,0,0,0,0,0
Advanced Visualisation for Communication,IDEM201,Master,Industrial Design Engineering,https://studiegids.tudelft.nl/courses/study-guide/educations/12431,0,0,0,0,0,0,0,0,0,0,0,0,0,0,0,0,0
Advanced Visualisation for Design,IDEM202,Master,Industrial Design Engineering,https://studiegids.tudelft.nl/courses/study-guide/educations/12432,0,0,0,0,0,0,0,0,0,0,0,0,0,0,0,0,0
Biomechanics,IDEM203,Master,Industrial Design Engineering,https://studiegids.tudelft.nl/courses/study-guide/educations/12433,0,0,1,0,0,0,0,0,0,0,0,0,0,0,0,0,0
Child and Play Perspectives,IDEM204,Master,Industrial Design Engineering,https://studiegids.tudelft.nl/courses/study-guide/educations/12434,0,0,0,0,0,0,0,0,0,0,0,0,0,0,0,0,0
Design in Health: Theory en Practice,IDEM208,Master,Industrial Design Engineering,https://studiegids.tudelft.nl/courses/study-guide/educations/12437,0,0,1,0,0,0,0,0,0,0,0,0,0,0,0,1,0
eHealth Design for a Healthy Society,IDEM210,Master,Industrial Design Engineering,https://studiegids.tudelft.nl/courses/study-guide/educations/12438,0,0,1,0,0,0,0,0,0,0,0,0,0,0,0,0,0
Products Now Studio,IDEM2100-25,Master,Industrial Design Engineering,https://studiegids.tudelft.nl/courses/study-guide/educations/12589,0,0,0,0,0,0,0,0,1,0,0,1,1,0,0,0,0
Advanced Product Engineering,IDEM2101,Master,Industrial Design Engineering,https://studiegids.tudelft.nl/courses/study-guide/educations/12590,0,0,0,0,0,0,0,0,1,0,0,1,1,0,0,0,0
Cognitive and Psychological Foundations for Product Design,IDEM2102,Master,Industrial Design Engineering,https://studiegids.tudelft.nl/courses/study-guide/educations/12591,0,0,0,0,0,0,0,0,0,0,0,0,0,0,0,0,0
Empirical Design Research,IDEM2103,Master,Industrial Design Engineering,https://studiegids.tudelft.nl/courses/study-guide/educations/12592,0,0,0,1,0,0,0,0,0,0,0,0,0,0,0,0,0
Food and Eating Design,IDEM212-25,Master,Industrial Design Engineering,https://studiegids.tudelft.nl/courses/study-guide/educations/12439,0,1,1,0,0,0,0,0,0,0,0,1,0,0,0,0,0
Designing Lifestyles: From Insight to Impact,IDEM214,Master,Industrial Design Engineering,https://studiegids.tudelft.nl/courses/study-guide/educations/12440,0,0,0,1,0,0,0,0,0,0,0,0,0,0,0,0,0
Lighting Design,IDEM215,Master,Industrial Design Engineering,https://studiegids.tudelft.nl/courses/study-guide/educations/12441,0,0,1,0,0,0,0,0,0,0,1,0,1,0,0,0,0
PerForm the Unseen,IDEM216,Master,Industrial Design Engineering,https://studiegids.tudelft.nl/courses/study-guide/educations/12442,0,0,0,0,0,0,0,0,0,0,0,0,0,0,0,0,0
Strategic Automotive,IDEM217,Master,Industrial Design Engineering,https://studiegids.tudelft.nl/courses/study-guide/educations/12443,0,0,0,0,0,0,0,0,0,0,0,0,0,0,0,0,0
Systemic Automotive Design,IDEM218,Master,Industrial Design Engineering,https://studiegids.tudelft.nl/courses/study-guide/educations/12444,0,0,0,0,0,0,0,0,1,0,1,0,0,0,0,0,0
Videography,IDEM219,Master,Industrial Design Engineering,https://studiegids.tudelft.nl/courses/study-guide/educations/12445,0,0,0,0,0,0,0,0,0,0,0,0,0,0,0,0,0
When Images Remain - The art and science of reading pictures,IDEM220,Master,Industrial Design Engineering,https://studiegids.tudelft.nl/courses/study-guide/educations/12446,0,0,0,0,0,0,0,0,0,0,0,0,0,0,0,0,0
Product Futures Studio,IDEM2200,Master,Industrial Design Engineering,https://studiegids.tudelft.nl/courses/study-guide/educations/12602,0,0,0,0,0,0,0,0,1,0,0,1,1,0,0,0,0
Making and Prototyping Skills,IDEM221,Master,Industrial Design Engineering,https://studiegids.tudelft.nl/courses/study-guide/educations/12447,0,0,0,1,0,0,0,0,0,0,0,0,0,0,0,0,0
AI Products and Services,IDEM2211,Master,Industrial Design Engineering,https://studiegids.tudelft.nl/courses/study-guide/educations/12593,0,0,0,0,0,0,0,0,0,0,0,0,0,0,0,0,0
Intelligent Industrial Systems,IDEM2212,Master,Industrial Design Engineering,https://studiegids.tudelft.nl/courses/study-guide/educations/12594,0,0,1,0,0,0,1,1,1,0,0,0,0,0,0,0,0
Data-Centric Design for Connected Products,IDEM2213,Master,Industrial Design Engineering,https://studiegids.tudelft.nl/courses/study-guide/educations/12595,0,0,0,0,0,0,0,0,0,0,0,0,0,0,0,0,0
Strategic Integration of Sustainability in Design,IDEM2221,Master,Industrial Design Engineering,https://studiegids.tudelft.nl/courses/study-guide/educations/12596,0,0,0,0,0,0,0,0,1,0,0,1,1,0,0,0,0
Life Cycle Assessment Methods,IDEM2222,Master,Industrial Design Engineering,https://studiegids.tudelft.nl/courses/study-guide/educations/12597,0,0,0,0,0,0,0,0,1,0,0,1,1,0,0,0,0
Design Approaches for Sustainability,IDEM2223-25,Master,Industrial Design Engineering,https://studiegids.tudelft.nl/courses/study-guide/educations/12598,0,0,0,0,0,0,0,0,0,0,0,1,1,0,0,0,0
Material Driven Design,IDEM2231,Master,Industrial Design Engineering,https://studiegids.tudelft.nl/courses/study-guide/educations/12599,0,0,0,0,0,0,0,0,0,0,0,1,1,0,0,0,0
Computational Design,IDEM2232,Master,Industrial Design Engineering,https://studiegids.tudelft.nl/courses/study-guide/educations/12600,0,0,0,0,0,0,0,0,0,0,0,0,0,0,0,0,0
Fundamentals of Biodesign,IDEM2233,Master,Industrial Design Engineering,https://studiegids.tudelft.nl/courses/study-guide/educations/12601,0,0,0,0,0,0,0,0,1,0,0,1,0,0,1,1,0
[start per 2025] Graduation Project SPD,IDEM3000,Master,Industrial Design Engineering,https://studiegids.tudelft.nl/courses/study-guide/educations/12688,0,0,0,0,0,0,0,0,0,0,0,0,0,0,0,0,0
Animated Materials,IDEM301,Master,Industrial Design Engineering,https://studiegids.tudelft.nl/courses/study-guide/educations/12448,0,0,0,0,0,0,0,0,0,0,0,1,1,0,1,0,0
Computational Fabrication and MetaMaterials,IDEM303,Master,Industrial Design Engineering,https://studiegids.tudelft.nl/courses/study-guide/educations/12449,0,0,0,0,0,0,0,0,1,0,0,0,0,0,0,0,0
Designing Responsible AI,IDEM305-25,Master,Industrial Design Engineering,https://studiegids.tudelft.nl/courses/study-guide/educations/12451,0,0,1,0,0,0,0,0,0,0,0,0,0,0,0,1,0
Generative AI and Design,IDEM307,Master,Industrial Design Engineering,https://studiegids.tudelft.nl/courses/study-guide/educations/12452,0,0,0,0,0,0,0,0,0,0,0,0,0,0,0,0,0
Graduation Launchpad,IDEM308,Master,Industrial Design Engineering,https://studiegids.tudelft.nl/courses/study-guide/educations/12453,0,0,0,1,0,0,0,0,0,0,0,0,0,0,0,0,0
Repair and Recycling!,IDEM309,Master,Industrial Design Engineering,https://studiegids.tudelft.nl/courses/study-guide/educations/12454,0,0,0,0,0,0,0,0,1,0,0,1,1,0,0,0,0
Strategic Design Studio,IDEM3100-25,Master,Industrial Design Engineering,https://studiegids.tudelft.nl/courses/study-guide/educations/12640,0,0,0,0,0,0,0,0,0,0,0,0,0,0,0,0,0
Foresight and Backcasting,IDEM3101,Master,Industrial Design Engineering,https://studiegids.tudelft.nl/courses/study-guide/educations/12641,0,0,0,0,0,0,0,0,0,0,0,0,0,0,0,0,0
Research Methods for Strategic Design,IDEM3102,Master,Industrial Design Engineering,https://studiegids.tudelft.nl/courses/study-guide/educations/12642,0,0,1,0,0,0,0,0,0,0,0,0,0,0,0,0,0
Deep Dive into Organisations,IDEM3103,Master,Industrial Design Engineering,https://studiegids.tudelft.nl/courses/study-guide/educations/12643,0,0,0,0,0,0,0,0,0,0,0,0,0,0,0,0,1
Qualitative Research Methods for Strategic Design,IDEM3201,Master,Industrial Design Engineering,https://studiegids.tudelft.nl/courses/study-guide/educations/12644,0,0,0,1,0,0,0,0,0,0,0,0,0,0,0,0,0
Quantitative Research Methods for Strategic Design,IDEM3202,Master,Industrial Design Engineering,https://studiegids.tudelft.nl/courses/study-guide/educations/12645,0,0,0,0,0,0,0,0,0,0,0,0,0,0,0,0,0
Tech-enabled Innovation Studio,IDEM3210-25,Master,Industrial Design Engineering,https://studiegids.tudelft.nl/courses/study-guide/educations/12652,0,0,1,0,0,0,1,0,1,0,0,0,1,0,0,1,1
Technology and Strategic Design,IDEM3211,Master,Industrial Design Engineering,https://studiegids.tudelft.nl/courses/study-guide/educations/12646,0,0,0,0,0,0,0,0,1,0,0,0,1,0,0,1,0
Tech-enabled Entrepreneurship,IDEM3212,Master,Industrial Design Engineering,https://studiegids.tudelft.nl/courses/study-guide/educations/12647,0,0,0,0,0,0,0,1,1,0,0,1,1,0,0,0,1
Brand Experience Across Technologies,IDEM3213,Master,Industrial Design Engineering,https://studiegids.tudelft.nl/courses/study-guide/educations/12648,0,0,0,0,0,0,0,0,0,0,0,0,0,0,0,0,0
Societal Missions: Theory and Practice,IDEM3221,Master,Industrial Design Engineering,https://studiegids.tudelft.nl/courses/study-guide/educations/12649,0,0,1,0,0,1,1,0,0,0,0,0,1,0,0,1,1
Responsible Marketing,IDEM3222,Master,Industrial Design Engineering,https://studiegids.tudelft.nl/courses/study-guide/educations/12650,0,0,0,0,0,0,0,0,1,0,1,1,1,0,0,0,1
Sustainable Consumer Behaviour,IDEM3223,Master,Industrial Design Engineering,https://studiegids.tudelft.nl/courses/study-guide/educations/12651,0,0,0,0,0,0,0,0,0,0,0,1,1,0,0,0,0
Internship,IDEM400,Master,Industrial Design Engineering,https://studiegids.tudelft.nl/courses/study-guide/educations/12780,0,0,0,0,0,0,0,0,0,0,0,0,0,0,0,0,0
BlueDot: Design Contest,IDEM401,Master,Industrial Design Engineering,https://studiegids.tudelft.nl/courses/study-guide/educations/12455,0,0,0,0,0,0,0,0,0,0,0,0,0,0,0,0,0
BlueDot: Organisation,IDEM402,Master,Industrial Design Engineering,https://studiegids.tudelft.nl/courses/study-guide/educations/12456,0,0,0,0,0,0,0,1,1,0,0,0,0,0,0,0,0
Research (3 ECTS),IDEM403,Master,Industrial Design Engineering,https://studiegids.tudelft.nl/courses/study-guide/educations/12457,0,0,0,0,0,0,0,0,0,0,0,0,0,0,0,0,0
Research (5 ECTS),IDEM404,Master,Industrial Design Engineering,https://studiegids.tudelft.nl/courses/study-guide/educations/12458,0,0,0,0,0,0,0,0,0,0,0,0,0,0,0,0,0
Project ExP,IDEM405,Master,Industrial Design Engineering,https://studiegids.tudelft.nl/courses/study-guide/educations/12781,0,0,0,0,0,0,0,0,0,0,0,0,0,0,0,0,0
Project Organisation: Skills (2 EC),IDEM406,Master,Industrial Design Engineering,https://studiegids.tudelft.nl/courses/study-guide/educations/12782,0,0,0,0,0,0,0,0,0,0,0,0,0,0,0,0,0
Project Organisation: Skills (3 EC),IDEM407,Master,Industrial Design Engineering,https://studiegids.tudelft.nl/courses/study-guide/educations/12783,0,0,0,0,0,0,0,0,0,0,0,0,0,0,0,0,0
Project Organisation: Social Strengthening (2 EC),IDEM408,Master,Industrial Design Engineering,https://studiegids.tudelft.nl/courses/study-guide/educations/12784,0,0,0,0,0,0,0,0,0,0,0,0,0,0,0,0,0
Project Organisation: Social Strengthening (3 EC),IDEM409,Master,Industrial Design Engineering,https://studiegids.tudelft.nl/courses/study-guide/educations/12785,0,0,0,0,0,0,0,0,0,0,0,0,0,0,0,0,0
Project Organisation: Future Career (2 EC),IDEM410,Master,Industrial Design Engineering,https://studiegids.tudelft.nl/courses/study-guide/educations/12786,0,0,0,0,0,0,0,0,0,0,0,0,0,0,0,0,0
Delft Lectures on Design,IDEM4101,Master,Industrial Design Engineering,https://studiegids.tudelft.nl/courses/study-guide/educations/12535,0,0,0,0,0,0,0,0,0,0,0,0,0,0,0,0,0
Project Organisation: Future Career (3 EC),IDEM411,Master,Industrial Design Engineering,https://studiegids.tudelft.nl/courses/study-guide/educations/12787,0,0,0,0,0,0,0,1,0,0,0,0,0,0,0,0,0
Project Organisation: Education (2 EC),IDEM412,Master,Industrial Design Engineering,https://studiegids.tudelft.nl/courses/study-guide/educations/12788,0,0,0,0,0,0,0,0,0,0,0,0,0,0,0,0,0
Project Organisation: Education (3 EC),IDEM413,Master,Industrial Design Engineering,https://studiegids.tudelft.nl/courses/study-guide/educations/12789,0,0,0,0,0,0,0,0,0,0,0,0,0,0,0,0,0
Project Organisation: Education (5 EC),IDEM414,Master,Industrial Design Engineering,https://studiegids.tudelft.nl/courses/study-guide/educations/12790,0,0,0,0,0,0,0,0,0,0,0,0,0,0,0,0,0
Design Contest (2 EC),IDEM415,Master,Industrial Design Engineering,https://studiegids.tudelft.nl/courses/study-guide/educations/12791,0,0,0,0,0,0,0,0,0,0,0,0,0,0,0,0,0
Design Contest (3 EC),IDEM416,Master,Industrial Design Engineering,https://studiegids.tudelft.nl/courses/study-guide/educations/12792,0,0,0,0,0,0,0,0,0,0,0,0,0,0,0,0,0
Workshop (2EC),IDEM417,Master,Industrial Design Engineering,https://studiegids.tudelft.nl/courses/study-guide/educations/12793,0,0,0,0,0,0,0,0,0,0,0,0,0,0,0,0,0
IDEM418 Workshop (3EC),IDEM418,Master,Industrial Design Engineering,https://studiegids.tudelft.nl/courses/study-guide/educations/12794,0,0,0,0,0,0,0,0,0,0,0,0,0,0,0,0,0
Design Processes and Practices,IDEM4201,Master,Industrial Design Engineering,https://studiegids.tudelft.nl/courses/study-guide/educations/12536,0,0,0,0,0,0,0,0,0,0,0,0,0,0,0,0,0
Systemic Design Studio,IDEM4220-25,Master,Industrial Design Engineering,https://studiegids.tudelft.nl/courses/study-guide/educations/12551,0,0,0,0,0,0,0,0,0,0,0,0,0,0,0,0,0
Linear Algebra,IFEEMCS010400,Bachelor,"Electrical Engineering, Mathematics and Computer Science",https://studiegids.tudelft.nl/courses/study-guide/educations/13630,0,0,0,0,0,0,0,0,0,0,0,0,0,0,0,0,0
Probability and Statistics,IFEEMCS010500,Bachelor,"Electrical Engineering, Mathematics and Computer Science",https://studiegids.tudelft.nl/courses/study-guide/educations/13631,0,0,0,0,0,0,0,0,0,0,0,0,0,0,0,0,0
"Calculus for Engineering, part 1",IFEEMCS012100,Bachelor,"Electrical Engineering, Mathematics and Computer Science",https://studiegids.tudelft.nl/courses/study-guide/educations/13634,0,0,0,0,0,0,0,0,0,0,0,0,0,0,0,0,0
"Calculus for Engineering, part 2",IFEEMCS012200,Bachelor,"Electrical Engineering, Mathematics and Computer Science",https://studiegids.tudelft.nl/courses/study-guide/educations/13635,0,0,0,0,0,0,0,0,0,0,0,0,0,0,0,0,0
"Calculus for Engineering, part 3",IFEEMCS012300,Bachelor,"Electrical Engineering, Mathematics and Computer Science",https://studiegids.tudelft.nl/courses/study-guide/educations/13636,0,0,0,0,0,0,0,0,0,0,0,0,0,0,0,0,0
Multivariate Data Analysis,IFEEMCS4070,Master,"Electrical Engineering, Mathematics and Computer Science",https://studiegids.tudelft.nl/courses/study-guide/educations/14459,0,0,0,0,0,0,0,0,0,0,0,0,0,0,0,0,0
Statistical Learning for Engineers,IFEEMCS4250,Master,"Electrical Engineering, Mathematics and Computer Science",https://studiegids.tudelft.nl/courses/study-guide/educations/13637,0,0,0,0,0,0,0,0,0,0,0,0,0,0,0,0,0
Sketching and Visualization for Conceptualizing Thoughts,IFHPB1036,Bachelor,University Corporate Office,https://studiegids.tudelft.nl/courses/study-guide/educations/16327,0,0,0,0,0,0,0,0,0,0,0,0,0,0,0,0,0
"Art, Empathy en Ethics",IFHPB1077,Bachelor,University Corporate Office,https://studiegids.tudelft.nl/courses/study-guide/educations/16329,0,0,0,0,0,0,0,0,0,0,0,0,0,0,0,0,0
Bildung,IFHPB1078,Bachelor,University Corporate Office,https://studiegids.tudelft.nl/courses/study-guide/educations/16330,0,0,0,1,0,0,0,0,0,0,0,0,0,0,0,0,0
Matter of Art,IFHPB1079,Bachelor,University Corporate Office,https://studiegids.tudelft.nl/courses/study-guide/educations/16331,0,0,0,0,0,0,0,0,0,0,0,0,0,0,0,0,0
Inclusive Leadership Fundamentals,IFHPB2000,Bachelor,University Corporate Office,https://studiegids.tudelft.nl/courses/study-guide/educations/16332,0,0,0,0,1,0,0,0,0,1,0,0,0,0,0,0,0
‘Where Do you Stand?’ Political Philosophy from a Global Perspective,IFHPB2010,Bachelor,University Corporate Office,https://studiegids.tudelft.nl/courses/study-guide/educations/16333,0,0,0,1,1,0,0,0,0,0,0,0,0,0,0,1,0
Materials in a Sustainable Society,IFHPM0010,Master,University Corporate Office,https://studiegids.tudelft.nl/courses/study-guide/educations/16348,0,0,0,0,0,0,0,0,1,0,0,1,1,0,0,0,0
Joint Interdisciplinary Project,IFM4040,Master,Mechanical Engineering,https://studiegids.tudelft.nl/courses/study-guide/educations/19590,0,0,0,0,0,0,0,0,0,0,0,0,0,0,0,0,1
Literature Survey,IN4306,Master,"Electrical Engineering, Mathematics and Computer Science",https://studiegids.tudelft.nl/courses/study-guide/educations/14461,0,0,0,0,0,0,0,0,0,0,0,0,0,0,0,0,0
Human Mobility,IO3610-18,Bachelor,Industrial Design Engineering,https://studiegids.tudelft.nl/courses/study-guide/educations/3117,0,0,0,0,0,0,0,0,0,0,0,0,0,0,0,0,0
H-Module Minor People in Transit,IO3610-18HPB,Bachelor,Industrial Design Engineering,https://studiegids.tudelft.nl/courses/study-guide/educations/3118,0,0,0,0,0,0,0,0,0,0,0,0,0,0,0,0,0
H-Module Minor People in Transit,IO3611-18HPB,Bachelor,Industrial Design Engineering,https://studiegids.tudelft.nl/courses/study-guide/educations/3119,0,0,0,0,0,0,0,0,0,0,0,0,0,0,0,0,0
Automotive Styling,IO3620,Bachelor,Industrial Design Engineering,https://studiegids.tudelft.nl/courses/study-guide/educations/3120,0,0,0,0,0,0,0,0,0,0,0,0,0,0,0,0,0
Automotive Technology,IO3630,Bachelor,Industrial Design Engineering,https://studiegids.tudelft.nl/courses/study-guide/educations/3121,0,0,0,0,0,0,0,0,0,0,0,0,0,0,0,0,0
Mobility Systems Design,IO3640-18,Bachelor,Industrial Design Engineering,https://studiegids.tudelft.nl/courses/study-guide/educations/3122,0,0,0,0,0,0,0,0,0,0,0,0,0,0,0,0,0
Automotive Skills,IO3650,Bachelor,Industrial Design Engineering,https://studiegids.tudelft.nl/courses/study-guide/educations/3123,0,0,0,0,0,0,0,0,0,0,0,0,0,0,0,0,0
Internship,IO3820-15,Bachelor,Industrial Design Engineering,https://studiegids.tudelft.nl/courses/study-guide/educations/12486,0,0,0,0,0,0,0,0,0,0,0,0,0,0,0,0,0
H-Module Minor Work Placement,IO3820HPB,Bachelor,Industrial Design Engineering,https://studiegids.tudelft.nl/courses/study-guide/educations/3126,0,0,0,0,0,0,0,0,0,0,0,0,0,0,0,0,0
H-Module Minor Work Placement,IO3821HPB,Bachelor,Industrial Design Engineering,https://studiegids.tudelft.nl/courses/study-guide/educations/3127,0,0,0,0,0,0,0,0,0,0,0,0,0,0,0,0,0
H-Module Designing Sustainability Transitions,IO3830HPB,Bachelor,Industrial Design Engineering,https://studiegids.tudelft.nl/courses/study-guide/educations/3270,0,0,0,0,0,0,0,0,0,0,0,0,0,0,0,0,0
H-Module Designing Sustainability Transitions,IO3831HPB,Bachelor,Industrial Design Engineering,https://studiegids.tudelft.nl/courses/study-guide/educations/3271,0,0,0,0,0,0,0,0,0,0,0,0,0,0,0,0,0
Prototyping with/for Digital Fabrication (PDF),IO3850-24,Bachelor,Industrial Design Engineering,https://studiegids.tudelft.nl/courses/study-guide/educations/3136,0,0,0,0,0,0,0,0,0,0,0,0,0,0,0,0,0
H-Module Advanced Prototyping,IO3850HPB,Bachelor,Industrial Design Engineering,https://studiegids.tudelft.nl/courses/study-guide/educations/3272,0,0,0,0,0,0,0,0,0,0,0,0,0,0,0,0,0
Prototyping with/for Extended Reality (PER),IO3851-24,Bachelor,Industrial Design Engineering,https://studiegids.tudelft.nl/courses/study-guide/educations/3138,0,0,0,0,0,0,0,0,0,0,0,0,0,0,0,0,0
H-Module Advanced Prototyping,IO3851HPB,Bachelor,Industrial Design Engineering,https://studiegids.tudelft.nl/courses/study-guide/educations/3273,0,0,0,0,0,0,0,0,0,0,0,0,0,0,0,0,0
Advanced Prototyping Project,IO3852-19,Bachelor,Industrial Design Engineering,https://studiegids.tudelft.nl/courses/study-guide/educations/3140,0,0,0,0,0,0,0,0,0,0,0,0,0,0,0,0,0
Interaction Studies,IO3870,Bachelor,Industrial Design Engineering,https://studiegids.tudelft.nl/courses/study-guide/educations/3141,0,0,0,0,0,0,0,0,0,0,0,0,0,0,0,0,0
H-Module Minor Interactive Environments,IO3870HPB,Bachelor,Industrial Design Engineering,https://studiegids.tudelft.nl/courses/study-guide/educations/3142,0,0,0,0,0,0,0,0,0,0,0,0,0,0,0,0,0
H-Module Minor Interactive Environments,IO3871HPB,Bachelor,Industrial Design Engineering,https://studiegids.tudelft.nl/courses/study-guide/educations/3143,0,0,0,0,0,0,0,0,0,0,0,0,0,0,0,0,0
Design Strategies,IO3872,Bachelor,Industrial Design Engineering,https://studiegids.tudelft.nl/courses/study-guide/educations/3144,0,0,0,0,0,0,0,0,0,0,0,0,0,0,0,0,0
Design and Prototyping Studio,IO3873,Bachelor,Industrial Design Engineering,https://studiegids.tudelft.nl/courses/study-guide/educations/3145,0,0,0,0,0,0,0,0,1,0,1,0,0,0,0,0,1
Design Skills,IO3874-19,Bachelor,Industrial Design Engineering,https://studiegids.tudelft.nl/courses/study-guide/educations/3146,0,0,0,0,0,0,0,0,0,0,0,0,0,0,0,0,0
Technology for Designers,IO3875-19,Bachelor,Industrial Design Engineering,https://studiegids.tudelft.nl/courses/study-guide/educations/3147,0,0,0,0,0,0,0,0,0,0,0,0,0,0,0,0,0
Design in Robotics,IO3881-25,Bachelor,Industrial Design Engineering,https://studiegids.tudelft.nl/courses/study-guide/educations/3150,0,0,0,0,0,0,0,0,0,0,0,0,0,0,0,0,0
Creative Path,IO3885-24,Bachelor,Industrial Design Engineering,https://studiegids.tudelft.nl/courses/study-guide/educations/3152,0,0,0,0,0,0,0,0,0,0,0,0,0,0,0,0,0
H-Module Connected Creativity,IO3885-HPB1,Bachelor,Industrial Design Engineering,https://studiegids.tudelft.nl/courses/study-guide/educations/3153,0,0,0,0,0,0,0,0,0,0,0,0,0,0,0,0,0
H-Module Connected Creativity,IO3885-HPB2,Bachelor,Industrial Design Engineering,https://studiegids.tudelft.nl/courses/study-guide/educations/3154,0,0,0,0,0,0,0,0,0,0,0,0,0,0,0,0,0
Deliberate Creativity (DC),IO3886,Bachelor,Industrial Design Engineering,https://studiegids.tudelft.nl/courses/study-guide/educations/3155,0,0,0,0,0,0,0,0,0,0,0,0,0,0,0,0,0
CreativiTree,IO3887,Bachelor,Industrial Design Engineering,https://studiegids.tudelft.nl/courses/study-guide/educations/3156,0,0,0,0,0,0,0,0,0,0,0,0,0,0,0,0,0
Practice of Creativity,IO3888-24,Bachelor,Industrial Design Engineering,https://studiegids.tudelft.nl/courses/study-guide/educations/3158,0,0,0,0,0,0,0,0,0,0,0,0,0,0,0,0,0
Recontextualising Creativity,IO3889-23,Bachelor,Industrial Design Engineering,https://studiegids.tudelft.nl/courses/study-guide/educations/3159,0,0,0,0,0,0,0,0,0,0,0,0,0,0,0,0,0
H-Module Study Abroad IO,IO3895HPB,Bachelor,Industrial Design Engineering,https://studiegids.tudelft.nl/courses/study-guide/educations/3163,0,0,0,0,0,0,0,0,0,0,0,0,0,0,0,0,0
H-Module Study Abroad IO,IO3896HPB,Bachelor,Industrial Design Engineering,https://studiegids.tudelft.nl/courses/study-guide/educations/3164,0,0,0,0,0,0,0,0,0,0,0,0,0,0,0,0,0
HPB-module (5 EC),IOB-HPB01,Bachelor,Industrial Design Engineering,https://studiegids.tudelft.nl/courses/study-guide/educations/3165,0,0,0,0,0,0,0,0,0,0,0,0,0,0,0,0,0
HPB-module (2.5 EC),IOB-HPB02,Bachelor,Industrial Design Engineering,https://studiegids.tudelft.nl/courses/study-guide/educations/3166,0,0,0,0,0,0,0,0,0,0,0,0,0,0,0,0,0
IO HPB project,IOB-HPB2,Bachelor,Industrial Design Engineering,https://studiegids.tudelft.nl/courses/study-guide/educations/12775,0,0,0,1,0,0,0,0,0,0,0,0,0,0,0,0,0
DP1: Diving into Design,IOB1-1-22,Bachelor,Industrial Design Engineering,https://studiegids.tudelft.nl/courses/study-guide/educations/12459,0,0,0,1,0,0,0,0,0,0,0,0,0,0,0,0,0
Understanding Product Engineering,IOB1-2,Bachelor,Industrial Design Engineering,https://studiegids.tudelft.nl/courses/study-guide/educations/12460,0,0,0,0,0,0,0,0,0,0,0,1,1,0,0,0,0
Understanding Design,IOB1-3,Bachelor,Industrial Design Engineering,https://studiegids.tudelft.nl/courses/study-guide/educations/12461,0,0,0,0,0,0,0,0,0,0,0,1,0,0,0,0,0
Understanding Organisations,IOB1-4,Bachelor,Industrial Design Engineering,https://studiegids.tudelft.nl/courses/study-guide/educations/12462,0,0,0,0,0,0,0,0,0,0,0,0,0,0,0,0,0
Understanding Humans,IOB1-5-24,Bachelor,Industrial Design Engineering,https://studiegids.tudelft.nl/courses/study-guide/educations/12463,0,0,0,0,0,0,0,0,0,0,0,0,0,0,0,0,0
DP2: Designing Product Services,IOB2-1-23,Bachelor,Industrial Design Engineering,https://studiegids.tudelft.nl/courses/study-guide/educations/12464,0,0,0,1,0,0,0,0,1,0,0,0,0,0,0,0,0
Digital Interfaces,IOB2-2-24,Bachelor,Industrial Design Engineering,https://studiegids.tudelft.nl/courses/study-guide/educations/12723,0,0,0,0,0,0,0,0,0,0,0,0,0,0,0,0,0
Research for Design,IOB2-3,Bachelor,Industrial Design Engineering,https://studiegids.tudelft.nl/courses/study-guide/educations/12465,0,0,0,1,0,0,0,0,0,0,0,0,0,0,0,1,0
Understanding Values,IOB2-4,Bachelor,Industrial Design Engineering,https://studiegids.tudelft.nl/courses/study-guide/educations/12466,0,0,0,0,0,0,0,0,0,0,0,0,0,0,0,1,0
Intelligent Products,IOB2-5-24,Bachelor,Industrial Design Engineering,https://studiegids.tudelft.nl/courses/study-guide/educations/12467,0,0,1,0,0,0,0,0,1,0,0,0,0,0,0,0,0
DP3: Designing System Interventions,IOB3-1-24,Bachelor,Industrial Design Engineering,https://studiegids.tudelft.nl/courses/study-guide/educations/12468,0,0,0,0,0,0,0,0,0,0,0,1,1,0,0,0,0
Sustainable Impact,IOB3-2-23,Bachelor,Industrial Design Engineering,https://studiegids.tudelft.nl/courses/study-guide/educations/12469,0,0,0,0,0,1,1,0,0,0,0,1,1,0,0,0,1
Data,IOB3-3-22,Bachelor,Industrial Design Engineering,https://studiegids.tudelft.nl/courses/study-guide/educations/12470,0,0,0,0,0,0,0,0,0,0,0,0,0,0,0,0,0
Envisioning Futures,IOB3-4-25,Bachelor,Industrial Design Engineering,https://studiegids.tudelft.nl/courses/study-guide/educations/12471,0,0,0,1,0,0,0,0,0,0,0,0,0,0,0,0,0
Product Engineering,IOB3-5-23,Bachelor,Industrial Design Engineering,https://studiegids.tudelft.nl/courses/study-guide/educations/12472,0,0,0,0,0,0,0,0,1,0,0,0,0,0,0,0,0
DP4: Designing for Society,IOB4-1-24,Bachelor,Industrial Design Engineering,https://studiegids.tudelft.nl/courses/study-guide/educations/12473,0,1,1,0,0,0,0,0,0,0,0,1,0,0,1,0,0
Strategic Brand Management,IOB4-B1-25,Bachelor,Industrial Design Engineering,https://studiegids.tudelft.nl/courses/study-guide/educations/12513,0,0,0,0,0,0,0,0,0,0,0,0,0,0,0,0,0
Strategic Design for Business and Societal Impact,IOB4-B2-25,Bachelor,Industrial Design Engineering,https://studiegids.tudelft.nl/courses/study-guide/educations/12514,0,0,0,0,0,0,0,0,0,0,0,0,0,0,0,0,0
Codesign in Services,IOB4-B3-22,Bachelor,Industrial Design Engineering,https://studiegids.tudelft.nl/courses/study-guide/educations/12515,0,0,0,1,0,0,0,0,0,1,0,0,0,0,0,1,1
Human Factors and Ergonomics,IOB4-P1-25,Bachelor,Industrial Design Engineering,https://studiegids.tudelft.nl/courses/study-guide/educations/12522,0,0,1,0,0,0,0,0,0,0,0,0,0,0,0,0,0
"Experience, Motivation and Behaviour",IOB4-P2,Bachelor,Industrial Design Engineering,https://studiegids.tudelft.nl/courses/study-guide/educations/12523,0,0,1,0,0,0,0,0,0,0,0,1,1,0,0,0,0
Culture and Society,IOB4-P3-25,Bachelor,Industrial Design Engineering,https://studiegids.tudelft.nl/courses/study-guide/educations/12524,0,0,0,0,1,0,0,0,0,1,0,0,0,0,0,0,0
Computer-Aided Design,IOB4-S1-24,Bachelor,Industrial Design Engineering,https://studiegids.tudelft.nl/courses/study-guide/educations/12516,0,0,0,0,0,0,0,0,0,0,0,0,0,0,0,0,0
Innovation by Design in Organisational Settings,IOB4-S2-25,Bachelor,Industrial Design Engineering,https://studiegids.tudelft.nl/courses/study-guide/educations/12774,0,0,0,0,0,0,0,0,1,0,0,0,0,0,0,0,0
Mastering Research Methods,IOB4-S3-25,Bachelor,Industrial Design Engineering,https://studiegids.tudelft.nl/courses/study-guide/educations/12518,0,0,0,0,0,0,0,0,0,0,0,0,0,0,0,0,0
Materials & Manufacturing,IOB4-T1-25,Bachelor,Industrial Design Engineering,https://studiegids.tudelft.nl/courses/study-guide/educations/12519,0,0,0,0,0,0,0,0,1,0,0,1,1,0,0,0,1
Mechatronics,IOB4-T2,Bachelor,Industrial Design Engineering,https://studiegids.tudelft.nl/courses/study-guide/educations/12520,0,0,0,0,0,0,0,0,1,0,0,0,0,0,0,0,0
Machine Learning for Design,IOB4-T3,Bachelor,Industrial Design Engineering,https://studiegids.tudelft.nl/courses/study-guide/educations/12521,0,0,0,0,0,0,0,0,0,0,0,0,0,0,0,0,0
DP5: Bachelor Final Project,IOB6-1-22,Bachelor,Industrial Design Engineering,https://studiegids.tudelft.nl/courses/study-guide/educations/12478,0,0,0,1,0,0,0,0,0,0,0,1,1,0,1,0,1
Design for the Circular Economy,IOB6-E1-25,Bachelor,Industrial Design Engineering,https://studiegids.tudelft.nl/courses/study-guide/educations/12525,0,0,0,0,0,0,0,0,1,0,0,1,1,0,0,0,0
Design Didactics,IOB6-E10-25,Bachelor,Industrial Design Engineering,https://studiegids.tudelft.nl/courses/study-guide/educations/12526,0,0,0,1,0,0,0,0,0,0,0,0,0,0,0,0,0
H-Module Design Didactics,IOB6-E10HPB,Bachelor,Industrial Design Engineering,https://studiegids.tudelft.nl/courses/study-guide/educations/3214,0,0,0,0,0,0,0,0,0,0,0,0,0,0,0,0,0
H-Module Design for the Circular Economy,IOB6-E1HPB,Bachelor,Industrial Design Engineering,https://studiegids.tudelft.nl/courses/study-guide/educations/3215,0,0,0,0,0,0,0,0,0,0,0,0,0,0,0,0,0
Reimagining Mobility,IOB6-E2,Bachelor,Industrial Design Engineering,https://studiegids.tudelft.nl/courses/study-guide/educations/12527,0,0,0,0,0,0,0,0,1,0,1,0,0,0,0,0,0
H-Module Reimagining Mobility,IOB6-E2HPB,Bachelor,Industrial Design Engineering,https://studiegids.tudelft.nl/courses/study-guide/educations/3217,0,0,0,0,0,0,0,0,0,0,0,0,0,0,0,0,0
Health,IOB6-E3-25,Bachelor,Industrial Design Engineering,https://studiegids.tudelft.nl/courses/study-guide/educations/12528,0,0,1,0,0,0,0,0,0,0,0,0,0,0,0,0,0
H-Module Health,IOB6-E3HPB,Bachelor,Industrial Design Engineering,https://studiegids.tudelft.nl/courses/study-guide/educations/3219,0,0,0,0,0,0,0,0,0,0,0,0,0,0,0,0,0
Identity and Portfolio,IOB6-E4-22,Bachelor,Industrial Design Engineering,https://studiegids.tudelft.nl/courses/study-guide/educations/12529,0,0,0,0,0,0,0,0,0,0,0,0,0,0,0,0,0
H-Module Identity and Portfolio,IOB6-E4HPB,Bachelor,Industrial Design Engineering,https://studiegids.tudelft.nl/courses/study-guide/educations/3221,0,0,0,0,0,0,0,0,0,0,0,0,0,0,0,0,0
Design Communication and Visualisation,IOB6-E5-24,Bachelor,Industrial Design Engineering,https://studiegids.tudelft.nl/courses/study-guide/educations/12530,0,0,0,1,0,0,0,0,0,0,0,0,0,0,0,0,0
H-Module Design Communication and Visualisation,IOB6-E5-24HPB,Bachelor,Industrial Design Engineering,https://studiegids.tudelft.nl/courses/study-guide/educations/3224,0,0,0,0,0,0,0,0,0,0,0,0,0,0,0,0,0
Design Engineering Contest,IOB6-E6-25,Bachelor,Industrial Design Engineering,https://studiegids.tudelft.nl/courses/study-guide/educations/12531,0,0,0,0,0,0,0,0,0,0,0,0,0,0,0,0,0
H-Module Design Engineering Contest,IOB6-E6HPB,Bachelor,Industrial Design Engineering,https://studiegids.tudelft.nl/courses/study-guide/educations/3227,0,0,0,0,0,0,0,0,0,0,0,0,0,0,0,0,0
Biomechanics of Product Use,IOB6-E7,Bachelor,Industrial Design Engineering,https://studiegids.tudelft.nl/courses/study-guide/educations/12532,0,0,0,0,0,0,0,0,0,0,0,0,0,0,0,0,0
H-Module Biomechanics of Product Use,IOB6-E7HPB,Bachelor,Industrial Design Engineering,https://studiegids.tudelft.nl/courses/study-guide/educations/3229,0,0,0,0,0,0,0,0,0,0,0,0,0,0,0,0,0
Design Analytics,IOB6-E8,Bachelor,Industrial Design Engineering,https://studiegids.tudelft.nl/courses/study-guide/educations/12533,0,0,0,1,0,0,0,0,0,0,0,0,0,0,0,0,0
H-Module Design Analytics,IOB6-E8HPB,Bachelor,Industrial Design Engineering,https://studiegids.tudelft.nl/courses/study-guide/educations/3231,0,0,0,0,0,0,0,0,0,0,0,0,0,0,0,0,0
Form and Senses,IOB6-E9-25,Bachelor,Industrial Design Engineering,https://studiegids.tudelft.nl/courses/study-guide/educations/12534,0,0,0,0,0,0,0,0,0,0,0,0,0,0,0,0,0
H-Module Form and Senses,IOB6-E9HPB,Bachelor,Industrial Design Engineering,https://studiegids.tudelft.nl/courses/study-guide/educations/3233,0,0,0,0,0,0,0,0,0,0,0,0,0,0,0,0,0
Electromagnetic Exploration Methods,JMAG100,Master,Civil Engineering and Geosciences,https://studiegids.tudelft.nl/courses/study-guide/educations/18985,0,0,0,0,0,0,0,0,0,0,0,0,0,0,0,0,0
Field Geophysics and Signal Analysis with exercises,JMAG110,Master,Civil Engineering and Geosciences,https://studiegids.tudelft.nl/courses/study-guide/educations/18986,0,0,0,0,0,0,0,0,0,0,0,0,0,0,0,0,0
Advanced Reflection Seismology and Seismic Imaging,JMAG111,Master,Civil Engineering and Geosciences,https://studiegids.tudelft.nl/courses/study-guide/educations/18987,0,0,0,0,0,0,0,0,0,0,0,0,0,0,0,0,0
Seismic Acquisition to Data Information Content,JMAG120,Master,Civil Engineering and Geosciences,https://studiegids.tudelft.nl/courses/study-guide/educations/18988,0,0,0,0,0,0,0,0,0,0,0,0,0,0,0,0,0
Geophysics Special Subjects,JMAG121,Master,Civil Engineering and Geosciences,https://studiegids.tudelft.nl/courses/study-guide/educations/18989,0,0,0,0,0,0,0,0,0,0,0,0,0,0,0,0,0
Master Thesis Project,JMAG230,Master,Civil Engineering and Geosciences,https://studiegids.tudelft.nl/courses/study-guide/educations/18863,0,0,0,0,0,0,0,0,0,0,0,0,0,0,0,0,0
"Mathematics 1, 2 and Programming",KT1005,Bachelor,Mechanical Engineering,https://studiegids.tudelft.nl/courses/study-guide/educations/19128,0,0,0,0,0,0,0,0,0,0,0,0,0,0,0,0,0
System Biology,KT1105,Bachelor,Mechanical Engineering,https://studiegids.tudelft.nl/courses/study-guide/educations/19129,0,0,1,0,0,0,0,0,0,0,0,0,0,0,0,0,0
Digestive System and Thermodynamics,KT1305,Bachelor,Mechanical Engineering,https://studiegids.tudelft.nl/courses/study-guide/educations/19130,0,1,1,0,0,0,0,0,0,0,0,0,0,0,0,0,0
Skeletal Muscle System and Biomechanics 1,KT1405,Bachelor,Mechanical Engineering,https://studiegids.tudelft.nl/courses/study-guide/educations/19131,0,0,1,0,0,0,0,0,0,0,0,0,0,0,0,0,0
Nervous System and Signals,KT1505,Bachelor,Mechanical Engineering,https://studiegids.tudelft.nl/courses/study-guide/educations/19132,0,0,1,0,0,0,0,0,0,0,0,0,0,0,0,0,0
Heart and Lung: the Fundamentals,KT1605,Bachelor,Mechanical Engineering,https://studiegids.tudelft.nl/courses/study-guide/educations/19133,0,0,1,0,0,0,0,0,0,0,0,0,0,0,0,0,0
Haematopoiesis and Immune System,KT1705,Bachelor,Mechanical Engineering,https://studiegids.tudelft.nl/courses/study-guide/educations/19134,0,0,1,0,0,0,0,0,0,0,0,0,0,0,0,0,0
Uro-Genital System and Statistics,KT1805,Bachelor,Mechanical Engineering,https://studiegids.tudelft.nl/courses/study-guide/educations/19135,0,0,1,0,0,0,0,0,0,0,0,0,0,0,0,0,0
Skills and Safety 1,KT1905,Bachelor,Mechanical Engineering,https://studiegids.tudelft.nl/courses/study-guide/educations/19136,0,0,1,0,0,0,0,0,0,0,0,0,0,0,0,0,0
Academic Skills 1,KT1955,Bachelor,Mechanical Engineering,https://studiegids.tudelft.nl/courses/study-guide/educations/19137,0,0,1,1,0,0,0,0,0,0,0,0,0,0,0,1,0
Mathematics 3 and Waves,KT2205,Bachelor,Mechanical Engineering,https://studiegids.tudelft.nl/courses/study-guide/educations/19138,0,0,1,0,0,0,0,0,0,0,0,0,0,0,0,0,0
Medical Imaging in Pathologies,KT2305,Bachelor,Mechanical Engineering,https://studiegids.tudelft.nl/courses/study-guide/educations/19139,0,0,1,0,0,0,0,0,0,0,0,0,0,0,0,0,0
Medical Image Processing,KT2355,Bachelor,Mechanical Engineering,https://studiegids.tudelft.nl/courses/study-guide/educations/19140,0,0,1,0,0,0,0,0,0,0,0,0,0,0,0,0,0
Skeletal Muscle System and Biomechanics 2,KT2405,Bachelor,Mechanical Engineering,https://studiegids.tudelft.nl/courses/study-guide/educations/19141,0,0,1,0,0,0,0,0,0,0,0,0,0,0,0,0,0
Senses and Signals,KT2505,Bachelor,Mechanical Engineering,https://studiegids.tudelft.nl/courses/study-guide/educations/19142,0,0,1,0,0,0,0,0,0,0,0,0,0,0,0,0,0
Bioinformatics,KT2555,Bachelor,Mechanical Engineering,https://studiegids.tudelft.nl/courses/study-guide/educations/19143,0,0,1,0,0,0,0,0,0,0,0,0,0,0,0,0,0
Cardiovascular and Respiratory System and Biomedical Instrumentation 2,KT2605,Bachelor,Mechanical Engineering,https://studiegids.tudelft.nl/courses/study-guide/educations/19144,0,0,1,0,0,0,0,0,0,0,0,0,0,0,0,0,0
"Healthcare, information and organisation",KT2655,Bachelor,Mechanical Engineering,https://studiegids.tudelft.nl/courses/study-guide/educations/19145,0,0,1,0,0,0,0,0,0,0,1,0,0,0,0,1,0
Designing Medical Technology,KT2705,Bachelor,Mechanical Engineering,https://studiegids.tudelft.nl/courses/study-guide/educations/19146,0,0,1,0,0,0,0,0,0,0,0,0,0,0,0,0,0
An Introduction to the Professional Practice,KT2755,Bachelor,Mechanical Engineering,https://studiegids.tudelft.nl/courses/study-guide/educations/19147,0,0,1,0,0,0,0,0,0,0,0,0,0,0,0,0,0
Skills and Safety 2,KT2905,Bachelor,Mechanical Engineering,https://studiegids.tudelft.nl/courses/study-guide/educations/19148,0,0,1,0,0,0,0,0,0,0,0,0,0,0,0,0,0
Academic Skills 2,KT2955,Bachelor,Mechanical Engineering,https://studiegids.tudelft.nl/courses/study-guide/educations/19149,0,0,1,1,0,0,0,0,0,0,0,0,0,0,0,1,0
Intensive Care and Computer Simulation,KT3405,Bachelor,Mechanical Engineering,https://studiegids.tudelft.nl/courses/study-guide/educations/19330,0,0,1,0,0,0,0,0,0,0,0,0,0,0,0,0,0
Complex Diagnostics-Therapy-Combinations,KT3505,Bachelor,Mechanical Engineering,https://studiegids.tudelft.nl/courses/study-guide/educations/19331,0,0,1,0,0,0,0,0,0,0,0,0,0,0,0,0,0
Clinical Technological Final Project,KT3806,Bachelor,Mechanical Engineering,https://studiegids.tudelft.nl/courses/study-guide/educations/19332,0,0,1,0,0,0,0,0,0,0,0,0,0,0,0,0,0
Skills and Safety 3,KT3905,Bachelor,Mechanical Engineering,https://studiegids.tudelft.nl/courses/study-guide/educations/19333,0,0,1,0,0,0,0,0,0,0,0,0,0,0,0,1,0
Statistics,LB1211,Bachelor,Applied Sciences,https://studiegids.tudelft.nl/courses/study-guide/educations/16922,0,0,0,0,0,0,0,0,0,0,0,0,0,0,0,0,0
LST and Society,LB1270,Bachelor,Applied Sciences,https://studiegids.tudelft.nl/courses/study-guide/educations/16915,0,0,0,0,0,0,0,0,0,0,0,0,0,0,0,0,0
"Biotechnology, Practical Basics",LB1280,Bachelor,Applied Sciences,https://studiegids.tudelft.nl/courses/study-guide/educations/16916,0,0,0,0,0,0,0,0,0,0,0,0,0,0,0,0,0
"Biotechnology, Theory",LB1512TU,Bachelor,Applied Sciences,https://studiegids.tudelft.nl/courses/study-guide/educations/16920,0,0,0,0,0,1,0,0,1,0,0,0,0,0,0,0,0
Molecular Cell Biology,LB1600,Bachelor,Applied Sciences,https://studiegids.tudelft.nl/courses/study-guide/educations/21070,0,0,0,0,0,0,0,0,0,0,0,0,0,0,0,0,0
Biochemistry,LB1610,Bachelor,Applied Sciences,https://studiegids.tudelft.nl/courses/study-guide/educations/21068,0,0,0,0,0,0,0,0,0,0,0,0,0,0,0,0,0
Life Sciences,LB1620,Bachelor,Applied Sciences,https://studiegids.tudelft.nl/courses/study-guide/educations/21071,0,0,0,1,0,0,0,0,0,0,0,0,0,0,0,0,0
Thermodynamics of Bio Processes,LB1630,Bachelor,Applied Sciences,https://studiegids.tudelft.nl/courses/study-guide/educations/21072,0,0,0,0,0,0,0,0,0,0,0,0,0,0,0,0,0
Calculus 1,LB1640,Bachelor,Applied Sciences,https://studiegids.tudelft.nl/courses/study-guide/educations/21066,0,0,0,0,0,0,0,0,0,0,0,0,0,0,0,0,0
Immunology and Health 1,LB1650,Bachelor,Applied Sciences,https://studiegids.tudelft.nl/courses/study-guide/educations/21076,0,0,1,0,0,0,0,0,0,0,0,0,0,0,0,0,0
'Molecular and Cellular Biophysics,LB1660,Bachelor,Applied Sciences,https://studiegids.tudelft.nl/courses/study-guide/educations/21073,0,0,0,0,0,0,0,0,0,0,0,0,0,0,0,0,0
Bio-organic chemistry,LB1670,Bachelor,Applied Sciences,https://studiegids.tudelft.nl/courses/study-guide/educations/21074,0,0,0,0,0,0,0,0,0,0,0,0,0,0,0,0,0
Programming and modeling,LB1680,Bachelor,Applied Sciences,https://studiegids.tudelft.nl/courses/study-guide/educations/21075,0,0,0,0,0,0,0,0,0,0,0,0,0,0,0,0,0
Molecular Cell Biology and Immunology,LB2031,Bachelor,Applied Sciences,https://studiegids.tudelft.nl/courses/study-guide/educations/16923,0,0,1,0,0,0,0,0,0,0,0,0,0,0,0,0,0
Molecular Genetics and Gene Technology,LB2041,Bachelor,Applied Sciences,https://studiegids.tudelft.nl/courses/study-guide/educations/16924,0,0,0,0,0,0,0,0,0,0,0,0,0,0,0,0,0
Molecular Physics,LB2055,Bachelor,Applied Sciences,https://studiegids.tudelft.nl/courses/study-guide/educations/16925,0,0,0,0,0,0,0,0,0,0,0,0,0,0,0,0,0
Statistical Thermodynamics,LB2261,Bachelor,Applied Sciences,https://studiegids.tudelft.nl/courses/study-guide/educations/16926,0,0,0,0,0,0,0,0,0,0,0,0,0,0,0,0,0
"Bioinformatics, Data Analysis",LB2292,Bachelor,Applied Sciences,https://studiegids.tudelft.nl/courses/study-guide/educations/16934,0,0,1,0,0,0,0,0,0,0,0,0,0,0,0,0,0
"Bioinformatics, Structure Analysis",LB2293,Bachelor,Applied Sciences,https://studiegids.tudelft.nl/courses/study-guide/educations/16935,0,0,0,0,0,0,0,0,0,0,0,0,0,0,0,0,0
Organic Chemistry 2,LB2301,Bachelor,Applied Sciences,https://studiegids.tudelft.nl/courses/study-guide/educations/16927,0,0,0,0,0,0,0,0,0,0,0,0,0,0,0,0,0
Chemical Biology,LB2311,Bachelor,Applied Sciences,https://studiegids.tudelft.nl/courses/study-guide/educations/16928,0,0,1,0,0,0,0,0,0,0,0,0,0,0,0,0,0
Research Trainee incl. Thesis,LB2505-P,Bachelor,Applied Sciences,https://studiegids.tudelft.nl/courses/study-guide/educations/16936,0,0,0,1,0,0,0,0,0,0,0,0,0,0,0,0,0
Transport Phenomena in the Life Sciences,LB2532,Bachelor,Applied Sciences,https://studiegids.tudelft.nl/courses/study-guide/educations/16929,0,0,0,0,0,0,0,0,0,0,0,0,0,0,0,0,0
Design of Sustainable Biotechnological Processes,LB2611,Bachelor,Applied Sciences,https://studiegids.tudelft.nl/courses/study-guide/educations/16937,0,0,0,0,0,0,0,1,1,0,0,1,1,0,0,0,0
Molecular Analytical Methods,LB2630,Bachelor,Applied Sciences,https://studiegids.tudelft.nl/courses/study-guide/educations/16930,0,0,0,0,0,0,0,0,0,0,0,1,0,0,0,0,0
Microbial Physiology,LB2763,Bachelor,Applied Sciences,https://studiegids.tudelft.nl/courses/study-guide/educations/16931,0,0,0,0,0,0,0,0,1,0,0,1,1,0,0,0,0
Metabolic Engineering,LB2771,Bachelor,Applied Sciences,https://studiegids.tudelft.nl/courses/study-guide/educations/16932,0,1,0,0,0,0,0,0,1,0,0,1,1,0,0,0,0
Practicals Microbial biotechnology,LB2791-P,Bachelor,Applied Sciences,https://studiegids.tudelft.nl/courses/study-guide/educations/16933,0,0,0,0,0,0,0,0,1,0,0,0,0,0,0,0,0
LDE Sustainability Challenge,LDE,Bachelor,External institution,https://studiegids.tudelft.nl/courses/study-guide/educations/16360,0,0,0,0,0,0,0,0,0,0,1,1,1,0,0,0,1
LDE Space Fundamentals and Interactions,LDE,Bachelor,External institution,https://studiegids.tudelft.nl/courses/study-guide/educations/16361,0,0,0,0,0,0,0,0,0,0,0,0,0,0,0,0,0
LDE Space Challenge,LDE,Bachelor,External institution,https://studiegids.tudelft.nl/courses/study-guide/educations/16362,0,0,0,0,0,0,0,0,0,0,0,0,0,0,0,0,0
Green Chemistry and Sustainable Technology,LM3311,Master,Applied Sciences,https://studiegids.tudelft.nl/courses/study-guide/educations/17274,0,0,0,0,0,0,1,1,1,0,0,1,1,0,0,0,0
Modelling and Computation for Life Science and Technology,LM3331,Master,Applied Sciences,https://studiegids.tudelft.nl/courses/study-guide/educations/17066,0,0,0,0,0,0,0,0,0,0,0,0,0,0,0,0,0
Microbial Omics,LM3341,Master,Applied Sciences,https://studiegids.tudelft.nl/courses/study-guide/educations/17067,0,0,0,0,0,0,0,0,0,0,0,0,0,0,0,0,0
Topics in Biotechnology - Theory,LM3351,Master,Applied Sciences,https://studiegids.tudelft.nl/courses/study-guide/educations/17281,0,0,0,0,0,0,0,0,0,0,0,0,0,0,0,0,0
Topics in Biotechnology - Practical,LM3356,Master,Applied Sciences,https://studiegids.tudelft.nl/courses/study-guide/educations/17282,0,0,0,0,0,0,0,0,0,0,0,0,0,0,0,0,0
Analysis of Metabolic Networks,LM3432,Master,Applied Sciences,https://studiegids.tudelft.nl/courses/study-guide/educations/17289,0,0,0,0,0,0,0,0,0,0,0,0,0,0,0,0,0
Advanced Protein Chemistry and Analysis,LM3434,Master,Applied Sciences,https://studiegids.tudelft.nl/courses/study-guide/educations/17292,0,0,0,0,0,0,0,0,0,0,0,0,0,0,0,0,0
Pharmaceutical Biotechnology,LM3436,Master,Applied Sciences,https://studiegids.tudelft.nl/courses/study-guide/educations/21400,0,0,1,0,0,0,0,0,0,0,0,0,0,0,0,0,0
Metabolic Reprogramming,LM3442,Master,Applied Sciences,https://studiegids.tudelft.nl/courses/study-guide/educations/17290,0,0,0,0,0,0,0,0,1,0,0,0,0,0,0,0,0
Bioprocess Integration,LM3451,Master,Applied Sciences,https://studiegids.tudelft.nl/courses/study-guide/educations/17068,0,0,0,0,0,0,0,0,1,0,0,0,0,0,0,0,0
"Ethical, Legal and Social Issues in Biotechnology",LM3561,Master,Applied Sciences,https://studiegids.tudelft.nl/courses/study-guide/educations/17069,0,0,0,0,0,0,0,0,0,0,0,0,0,0,0,1,0
Metabolic Systems Biology,LM3581NB,Master,Applied Sciences,https://studiegids.tudelft.nl/courses/study-guide/educations/17283,0,0,0,0,0,0,0,0,0,0,0,0,0,0,0,0,0
Molecular Biotechnology and Genomics,LM3601,Master,Applied Sciences,https://studiegids.tudelft.nl/courses/study-guide/educations/17291,0,0,0,0,0,0,0,0,1,0,0,1,1,0,0,0,0
Microbial Community Engineering,LM3611,Master,Applied Sciences,https://studiegids.tudelft.nl/courses/study-guide/educations/17516,0,0,0,0,0,1,0,1,1,0,0,0,0,0,0,0,0
iGEM,LM3692,Master,Applied Sciences,https://studiegids.tudelft.nl/courses/study-guide/educations/17472,0,0,0,0,0,0,0,0,0,0,0,0,0,0,0,0,0
Advanced Enzymology,LM3701,Master,Applied Sciences,https://studiegids.tudelft.nl/courses/study-guide/educations/17293,0,0,1,0,0,0,0,0,0,0,0,0,0,0,0,0,0
Advanced Biocatalysis,LM3731,Master,Applied Sciences,https://studiegids.tudelft.nl/courses/study-guide/educations/17275,0,0,0,0,0,0,0,0,0,0,0,0,0,0,0,0,0
Fermentation Technology and Environmental Biotechnology,LM3741,Master,Applied Sciences,https://studiegids.tudelft.nl/courses/study-guide/educations/17295,0,0,0,0,0,0,0,0,0,0,0,0,0,0,0,0,0
Transport and Separation,LM3751,Master,Applied Sciences,https://studiegids.tudelft.nl/courses/study-guide/educations/17296,0,0,0,0,0,0,0,0,0,0,0,0,0,0,0,0,0
Protein Engineering,LM3771,Master,Applied Sciences,https://studiegids.tudelft.nl/courses/study-guide/educations/17285,0,0,0,0,0,0,0,0,1,0,0,0,0,0,0,0,0
Company Internship,LM3803,Master,Applied Sciences,https://studiegids.tudelft.nl/courses/study-guide/educations/17286,0,0,0,0,0,0,0,1,0,0,0,0,0,0,0,0,0
Non-industrial Internship project,LM3804,Master,Applied Sciences,https://studiegids.tudelft.nl/courses/study-guide/educations/17287,0,0,0,0,0,0,0,0,0,0,0,0,0,0,0,0,0
Design Project,LM3822,Master,Applied Sciences,https://studiegids.tudelft.nl/courses/study-guide/educations/17070,0,0,0,0,0,0,0,0,0,0,0,0,0,0,0,0,0
Master Thesis Project,LM3901,Master,Applied Sciences,https://studiegids.tudelft.nl/courses/study-guide/educations/17288,0,0,0,0,0,0,0,0,0,0,0,0,0,0,0,0,0
Master Research Project,LM3902,Master,Applied Sciences,https://studiegids.tudelft.nl/courses/study-guide/educations/4225,0,0,0,0,0,0,0,0,0,0,0,0,0,0,0,0,0
Master Research Project,LM3995,Master,Applied Sciences,https://studiegids.tudelft.nl/courses/study-guide/educations/4228,0,0,0,0,0,0,0,0,0,0,0,0,0,0,0,0,0
Musculoskeletal Modeling and Simulation,ME41006,Master,Mechanical Engineering,https://studiegids.tudelft.nl/courses/study-guide/educations/19562,0,0,1,0,0,0,0,0,0,0,0,0,0,0,0,0,0
Special Topics in Sports Engineering,ME41035,Master,Mechanical Engineering,https://studiegids.tudelft.nl/courses/study-guide/educations/19576,0,0,0,0,0,0,0,0,0,0,0,0,0,0,0,0,0
Multibody Dynamics,ME41056,Master,Mechanical Engineering,https://studiegids.tudelft.nl/courses/study-guide/educations/19254,0,0,0,0,0,0,0,0,0,0,0,0,0,0,0,0,0
System Identification and Parameter Estimation,ME41066,Master,Mechanical Engineering,https://studiegids.tudelft.nl/courses/study-guide/educations/22009,0,0,1,0,0,0,0,0,0,0,0,0,0,0,0,0,0
Biomechatronics,ME41085,Master,Mechanical Engineering,https://studiegids.tudelft.nl/courses/study-guide/educations/19568,0,0,1,0,0,0,0,0,0,0,0,0,0,0,0,0,0
Bio Inspired Design,ME41096,Master,Mechanical Engineering,https://studiegids.tudelft.nl/courses/study-guide/educations/19569,0,0,0,0,0,0,0,0,0,0,0,0,0,0,0,0,0
Intelligent Vehicles ME,ME41106,Master,Mechanical Engineering,https://studiegids.tudelft.nl/courses/study-guide/educations/19255,0,0,0,0,0,0,0,0,0,0,0,0,0,0,0,0,0
Freehand Sketching of Products and Mechanisms,ME41120,Master,Mechanical Engineering,https://studiegids.tudelft.nl/courses/study-guide/educations/19578,0,0,0,0,0,0,0,0,0,0,0,0,0,0,0,0,0
Introduction to Engineering Research,ME41125,Master,Mechanical Engineering,https://studiegids.tudelft.nl/courses/study-guide/educations/19579,0,0,0,0,0,0,0,0,0,0,0,0,0,0,0,0,0
Dynamics and Interaction of Material and Equipment,ME44101,Master,Mechanical Engineering,https://studiegids.tudelft.nl/courses/study-guide/educations/19655,0,0,0,0,0,0,0,0,1,0,0,0,0,0,0,0,0
Structural Design with FEM,ME44106,Master,Mechanical Engineering,https://studiegids.tudelft.nl/courses/study-guide/educations/19656,0,0,0,0,0,0,0,0,0,0,0,0,0,0,0,0,0
Integrated Design Project for Multi-Machine Systems,ME44110,Master,Mechanical Engineering,https://studiegids.tudelft.nl/courses/study-guide/educations/19657,0,0,0,0,0,0,0,0,1,0,1,1,1,0,0,0,0
Discrete Element Method (DEM) simulation,ME44115,Master,Mechanical Engineering,https://studiegids.tudelft.nl/courses/study-guide/educations/19666,0,0,0,0,0,0,0,0,1,0,0,0,0,0,0,0,0
Reliability and Maintenance of Transport Equipment,ME44125,Master,Mechanical Engineering,https://studiegids.tudelft.nl/courses/study-guide/educations/19408,0,0,0,0,0,0,0,0,1,0,0,0,0,0,0,0,0
Intelligent Operations and Maintenance for Transport and Production,ME44200,Master,Mechanical Engineering,https://studiegids.tudelft.nl/courses/study-guide/educations/19658,0,0,0,0,0,0,0,1,1,0,0,0,0,0,0,0,0
Quantitative Methods for Logistics,ME44206,Master,Mechanical Engineering,https://studiegids.tudelft.nl/courses/study-guide/educations/19497,0,0,0,0,0,0,0,0,0,0,0,0,0,0,0,0,0
Drive and Energy Systems,ME44210,Master,Mechanical Engineering,https://studiegids.tudelft.nl/courses/study-guide/educations/19256,0,0,0,0,0,0,1,0,1,0,0,0,0,0,0,0,0
Multi-Machine Coordination for Logistics,ME44300,Master,Mechanical Engineering,https://studiegids.tudelft.nl/courses/study-guide/educations/19410,0,0,0,0,0,0,0,0,1,0,1,0,0,0,0,0,0
System Analysis and Simulation,ME44305,Master,Mechanical Engineering,https://studiegids.tudelft.nl/courses/study-guide/educations/19662,0,0,0,0,0,0,0,0,0,0,0,0,0,0,0,0,0
Advanced Operations and Production Management,ME44311,Master,Mechanical Engineering,https://studiegids.tudelft.nl/courses/study-guide/educations/19668,0,0,0,0,0,0,0,0,1,0,0,0,0,0,0,0,0
Machine Learning for Transport and Multi-Machine Systems,ME44312,Master,Mechanical Engineering,https://studiegids.tudelft.nl/courses/study-guide/educations/19498,0,0,0,0,0,0,0,0,0,0,0,0,0,0,0,0,0
Advanced Heat Transfer,ME45001,Master,Mechanical Engineering,https://studiegids.tudelft.nl/courses/study-guide/educations/19257,0,0,0,0,0,0,0,0,0,0,0,0,0,0,0,0,0
Introduction to Multiphase Flow,ME45026,Master,Mechanical Engineering,https://studiegids.tudelft.nl/courses/study-guide/educations/19603,0,0,0,0,0,0,0,0,1,0,0,0,0,0,0,0,0
Turbulence,ME45030,Master,Mechanical Engineering,https://studiegids.tudelft.nl/courses/study-guide/educations/19599,0,0,0,0,0,0,0,0,0,0,0,0,0,0,0,0,0
Advanced Fluid Dynamics,ME45042,Master,Mechanical Engineering,https://studiegids.tudelft.nl/courses/study-guide/educations/19258,0,0,0,0,0,0,0,0,0,0,0,0,0,0,0,0,0
Microfluidics: Applied Theory and Lab,ME45050,Master,Mechanical Engineering,https://studiegids.tudelft.nl/courses/study-guide/educations/19604,0,0,0,0,0,0,0,0,0,0,0,0,0,0,0,0,0
Refrigeration and Heat Pumps Fundamentals,ME45075,Master,Mechanical Engineering,https://studiegids.tudelft.nl/courses/study-guide/educations/19605,0,0,0,0,0,0,1,1,1,0,0,1,1,0,0,0,0
Buildings as Energy and Indoor Climate Systems’,ME45111,Master,Mechanical Engineering,https://studiegids.tudelft.nl/courses/study-guide/educations/19606,0,0,0,0,0,0,1,0,1,0,1,1,1,0,0,0,0
Process and Power Plant Design,ME45134,Master,Mechanical Engineering,https://studiegids.tudelft.nl/courses/study-guide/educations/19600,0,0,0,0,0,0,1,0,1,0,0,1,1,0,0,0,0
Computational Fluid Dynamics for Engineers,ME45155,Master,Mechanical Engineering,https://studiegids.tudelft.nl/courses/study-guide/educations/19412,0,0,0,0,0,0,0,0,0,0,0,0,0,0,0,0,0
Advanced Applied Thermodynamics,ME45160,Master,Mechanical Engineering,https://studiegids.tudelft.nl/courses/study-guide/educations/19596,0,0,0,0,0,0,0,0,0,0,0,0,0,0,0,0,0
Equipment for Heat and Mass Transfer,ME45165,Master,Mechanical Engineering,https://studiegids.tudelft.nl/courses/study-guide/educations/19597,0,0,0,0,0,0,0,0,1,0,0,0,0,0,0,0,0
Equipment for Heat and Mass Transfer,ME45165SET,Master,Mechanical Engineering,https://studiegids.tudelft.nl/courses/study-guide/educations/32130,0,0,0,0,0,0,0,0,1,0,0,1,1,0,0,0,0
Turbomachinery,ME45170,Master,Mechanical Engineering,https://studiegids.tudelft.nl/courses/study-guide/educations/19607,0,0,0,0,0,0,1,0,1,0,0,0,1,0,0,0,0
"Electrolysers, Fuel Cells and Batteries",ME45203,Master,Mechanical Engineering,https://studiegids.tudelft.nl/courses/study-guide/educations/19608,0,0,0,0,0,0,1,0,1,0,0,0,1,0,0,0,0
Electrochemical Energy Storage,ME45204,Master,Mechanical Engineering,https://studiegids.tudelft.nl/courses/study-guide/educations/19602,0,0,0,0,0,0,1,0,1,0,0,0,1,0,0,0,0
Particle-based modeling of fluids,ME45211-25,Master,Mechanical Engineering,https://studiegids.tudelft.nl/courses/study-guide/educations/21834,0,0,0,0,0,0,0,0,0,0,0,0,1,0,0,0,0
Rheology of Complex Fluids,ME45215,Master,Mechanical Engineering,https://studiegids.tudelft.nl/courses/study-guide/educations/19610,0,0,0,0,0,0,0,0,0,0,0,0,0,0,0,0,0
Experimental Techniques in Fluid Mechanics,ME45220,Master,Mechanical Engineering,https://studiegids.tudelft.nl/courses/study-guide/educations/19611,0,0,0,0,0,0,0,0,0,0,0,0,0,0,0,0,0
Multiphysics transport in Energy Materials,ME45225,Master,Mechanical Engineering,https://studiegids.tudelft.nl/courses/study-guide/educations/19612,0,0,0,0,0,0,1,0,1,0,0,0,1,0,0,0,0
Non-linear Mechanics,ME46000,Master,Mechanical Engineering,https://studiegids.tudelft.nl/courses/study-guide/educations/19259,0,0,0,0,0,0,0,0,0,0,0,0,0,0,0,0,0
Physics for Mechanical Engineers,ME46006,Master,Mechanical Engineering,https://studiegids.tudelft.nl/courses/study-guide/educations/19260,0,0,0,0,0,0,0,0,0,0,0,0,0,0,0,0,0
Measurement Technology,ME46007,Master,Mechanical Engineering,https://studiegids.tudelft.nl/courses/study-guide/educations/19261,0,0,0,0,0,0,0,0,0,0,0,0,0,0,0,0,0
Introduction to Nanoscience and Technology,ME46010,Master,Mechanical Engineering,https://studiegids.tudelft.nl/courses/study-guide/educations/19225,0,0,0,0,0,0,0,0,0,0,0,0,0,0,0,0,0
Precision Mechanism Design,ME46015-23,Master,Mechanical Engineering,https://studiegids.tudelft.nl/courses/study-guide/educations/19570,0,0,0,0,0,0,0,0,0,0,0,0,0,0,0,0,0
"Micro- and Nanosystems Design and Fabrication, incl. MEMS Lab.",ME46020,Master,Mechanical Engineering,https://studiegids.tudelft.nl/courses/study-guide/educations/19622,0,0,0,0,0,0,0,0,0,0,0,0,0,0,0,0,0
Manufacturing for the Micro and Nano Scale,ME46025,Master,Mechanical Engineering,https://studiegids.tudelft.nl/courses/study-guide/educations/19627,0,0,0,0,0,0,0,0,1,0,0,0,0,0,0,0,0
Stability of Thin-Walled Structures 1,ME46035,Master,Mechanical Engineering,https://studiegids.tudelft.nl/courses/study-guide/educations/19628,0,0,0,0,0,0,0,0,0,0,0,0,0,0,0,0,0
Experimental Dynamics,ME46041,Master,Mechanical Engineering,https://studiegids.tudelft.nl/courses/study-guide/educations/19639,0,0,0,0,0,0,0,0,0,0,0,0,0,0,0,0,0
Advanced Finite Element Methods,ME46050,Master,Mechanical Engineering,https://studiegids.tudelft.nl/courses/study-guide/educations/19580,0,0,0,0,0,0,0,0,0,0,0,0,0,0,0,0,0
Engineering Dynamics,ME46055,Master,Mechanical Engineering,https://studiegids.tudelft.nl/courses/study-guide/educations/19262,0,0,0,0,0,0,0,0,0,0,0,0,0,0,0,0,0
Engineering Optimization: Concepts and Applications,ME46060,Master,Mechanical Engineering,https://studiegids.tudelft.nl/courses/study-guide/educations/19581,0,0,0,0,0,0,0,0,0,0,0,0,0,0,0,0,0
Thin Film Materials,ME46065,Master,Mechanical Engineering,https://studiegids.tudelft.nl/courses/study-guide/educations/19630,0,0,0,0,0,0,0,0,0,0,0,0,0,0,0,0,0
Fundamentals of Mechanical Analysis,ME46070,Master,Mechanical Engineering,https://studiegids.tudelft.nl/courses/study-guide/educations/19582,0,0,0,0,0,0,0,0,0,0,0,0,0,0,0,0,0
Non-linear Dynamics,ME46072,Master,Mechanical Engineering,https://studiegids.tudelft.nl/courses/study-guide/educations/19631,0,0,0,0,0,0,0,0,0,0,0,0,0,0,0,0,0
Mechatronic System Design,ME46085-23,Master,Mechanical Engineering,https://studiegids.tudelft.nl/courses/study-guide/educations/19227,0,0,0,0,0,0,0,0,0,0,0,0,0,0,0,0,0
Multiphysics Modelling using COMSOL,ME46095,Master,Mechanical Engineering,https://studiegids.tudelft.nl/courses/study-guide/educations/19632,0,0,0,0,0,0,0,0,0,0,0,0,0,0,0,0,0
Intro lab PME,ME46110,Master,Mechanical Engineering,https://studiegids.tudelft.nl/courses/study-guide/educations/19620,0,0,0,0,0,0,0,0,0,0,0,0,0,0,0,0,0
Compliant Mechanisms,ME46115-25,Master,Mechanical Engineering,https://studiegids.tudelft.nl/courses/study-guide/educations/21844,0,0,0,0,0,0,0,0,0,0,0,0,0,0,0,0,0
Micro and Nanofabrication for Cell Biology and Tissue Engineering,ME46125,Master,Mechanical Engineering,https://studiegids.tudelft.nl/courses/study-guide/educations/19635,0,0,1,0,0,0,0,0,0,0,0,0,0,0,0,0,0
Opto-Mechatronics,ME46310-25,Master,Mechanical Engineering,https://studiegids.tudelft.nl/courses/study-guide/educations/22377,0,0,0,0,0,0,0,0,1,0,0,0,0,0,0,0,0
Computational Design,ME46325,Master,Mechanical Engineering,https://studiegids.tudelft.nl/courses/study-guide/educations/19637,0,0,0,0,0,0,0,0,0,0,0,0,0,0,0,0,0
ME-BMD Literature Research,ME51010-20,Master,Mechanical Engineering,https://studiegids.tudelft.nl/courses/study-guide/educations/19592,0,0,0,1,0,0,0,0,0,0,0,0,0,0,0,0,0
ME-BMD Internship / Research Assignment,ME51015,Master,Mechanical Engineering,https://studiegids.tudelft.nl/courses/study-guide/educations/19591,0,0,0,0,0,0,0,0,0,0,0,0,0,0,0,0,0
ME-BMD MSc Thesis,ME51035,Master,Mechanical Engineering,https://studiegids.tudelft.nl/courses/study-guide/educations/19593,0,0,0,0,0,0,0,0,0,0,0,0,0,0,0,0,0
ME-MME Literature Research,ME54010-20,Master,Mechanical Engineering,https://studiegids.tudelft.nl/courses/study-guide/educations/19916,0,0,0,0,0,0,0,0,0,0,0,0,0,0,0,0,0
ME-MME Research Assignment,ME54015,Master,Mechanical Engineering,https://studiegids.tudelft.nl/courses/study-guide/educations/19915,0,0,0,0,0,0,0,0,0,0,0,0,0,0,0,0,0
ME-MME MSc Thesis,ME54035,Master,Mechanical Engineering,https://studiegids.tudelft.nl/courses/study-guide/educations/19917,0,0,0,0,0,0,0,0,0,0,0,0,0,0,0,0,0
ME-EFPT Literature Research,ME55010-20,Master,Mechanical Engineering,https://studiegids.tudelft.nl/courses/study-guide/educations/19615,0,0,0,1,0,0,0,0,0,0,0,0,0,0,0,0,0
ME-EFPT Research Assignment,ME55015,Master,Mechanical Engineering,https://studiegids.tudelft.nl/courses/study-guide/educations/19614,0,0,0,0,0,0,0,0,0,0,0,0,0,0,0,0,0
ME-EFPT MSc Thesis,ME55035,Master,Mechanical Engineering,https://studiegids.tudelft.nl/courses/study-guide/educations/19616,0,0,0,0,0,0,0,0,0,0,0,0,0,0,0,0,0
ME-HTE Literature Research and Project Proposal,ME56010-22,Master,Mechanical Engineering,https://studiegids.tudelft.nl/courses/study-guide/educations/19653,0,0,0,0,0,0,0,0,0,0,0,0,0,0,0,0,0
ME-HTE Research Assignment,ME56015R,Master,Mechanical Engineering,https://studiegids.tudelft.nl/courses/study-guide/educations/22414,0,0,0,0,0,0,0,0,0,0,0,0,0,0,0,0,0
ME-HTE Internship,ME56015S,Master,Mechanical Engineering,https://studiegids.tudelft.nl/courses/study-guide/educations/19652,0,0,0,0,0,0,0,0,0,0,0,0,0,0,0,0,0
ME-HTE Thesis,ME56035,Master,Mechanical Engineering,https://studiegids.tudelft.nl/courses/study-guide/educations/19654,0,0,0,0,0,0,0,0,0,0,0,0,0,0,0,0,0
Financial Management,MOT111A,Master,"Technology, Policy and Management",https://studiegids.tudelft.nl/courses/study-guide/educations/20219,0,0,0,0,0,0,0,0,0,0,0,0,0,0,0,0,0
Economic Foundations,MOT112A,Master,"Technology, Policy and Management",https://studiegids.tudelft.nl/courses/study-guide/educations/20220,0,0,0,0,0,0,0,1,0,0,0,0,0,0,0,0,0
Technology Dynamics,MOT113B,Master,"Technology, Policy and Management",https://studiegids.tudelft.nl/courses/study-guide/educations/21101,0,0,0,0,0,0,0,0,0,0,0,0,0,0,0,0,0
Leadership and Technology Management,MOT121A,Master,"Technology, Policy and Management",https://studiegids.tudelft.nl/courses/study-guide/educations/20222,0,0,0,0,0,0,0,1,0,0,0,0,0,0,0,0,0
Digital Business Process Management,MOT122A,Master,"Technology, Policy and Management",https://studiegids.tudelft.nl/courses/study-guide/educations/20223,0,0,0,0,0,0,0,0,1,0,0,0,0,0,0,0,0
Inter- and intra-organisational decision making,MOT123A,Master,"Technology, Policy and Management",https://studiegids.tudelft.nl/courses/study-guide/educations/20224,0,0,0,0,0,0,0,0,0,0,0,0,0,0,0,0,0
"Technology, Strategy and Entrepreneurship",MOT132A,Master,"Technology, Policy and Management",https://studiegids.tudelft.nl/courses/study-guide/educations/20226,0,0,0,0,0,0,0,1,1,0,0,0,0,0,0,0,1
High Tech Marketing,MOT133A,Master,"Technology, Policy and Management",https://studiegids.tudelft.nl/courses/study-guide/educations/20227,0,0,0,0,0,0,0,0,1,0,0,0,0,0,0,0,0
Research Methods,MOT141A,Master,"Technology, Policy and Management",https://studiegids.tudelft.nl/courses/study-guide/educations/20228,0,0,0,0,0,0,0,0,0,0,0,0,0,0,0,0,0
Ethics and Epistemology,MOT142B,Master,"Technology, Policy and Management",https://studiegids.tudelft.nl/courses/study-guide/educations/21102,0,0,0,0,0,0,0,0,0,0,0,0,0,0,0,0,0
Business Analytics,MOT143A,Master,"Technology, Policy and Management",https://studiegids.tudelft.nl/courses/study-guide/educations/20230,0,0,0,0,0,0,0,0,0,0,0,0,0,0,0,0,0
Preparation for Master Thesis,MOT201A,Master,"Technology, Policy and Management",https://studiegids.tudelft.nl/courses/study-guide/educations/20231,0,0,0,1,0,0,0,0,0,0,0,0,0,0,0,0,0
Integration Moment,MOT202A,Master,"Technology, Policy and Management",https://studiegids.tudelft.nl/courses/study-guide/educations/20232,0,0,0,0,0,0,0,0,0,0,0,0,0,0,0,0,0
Master Thesis Project,MOT2910,Master,"Technology, Policy and Management",https://studiegids.tudelft.nl/courses/study-guide/educations/20233,0,0,0,0,0,0,0,0,0,0,0,0,0,0,0,0,0
Project Entrepreneurship Thesis related,MOT9611,Master,"Technology, Policy and Management",https://studiegids.tudelft.nl/courses/study-guide/educations/19966,0,0,0,0,0,0,0,1,1,0,0,0,0,0,0,0,1
What is Authenticity in Art,MS3310UL,Bachelor,Mechanical Engineering,https://studiegids.tudelft.nl/courses/study-guide/educations/19088,0,0,0,0,0,0,0,0,0,0,0,0,0,0,0,0,0
The Biography of Art Objects: Understanding the Material Life Cycle of Artwork through Physical and Chemical Analysis,MS3320,Bachelor,Mechanical Engineering,https://studiegids.tudelft.nl/courses/study-guide/educations/19089,0,0,0,0,0,0,0,0,0,0,0,0,0,0,0,0,0
Crime and Disruption in the Art Market,MS3330EUR,Bachelor,Mechanical Engineering,https://studiegids.tudelft.nl/courses/study-guide/educations/19090,0,0,0,0,0,0,0,0,0,0,0,0,0,0,0,0,0
Authenticity and Art Crime: A Challenging Case Study (Leiden part),MS3340UL,Bachelor,Mechanical Engineering,https://studiegids.tudelft.nl/courses/study-guide/educations/4970,0,0,0,0,0,0,0,0,0,0,0,0,0,0,0,0,0
Authenticity and Art Crime: A Challenging Case Study (Delft part),MS3350,Bachelor,Mechanical Engineering,https://studiegids.tudelft.nl/courses/study-guide/educations/4971,0,0,0,1,0,0,0,0,0,0,0,0,0,0,0,0,0
Structure and Properties of Materials,MS43006,Master,Mechanical Engineering,https://studiegids.tudelft.nl/courses/study-guide/educations/19421,0,0,0,0,0,0,0,0,0,0,0,0,0,0,0,0,0
Characterisation of Materials,MS43011,Master,Mechanical Engineering,https://studiegids.tudelft.nl/courses/study-guide/educations/19422,0,0,0,0,0,0,0,0,0,0,0,0,0,0,0,0,0
Metals Science,MS43016,Master,Mechanical Engineering,https://studiegids.tudelft.nl/courses/study-guide/educations/19423,0,0,0,0,0,0,0,0,0,0,0,0,0,0,0,0,0
Computational Materials Science,MS43020,Master,Mechanical Engineering,https://studiegids.tudelft.nl/courses/study-guide/educations/19424,0,0,0,0,0,0,0,0,1,0,0,0,0,0,0,0,0
Mechanical Behaviour of Materials,MS43025,Master,Mechanical Engineering,https://studiegids.tudelft.nl/courses/study-guide/educations/19425,0,0,0,0,0,0,0,0,0,0,0,0,0,0,0,0,0
Transport Phenomena in Materials,MS43030,Master,Mechanical Engineering,https://studiegids.tudelft.nl/courses/study-guide/educations/19426,0,0,0,0,0,0,0,0,0,0,0,0,0,0,0,0,0
Thermodynamics and Kinetics of Materials,MS43035,Master,Mechanical Engineering,https://studiegids.tudelft.nl/courses/study-guide/educations/19427,0,0,0,0,0,0,0,0,0,0,0,0,0,0,0,0,0
Machine Learning for Materials Design,MS43040,Master,Mechanical Engineering,https://studiegids.tudelft.nl/courses/study-guide/educations/19434,0,0,0,0,0,0,0,0,0,0,0,0,0,0,0,0,0
Society’s Needs: Case Studies and Materials Challenges,MS43045,Master,Mechanical Engineering,https://studiegids.tudelft.nl/courses/study-guide/educations/19428,0,0,0,0,0,0,0,0,1,0,0,1,1,0,0,0,0
Polymer Science,MS43050,Master,Mechanical Engineering,https://studiegids.tudelft.nl/courses/study-guide/educations/19429,0,0,0,0,0,0,0,0,0,0,0,0,0,0,0,0,0
Science of Failure,MS43100,Master,Mechanical Engineering,https://studiegids.tudelft.nl/courses/study-guide/educations/19921,0,0,0,0,0,0,0,0,0,0,0,0,0,0,0,0,0
Joining Technologies,MS43110,Master,Mechanical Engineering,https://studiegids.tudelft.nl/courses/study-guide/educations/19923,0,0,0,0,0,0,0,0,0,0,0,0,0,0,0,0,0
Materials Selection for Engineering Applications,MS43115,Master,Mechanical Engineering,https://studiegids.tudelft.nl/courses/study-guide/educations/19924,0,0,0,0,0,0,0,0,1,0,0,1,1,0,0,0,0
Corrosion Engineering,MS43120,Master,Mechanical Engineering,https://studiegids.tudelft.nl/courses/study-guide/educations/19922,0,0,0,0,0,0,0,0,0,0,0,0,0,0,0,0,0
Metals Science II,MS43200,Master,Mechanical Engineering,https://studiegids.tudelft.nl/courses/study-guide/educations/19928,0,0,0,0,0,0,0,0,0,0,0,0,0,0,0,0,0
Computational Materials Science II,MS43205,Master,Mechanical Engineering,https://studiegids.tudelft.nl/courses/study-guide/educations/19929,0,0,0,0,0,0,0,0,1,0,0,0,0,0,0,0,0
Advanced Characterisation,MS43210,Master,Mechanical Engineering,https://studiegids.tudelft.nl/courses/study-guide/educations/19925,0,0,0,0,0,0,0,0,0,0,0,0,0,0,0,0,0
Steel Science,MS43215,Master,Mechanical Engineering,https://studiegids.tudelft.nl/courses/study-guide/educations/19931,0,0,0,0,0,0,0,0,0,0,0,0,0,0,0,0,0
Corrosion Science,MS43220,Master,Mechanical Engineering,https://studiegids.tudelft.nl/courses/study-guide/educations/19932,0,0,0,0,0,0,0,0,0,0,0,0,0,0,0,0,0
Materials for Hydrogen and Solar Energy Technology,MS43305,Master,Mechanical Engineering,https://studiegids.tudelft.nl/courses/study-guide/educations/19934,0,0,0,0,0,0,1,0,1,0,0,1,1,0,0,0,0
Materials at High Temperature,MS43310,Master,Mechanical Engineering,https://studiegids.tudelft.nl/courses/study-guide/educations/19937,0,0,0,0,0,0,0,0,0,0,0,0,0,0,0,0,0
Recycling Engineering Materials,MS43315,Master,Mechanical Engineering,https://studiegids.tudelft.nl/courses/study-guide/educations/19926,0,0,0,0,0,0,0,0,1,0,0,1,1,0,0,0,0
Application of Materials in High Tech Engineering,MS43325,Master,Mechanical Engineering,https://studiegids.tudelft.nl/courses/study-guide/educations/19447,0,0,0,0,0,0,0,0,0,0,0,1,1,0,0,0,0
Sustainable Metals Production,MS43330,Master,Mechanical Engineering,https://studiegids.tudelft.nl/courses/study-guide/educations/19933,0,0,0,0,0,0,1,1,1,0,0,1,1,0,0,0,0
Materials Elective R I,MS43702,Master,Mechanical Engineering,https://studiegids.tudelft.nl/courses/study-guide/educations/19453,0,0,0,0,0,0,0,0,0,0,0,0,0,0,0,0,0
Materials Elective R II,MS43706,Master,Mechanical Engineering,https://studiegids.tudelft.nl/courses/study-guide/educations/19454,0,0,0,0,0,0,0,0,0,0,0,0,0,0,0,0,0
Metallic Materials in Maritime Structures,MS43805,Master,Mechanical Engineering,https://studiegids.tudelft.nl/courses/study-guide/educations/19449,0,0,0,0,0,0,0,0,0,0,0,0,0,0,0,0,0
Materials in Art and Design,MS43810,Master,Mechanical Engineering,https://studiegids.tudelft.nl/courses/study-guide/educations/19450,0,0,0,0,0,0,0,0,0,0,0,0,0,0,0,0,0
Radiation Damage in Materials,MS43825,Master,Mechanical Engineering,https://studiegids.tudelft.nl/courses/study-guide/educations/19451,0,0,0,0,0,0,0,0,0,0,0,0,0,0,0,0,0
MSE Literature Research,MS53010-20,Master,Mechanical Engineering,https://studiegids.tudelft.nl/courses/study-guide/educations/19456,0,0,0,0,0,0,0,0,0,0,0,0,0,0,0,0,0
MSE MSc Thesis,MS53035,Master,Mechanical Engineering,https://studiegids.tudelft.nl/courses/study-guide/educations/19457,0,0,0,0,0,0,0,0,1,0,0,1,1,0,0,0,0
External Research Project,MS53200,Master,Mechanical Engineering,https://studiegids.tudelft.nl/courses/study-guide/educations/19455,0,0,0,0,0,0,0,0,0,0,0,0,0,0,0,0,0
Introduction Maritime Technology,MT1461-25,Bachelor,Mechanical Engineering,https://studiegids.tudelft.nl/courses/study-guide/educations/21067,0,0,0,0,0,0,0,0,0,0,0,0,0,0,0,0,0
Hydrostatics,MT1462,Bachelor,Mechanical Engineering,https://studiegids.tudelft.nl/courses/study-guide/educations/19343,0,0,0,0,0,0,0,0,0,0,0,0,0,0,0,0,0
Integration and skills 1,MT1463,Bachelor,Mechanical Engineering,https://studiegids.tudelft.nl/courses/study-guide/educations/19346,0,0,0,0,0,0,0,0,0,0,0,0,0,0,0,0,0
Mechanics of Maritime Structures 1,MT1464,Bachelor,Mechanical Engineering,https://studiegids.tudelft.nl/courses/study-guide/educations/19344,0,0,0,0,0,0,0,0,0,0,0,1,1,0,0,0,0
"Resistance, Propulsion and Powering 1",MT1465,Bachelor,Mechanical Engineering,https://studiegids.tudelft.nl/courses/study-guide/educations/19345,0,0,0,0,0,0,1,0,1,0,0,1,1,0,0,0,0
Integration and Skills 2,MT1466,Bachelor,Mechanical Engineering,https://studiegids.tudelft.nl/courses/study-guide/educations/19347,0,0,0,0,0,0,0,0,0,0,0,0,0,0,0,0,0
Hydromechanics,MT2461-25,Bachelor,Mechanical Engineering,https://studiegids.tudelft.nl/courses/study-guide/educations/21077,0,0,0,0,0,0,0,0,0,0,0,0,0,0,0,0,0
Ship Design,MT2462,Bachelor,Mechanical Engineering,https://studiegids.tudelft.nl/courses/study-guide/educations/19355,0,0,0,0,0,0,1,0,1,0,0,1,1,0,0,0,0
"Resistance, Propulsion and Powering 2",MT2463,Bachelor,Mechanical Engineering,https://studiegids.tudelft.nl/courses/study-guide/educations/19351,0,0,0,0,0,0,1,0,1,0,0,1,1,0,0,0,0
Mechanics of Maritime Structures 2,MT2464,Bachelor,Mechanical Engineering,https://studiegids.tudelft.nl/courses/study-guide/educations/19352,0,0,0,0,0,0,0,0,0,0,0,0,0,0,0,0,0
Integration and Skills 3,MT2465,Bachelor,Mechanical Engineering,https://studiegids.tudelft.nl/courses/study-guide/educations/19356,0,0,0,0,0,0,0,0,1,0,0,0,1,0,0,0,0
Dynamics of Maritime Structures,MT3461,Bachelor,Mechanical Engineering,https://studiegids.tudelft.nl/courses/study-guide/educations/21086,0,0,0,0,0,0,0,0,0,0,0,0,0,0,0,0,0
Electric drive and conversion,MT3462,Bachelor,Mechanical Engineering,https://studiegids.tudelft.nl/courses/study-guide/educations/21088,0,0,0,0,0,0,0,0,1,0,0,0,0,0,0,0,0
Ship Motion and Manouvring,MT3463,Bachelor,Mechanical Engineering,https://studiegids.tudelft.nl/courses/study-guide/educations/19360,0,0,0,0,0,0,0,0,0,0,0,0,0,0,0,0,0
Mechatronics in MT,MT44001,Master,Mechanical Engineering,https://studiegids.tudelft.nl/courses/study-guide/educations/19875,0,0,0,0,0,0,0,0,0,0,0,0,0,0,0,0,0
"Future Marine Power, Propulsion and Energy Systems",MT44006,Master,Mechanical Engineering,https://studiegids.tudelft.nl/courses/study-guide/educations/19876,0,0,0,0,0,0,1,0,1,0,0,1,1,0,0,0,0
Non-metallic Materials in Maritime Structures,MT44010,Master,Mechanical Engineering,https://studiegids.tudelft.nl/courses/study-guide/educations/19877,0,0,0,0,0,0,0,0,1,0,0,1,0,0,0,0,0
Motions and Loading of Structures in Waves,MT44021,Master,Mechanical Engineering,https://studiegids.tudelft.nl/courses/study-guide/educations/19401,0,0,0,0,0,0,0,0,0,0,0,0,0,0,0,0,0
Numerical Ship Hydrodynamics,MT44025,Master,Mechanical Engineering,https://studiegids.tudelft.nl/courses/study-guide/educations/19878,0,0,0,0,0,0,0,0,0,0,0,0,0,0,0,0,0
Advanced Mechanics of Maritime Structures,MT44030,Master,Mechanical Engineering,https://studiegids.tudelft.nl/courses/study-guide/educations/19402,0,0,0,0,0,0,0,0,0,0,0,0,0,0,0,0,0
Design of Complex Specials,MT44035,Master,Mechanical Engineering,https://studiegids.tudelft.nl/courses/study-guide/educations/19403,0,0,0,0,0,0,0,0,1,0,0,0,1,0,0,0,0
"Maritime Finance, Business and Law",MT44040,Master,Mechanical Engineering,https://studiegids.tudelft.nl/courses/study-guide/educations/19404,0,0,0,0,0,0,0,0,0,0,0,0,1,0,0,0,0
Fundamentals of Marine Engineering,MT44050,Master,Mechanical Engineering,https://studiegids.tudelft.nl/courses/study-guide/educations/19405,0,0,0,0,0,0,1,0,1,0,0,1,1,0,0,0,0
Advanced Course in Resistance and Propulsion,MT44061,Master,Mechanical Engineering,https://studiegids.tudelft.nl/courses/study-guide/educations/19879,0,0,0,0,0,0,0,0,0,0,0,0,0,0,0,0,0
Shipping Management,MT44070,Master,Mechanical Engineering,https://studiegids.tudelft.nl/courses/study-guide/educations/19880,0,0,0,0,0,0,0,0,0,0,0,1,1,0,0,0,0
Ultimate Strength of Maritime Structures,MT44085,Master,Mechanical Engineering,https://studiegids.tudelft.nl/courses/study-guide/educations/19881,0,0,0,0,0,0,0,0,0,0,0,0,0,0,0,0,0
Fluid - Structure Interaction in Maritime Structures,MT44090,Master,Mechanical Engineering,https://studiegids.tudelft.nl/courses/study-guide/educations/19882,0,0,0,0,0,0,0,0,1,0,0,0,0,0,0,0,0
Design of Advanced Marine Vehicles,MT44095,Master,Mechanical Engineering,https://studiegids.tudelft.nl/courses/study-guide/educations/19883,0,0,0,0,0,0,0,0,0,0,0,0,0,0,0,0,0
Internal Combustion Engines A,MT44100,Master,Mechanical Engineering,https://studiegids.tudelft.nl/courses/study-guide/educations/19884,0,0,0,0,0,0,1,1,1,0,0,0,1,0,0,0,0
Internal Combustion Engines B,MT44105,Master,Mechanical Engineering,https://studiegids.tudelft.nl/courses/study-guide/educations/19885,0,0,0,0,0,0,1,0,1,0,0,1,1,0,0,0,0
Individual Research Assignment for MT,MT54000,Master,Mechanical Engineering,https://studiegids.tudelft.nl/courses/study-guide/educations/19420,0,0,0,0,0,0,0,0,0,0,0,0,0,0,0,0,0
MT Literature Research,MT54010-20,Master,Mechanical Engineering,https://studiegids.tudelft.nl/courses/study-guide/educations/19417,0,0,0,0,0,0,0,0,0,0,0,0,0,0,0,0,0
MT MSc Thesis,MT54035,Master,Mechanical Engineering,https://studiegids.tudelft.nl/courses/study-guide/educations/19418,0,0,0,0,0,0,0,0,0,0,0,0,0,0,0,0,0
Biochemistry,NB1012,Bachelor,Applied Sciences,https://studiegids.tudelft.nl/courses/study-guide/educations/16959,0,0,0,0,0,0,0,0,0,0,0,0,0,0,0,0,0
Molecular Biology,NB1016,Bachelor,Applied Sciences,https://studiegids.tudelft.nl/courses/study-guide/educations/16960,0,0,0,0,0,0,0,0,0,0,0,0,0,0,0,0,0
Genetics,NB1022,Bachelor,Applied Sciences,https://studiegids.tudelft.nl/courses/study-guide/educations/16961,0,0,0,0,0,0,0,0,0,0,0,0,0,0,0,0,0
Journal Club 1,NB1052,Bachelor,Applied Sciences,https://studiegids.tudelft.nl/courses/study-guide/educations/16964,0,0,0,0,0,0,0,0,0,0,0,0,0,0,0,0,0
Chemistry 1,NB1102,Bachelor,Applied Sciences,https://studiegids.tudelft.nl/courses/study-guide/educations/16965,0,0,0,0,0,0,0,0,0,0,0,0,0,0,0,0,0
Chemistry 2,NB1110,Bachelor,Applied Sciences,https://studiegids.tudelft.nl/courses/study-guide/educations/16966,0,0,0,0,0,0,0,0,0,0,0,0,0,0,0,0,0
Biomolecular Programming,NB1120,Bachelor,Applied Sciences,https://studiegids.tudelft.nl/courses/study-guide/educations/16967,0,0,0,0,0,0,0,0,0,0,0,0,0,0,0,0,0
Biophysics,NB1132,Bachelor,Applied Sciences,https://studiegids.tudelft.nl/courses/study-guide/educations/16968,0,0,0,0,0,0,0,0,0,0,0,0,0,0,0,0,0
Physics 1A,NB1140,Bachelor,Applied Sciences,https://studiegids.tudelft.nl/courses/study-guide/educations/16969,0,0,0,0,0,0,0,0,0,0,0,0,0,0,0,0,0
Physics 1B,NB1143,Bachelor,Applied Sciences,https://studiegids.tudelft.nl/courses/study-guide/educations/16970,0,0,0,0,0,0,0,0,0,0,0,0,0,0,0,0,0
Lab Course Track A-1,NB1150,Bachelor,Applied Sciences,https://studiegids.tudelft.nl/courses/study-guide/educations/16971,0,0,0,0,0,0,0,0,0,0,0,0,0,0,0,0,0
Lab Course Track A-2,NB1151,Bachelor,Applied Sciences,https://studiegids.tudelft.nl/courses/study-guide/educations/16972,0,0,0,0,0,0,0,0,0,0,0,1,1,0,0,0,0
Lab Course Track B-1,NB1163,Bachelor,Applied Sciences,https://studiegids.tudelft.nl/courses/study-guide/educations/16973,0,0,0,0,0,1,0,0,0,0,0,0,0,0,0,0,0
Lab Course Track B-2,NB1164,Bachelor,Applied Sciences,https://studiegids.tudelft.nl/courses/study-guide/educations/16974,0,0,0,0,0,0,0,0,0,0,0,0,0,0,0,0,0
Analysis 1,NB1201,Bachelor,Applied Sciences,https://studiegids.tudelft.nl/courses/study-guide/educations/16975,0,0,0,0,0,0,0,0,0,0,0,0,0,0,0,0,0
Analysis 2,NB1206,Bachelor,Applied Sciences,https://studiegids.tudelft.nl/courses/study-guide/educations/16976,0,0,0,0,0,0,0,0,0,0,0,0,0,0,0,0,0
Analysis 3,NB1211,Bachelor,Applied Sciences,https://studiegids.tudelft.nl/courses/study-guide/educations/16977,0,0,0,0,0,0,0,0,0,0,0,0,0,0,0,0,0
Linear Algebra,NB1230,Bachelor,Applied Sciences,https://studiegids.tudelft.nl/courses/study-guide/educations/16978,0,0,0,0,0,0,0,0,0,0,0,0,0,0,0,0,0
Molecular Genetics,NB1310,Bachelor,Applied Sciences,https://studiegids.tudelft.nl/courses/study-guide/educations/21583,0,0,1,0,0,0,0,0,0,0,0,0,0,0,0,0,0
Math 1 for Nanobiologists,NB1315,Bachelor,Applied Sciences,https://studiegids.tudelft.nl/courses/study-guide/educations/21584,0,0,0,0,0,0,0,0,0,0,0,0,0,0,0,0,0
Chemistry,NB1320,Bachelor,Applied Sciences,https://studiegids.tudelft.nl/courses/study-guide/educations/21586,0,0,0,0,0,0,0,0,0,0,0,0,0,0,0,0,0
Mechanics and Optics,NB1325,Bachelor,Applied Sciences,https://studiegids.tudelft.nl/courses/study-guide/educations/21587,0,0,0,0,0,0,0,0,0,0,0,0,0,0,0,0,0
Structural Biochemistry,NB1330,Bachelor,Applied Sciences,https://studiegids.tudelft.nl/courses/study-guide/educations/21591,0,0,0,0,0,0,0,0,0,0,0,0,0,0,0,0,0
Math 2 for Nanobiologists,NB1335,Bachelor,Applied Sciences,https://studiegids.tudelft.nl/courses/study-guide/educations/21593,0,0,0,0,0,0,0,0,0,0,0,0,0,0,0,0,0
Molecular Biophysics,NB1340,Bachelor,Applied Sciences,https://studiegids.tudelft.nl/courses/study-guide/educations/21595,0,0,0,0,0,0,0,0,0,0,0,0,0,0,0,0,0
Math 3 for Nanobiologists,NB1345,Bachelor,Applied Sciences,https://studiegids.tudelft.nl/courses/study-guide/educations/21597,0,0,0,0,0,0,0,0,0,0,0,0,0,0,0,0,0
Introduction to Nanobiology,NB1410,Bachelor,Applied Sciences,https://studiegids.tudelft.nl/courses/study-guide/educations/21585,0,0,0,1,0,0,0,0,0,0,0,0,0,0,0,0,0
Programming Foundations,NB1420,Bachelor,Applied Sciences,https://studiegids.tudelft.nl/courses/study-guide/educations/21589,0,0,0,0,0,0,0,0,0,0,0,0,0,0,0,0,0
Molecular Biology Techniques A,NB1430,Bachelor,Applied Sciences,https://studiegids.tudelft.nl/courses/study-guide/educations/21604,0,0,0,0,0,0,0,0,0,0,0,0,0,0,0,0,0
Biophysics Techniques A,NB1435,Bachelor,Applied Sciences,https://studiegids.tudelft.nl/courses/study-guide/educations/21607,0,0,0,0,0,0,0,0,0,0,0,1,0,0,0,0,0
Molecular Biology Techniques B,NB1440,Bachelor,Applied Sciences,https://studiegids.tudelft.nl/courses/study-guide/educations/21608,0,0,0,0,0,0,0,0,0,0,0,0,0,0,0,0,0
Biophysics Techniques B,NB1445,Bachelor,Applied Sciences,https://studiegids.tudelft.nl/courses/study-guide/educations/21609,0,0,0,0,0,0,0,0,0,0,0,1,1,0,0,0,0
Thermodynamics and Transport,NB2011,Bachelor,Applied Sciences,https://studiegids.tudelft.nl/courses/study-guide/educations/16979,0,0,0,0,0,0,0,0,0,0,0,0,0,0,0,0,0
Philosophy and Ethics,NB2022,Bachelor,Applied Sciences,https://studiegids.tudelft.nl/courses/study-guide/educations/16980,0,0,0,0,0,0,0,0,0,0,0,0,0,0,0,0,0
Evolutionary Developmental Biology,NB2032,Bachelor,Applied Sciences,https://studiegids.tudelft.nl/courses/study-guide/educations/16981,0,0,0,0,0,0,0,0,0,0,0,0,0,0,0,0,0
Physical Biology of the Cell 2,NB2071,Bachelor,Applied Sciences,https://studiegids.tudelft.nl/courses/study-guide/educations/16982,0,0,0,0,0,0,0,0,0,0,0,0,0,0,0,0,0
Nanotechnology,NB2081,Bachelor,Applied Sciences,https://studiegids.tudelft.nl/courses/study-guide/educations/16983,0,0,0,0,0,0,0,0,0,0,0,0,0,0,0,0,0
Physics 2,NB2141,Bachelor,Applied Sciences,https://studiegids.tudelft.nl/courses/study-guide/educations/16984,0,0,0,0,0,0,0,0,0,0,0,0,0,0,0,0,0
Bioinformatics,NB2161,Bachelor,Applied Sciences,https://studiegids.tudelft.nl/courses/study-guide/educations/16985,0,0,0,0,0,0,0,0,0,0,0,0,0,0,0,0,0
Statistics,NB2171,Bachelor,Applied Sciences,https://studiegids.tudelft.nl/courses/study-guide/educations/16986,0,0,0,0,0,0,0,0,0,0,0,0,0,0,0,0,0
Computational Science,NB2181,Bachelor,Applied Sciences,https://studiegids.tudelft.nl/courses/study-guide/educations/16987,0,0,0,0,0,0,0,0,0,0,0,0,0,0,0,0,0
Differential Equations,NB2191,Bachelor,Applied Sciences,https://studiegids.tudelft.nl/courses/study-guide/educations/16988,0,0,0,0,0,0,0,0,0,0,0,0,0,0,0,0,0
Electronic Instrumentation,NB2214,Bachelor,Applied Sciences,https://studiegids.tudelft.nl/courses/study-guide/educations/16989,0,0,0,0,0,0,0,0,0,0,0,0,0,0,0,0,0
Statistical Physics,NB2220,Bachelor,Applied Sciences,https://studiegids.tudelft.nl/courses/study-guide/educations/16990,0,0,0,0,0,0,0,0,0,0,0,0,0,0,0,0,0
Biomolecular Structure and Function,NB2230,Bachelor,Applied Sciences,https://studiegids.tudelft.nl/courses/study-guide/educations/16991,0,0,0,0,0,0,0,0,0,0,0,0,0,0,0,0,0
Imaging 2,NB2240,Bachelor,Applied Sciences,https://studiegids.tudelft.nl/courses/study-guide/educations/16992,0,0,0,0,0,0,0,0,0,0,0,0,0,0,0,0,0
Imaging 1,NB2330,Bachelor,Applied Sciences,https://studiegids.tudelft.nl/courses/study-guide/educations/16993,0,0,0,0,0,0,0,0,0,0,0,0,0,0,0,0,0
Honours Programme Seminars,NB2901HPB,Bachelor,Applied Sciences,https://studiegids.tudelft.nl/courses/study-guide/educations/17025,0,0,0,0,0,0,0,0,0,0,0,0,0,0,0,0,0
Honours Programme Journal Club,NB2902HPB,Bachelor,Applied Sciences,https://studiegids.tudelft.nl/courses/study-guide/educations/17026,0,0,0,0,0,0,0,0,0,0,1,0,0,0,0,0,0
Honours Programme Project,NB2903HPB,Bachelor,Applied Sciences,https://studiegids.tudelft.nl/courses/study-guide/educations/17027,0,0,0,0,0,0,0,0,0,0,0,0,0,0,0,0,0
Honours Programme Broaden-your-experience-project,NB2904HPB,Bachelor,Applied Sciences,https://studiegids.tudelft.nl/courses/study-guide/educations/17028,0,0,0,0,0,0,0,0,0,0,0,0,0,0,0,0,0
Honours Programme Project,NB2905HPB,Bachelor,Applied Sciences,https://studiegids.tudelft.nl/courses/study-guide/educations/17029,0,0,0,0,0,0,0,0,0,0,0,0,0,0,0,0,0
Bachelor Thesis Project,NB3000,Bachelor,Applied Sciences,https://studiegids.tudelft.nl/courses/study-guide/educations/16995,0,0,0,0,0,0,0,0,0,0,0,0,0,0,0,0,0
Computational Neuroscience,NB3014,Bachelor,Applied Sciences,https://studiegids.tudelft.nl/courses/study-guide/educations/17197,0,0,0,0,0,0,0,0,0,0,0,0,0,0,0,0,0
A Primer in Neuroscience,NB3015,Bachelor,Applied Sciences,https://studiegids.tudelft.nl/courses/study-guide/educations/17198,0,0,0,0,0,0,0,0,0,0,0,0,0,0,0,0,0
High Speed Scientific Computing,NB3016,Bachelor,Applied Sciences,https://studiegids.tudelft.nl/courses/study-guide/educations/17199,0,0,0,0,0,0,0,0,0,0,0,0,0,0,0,0,0
Quantum Mechanics for Nanobiology 1,NB3017,Bachelor,Applied Sciences,https://studiegids.tudelft.nl/courses/study-guide/educations/17200,0,0,0,0,0,0,0,0,0,0,0,0,0,0,0,0,0
Quantum Mechanics for Nanobiology 2,NB3018,Bachelor,Applied Sciences,https://studiegids.tudelft.nl/courses/study-guide/educations/17201,0,0,0,0,0,0,0,0,0,0,0,0,0,0,0,0,0
Genomics Technology in Breast Cancer Research,NB3020,Bachelor,Applied Sciences,https://studiegids.tudelft.nl/courses/study-guide/educations/17202,0,0,1,0,0,0,0,0,0,0,0,0,0,0,0,0,0
Optics and its Application in Nanobiology,NB3021,Bachelor,Applied Sciences,https://studiegids.tudelft.nl/courses/study-guide/educations/17203,0,0,0,0,0,0,0,0,0,0,0,0,0,0,0,0,0
Epigenetics,NB3022,Bachelor,Applied Sciences,https://studiegids.tudelft.nl/courses/study-guide/educations/17204,0,0,1,0,0,0,0,0,0,0,0,0,0,0,0,0,0
Human Complex Genetics,NB3023,Bachelor,Applied Sciences,https://studiegids.tudelft.nl/courses/study-guide/educations/17205,0,0,1,0,0,0,0,0,0,0,0,0,0,0,0,0,0
Advanced Math Topics,NB3024,Bachelor,Applied Sciences,https://studiegids.tudelft.nl/courses/study-guide/educations/17206,0,0,0,0,0,0,0,0,0,0,0,0,0,0,0,0,0
Biomolecular Ultrasound,NB3026,Bachelor,Applied Sciences,https://studiegids.tudelft.nl/courses/study-guide/educations/17207,0,0,0,0,0,0,0,0,0,0,0,0,0,0,0,0,0
Nanobiology Independent Research,NB3030,Bachelor,Applied Sciences,https://studiegids.tudelft.nl/courses/study-guide/educations/17208,0,0,0,0,0,0,0,0,0,0,0,0,0,0,0,0,0
CSBB part 1: Understanding Questions,NB3510,Bachelor,Applied Sciences,https://studiegids.tudelft.nl/courses/study-guide/educations/4032,0,0,0,1,0,0,0,0,0,0,0,0,0,0,0,0,0
CSBB part 2: developing answers,NB3520,Bachelor,Applied Sciences,https://studiegids.tudelft.nl/courses/study-guide/educations/4033,0,0,1,0,0,1,0,0,0,0,0,1,1,0,0,1,1
Analytical Mechanics,NB4011,Master,Applied Sciences,https://studiegids.tudelft.nl/courses/study-guide/educations/17088,0,0,0,0,0,0,0,0,0,0,0,0,0,0,0,0,0
Stochastic Processes with Applications,NB4012,Master,Applied Sciences,https://studiegids.tudelft.nl/courses/study-guide/educations/17089,0,0,0,0,0,0,0,0,0,0,0,0,0,0,0,0,0
High-Resolution Imaging,NB4020,Master,Applied Sciences,https://studiegids.tudelft.nl/courses/study-guide/educations/17090,0,0,0,0,0,0,0,0,0,0,0,0,0,0,0,0,0
Engineering Genetic Information,NB4030,Master,Applied Sciences,https://studiegids.tudelft.nl/courses/study-guide/educations/17091,0,0,0,0,0,0,0,0,0,0,0,0,0,0,0,0,0
Biology of Cancer,NB4040,Master,Applied Sciences,https://studiegids.tudelft.nl/courses/study-guide/educations/17092,0,0,1,0,0,0,0,0,0,0,0,0,0,0,0,0,0
Modeling Dynamical Systems,NB4050,Master,Applied Sciences,https://studiegids.tudelft.nl/courses/study-guide/educations/17093,0,0,0,0,0,0,0,0,0,0,0,0,0,0,0,0,0
Soft Matter Physics,NB4070,Master,Applied Sciences,https://studiegids.tudelft.nl/courses/study-guide/educations/17436,0,0,0,0,0,0,0,0,0,0,0,0,0,0,0,0,0
Stem Cells,NB4090,Master,Applied Sciences,https://studiegids.tudelft.nl/courses/study-guide/educations/17308,0,0,1,0,0,0,0,0,0,0,0,0,0,0,0,1,0
Nuclear Architecture,NB4100,Master,Applied Sciences,https://studiegids.tudelft.nl/courses/study-guide/educations/17309,0,0,1,0,0,0,0,0,0,0,0,0,0,0,0,0,0
Geometry of Physics,NB4110,Master,Applied Sciences,https://studiegids.tudelft.nl/courses/study-guide/educations/17310,0,0,0,0,0,0,0,0,0,0,0,0,0,0,0,0,0
Engineering of Living Systems,NB4160,Master,Applied Sciences,https://studiegids.tudelft.nl/courses/study-guide/educations/17437,0,0,0,0,0,0,0,0,1,0,0,0,0,0,0,1,0
Molecular Virology and Immunology,NB4166,Master,Applied Sciences,https://studiegids.tudelft.nl/courses/study-guide/educations/17313,0,0,1,0,0,0,0,0,0,0,0,0,0,0,0,0,0
AI and Machine Learning for Biomedical Sciences,NB4170,Master,Applied Sciences,https://studiegids.tudelft.nl/courses/study-guide/educations/23471,0,0,0,0,0,0,0,0,0,0,0,0,0,0,0,1,0
Project Development Part 1,NB4510,Master,Applied Sciences,https://studiegids.tudelft.nl/courses/study-guide/educations/17095,0,0,0,0,0,0,0,0,0,0,0,0,0,0,0,0,0
Project Development Part 2,NB4520,Master,Applied Sciences,https://studiegids.tudelft.nl/courses/study-guide/educations/17096,0,0,0,1,0,0,0,0,0,0,0,0,0,0,0,1,0
Seminars,NB5015,Master,Applied Sciences,https://studiegids.tudelft.nl/courses/study-guide/educations/17097,0,0,0,0,0,0,0,0,0,0,0,0,0,0,0,0,0
Internship,NB5060,Master,Applied Sciences,https://studiegids.tudelft.nl/courses/study-guide/educations/23472,0,0,0,0,0,0,0,0,0,0,0,0,0,0,0,0,0
Academic Research Project,NB5065,Master,Applied Sciences,https://studiegids.tudelft.nl/courses/study-guide/educations/23474,0,0,0,0,0,0,0,0,0,0,0,0,0,0,0,0,0
MEP PREP,NB5903,Master,Applied Sciences,https://studiegids.tudelft.nl/courses/study-guide/educations/21687,0,0,0,1,0,0,0,0,0,0,0,0,0,0,0,0,0
Independent Research,NB5910,Master,Applied Sciences,https://studiegids.tudelft.nl/courses/study-guide/educations/17314,0,0,0,0,0,0,0,0,0,0,0,0,0,0,0,0,0
Master End Project Nanobiology,NB5942,Master,Applied Sciences,https://studiegids.tudelft.nl/courses/study-guide/educations/17101,0,0,0,0,0,0,0,0,0,0,0,0,0,0,0,1,0
Fatigue in Offshore Structures,OE44085,Master,Mechanical Engineering,https://studiegids.tudelft.nl/courses/study-guide/educations/19459,0,0,0,0,0,0,0,0,0,0,0,0,0,0,0,0,0
Marine Hydromechanics,OE44150,Master,Mechanical Engineering,https://studiegids.tudelft.nl/courses/study-guide/educations/19460,0,0,0,0,0,0,0,0,0,0,0,0,0,0,0,0,0
Offshore Renewables Technologies,OE44170,Master,Mechanical Engineering,https://studiegids.tudelft.nl/courses/study-guide/educations/19461,0,0,0,0,0,0,1,0,1,0,0,0,1,0,0,0,1
Structural Mechanics of Offshore Structures,OE44175,Master,Mechanical Engineering,https://studiegids.tudelft.nl/courses/study-guide/educations/19462,0,0,0,0,0,0,0,0,0,0,0,0,0,0,0,0,0
Seabed Preparation and Installation Processes,OE44180,Master,Mechanical Engineering,https://studiegids.tudelft.nl/courses/study-guide/educations/19463,0,0,0,0,0,0,0,0,0,0,0,0,0,0,0,0,0
Numerical Methods for Offshore and Dredging Engineering,OE44185,Master,Mechanical Engineering,https://studiegids.tudelft.nl/courses/study-guide/educations/19464,0,0,0,0,0,0,0,0,0,0,0,0,0,0,0,0,0
Offshore Research Project,OE44190,Master,Mechanical Engineering,https://studiegids.tudelft.nl/courses/study-guide/educations/19465,0,0,0,0,0,0,0,0,0,0,0,0,0,0,0,0,0
Reflection for Offshore and Dredging Engineers,OE44195,Master,Mechanical Engineering,https://studiegids.tudelft.nl/courses/study-guide/educations/19466,0,0,0,0,0,0,0,0,0,0,0,0,0,0,0,1,0
Offshore Development Project,OE44200,Master,Mechanical Engineering,https://studiegids.tudelft.nl/courses/study-guide/educations/19467,0,0,1,0,0,0,1,0,1,0,0,1,1,0,0,0,0
Offshore Geotechnical Engineering,OE44205,Master,Mechanical Engineering,https://studiegids.tudelft.nl/courses/study-guide/educations/19468,0,0,0,0,0,0,1,0,1,0,0,0,1,0,0,0,0
Offshore Design Project,OE44210,Master,Mechanical Engineering,https://studiegids.tudelft.nl/courses/study-guide/educations/19469,0,0,0,0,0,0,1,0,1,0,0,0,0,0,0,0,0
Marine Pipelines,OE44215,Master,Mechanical Engineering,https://studiegids.tudelft.nl/courses/study-guide/educations/19897,0,0,0,0,0,0,0,0,0,0,0,0,0,0,0,0,0
ODE Research Exercise,OE44220,Master,Mechanical Engineering,https://studiegids.tudelft.nl/courses/study-guide/educations/19898,0,0,0,0,0,0,0,0,0,0,0,0,0,0,0,0,0
ODE Literature Research,OE54010-22,Master,Mechanical Engineering,https://studiegids.tudelft.nl/courses/study-guide/educations/19904,0,0,0,1,0,0,0,0,0,0,0,0,0,0,0,0,0
ODE MSc Thesis,OE54035,Master,Mechanical Engineering,https://studiegids.tudelft.nl/courses/study-guide/educations/19905,0,0,0,0,0,0,0,0,0,0,0,0,0,0,0,0,0
Persoonlijke Ontwikkelingsweken (POW),POW,Bachelor,Architecture and the Built Environment,https://studiegids.tudelft.nl/courses/study-guide/educations/23121,0,0,0,0,0,0,0,0,0,0,0,0,0,0,0,0,0
Equipping the QIST professional,QIST4000,Master,Applied Sciences,https://studiegids.tudelft.nl/courses/study-guide/educations/17109,0,0,0,0,0,0,0,0,0,0,0,0,0,0,0,1,0
Homologation for QIST,QIST4100,Master,Applied Sciences,https://studiegids.tudelft.nl/courses/study-guide/educations/17116,0,0,0,0,0,0,0,0,0,0,0,0,0,0,0,0,0
Orientation Team Project,QIST4200,Master,Applied Sciences,https://studiegids.tudelft.nl/courses/study-guide/educations/17110,0,0,0,0,0,0,0,0,0,0,0,0,0,0,0,0,0
Qubit Dynamics and Quantum Control,QIST4300,Master,Applied Sciences,https://studiegids.tudelft.nl/courses/study-guide/educations/17111,0,0,0,0,0,0,0,0,0,0,0,0,0,0,0,0,0
Fundamentals of Quantum Information,QIST4310,Master,Applied Sciences,https://studiegids.tudelft.nl/courses/study-guide/educations/17468,0,0,0,0,0,0,0,0,0,0,0,0,0,0,0,0,0
Quantum Computation and Quantum Programming,QIST4320,Master,Applied Sciences,https://studiegids.tudelft.nl/courses/study-guide/educations/17113,0,0,0,0,0,0,0,0,0,0,0,0,0,0,0,0,0
Quantum Devices and Interfaces,QIST4330,Master,Applied Sciences,https://studiegids.tudelft.nl/courses/study-guide/educations/17114,0,0,0,0,0,0,0,0,0,0,0,0,0,0,0,0,0
Quantum Computer Architecture,QIST4400,Master,Applied Sciences,https://studiegids.tudelft.nl/courses/study-guide/educations/17469,0,0,0,0,0,0,0,0,0,0,0,0,0,0,0,0,0
Multidisciplinary Team Project,QIST4500,Master,Applied Sciences,https://studiegids.tudelft.nl/courses/study-guide/educations/17120,0,0,0,0,0,0,0,0,0,0,0,0,0,0,0,0,0
Master Thesis QIST,QIST5000,Master,Applied Sciences,https://studiegids.tudelft.nl/courses/study-guide/educations/17531,0,0,0,0,0,0,0,0,0,0,0,0,0,0,0,0,0
Master Thesis QIST with Business Orientation,QIST5010,Master,Applied Sciences,https://studiegids.tudelft.nl/courses/study-guide/educations/17532,0,0,0,0,0,0,0,0,0,0,0,0,0,0,0,0,0
Internship for QIST,QIST5020,Master,Applied Sciences,https://studiegids.tudelft.nl/courses/study-guide/educations/21413,0,0,0,0,0,0,0,0,0,0,0,0,0,0,0,0,0
Robot Dynamics and Control,RO47001,Master,Mechanical Engineering,https://studiegids.tudelft.nl/courses/study-guide/educations/19899,0,0,0,0,0,0,0,0,0,0,0,0,0,0,0,0,0
Machine Learning for Robotics,RO47002,Master,Mechanical Engineering,https://studiegids.tudelft.nl/courses/study-guide/educations/19900,0,0,0,0,0,0,0,0,0,0,0,0,0,0,0,0,0
Robot Software Practicals,RO47003,Master,Mechanical Engineering,https://studiegids.tudelft.nl/courses/study-guide/educations/19477,0,0,0,0,0,0,0,0,0,0,0,0,0,0,0,0,0
Machine Perception,RO47004,Master,Mechanical Engineering,https://studiegids.tudelft.nl/courses/study-guide/educations/19478,0,0,0,0,0,0,0,0,0,0,0,0,0,0,0,0,0
Planning and Decision Making,RO47005,Master,Mechanical Engineering,https://studiegids.tudelft.nl/courses/study-guide/educations/19479,0,0,0,0,0,0,0,0,0,0,0,0,0,0,0,0,0
Human Robot Interaction,RO47006,Master,Mechanical Engineering,https://studiegids.tudelft.nl/courses/study-guide/educations/19480,0,0,0,0,0,0,0,0,0,0,0,0,0,0,0,0,0
Multidisciplinary Project,RO47007,Master,Mechanical Engineering,https://studiegids.tudelft.nl/courses/study-guide/educations/19481,0,0,0,0,0,0,0,0,0,0,0,1,1,0,0,0,1
Robot and Society,RO47008,Master,Mechanical Engineering,https://studiegids.tudelft.nl/courses/study-guide/educations/19482,0,0,1,0,1,0,0,0,0,0,0,0,0,0,0,0,0
Vision and Reflection,RO47011,Master,Mechanical Engineering,https://studiegids.tudelft.nl/courses/study-guide/educations/21446,0,0,0,0,0,0,0,0,0,0,0,0,0,0,0,0,0
Control in Human-Robot Interaction,RO47013,Master,Mechanical Engineering,https://studiegids.tudelft.nl/courses/study-guide/educations/19483,0,0,0,0,0,0,0,0,0,0,0,0,0,0,0,0,0
Knowledge Representation and Symbolic Reasoning,RO47014,Master,Mechanical Engineering,https://studiegids.tudelft.nl/courses/study-guide/educations/19484,0,0,0,0,0,0,0,0,0,0,0,0,0,0,0,0,0
Applied Experimental Methods,RO47015,Master,Mechanical Engineering,https://studiegids.tudelft.nl/courses/study-guide/educations/19485,0,0,0,0,0,0,0,0,0,0,0,0,0,0,0,0,0
Vehicle Dynamics and Control,RO47017,Master,Mechanical Engineering,https://studiegids.tudelft.nl/courses/study-guide/educations/19486,0,0,0,0,0,0,0,0,0,0,0,0,0,0,0,0,0
Security and Privacy in Control,RO47018,Master,Mechanical Engineering,https://studiegids.tudelft.nl/courses/study-guide/educations/19487,0,0,0,0,0,0,0,0,0,0,0,0,0,0,0,0,0
Advanced Machine Perception,RO47020,,Mechanical Engineering,https://studiegids.tudelft.nl/courses/study-guide/educations/19488,0,0,0,0,0,0,0,0,0,0,0,0,0,0,0,0,0
Intelligent Control Systems,RO47021,Master,Mechanical Engineering,https://studiegids.tudelft.nl/courses/study-guide/educations/21449,0,0,0,0,0,0,0,0,0,0,0,0,0,0,0,0,0
RO Literature Research,RO57010-20,Master,Mechanical Engineering,https://studiegids.tudelft.nl/courses/study-guide/educations/19508,0,0,0,1,0,0,0,0,0,0,0,0,0,0,0,0,0
RO Internship / Research Assignment,RO57015,Master,Mechanical Engineering,https://studiegids.tudelft.nl/courses/study-guide/educations/19507,0,0,0,0,0,0,0,0,0,0,0,0,0,0,0,0,1
RO MSc Thesis,RO57035,Master,Mechanical Engineering,https://studiegids.tudelft.nl/courses/study-guide/educations/19509,0,0,0,0,0,0,0,0,0,0,0,0,0,0,0,0,0
Stochastic Signal Analysis,SC3011TN,Bachelor,Applied Sciences,https://studiegids.tudelft.nl/courses/study-guide/educations/24590,0,0,0,0,0,0,0,0,0,0,0,0,0,0,0,0,0
Control System Design,SC42001,Master,Mechanical Engineering,https://studiegids.tudelft.nl/courses/study-guide/educations/19901,0,0,0,0,0,0,0,0,0,0,0,0,0,0,0,0,0
Control Theory,SC42015,Master,Mechanical Engineering,https://studiegids.tudelft.nl/courses/study-guide/educations/19902,0,0,0,0,0,0,0,0,0,0,0,0,0,0,0,0,0
Filtering and Identification,SC42025,Master,Mechanical Engineering,https://studiegids.tudelft.nl/courses/study-guide/educations/19214,0,0,0,0,0,0,0,0,0,0,0,0,0,0,0,0,0
Control for High Resolution Imaging,SC42030,Master,Mechanical Engineering,https://studiegids.tudelft.nl/courses/study-guide/educations/19233,0,0,0,0,0,0,0,0,0,0,0,0,0,0,0,0,0
Integration Project Systems and Control,SC42035,Master,Mechanical Engineering,https://studiegids.tudelft.nl/courses/study-guide/educations/19215,0,0,0,0,0,0,0,0,0,0,0,0,0,0,0,0,0
Optimisation for Systems and Control,SC42056,Master,Mechanical Engineering,https://studiegids.tudelft.nl/courses/study-guide/educations/19903,0,0,0,0,0,0,0,0,0,0,0,0,0,0,0,0,0
Nonlinear Control Systems,SC42061,Master,Mechanical Engineering,https://studiegids.tudelft.nl/courses/study-guide/educations/19234,0,0,0,0,0,0,0,0,0,0,0,0,0,0,0,0,0
Adaptive Optics Design Project,SC42065,Master,Mechanical Engineering,https://studiegids.tudelft.nl/courses/study-guide/educations/19235,0,0,0,0,0,0,0,0,1,0,0,0,0,0,0,0,0
Modeling and Control of Hybrid Systems,SC42075,Master,Mechanical Engineering,https://studiegids.tudelft.nl/courses/study-guide/educations/19502,0,0,0,0,0,0,0,0,0,0,0,0,0,0,0,0,0
Digital Control,SC42095,Master,Mechanical Engineering,https://studiegids.tudelft.nl/courses/study-guide/educations/19217,0,0,0,0,0,0,0,0,0,0,0,0,0,0,0,0,0
Networked and Distributed Control Systems,SC42101,Master,Mechanical Engineering,https://studiegids.tudelft.nl/courses/study-guide/educations/19503,0,0,0,0,0,0,0,0,1,0,0,0,0,0,0,0,0
Dynamic Programming and Stochastic Control,SC42110,Master,Mechanical Engineering,https://studiegids.tudelft.nl/courses/study-guide/educations/19504,0,0,0,0,0,0,0,0,0,0,0,0,0,0,0,0,0
Internship,SC42115,Master,Mechanical Engineering,https://studiegids.tudelft.nl/courses/study-guide/educations/19239,0,0,0,0,0,0,0,0,0,0,0,0,0,0,0,1,0
Model Predictive Control,SC42125,Master,Mechanical Engineering,https://studiegids.tudelft.nl/courses/study-guide/educations/19505,0,0,0,0,0,0,0,0,0,0,0,0,0,0,0,0,0
Fault Diagnosis and Fault Tolerant Control,SC42130,Master,Mechanical Engineering,https://studiegids.tudelft.nl/courses/study-guide/educations/19241,0,0,0,0,0,0,0,0,0,0,0,0,0,0,0,0,0
Robust Control,SC42145,Master,Mechanical Engineering,https://studiegids.tudelft.nl/courses/study-guide/educations/19218,0,0,0,0,0,0,0,0,0,0,0,0,0,0,0,0,0
Statistical Signal Processing,SC42150,Master,Mechanical Engineering,https://studiegids.tudelft.nl/courses/study-guide/educations/19219,0,0,0,0,0,0,0,0,0,0,0,0,0,0,0,0,0
Modelling of Dynamical Systems,SC42155,Master,Mechanical Engineering,https://studiegids.tudelft.nl/courses/study-guide/educations/19220,0,0,0,0,0,0,0,0,0,0,0,0,0,0,0,0,0
Data Compression: Entropy and Sparsity Perspectives,SC42160,Master,Mechanical Engineering,https://studiegids.tudelft.nl/courses/study-guide/educations/19243,0,0,0,0,0,0,0,0,0,0,0,0,0,0,0,0,0
Machine Learning for Systems and Control,SC42165,Master,Mechanical Engineering,https://studiegids.tudelft.nl/courses/study-guide/educations/19221,0,0,0,0,0,0,0,0,0,0,0,0,0,0,0,0,0
Probabilistic Sensor Fusion,SC42170,Master,Mechanical Engineering,https://studiegids.tudelft.nl/courses/study-guide/educations/19244,0,0,0,0,0,0,0,0,0,0,0,0,0,0,0,0,0
Tensor networks for Green AI and signal processing,SC42500,Master,Mechanical Engineering,https://studiegids.tudelft.nl/courses/study-guide/educations/21713,0,0,0,0,0,0,0,0,0,0,0,0,1,0,0,0,1
SC Literature Research,SC52010,Master,Mechanical Engineering,https://studiegids.tudelft.nl/courses/study-guide/educations/19510,0,0,0,0,0,0,0,0,0,0,0,0,0,0,0,0,0
Research assignment,SC52060,Master,Mechanical Engineering,https://studiegids.tudelft.nl/courses/study-guide/educations/21714,0,0,0,0,0,0,0,0,0,0,0,0,0,0,0,0,0
SC MSc Thesis,SC52135,Master,Mechanical Engineering,https://studiegids.tudelft.nl/courses/study-guide/educations/19511,0,0,0,0,0,0,0,0,0,0,0,0,0,0,0,0,0
Introduction to Design in Complex Systems,SEN111B,Master,"Technology, Policy and Management",https://studiegids.tudelft.nl/courses/study-guide/educations/20185,0,0,0,0,0,0,0,0,0,0,0,0,0,0,0,0,0
Complex Systems Engineering,SEN112B,Master,"Technology, Policy and Management",https://studiegids.tudelft.nl/courses/study-guide/educations/20186,0,0,0,0,0,0,0,0,0,0,0,0,0,0,0,0,0
Institutional Economics for Designing in Socio-technical Systems,SEN1131,Master,"Technology, Policy and Management",https://studiegids.tudelft.nl/courses/study-guide/educations/20187,0,0,0,0,0,0,1,0,1,0,1,0,1,0,0,0,0
Managing Multi-actor Decision-making,SEN1141,Master,"Technology, Policy and Management",https://studiegids.tudelft.nl/courses/study-guide/educations/20188,0,0,0,0,0,0,0,0,0,0,0,0,0,0,0,0,0
Law and Institutions,SEN115B,Master,"Technology, Policy and Management",https://studiegids.tudelft.nl/courses/study-guide/educations/20189,0,0,0,0,0,0,1,0,1,0,0,0,1,0,0,0,0
Design Project,SEN1161,Master,"Technology, Policy and Management",https://studiegids.tudelft.nl/courses/study-guide/educations/20190,0,0,0,0,0,0,1,0,1,0,0,0,1,0,0,0,0
Agent-based Modelling,SEN1211,Master,"Technology, Policy and Management",https://studiegids.tudelft.nl/courses/study-guide/educations/20274,0,0,0,0,0,0,0,0,0,0,0,0,0,0,0,0,0
Statistical Analysis of Choice Behaviour,SEN122A,Master,"Technology, Policy and Management",https://studiegids.tudelft.nl/courses/study-guide/educations/20275,0,0,0,0,0,0,0,0,0,0,0,0,0,0,0,0,0
Mixed Research Methods for Multi-actor Systems,SEN1231,Master,"Technology, Policy and Management",https://studiegids.tudelft.nl/courses/study-guide/educations/20276,0,0,0,1,0,0,0,0,0,0,0,0,0,0,0,0,0
Design in Networked Systems,SEN124A,Master,"Technology, Policy and Management",https://studiegids.tudelft.nl/courses/study-guide/educations/20277,0,0,0,0,0,0,0,0,0,0,0,0,0,0,0,0,0
CoSEM Research Challenges,SEN131B,Master,"Technology, Policy and Management",https://studiegids.tudelft.nl/courses/study-guide/educations/20191,0,0,0,0,0,0,0,0,0,0,0,0,0,0,0,0,0
Engineering Optimisation and Integrating Renewables in Electricity Markets,SEN1511,Master,"Technology, Policy and Management",https://studiegids.tudelft.nl/courses/study-guide/educations/20278,0,0,0,0,0,0,1,0,1,0,0,0,1,0,0,0,0
Electricity and Gas: Market Design and Policy Issues,SEN1522,Master,"Technology, Policy and Management",https://studiegids.tudelft.nl/courses/study-guide/educations/20279,0,0,0,0,0,0,1,0,1,0,0,0,1,0,0,0,0
Design of Integrated Energy Systems,SEN1531,Master,"Technology, Policy and Management",https://studiegids.tudelft.nl/courses/study-guide/educations/20280,0,0,0,0,0,0,1,0,1,0,0,0,0,0,0,0,0
Sociotechnology of Future Energy Systems,SEN154a,Master,"Technology, Policy and Management",https://studiegids.tudelft.nl/courses/study-guide/educations/21091,0,0,0,0,0,0,1,0,1,0,0,0,1,0,0,0,0
I and C Architecture Design,SEN1611,Master,"Technology, Policy and Management",https://studiegids.tudelft.nl/courses/study-guide/educations/20282,0,0,0,0,0,0,0,0,0,0,0,0,0,0,0,0,0
I and C Service Design,SEN1622,Master,"Technology, Policy and Management",https://studiegids.tudelft.nl/courses/study-guide/educations/20283,0,0,1,0,0,0,0,0,1,0,0,0,0,0,0,0,1
Responsible Data Analytics,SEN163B,Master,"Technology, Policy and Management",https://studiegids.tudelft.nl/courses/study-guide/educations/20284,0,0,0,0,0,0,0,0,0,0,0,0,0,0,0,1,0
Digital Platform Design,SEN164a,Master,"Technology, Policy and Management",https://studiegids.tudelft.nl/courses/study-guide/educations/21092,0,0,0,0,0,0,0,0,0,0,0,0,0,0,0,0,0
Advanced Evaluation Methods for Transport Policy Decision-making,SEN171A,Master,"Technology, Policy and Management",https://studiegids.tudelft.nl/courses/study-guide/educations/20286,0,0,0,0,0,0,0,0,0,0,0,0,0,0,0,0,0
Travel Behaviour Research,SEN1721,Master,"Technology, Policy and Management",https://studiegids.tudelft.nl/courses/study-guide/educations/20287,0,0,0,0,0,0,0,0,0,0,1,0,0,0,0,0,0
Analysis and Design of Freight and Logistic Systems,SEN173A,Master,"Technology, Policy and Management",https://studiegids.tudelft.nl/courses/study-guide/educations/20288,0,0,0,0,0,0,0,0,0,0,0,0,0,0,0,0,0
Innovations in Transport and Logistics,SEN1741,Master,"Technology, Policy and Management",https://studiegids.tudelft.nl/courses/study-guide/educations/20289,0,0,0,0,0,0,0,0,1,0,1,0,1,0,0,0,0
Systems Science for Health and Care,SEN181a,Master,"Technology, Policy and Management",https://studiegids.tudelft.nl/courses/study-guide/educations/21094,0,0,1,0,0,0,0,0,0,0,0,0,0,0,0,0,0
Human-centered care interventions,SEN182a,Master,"Technology, Policy and Management",https://studiegids.tudelft.nl/courses/study-guide/educations/21095,0,0,1,0,0,0,0,0,0,0,0,0,0,0,0,0,0
Innovation and transitions in healthcare systems,SEN183a,Master,"Technology, Policy and Management",https://studiegids.tudelft.nl/courses/study-guide/educations/21096,0,0,1,0,0,0,0,1,1,0,0,1,1,0,0,0,0
Health & Society,SEN184a,Master,"Technology, Policy and Management",https://studiegids.tudelft.nl/courses/study-guide/educations/21097,0,0,1,0,0,0,0,0,0,1,0,0,0,0,0,1,0
Master Thesis Research Design,SEN232A,Master,"Technology, Policy and Management",https://studiegids.tudelft.nl/courses/study-guide/educations/20197,0,0,0,1,0,0,0,0,0,0,0,0,0,0,0,0,0
CoSEM Master Thesis,SEN2331,Master,"Technology, Policy and Management",https://studiegids.tudelft.nl/courses/study-guide/educations/20198,0,0,0,0,0,0,0,0,0,0,0,0,0,0,0,0,0
Game Design Project,SEN9235,Master,"Technology, Policy and Management",https://studiegids.tudelft.nl/courses/study-guide/educations/20323,0,0,0,0,0,0,0,0,0,0,0,0,0,0,0,0,0
Logistics and Supply Chain Innovations,SEN9720,Master,"Technology, Policy and Management",https://studiegids.tudelft.nl/courses/study-guide/educations/20324,0,0,0,0,0,0,0,0,1,0,0,1,1,0,0,0,1
Supply Chain Gaming,SEN9725,Master,"Technology, Policy and Management",https://studiegids.tudelft.nl/courses/study-guide/educations/20325,0,0,0,0,0,0,0,0,0,0,0,0,0,0,0,0,0
Renewable Energy,SET3014,Master,"Electrical Engineering, Mathematics and Computer Science",https://studiegids.tudelft.nl/courses/study-guide/educations/14532,0,0,0,0,0,0,1,0,1,0,0,1,1,0,0,0,0
Economics and Regulation of Sustainable Energy Systems,SET3055,Master,"Electrical Engineering, Mathematics and Computer Science",https://studiegids.tudelft.nl/courses/study-guide/educations/14533,0,0,0,0,0,0,1,1,1,0,0,0,1,0,0,0,0
Energy System Modelling,SET3061,Master,"Electrical Engineering, Mathematics and Computer Science",https://studiegids.tudelft.nl/courses/study-guide/educations/14534,0,0,0,0,0,0,1,0,1,0,0,0,1,0,0,0,0
Intelligent Electrical Power Grids,SET3065,Master,"Electrical Engineering, Mathematics and Computer Science",https://studiegids.tudelft.nl/courses/study-guide/educations/14869,0,0,0,0,0,0,1,0,1,0,0,0,1,0,0,0,0
Thermochemistry of Biomass Conversion,SET3070,Master,"Electrical Engineering, Mathematics and Computer Science",https://studiegids.tudelft.nl/courses/study-guide/educations/15418,0,0,0,0,0,0,1,0,1,0,0,1,1,0,0,0,0
The Necessity of Storage Technology,SET3080,Master,"Electrical Engineering, Mathematics and Computer Science",https://studiegids.tudelft.nl/courses/study-guide/educations/15419,0,0,0,0,0,0,1,0,1,0,0,0,1,0,0,0,0
Hydrogen Technology,SET3085,Master,"Electrical Engineering, Mathematics and Computer Science",https://studiegids.tudelft.nl/courses/study-guide/educations/15420,0,0,0,0,0,0,1,0,1,0,0,0,1,0,0,0,0
Fossil-Free Fuel and Feedstock,SET3090,Master,"Electrical Engineering, Mathematics and Computer Science",https://studiegids.tudelft.nl/courses/study-guide/educations/15505,0,0,0,0,0,1,1,0,1,0,0,1,1,0,0,0,0
Electronic Power Conversion,SET3095,Master,"Electrical Engineering, Mathematics and Computer Science",https://studiegids.tudelft.nl/courses/study-guide/educations/15451,0,0,0,0,0,0,1,0,1,0,0,0,1,0,0,0,0
Electric Vehicle and Charging Technology,SET3100,Master,"Electrical Engineering, Mathematics and Computer Science",https://studiegids.tudelft.nl/courses/study-guide/educations/14864,0,0,0,0,0,0,1,0,1,0,0,1,1,0,0,0,0
Energy Storage in Batteries,SET3110,Master,"Electrical Engineering, Mathematics and Computer Science",https://studiegids.tudelft.nl/courses/study-guide/educations/15421,0,0,0,0,0,0,1,0,1,0,0,0,1,0,0,0,0
Energy Systems Simulation and Digital Twins,SET3120,Master,"Electrical Engineering, Mathematics and Computer Science",https://studiegids.tudelft.nl/courses/study-guide/educations/14865,0,0,0,0,0,0,1,0,1,0,0,0,1,0,0,0,0
Machine Learning Workflows for Digital Energy Systems,SET3125,Master,"Electrical Engineering, Mathematics and Computer Science",https://studiegids.tudelft.nl/courses/study-guide/educations/15445,0,0,0,0,0,0,1,0,1,0,0,0,1,0,0,0,0
Fuel Cell Systems,SET3135,Master,"Electrical Engineering, Mathematics and Computer Science",https://studiegids.tudelft.nl/courses/study-guide/educations/15506,0,0,0,0,0,0,1,0,1,0,0,1,1,0,0,0,0
Heating and Cooling Technologies from Near-Ambient Temperature Sources,SET3200,Master,"Electrical Engineering, Mathematics and Computer Science",https://studiegids.tudelft.nl/courses/study-guide/educations/15461,0,0,0,0,0,1,1,0,1,0,0,0,1,0,0,0,0
Heat Storage,SET3205,Master,"Electrical Engineering, Mathematics and Computer Science",https://studiegids.tudelft.nl/courses/study-guide/educations/15452,0,0,0,0,0,0,1,0,1,0,0,0,1,0,0,0,0
Heating and Cooling Grids,SET3210,Master,"Electrical Engineering, Mathematics and Computer Science",https://studiegids.tudelft.nl/courses/study-guide/educations/15469,0,0,0,0,0,1,1,0,1,0,0,0,0,0,0,0,0
Heating and Cooling Sources,SET3215,Master,"Electrical Engineering, Mathematics and Computer Science",https://studiegids.tudelft.nl/courses/study-guide/educations/15464,0,0,0,0,0,0,1,0,0,0,0,0,1,0,0,0,0
Heat Distribution in Buildings,SET3220,Master,"Electrical Engineering, Mathematics and Computer Science",https://studiegids.tudelft.nl/courses/study-guide/educations/15453,0,0,0,0,0,0,1,0,1,0,1,1,1,0,0,0,0
Communication for Engineers,SET3250TPM,Master,"Electrical Engineering, Mathematics and Computer Science",https://studiegids.tudelft.nl/courses/study-guide/educations/14535,0,0,0,0,0,0,0,0,0,0,0,0,0,0,0,0,0
Matlab Fundamentals,SET3815-M,Master,"Electrical Engineering, Mathematics and Computer Science",https://studiegids.tudelft.nl/courses/study-guide/educations/14536,0,0,0,0,0,0,0,0,0,0,0,0,0,0,0,0,0
System Integration Project,SET3816-PR,Master,"Electrical Engineering, Mathematics and Computer Science",https://studiegids.tudelft.nl/courses/study-guide/educations/14537,0,0,0,0,0,0,1,0,1,0,0,1,1,0,0,0,0
Internship (individual),SET3822,Master,"Electrical Engineering, Mathematics and Computer Science",https://studiegids.tudelft.nl/courses/study-guide/educations/14541,0,0,0,0,0,0,1,0,0,0,0,0,0,0,0,0,0
Graduation Project,SET3901,Master,"Electrical Engineering, Mathematics and Computer Science",https://studiegids.tudelft.nl/courses/study-guide/educations/14538,0,0,0,0,0,0,1,0,1,0,0,0,0,0,0,0,0
Direct Use of Geothermal Energy,SET3995,Master,"Electrical Engineering, Mathematics and Computer Science",https://studiegids.tudelft.nl/courses/study-guide/educations/15470,0,0,0,0,0,0,1,0,1,0,0,0,1,0,0,0,0
University Research Project,SET4400,Master,"Electrical Engineering, Mathematics and Computer Science",https://studiegids.tudelft.nl/courses/study-guide/educations/22852,0,0,0,0,0,0,1,0,0,0,0,0,0,0,0,0,0
Personal Professional Development,SL3012,Master,Applied Sciences,https://studiegids.tudelft.nl/courses/study-guide/educations/17480,0,0,0,1,0,0,0,0,0,0,0,0,0,0,0,0,0
Educational Sciences,SL3462,Master,Applied Sciences,https://studiegids.tudelft.nl/courses/study-guide/educations/17475,0,0,1,1,0,0,0,0,0,0,0,0,0,0,0,1,0
Thesis Research Education,SL3502,Master,Applied Sciences,https://studiegids.tudelft.nl/courses/study-guide/educations/17548,0,0,0,1,0,0,0,0,0,0,0,0,0,0,0,0,0
CDI thesis 1-year programme,SL3522,Master,Applied Sciences,https://studiegids.tudelft.nl/courses/study-guide/educations/17128,0,0,0,1,0,0,0,0,0,0,0,0,0,0,0,0,0
CDI thesis 2-year programme,SL3542,Master,Applied Sciences,https://studiegids.tudelft.nl/courses/study-guide/educations/17129,0,0,0,1,0,0,0,0,0,0,0,0,0,0,0,0,0
CDI thesis 3-year programme,SL3582,Master,Applied Sciences,https://studiegids.tudelft.nl/courses/study-guide/educations/17130,0,0,0,1,0,0,0,0,0,0,0,0,0,0,0,0,0
Co-Teach STEM education,SL3671,Master,Applied Sciences,https://studiegids.tudelft.nl/courses/study-guide/educations/23455,0,0,0,1,0,0,0,0,0,0,0,0,0,0,0,0,0
Introduction STEM-education: theory and practice,SL3681,Master,Applied Sciences,https://studiegids.tudelft.nl/courses/study-guide/educations/23457,0,0,0,1,0,0,0,0,0,0,0,0,0,0,0,0,0
Exploring STEM education,SL3691,Bachelor,Applied Sciences,https://studiegids.tudelft.nl/courses/study-guide/educations/23456,0,0,0,1,0,0,0,0,0,0,0,0,0,0,0,0,0
Pedagogy of STEM education,SL4201,Master,Applied Sciences,https://studiegids.tudelft.nl/courses/study-guide/educations/17476,0,0,0,1,0,0,0,0,0,0,0,0,0,0,0,0,0
Professional Learning Community,SL4202-IF,Master,Applied Sciences,https://studiegids.tudelft.nl/courses/study-guide/educations/16874,0,0,0,1,0,0,0,0,0,0,0,0,0,0,0,0,0
Professional Learning Community,SL4202-NK,Master,Applied Sciences,https://studiegids.tudelft.nl/courses/study-guide/educations/17477,0,0,0,0,0,0,0,0,0,0,0,0,0,0,0,0,0
Professional Learning Community,SL4202-SK,Master,Applied Sciences,https://studiegids.tudelft.nl/courses/study-guide/educations/17507,0,0,0,1,0,0,0,0,0,0,0,0,0,0,0,0,0
Professional Learning Community,SL4202-TECH,Master,Applied Sciences,https://studiegids.tudelft.nl/courses/study-guide/educations/16879,0,0,0,1,0,0,0,0,0,0,0,0,0,0,0,0,0
Professional Learning Community,SL4202-WK,Master,Applied Sciences,https://studiegids.tudelft.nl/courses/study-guide/educations/16869,0,0,0,1,0,0,0,0,0,0,0,0,0,0,0,0,0
Capita Selecta,SL4203,Master,Applied Sciences,https://studiegids.tudelft.nl/courses/study-guide/educations/23627,0,0,0,1,0,0,0,0,0,0,0,0,0,0,0,0,0
Advanced Professional Learning Community,SL4205-IF,Master,Applied Sciences,https://studiegids.tudelft.nl/courses/study-guide/educations/17586,0,0,0,1,0,0,0,0,0,0,0,0,0,0,0,0,0
Advanced Professional Learning Community,SL4205-NK,Master,Applied Sciences,https://studiegids.tudelft.nl/courses/study-guide/educations/17544,0,0,0,1,0,0,0,0,0,0,0,0,0,0,0,0,0
Advanced Professional Learning Community,SL4205-OO,Master,Applied Sciences,https://studiegids.tudelft.nl/courses/study-guide/educations/17600,0,0,0,1,0,0,0,0,0,0,0,0,0,0,0,0,0
Advanced Professional Learning Community,SL4205-SK,Master,Applied Sciences,https://studiegids.tudelft.nl/courses/study-guide/educations/17511,0,0,0,1,0,0,0,0,0,0,0,0,0,0,0,0,0
Advanced Professional Learning Community,SL4205-WK,Master,Applied Sciences,https://studiegids.tudelft.nl/courses/study-guide/educations/17572,0,0,0,0,0,0,0,0,0,0,0,0,0,0,0,0,0
Computer Science Teaching Methodology,SL4210,Master,Applied Sciences,https://studiegids.tudelft.nl/courses/study-guide/educations/16875,0,0,0,1,0,0,0,0,0,0,0,0,0,0,0,0,0
Computer Science Foundation Teaching Placement,SL4215,Master,Applied Sciences,https://studiegids.tudelft.nl/courses/study-guide/educations/16876,0,0,0,1,0,0,0,0,0,0,0,0,0,0,0,0,0
Physics Teaching Methodology,SL4220,Master,Applied Sciences,https://studiegids.tudelft.nl/courses/study-guide/educations/17478,0,0,0,1,0,0,0,0,0,0,0,0,0,0,0,0,0
Physics Foundation Teaching Placement,SL4225,Master,Applied Sciences,https://studiegids.tudelft.nl/courses/study-guide/educations/17479,0,0,0,1,0,0,0,0,0,0,0,0,0,0,0,0,0
Chemistry Teaching Methodology,SL4230,Master,Applied Sciences,https://studiegids.tudelft.nl/courses/study-guide/educations/17508,0,0,0,1,0,0,0,0,0,0,0,0,0,0,0,0,0
Chemistry Foundation Teaching Placement,SL4235,Master,Applied Sciences,https://studiegids.tudelft.nl/courses/study-guide/educations/17509,0,0,0,1,0,0,0,0,0,0,0,0,0,0,0,0,0
Design & Technology Teaching Methodology,SL4240,Master,Applied Sciences,https://studiegids.tudelft.nl/courses/study-guide/educations/16880,0,0,0,1,0,0,0,0,0,0,0,0,0,0,0,0,0
Design & Technology Foundation Teaching Placement,SL4245,Master,Applied Sciences,https://studiegids.tudelft.nl/courses/study-guide/educations/16881,0,0,0,1,0,0,0,0,0,0,0,0,0,0,0,0,0
Mathematics Teaching Methodology,SL4250,Master,Applied Sciences,https://studiegids.tudelft.nl/courses/study-guide/educations/16870,0,0,0,1,0,0,0,0,0,0,0,0,0,0,0,0,0
Mathematics Foundation Teaching Placement,SL4255,Master,Applied Sciences,https://studiegids.tudelft.nl/courses/study-guide/educations/16871,0,0,0,1,0,0,0,0,0,0,0,0,0,0,0,0,0
STEM Education Implementation,SL4301,Master,Applied Sciences,https://studiegids.tudelft.nl/courses/study-guide/educations/17482,0,0,0,1,0,0,0,0,0,0,0,0,0,0,0,0,0
Advanced Computer Science Teaching Methodology,SL4310,Master,Applied Sciences,https://studiegids.tudelft.nl/courses/study-guide/educations/17588,0,0,0,1,0,0,0,0,0,0,0,0,0,0,0,0,0
Advanced Computer Science Teaching Placement,SL4315,Master,Applied Sciences,https://studiegids.tudelft.nl/courses/study-guide/educations/17589,0,0,0,1,0,0,0,0,0,0,0,0,0,0,0,0,0
Advanced Physics Teaching Methodology,SL4320,Master,Applied Sciences,https://studiegids.tudelft.nl/courses/study-guide/educations/17483,0,0,0,1,0,0,0,0,0,0,0,0,0,0,0,0,0
Advanced Physics Teaching Placement,SL4325,Master,Applied Sciences,https://studiegids.tudelft.nl/courses/study-guide/educations/17484,0,0,0,1,0,0,0,0,0,0,0,0,0,0,0,0,0
Advanced Chemistry Teaching Methodology,SL4330,Master,Applied Sciences,https://studiegids.tudelft.nl/courses/study-guide/educations/17513,0,0,0,1,0,0,0,0,0,0,0,0,0,0,0,0,0
Advanced Chemistry Teaching Placement,SL4335,Master,Applied Sciences,https://studiegids.tudelft.nl/courses/study-guide/educations/17514,0,0,0,1,0,0,0,0,0,0,0,0,0,0,0,0,0
Advanced Research & Design Teaching Methodology,SL4340,Master,Applied Sciences,https://studiegids.tudelft.nl/courses/study-guide/educations/17602,0,0,0,1,0,0,0,0,0,0,0,0,0,0,0,0,0
Advanced Research & Design Teaching Placement,SL4345,Master,Applied Sciences,https://studiegids.tudelft.nl/courses/study-guide/educations/17603,0,0,0,1,0,0,0,0,0,0,0,0,0,0,0,0,0
Advanced Mathematics Teaching Methodology,SL4350,Master,Applied Sciences,https://studiegids.tudelft.nl/courses/study-guide/educations/17574,0,0,0,1,0,0,0,0,0,0,0,0,0,0,0,0,0
Advanced Mathematics Teaching Placement,SL4355,Master,Applied Sciences,https://studiegids.tudelft.nl/courses/study-guide/educations/17575,0,0,0,1,0,0,0,0,0,0,0,0,0,0,0,0,0
Science Educational Innovation,SL4400,Master,Applied Sciences,https://studiegids.tudelft.nl/courses/study-guide/educations/17549,0,0,0,1,0,0,0,0,0,0,0,0,0,0,0,0,0
Backgrounds and Methods of Research on Science Education,SL4405,Master,Applied Sciences,https://studiegids.tudelft.nl/courses/study-guide/educations/17550,0,0,0,1,0,0,0,0,0,0,0,0,0,0,0,0,0
STEM Education,SL4410,Master,Applied Sciences,https://studiegids.tudelft.nl/courses/study-guide/educations/17551,0,0,0,0,0,0,0,0,0,0,0,0,0,0,0,0,0
From Expert to Instructor,SL4505,Master,Applied Sciences,https://studiegids.tudelft.nl/courses/study-guide/educations/23454,0,0,0,1,0,0,0,0,0,0,0,0,0,0,0,0,0
Student Teachers in Engineering Education: Develop and Teach,SL4520,Master,Applied Sciences,https://studiegids.tudelft.nl/courses/study-guide/educations/23494,0,0,0,1,0,0,0,0,0,0,0,0,0,0,0,0,0
Student Teachers in Engineering Education: Feedback and Assessment,SL4525,Master,Applied Sciences,https://studiegids.tudelft.nl/courses/study-guide/educations/23495,0,0,0,1,0,0,0,0,0,0,0,0,0,0,0,0,0
Teachers in Engineering Education: Professionalization,SL4530,Master,Applied Sciences,https://studiegids.tudelft.nl/courses/study-guide/educations/23496,0,0,0,1,0,0,0,0,0,0,0,0,0,0,0,0,0
Research Project Applied Earth Sciences,TA3077,Bachelor,Civil Engineering and Geosciences,https://studiegids.tudelft.nl/courses/study-guide/educations/17770,0,0,0,0,0,0,0,0,0,0,0,0,0,0,0,0,0
TB-Week,TB001,Bachelor,"Technology, Policy and Management",https://studiegids.tudelft.nl/courses/study-guide/educations/20065,0,0,0,0,0,0,0,0,0,0,0,0,0,0,0,0,0
Problem Analysis,TB111C,Bachelor,"Technology, Policy and Management",https://studiegids.tudelft.nl/courses/study-guide/educations/20066,0,0,0,0,0,0,0,0,0,0,0,0,0,0,0,0,0
Systems Modelling 1: Modelling Principles,TB112E,Bachelor,"Technology, Policy and Management",https://studiegids.tudelft.nl/courses/study-guide/educations/20067,0,0,0,0,0,0,0,0,0,0,0,0,0,0,0,0,0
Systems Modelling 2: complex systems,TB113B,Bachelor,"Technology, Policy and Management",https://studiegids.tudelft.nl/courses/study-guide/educations/20068,0,0,0,0,0,0,0,0,0,0,0,0,0,0,0,0,0
"Governance, Law and Organisation 1",TB121C,Bachelor,"Technology, Policy and Management",https://studiegids.tudelft.nl/courses/study-guide/educations/21062,0,0,0,1,0,0,0,0,0,0,0,0,0,0,0,1,0
Micro and Market Economy,TB122B,Bachelor,"Technology, Policy and Management",https://studiegids.tudelft.nl/courses/study-guide/educations/20070,0,0,0,0,0,1,1,0,1,0,0,0,0,0,0,0,0
Differential Equations and Linear Algebra,TB131B,Bachelor,"Technology, Policy and Management",https://studiegids.tudelft.nl/courses/study-guide/educations/20071,0,0,0,0,0,0,0,0,0,0,0,0,0,0,0,0,0
Multivariable Analysis and Linear Algebra,TB132B,Bachelor,"Technology, Policy and Management",https://studiegids.tudelft.nl/courses/study-guide/educations/20072,0,0,0,0,0,0,0,0,0,0,0,0,0,0,0,0,0
Introduction to Programming with Python,TB133D,Bachelor,"Technology, Policy and Management",https://studiegids.tudelft.nl/courses/study-guide/educations/20073,0,0,0,0,0,0,0,0,0,0,0,0,0,0,0,0,0
Statistics and Data Analysis,TB134A,Bachelor,"Technology, Policy and Management",https://studiegids.tudelft.nl/courses/study-guide/educations/20074,0,0,0,0,0,0,0,0,0,0,0,0,0,0,0,0,0
Operations Research,TB135C,Bachelor,"Technology, Policy and Management",https://studiegids.tudelft.nl/courses/study-guide/educations/20075,0,0,0,0,0,0,0,0,0,0,0,0,0,0,0,0,0
Introduction to Energy and Industry Systems,TB141EB,Bachelor,"Technology, Policy and Management",https://studiegids.tudelft.nl/courses/study-guide/educations/20163,0,0,0,0,0,1,1,0,1,0,0,0,0,0,0,0,0
ICT System Engineering and Rapid Prototyping,TB141ID,Bachelor,"Technology, Policy and Management",https://studiegids.tudelft.nl/courses/study-guide/educations/20164,0,0,0,0,0,0,0,0,0,0,0,0,0,0,0,0,0
Transport System Analysis,TB141TB,Bachelor,"Technology, Policy and Management",https://studiegids.tudelft.nl/courses/study-guide/educations/20165,0,0,1,0,0,0,0,0,0,0,0,0,1,0,0,0,0
Analysis of Energy Systems,TB142EA,Bachelor,"Technology, Policy and Management",https://studiegids.tudelft.nl/courses/study-guide/educations/20166,0,0,0,0,0,0,1,0,1,0,0,1,1,0,0,0,0
Data Science in Technische Bestuurskunde,TB142IC,Bachelor,"Technology, Policy and Management",https://studiegids.tudelft.nl/courses/study-guide/educations/20167,0,0,0,0,0,0,0,0,0,0,0,0,0,0,0,1,0
Logistics 1,TB142TA,Bachelor,"Technology, Policy and Management",https://studiegids.tudelft.nl/courses/study-guide/educations/20168,0,0,0,0,0,0,0,0,1,0,1,0,0,0,0,0,1
Analysis of Multi-Actor Systems,TB211A,Bachelor,"Technology, Policy and Management",https://studiegids.tudelft.nl/courses/study-guide/educations/20078,0,0,0,0,0,0,0,0,0,0,0,0,0,0,0,0,0
Ethics and Safety,TB212B,Bachelor,"Technology, Policy and Management",https://studiegids.tudelft.nl/courses/study-guide/educations/20079,0,0,0,1,0,0,0,0,0,0,0,0,0,0,0,1,0
Economy of Infrastructures,TB221B,Bachelor,"Technology, Policy and Management",https://studiegids.tudelft.nl/courses/study-guide/educations/20080,0,0,0,0,0,1,1,0,1,0,0,0,0,0,0,0,0
"Governance, Law and Organisation 2",TB222B,Bachelor,"Technology, Policy and Management",https://studiegids.tudelft.nl/courses/study-guide/educations/21078,0,0,0,0,0,0,0,0,0,0,0,0,0,0,0,1,0
"Governance, Law and Organisation 3",TB223E,Bachelor,"Technology, Policy and Management",https://studiegids.tudelft.nl/courses/study-guide/educations/21063,0,0,0,1,0,0,0,0,0,0,0,0,0,0,0,0,0
System modelling 3 - Simulation Methods,TB231C,Bachelor,"Technology, Policy and Management",https://studiegids.tudelft.nl/courses/study-guide/educations/20083,0,0,0,0,0,0,0,0,0,0,0,0,0,0,0,0,0
Research and Data Analysis,TB232B,Bachelor,"Technology, Policy and Management",https://studiegids.tudelft.nl/courses/study-guide/educations/20084,0,0,0,1,0,0,0,0,0,0,0,0,0,0,0,0,0
System modelling 4 - Project Simulation Methods,TB233B,Bachelor,"Technology, Policy and Management",https://studiegids.tudelft.nl/courses/study-guide/educations/20085,0,0,0,0,0,0,0,0,0,0,0,0,0,0,0,0,0
Multivariate Data Analysis,TB234C,Bachelor,"Technology, Policy and Management",https://studiegids.tudelft.nl/courses/study-guide/educations/21079,0,0,0,0,0,0,0,0,0,0,0,0,0,0,0,0,0
Transport Phenomena,TB241EA,Bachelor,"Technology, Policy and Management",https://studiegids.tudelft.nl/courses/study-guide/educations/20169,0,0,0,0,0,1,1,0,1,0,0,0,0,0,0,0,0
Object Oriented Programming,TB241IB,Bachelor,"Technology, Policy and Management",https://studiegids.tudelft.nl/courses/study-guide/educations/20170,0,0,0,0,0,0,0,0,0,0,0,0,0,0,0,0,0
Logistics 2,TB241TB,Bachelor,"Technology, Policy and Management",https://studiegids.tudelft.nl/courses/study-guide/educations/20171,0,0,0,0,0,0,0,0,0,0,0,0,0,0,0,0,0
Processes in the Energy Sector,TB242EB,Bachelor,"Technology, Policy and Management",https://studiegids.tudelft.nl/courses/study-guide/educations/20172,0,0,0,0,0,0,1,0,1,0,0,0,1,0,0,0,0
Interconnected Engineering Systems,TB242IC,Bachelor,"Technology, Policy and Management",https://studiegids.tudelft.nl/courses/study-guide/educations/20173,0,0,0,0,0,0,0,0,1,0,0,0,0,0,0,0,0
Improving the Transport System,TB242TB,Bachelor,"Technology, Policy and Management",https://studiegids.tudelft.nl/courses/study-guide/educations/20174,0,0,0,0,0,0,0,0,1,0,1,0,1,0,0,0,0
Analysis of Industrial Systems,TB243EA,Bachelor,"Technology, Policy and Management",https://studiegids.tudelft.nl/courses/study-guide/educations/20175,0,0,0,0,0,0,0,0,0,0,0,0,0,0,0,0,0
IenC Systems: Risk and Control,TB243IB,Bachelor,"Technology, Policy and Management",https://studiegids.tudelft.nl/courses/study-guide/educations/20176,0,0,0,0,0,0,0,0,0,0,0,0,0,0,0,0,0
Governance Specialisation (E and I),TB321EB,Bachelor,"Technology, Policy and Management",https://studiegids.tudelft.nl/courses/study-guide/educations/20179,0,0,0,0,0,1,1,0,1,0,0,0,1,0,0,0,0
Governance Specialisatie (I and C),TB321IB,Bachelor,"Technology, Policy and Management",https://studiegids.tudelft.nl/courses/study-guide/educations/20180,0,0,0,0,0,0,0,1,0,0,0,0,0,0,0,1,0
Governance Specialisation (T and L),TB321TB,Bachelor,"Technology, Policy and Management",https://studiegids.tudelft.nl/courses/study-guide/educations/20181,0,0,0,0,0,0,0,0,1,0,1,0,0,0,0,0,0
Governance van sociotechnische systemen,TB323A,Bachelor,"Technology, Policy and Management",https://studiegids.tudelft.nl/courses/study-guide/educations/20177,0,0,0,0,0,0,0,0,0,0,0,0,0,0,0,0,0
Performance Analysis in Energy and Industry,TB341EC,Bachelor,"Technology, Policy and Management",https://studiegids.tudelft.nl/courses/study-guide/educations/20182,0,0,0,0,0,0,1,1,1,0,0,1,1,0,0,0,0
I&C in a socio-technical context,TB341ID,Bachelor,"Technology, Policy and Management",https://studiegids.tudelft.nl/courses/study-guide/educations/20183,0,0,1,0,0,0,0,0,0,0,0,0,0,0,0,1,0
Quantitative Models for Transport,TB341TC,Bachelor,"Technology, Policy and Management",https://studiegids.tudelft.nl/courses/study-guide/educations/20184,0,0,0,0,0,0,0,0,1,0,0,0,0,0,0,0,0
Bachelor Final Project,TB351D,Bachelor,"Technology, Policy and Management",https://studiegids.tudelft.nl/courses/study-guide/educations/20178,0,0,0,0,0,0,0,0,0,0,0,0,0,0,0,0,0
Entrepreneurial Thinking,TBM013B,Bachelor,"Technology, Policy and Management",https://studiegids.tudelft.nl/courses/study-guide/educations/20094,0,0,0,0,0,0,0,1,0,0,0,1,0,0,0,0,1
Preparations for Intercultural Research Project Project Research and Design,TBM014C,Bachelor,"Technology, Policy and Management",https://studiegids.tudelft.nl/courses/study-guide/educations/20095,0,0,0,1,0,0,0,0,0,0,0,0,0,0,0,0,0
"Responsible Management of Risk, Safety and Security",TBM015A,Bachelor,"Technology, Policy and Management",https://studiegids.tudelft.nl/courses/study-guide/educations/20101,0,0,0,0,0,0,0,0,0,0,0,0,0,0,0,0,0
Essentials of Technology Based Entrepreneurship,TBM016A,Bachelor,"Technology, Policy and Management",https://studiegids.tudelft.nl/courses/study-guide/educations/20128,0,0,0,0,0,0,0,1,1,0,0,0,0,0,0,0,0
Case Study in Technopreneurship,TBM017A,Bachelor,"Technology, Policy and Management",https://studiegids.tudelft.nl/courses/study-guide/educations/20122,0,0,0,0,0,0,0,1,1,0,0,0,0,0,0,0,0
Marketing for Start-ups,TBM018A,Bachelor,"Technology, Policy and Management",https://studiegids.tudelft.nl/courses/study-guide/educations/20129,0,0,1,0,0,0,0,0,1,0,0,1,1,0,0,0,0
"Managing Start-ups: Teamwork, Leadership and AI",TBM020C,Bachelor,"Technology, Policy and Management",https://studiegids.tudelft.nl/courses/study-guide/educations/20123,0,0,0,0,0,0,0,1,1,0,0,0,0,0,0,0,0
Introduction to MedTech Entrepreneurship,TBM021B,Bachelor,"Technology, Policy and Management",https://studiegids.tudelft.nl/courses/study-guide/educations/20130,0,0,1,0,0,0,0,0,0,0,0,0,0,0,0,0,0
"Ethics, Innovation, and the Corporation",TBM022B,Bachelor,"Technology, Policy and Management",https://studiegids.tudelft.nl/courses/study-guide/educations/20107,0,0,0,0,0,0,0,1,1,0,0,1,1,0,0,1,1
Innovation Management,TBM023D,Bachelor,"Technology, Policy and Management",https://studiegids.tudelft.nl/courses/study-guide/educations/21058,0,0,0,0,0,0,0,1,1,0,0,0,0,0,0,0,0
Introduction to Energy Systems,TBM024B,Bachelor,"Technology, Policy and Management",https://studiegids.tudelft.nl/courses/study-guide/educations/19968,0,0,0,0,0,0,1,0,1,0,0,0,1,0,0,0,0
Risk Management of Emerging Technologies,TBM025C,Bachelor,"Technology, Policy and Management",https://studiegids.tudelft.nl/courses/study-guide/educations/20118,0,0,0,0,0,0,0,0,0,0,0,0,0,0,0,0,0
Introduction to Technology Based Entrepreneurship,TBM026A,Bachelor,"Technology, Policy and Management",https://studiegids.tudelft.nl/courses/study-guide/educations/20124,0,0,0,0,0,0,0,1,0,0,0,0,0,0,0,0,0
Researching Cascading Effects: Understanding the Ripple Effects of Cybersecurity Events,TBM027C,Bachelor,"Technology, Policy and Management",https://studiegids.tudelft.nl/courses/study-guide/educations/20119,0,0,0,0,0,0,0,0,0,0,0,0,0,0,0,0,0
Marketing of Technological Innovations,TBM028C,Bachelor,"Technology, Policy and Management",https://studiegids.tudelft.nl/courses/study-guide/educations/21059,0,0,0,0,0,0,0,0,0,0,0,0,0,0,0,0,0
Decolonizing Sustainability and Impact,TBM029c,Bachelor,"Technology, Policy and Management",https://studiegids.tudelft.nl/courses/study-guide/educations/21049,0,0,0,1,1,0,0,1,0,1,0,0,0,0,0,1,1
Intercultural Integration Project,TBM030A,Bachelor,"Technology, Policy and Management",https://studiegids.tudelft.nl/courses/study-guide/educations/20097,0,0,0,0,0,0,0,1,0,0,0,0,0,0,0,0,1
Financing Innovation,TBM031C,Bachelor,"Technology, Policy and Management",https://studiegids.tudelft.nl/courses/study-guide/educations/21057,0,0,0,0,0,0,0,1,1,0,0,0,0,0,0,0,0
Management of Risk and Safety,TBM035A,Bachelor,"Technology, Policy and Management",https://studiegids.tudelft.nl/courses/study-guide/educations/20111,0,0,0,0,0,0,0,0,1,0,0,0,0,0,0,0,0
Interdisciplinary Project,TBM036A,Bachelor,"Technology, Policy and Management",https://studiegids.tudelft.nl/courses/study-guide/educations/21060,0,0,0,0,0,0,0,1,1,0,0,0,0,0,0,0,0
Product-Service Design en Prototyping,TBM040A,Bachelor,"Technology, Policy and Management",https://studiegids.tudelft.nl/courses/study-guide/educations/20125,0,0,0,0,0,0,0,0,0,0,0,0,0,0,0,0,0
Business Marketing for Engineers,TBM041A,Bachelor,"Technology, Policy and Management",https://studiegids.tudelft.nl/courses/study-guide/educations/20126,0,0,0,0,0,0,0,0,0,0,0,0,0,0,0,0,0
Finance for Entrepreneurs,TBM042A,Bachelor,"Technology, Policy and Management",https://studiegids.tudelft.nl/courses/study-guide/educations/20133,0,0,0,0,0,0,0,1,0,0,0,0,0,0,0,0,0
MedTech Integration Project 1,TBM043A,Bachelor,"Technology, Policy and Management",https://studiegids.tudelft.nl/courses/study-guide/educations/20134,0,0,0,0,0,0,0,1,1,0,0,0,0,0,0,0,0
MedTech Integration Project 2,TBM044B,Bachelor,"Technology, Policy and Management",https://studiegids.tudelft.nl/courses/study-guide/educations/21046,0,0,1,0,0,0,0,0,0,0,0,0,0,0,0,0,0
Argumentation: Analysis and Reasoning,TBM045A,Bachelor,"Technology, Policy and Management",https://studiegids.tudelft.nl/courses/study-guide/educations/19969,0,0,0,0,0,0,0,0,0,0,0,0,0,0,0,0,0
Persuasion and debate,TBM046A,Bachelor,"Technology, Policy and Management",https://studiegids.tudelft.nl/courses/study-guide/educations/19970,0,0,0,0,0,0,0,0,0,0,0,0,0,0,0,0,0
Responsible Digital Health Applications Design,TBM047A,Bachelor,"Technology, Policy and Management",https://studiegids.tudelft.nl/courses/study-guide/educations/21047,0,0,1,0,0,0,0,0,0,1,0,0,0,0,0,1,0
Medical Design,TBM048A,Bachelor,"Technology, Policy and Management",https://studiegids.tudelft.nl/courses/study-guide/educations/21048,0,0,1,0,0,0,0,0,0,0,0,0,0,0,0,0,0
Sustainable Development Goals (SDGs) and Business,TBM050BEUR,Bachelor,"Technology, Policy and Management",https://studiegids.tudelft.nl/courses/study-guide/educations/20112,0,0,0,1,0,0,0,0,0,0,0,0,0,0,0,0,1
Organizations and Societal Partnerships,TBM051B,Bachelor,"Technology, Policy and Management",https://studiegids.tudelft.nl/courses/study-guide/educations/20113,0,0,0,0,0,0,0,0,0,0,0,0,0,0,0,0,1
Project Module 1: Diagnosing Challenges and Opportunities with System Thinking,TBM052B,Bachelor,"Technology, Policy and Management",https://studiegids.tudelft.nl/courses/study-guide/educations/20114,0,0,0,0,0,0,0,0,0,0,0,0,0,0,0,0,1
Sustainability In Action: Legal Frameworks for ESG&SDG's,TBM053BUL,Bachelor,"Technology, Policy and Management",https://studiegids.tudelft.nl/courses/study-guide/educations/20115,0,0,0,0,0,0,0,0,1,0,0,1,1,0,0,1,1
Project Module 2: Integrating Legal Solutions for Impact Driven Development,TBM054BUL,Bachelor,"Technology, Policy and Management",https://studiegids.tudelft.nl/courses/study-guide/educations/20116,0,0,0,0,0,0,0,0,0,0,0,0,0,0,0,0,1
Project Module 3: Sustainable Business Model and Entrepreneurship,TBM055B,Bachelor,"Technology, Policy and Management",https://studiegids.tudelft.nl/courses/study-guide/educations/21061,0,0,0,0,0,0,0,0,1,0,0,1,1,0,0,0,1
Engineering Risk Management in Organisations,TBM0822TU,Bachelor,"Technology, Policy and Management",https://studiegids.tudelft.nl/courses/study-guide/educations/20120,0,0,0,0,0,0,0,0,0,0,0,0,0,0,0,1,0
Writing a Bachelor’s Thesis in English,TBM301A,Bachelor,"Technology, Policy and Management",https://studiegids.tudelft.nl/courses/study-guide/educations/19971,0,0,0,0,0,0,0,0,0,0,0,0,0,0,0,0,0
Process Management and Decision-making in Project Environment,TBM610A,Bachelor,"Technology, Policy and Management",https://studiegids.tudelft.nl/courses/study-guide/educations/19974,0,0,0,0,0,0,0,0,0,0,0,0,0,0,0,0,0
Intermediate Python Programming,TI3105TU,Bachelor,"Electrical Engineering, Mathematics and Computer Science",https://studiegids.tudelft.nl/courses/study-guide/educations/14365,0,0,0,0,0,0,0,0,0,0,0,0,0,0,0,0,0
Algorithms and Data Structures,TI3111TU,Bachelor,"Electrical Engineering, Mathematics and Computer Science",https://studiegids.tudelft.nl/courses/study-guide/educations/14366,0,0,0,0,0,0,0,0,0,0,0,0,0,0,0,0,0
Databases & Software Engineering,TI3115TU,Bachelor,"Electrical Engineering, Mathematics and Computer Science",https://studiegids.tudelft.nl/courses/study-guide/educations/14367,0,0,0,0,0,0,0,0,0,0,0,0,0,0,0,0,0
Data Analytics,TI3130TU,Bachelor,"Electrical Engineering, Mathematics and Computer Science",https://studiegids.tudelft.nl/courses/study-guide/educations/14368,0,0,0,0,0,0,0,0,0,0,0,0,0,0,0,0,0
Visual Data Processing,TI3135TU,Bachelor,"Electrical Engineering, Mathematics and Computer Science",https://studiegids.tudelft.nl/courses/study-guide/educations/14369,0,0,0,0,0,0,0,0,0,0,0,0,0,0,0,0,0
Introduction to Responsible AI Engineering,TI3140TU,Bachelor,"Electrical Engineering, Mathematics and Computer Science",https://studiegids.tudelft.nl/courses/study-guide/educations/13674,0,0,0,1,0,1,0,0,0,0,0,0,1,0,0,0,0
Machine Learning and Introduction to AI,TI3145TU,Bachelor,"Electrical Engineering, Mathematics and Computer Science",https://studiegids.tudelft.nl/courses/study-guide/educations/13675,0,0,0,0,0,0,0,0,0,0,0,0,0,0,0,0,0
Deep Learning,TI3155TU,Bachelor,"Electrical Engineering, Mathematics and Computer Science",https://studiegids.tudelft.nl/courses/study-guide/educations/13676,0,0,0,0,0,0,0,0,0,0,0,0,0,0,0,0,0
Natural Language Processing,TI3160TU,Bachelor,"Electrical Engineering, Mathematics and Computer Science",https://studiegids.tudelft.nl/courses/study-guide/educations/13677,0,0,0,0,0,0,0,0,0,0,0,0,0,0,0,0,0
Capstone Applied AI Project,TI3165TU,Bachelor,"Electrical Engineering, Mathematics and Computer Science",https://studiegids.tudelft.nl/courses/study-guide/educations/13678,0,0,0,0,0,0,0,0,0,0,0,0,0,0,0,1,0
Game Development Project,TI3715TU,Bachelor,"Electrical Engineering, Mathematics and Computer Science",https://studiegids.tudelft.nl/courses/study-guide/educations/14371,0,0,0,0,0,0,0,0,0,0,0,0,0,0,0,0,0
TIL Research Project,TIL4020-20,Master,Civil Engineering and Geosciences,https://studiegids.tudelft.nl/courses/study-guide/educations/18582,0,0,0,1,0,0,0,0,0,0,0,0,0,0,0,0,0
TIL Research and Design Methods,TIL4030-20,Master,Civil Engineering and Geosciences,https://studiegids.tudelft.nl/courses/study-guide/educations/18580,0,0,0,0,0,0,0,0,0,0,0,0,0,0,0,0,0
TIL Design Project,TIL5050-20,Master,Civil Engineering and Geosciences,https://studiegids.tudelft.nl/courses/study-guide/educations/18583,0,0,0,1,0,0,0,0,1,0,0,0,0,0,0,0,0
TIL Thesis Preparation,TIL5055,Master,Civil Engineering and Geosciences,https://studiegids.tudelft.nl/courses/study-guide/educations/21611,0,0,0,0,0,0,0,0,0,0,0,0,0,0,0,0,0
TIL Thesis,TIL5060,Master,Civil Engineering and Geosciences,https://studiegids.tudelft.nl/courses/study-guide/educations/18584,0,0,0,0,0,0,0,0,0,0,0,0,0,0,0,0,0
TIL Scientific Assignment,TIL6020,Master,Civil Engineering and Geosciences,https://studiegids.tudelft.nl/courses/study-guide/educations/18589,0,0,0,1,0,0,0,0,1,0,0,0,0,0,0,0,1
TIL Python Programming,TIL6022,Master,Civil Engineering and Geosciences,https://studiegids.tudelft.nl/courses/study-guide/educations/18581,0,0,0,0,0,0,0,0,0,0,0,0,0,0,0,0,0
Advanced Discrete Simulation for TIL,TIL6030,Master,"Technology, Policy and Management",https://studiegids.tudelft.nl/courses/study-guide/educations/21643,0,0,0,0,0,0,0,0,0,0,0,0,0,0,0,0,0
Brok,TM10003,Master,Mechanical Engineering,https://studiegids.tudelft.nl/courses/study-guide/educations/19515,0,0,1,0,0,0,0,0,0,0,0,0,0,0,0,0,0
Medical Skills in Daily Practice,TM10004,Master,Mechanical Engineering,https://studiegids.tudelft.nl/courses/study-guide/educations/19516,0,0,1,0,0,0,0,0,0,0,0,0,0,0,0,0,0
Patient Cases,TM10006,Master,Mechanical Engineering,https://studiegids.tudelft.nl/courses/study-guide/educations/19517,0,0,1,0,0,0,0,0,1,0,0,0,0,0,0,0,0
"Quality, Safety and UX in Healthcare",TM10010,Master,Mechanical Engineering,https://studiegids.tudelft.nl/courses/study-guide/educations/19519,0,0,1,0,0,0,0,0,0,0,0,0,0,0,0,0,0
Machine Learning,TM10011,Master,Mechanical Engineering,https://studiegids.tudelft.nl/courses/study-guide/educations/21740,0,0,1,0,0,0,0,0,0,0,0,0,0,0,0,1,0
Advanced Image Acquisition,TM11001,Master,Mechanical Engineering,https://studiegids.tudelft.nl/courses/study-guide/educations/19520,0,0,1,0,0,0,0,0,0,0,0,0,0,0,0,0,0
Molecular Imaging and Therapy,TM11002,Master,Mechanical Engineering,https://studiegids.tudelft.nl/courses/study-guide/educations/19521,0,0,1,0,0,0,0,0,0,0,0,0,0,0,0,0,0
Radiation Protection,TM11003,Master,Mechanical Engineering,https://studiegids.tudelft.nl/courses/study-guide/educations/19522,0,0,1,0,0,0,0,0,0,0,0,0,0,0,0,0,0
Radiation Therapy,TM11004,Master,Mechanical Engineering,https://studiegids.tudelft.nl/courses/study-guide/educations/19523,0,0,1,0,0,0,0,0,0,0,0,0,0,0,0,0,0
Advanced Image Processing,TM11005,Master,Mechanical Engineering,https://studiegids.tudelft.nl/courses/study-guide/educations/19524,0,0,1,0,0,0,0,0,0,0,0,0,0,0,0,0,0
Image Guided Interventions,TM11006,Master,Mechanical Engineering,https://studiegids.tudelft.nl/courses/study-guide/educations/19525,0,0,1,0,0,0,0,0,0,0,0,0,0,0,0,0,0
Biomaterials and Tissue Biomechanics,TM11007,Master,Mechanical Engineering,https://studiegids.tudelft.nl/courses/study-guide/educations/19526,0,0,1,0,0,0,0,0,1,0,0,0,0,0,0,0,0
Computer Assisted Reconstructive Surgery,TM11008,Master,Mechanical Engineering,https://studiegids.tudelft.nl/courses/study-guide/educations/19527,0,0,1,0,0,0,0,0,0,0,0,0,0,0,0,0,0
Advanced Signal Acquisition,TM12001,Master,Mechanical Engineering,https://studiegids.tudelft.nl/courses/study-guide/educations/19544,0,0,1,0,0,0,0,0,0,0,0,0,0,0,0,0,0
Sensing of Neurophysiological Signals,TM12002,Master,Mechanical Engineering,https://studiegids.tudelft.nl/courses/study-guide/educations/19545,0,0,1,0,0,0,0,0,0,0,0,0,0,0,0,0,0
Electrostimulation of Neurophysiological Systems,TM12003,Master,Mechanical Engineering,https://studiegids.tudelft.nl/courses/study-guide/educations/19546,0,0,1,0,0,0,0,0,0,0,0,0,0,0,0,0,0
Drug Sensing and Delivery,TM12004,Master,Mechanical Engineering,https://studiegids.tudelft.nl/courses/study-guide/educations/19547,0,0,1,0,0,0,0,0,0,0,0,0,0,0,0,0,0
Advanced Signal Processing,TM12005,Master,Mechanical Engineering,https://studiegids.tudelft.nl/courses/study-guide/educations/19548,0,0,1,0,0,0,0,0,0,0,0,0,0,0,0,0,0
Extramural Sensing and Virtual Stimulation,TM12006,Master,Mechanical Engineering,https://studiegids.tudelft.nl/courses/study-guide/educations/19549,0,0,1,0,0,0,0,0,0,0,0,0,0,0,0,0,0
Sensing and Stimulation of Circulation and Ventilation: Acute and Chronic Care,TM12007,Master,Mechanical Engineering,https://studiegids.tudelft.nl/courses/study-guide/educations/19550,0,0,1,0,0,0,0,0,0,0,0,0,0,0,0,0,0
TM Clinical Internship 1,TM20005,Master,Mechanical Engineering,https://studiegids.tudelft.nl/courses/study-guide/educations/19528,0,0,1,0,0,0,0,0,0,0,0,0,0,0,0,0,0
TM Clinical Internship 2,TM20006,Master,Mechanical Engineering,https://studiegids.tudelft.nl/courses/study-guide/educations/19529,0,0,1,0,0,0,0,0,0,0,0,0,0,0,0,0,0
TM Clinical Internship 3,TM20007,Master,Mechanical Engineering,https://studiegids.tudelft.nl/courses/study-guide/educations/19530,0,0,1,0,0,0,0,0,0,0,0,0,0,0,0,0,0
TM Clinical Internship 4,TM20008,Master,Mechanical Engineering,https://studiegids.tudelft.nl/courses/study-guide/educations/19531,0,0,1,0,0,0,0,0,0,0,0,0,0,0,0,0,0
Employability in Clinical Technology,TM20010,Master,Mechanical Engineering,https://studiegids.tudelft.nl/courses/study-guide/educations/19532,0,0,0,0,0,0,0,0,0,0,0,0,0,0,0,0,0
Skills in Acute Setting,TM20011,Master,Mechanical Engineering,https://studiegids.tudelft.nl/courses/study-guide/educations/19533,0,0,1,0,0,0,0,0,0,0,0,0,0,0,0,0,0
TM Practical Internship,TM30001,Master,Mechanical Engineering,https://studiegids.tudelft.nl/courses/study-guide/educations/19534,0,0,0,0,0,0,0,0,0,0,0,0,0,0,0,0,0
TM Thesis Feasibility Study,TM30002,Master,Mechanical Engineering,https://studiegids.tudelft.nl/courses/study-guide/educations/19535,0,0,0,0,0,0,0,0,0,0,0,0,0,0,0,0,0
TM Literature Study,TM30003,Master,Mechanical Engineering,https://studiegids.tudelft.nl/courses/study-guide/educations/19536,0,0,0,0,0,0,0,0,0,0,0,0,0,0,0,0,0
TM MSc Thesis,TM30004,Master,Mechanical Engineering,https://studiegids.tudelft.nl/courses/study-guide/educations/19537,0,0,0,0,0,0,0,0,0,0,0,0,0,0,0,0,0
Quantum Technology and Responsible Innovation,TN0339WM,Bachelor,Applied Sciences,https://studiegids.tudelft.nl/courses/study-guide/educations/17017,0,0,0,0,0,0,0,0,0,0,0,0,0,0,0,0,1
Design Engineering for Physicists 1,TN1003,Bachelor,Applied Sciences,https://studiegids.tudelft.nl/courses/study-guide/educations/16882,0,0,0,0,0,0,0,0,0,0,0,1,1,0,0,0,0
Technology Management,TN1101,Bachelor,Applied Sciences,https://studiegids.tudelft.nl/courses/study-guide/educations/16883,0,0,0,0,0,0,0,0,1,0,0,0,0,0,0,0,0
Mechanics,TN11010,Bachelor,Applied Sciences,https://studiegids.tudelft.nl/courses/study-guide/educations/21098,0,0,0,0,0,0,0,0,0,0,0,0,0,0,0,0,0
Thermodynamics,TN11015,Bachelor,Applied Sciences,https://studiegids.tudelft.nl/courses/study-guide/educations/21108,0,0,0,0,0,0,1,0,0,0,0,0,0,0,0,0,0
Electromagnetics,TN11020,Bachelor,Applied Sciences,https://studiegids.tudelft.nl/courses/study-guide/educations/16891,0,0,0,0,0,0,0,0,0,0,0,0,0,0,0,0,0
Waves,TN11025,Bachelor,Applied Sciences,https://studiegids.tudelft.nl/courses/study-guide/educations/21255,0,0,0,0,0,0,0,0,0,0,0,0,0,0,0,0,0
Linear Algebra part 1,TN1142WI,Bachelor,Applied Sciences,https://studiegids.tudelft.nl/courses/study-guide/educations/16884,0,0,0,0,0,0,0,0,0,0,0,0,0,0,0,0,0
Thermodynamics 1,TN1201,Bachelor,Applied Sciences,https://studiegids.tudelft.nl/courses/study-guide/educations/16885,0,0,0,0,0,0,0,0,0,0,0,0,0,0,0,0,0
Introduction Analysis,TN12010,Bachelor,"Electrical Engineering, Mathematics and Computer Science",https://studiegids.tudelft.nl/courses/study-guide/educations/21099,0,0,0,0,0,0,0,0,0,0,0,0,0,0,0,0,0
Multivariable Analysis,TN12015,Bachelor,"Electrical Engineering, Mathematics and Computer Science",https://studiegids.tudelft.nl/courses/study-guide/educations/21111,0,0,0,0,0,0,0,0,0,0,0,0,0,0,0,0,0
Vector and Fourier Analysis,TN12020,Bachelor,"Electrical Engineering, Mathematics and Computer Science",https://studiegids.tudelft.nl/courses/study-guide/educations/21253,0,0,0,0,0,0,0,0,0,0,0,0,0,0,0,0,0
Linear Algebra 1,TN12025,Bachelor,"Electrical Engineering, Mathematics and Computer Science",https://studiegids.tudelft.nl/courses/study-guide/educations/21256,0,0,0,0,0,0,0,0,0,0,0,0,0,0,0,0,0
Lab Course 1,TN13010,Bachelor,Applied Sciences,https://studiegids.tudelft.nl/courses/study-guide/educations/21100,0,0,0,1,0,0,0,0,0,0,0,0,0,0,0,0,0
Lab Course 2,TN13015,Bachelor,Applied Sciences,https://studiegids.tudelft.nl/courses/study-guide/educations/21112,0,0,0,0,0,0,0,0,0,0,0,0,0,0,0,0,0
"Introduction to Mechanics, Waves and Optics",TN1302,Bachelor,Applied Sciences,https://studiegids.tudelft.nl/courses/study-guide/educations/17209,0,0,0,0,0,0,0,0,0,0,0,0,0,0,0,0,0
Design Engineering for Physicists: Design,TN13020,Bachelor,Applied Sciences,https://studiegids.tudelft.nl/courses/study-guide/educations/21254,0,0,0,1,0,0,0,0,1,0,0,0,0,0,0,0,0
Design Engineering for Physicists: Engineering,TN13025,Bachelor,Applied Sciences,https://studiegids.tudelft.nl/courses/study-guide/educations/21257,0,0,0,0,0,0,0,0,0,0,0,1,1,0,0,0,0
Modern Physics,TN1312,Bachelor,Applied Sciences,https://studiegids.tudelft.nl/courses/study-guide/educations/17210,0,0,0,0,0,0,0,0,0,0,0,0,0,0,0,0,0
Introduction to Electricity and Magnetism,TN1322,Bachelor,Applied Sciences,https://studiegids.tudelft.nl/courses/study-guide/educations/17211,0,0,0,0,0,0,0,0,0,0,0,0,0,0,0,0,0
Calculus part 1,TN1401WI,Bachelor,Applied Sciences,https://studiegids.tudelft.nl/courses/study-guide/educations/16886,0,0,0,0,0,0,0,0,0,0,0,0,0,0,0,0,0
Calculus part 2,TN1402WI,Bachelor,Applied Sciences,https://studiegids.tudelft.nl/courses/study-guide/educations/16887,0,0,0,0,0,0,0,0,0,0,0,0,0,0,0,0,0
Introductory Laboratory Course,TN1405-P,Bachelor,Applied Sciences,https://studiegids.tudelft.nl/courses/study-guide/educations/16888,0,0,0,0,0,0,0,0,0,0,0,0,0,0,0,0,0
Advanced Calculus,TN1410WI,Bachelor,Applied Sciences,https://studiegids.tudelft.nl/courses/study-guide/educations/16889,0,0,0,0,0,0,0,0,0,0,0,0,0,0,0,0,0
Mechanics and Theory of Relativity,TN1612TU,Bachelor,Applied Sciences,https://studiegids.tudelft.nl/courses/study-guide/educations/16890,0,0,0,0,0,0,0,0,0,0,0,0,0,0,0,0,0
Introduction to Biophysics,TN1651,Bachelor,Applied Sciences,https://studiegids.tudelft.nl/courses/study-guide/educations/17030,0,0,0,0,0,0,0,0,0,0,0,0,0,0,0,0,0
Nuclear Science and Technology,TN1851,Bachelor,Applied Sciences,https://studiegids.tudelft.nl/courses/study-guide/educations/17031,0,0,1,0,0,0,0,0,0,0,0,0,0,0,0,0,0
Design Engineering for Physicists 2,TN2003,Bachelor,Applied Sciences,https://studiegids.tudelft.nl/courses/study-guide/educations/16892,0,0,0,0,0,0,0,0,0,0,0,1,1,0,0,0,0
Electromagnetism,TN2054,Bachelor,Applied Sciences,https://studiegids.tudelft.nl/courses/study-guide/educations/21749,0,0,0,0,0,0,0,0,0,0,0,0,0,0,0,0,0
Honours Class Electromagnetism,TN2070-HT,Bachelor,Applied Sciences,https://studiegids.tudelft.nl/courses/study-guide/educations/17018,0,0,0,0,0,0,0,0,0,0,0,0,0,0,0,0,0
Journal Club,TN2110-HT1,Bachelor,Applied Sciences,https://studiegids.tudelft.nl/courses/study-guide/educations/17019,0,0,0,0,0,0,0,0,0,0,0,0,0,0,0,0,0
Journal Club,TN2110-HT2,Bachelor,Applied Sciences,https://studiegids.tudelft.nl/courses/study-guide/educations/17022,0,0,0,0,0,0,0,0,0,0,0,0,0,0,0,0,0
Electronic Instrumentation,TN2211,Bachelor,Applied Sciences,https://studiegids.tudelft.nl/courses/study-guide/educations/16893,0,0,0,0,0,0,0,0,0,0,0,0,0,0,0,0,0
Linear Algebra 2,TN2242WI,Bachelor,Applied Sciences,https://studiegids.tudelft.nl/courses/study-guide/educations/16894,0,0,0,0,0,0,0,0,0,0,0,0,0,0,0,0,0
Linear Algebra and Differential Equations,TN2244WI,Bachelor,Applied Sciences,https://studiegids.tudelft.nl/courses/study-guide/educations/16722,0,0,0,0,0,0,0,0,0,0,0,0,0,0,0,0,0
Quantum Mechanics 1,TN2304,Bachelor,Applied Sciences,https://studiegids.tudelft.nl/courses/study-guide/educations/17171,0,0,0,0,0,0,0,0,0,0,0,0,0,0,0,0,0
Quantum Mechanics for the Minor,TN2305,Bachelor,Applied Sciences,https://studiegids.tudelft.nl/courses/study-guide/educations/16674,0,0,0,0,0,0,0,0,0,0,0,0,0,0,0,0,0
Quantum Engineering and Applications,TN2306,Bachelor,Applied Sciences,https://studiegids.tudelft.nl/courses/study-guide/educations/16675,0,0,0,0,0,0,0,0,0,0,0,0,0,0,0,0,0
Introduction to Quantum Mechanics,TN2307,Bachelor,Applied Sciences,https://studiegids.tudelft.nl/courses/study-guide/educations/21274,0,0,0,0,0,0,0,0,0,0,0,0,0,0,0,0,0
Applications of Modern Physics,TN2308,Bachelor,Applied Sciences,https://studiegids.tudelft.nl/courses/study-guide/educations/21277,0,0,0,0,0,0,0,0,0,0,0,0,0,0,0,0,0
Quantum Mechanics 2,TN2314,Bachelor,Applied Sciences,https://studiegids.tudelft.nl/courses/study-guide/educations/17172,0,0,0,0,0,0,0,0,0,0,0,0,0,0,0,0,0
Classical Mechanics,TN2321,Bachelor,Applied Sciences,https://studiegids.tudelft.nl/courses/study-guide/educations/16895,0,0,0,0,0,0,0,0,0,0,0,0,0,0,0,0,0
Introduction to Waves,TN2345,Bachelor,Applied Sciences,https://studiegids.tudelft.nl/courses/study-guide/educations/16896,0,0,0,0,0,0,0,0,0,0,0,0,0,0,0,0,0
Quantum Mechanics 3,TN2412,Bachelor,Applied Sciences,https://studiegids.tudelft.nl/courses/study-guide/educations/16904,0,0,0,0,0,0,0,0,0,0,0,0,0,0,0,0,0
Honours Class Quantum Mechanics,TN2420-HT,Bachelor,Applied Sciences,https://studiegids.tudelft.nl/courses/study-guide/educations/17023,0,0,0,0,0,0,0,0,0,0,0,0,0,0,0,0,0
Optics,TN2421,Bachelor,Applied Sciences,https://studiegids.tudelft.nl/courses/study-guide/educations/16905,0,0,0,0,0,0,0,0,0,0,0,0,0,0,0,0,0
Computational Science,TN2513,Bachelor,Applied Sciences,https://studiegids.tudelft.nl/courses/study-guide/educations/16897,0,0,0,0,0,0,0,0,0,0,0,0,0,0,0,0,0
Systems and Signals,TN2545,Bachelor,Applied Sciences,https://studiegids.tudelft.nl/courses/study-guide/educations/16898,0,0,0,0,0,0,0,0,0,0,0,0,0,0,0,0,0
Theory of Relativity,TN2612,Bachelor,Applied Sciences,https://studiegids.tudelft.nl/courses/study-guide/educations/16676,0,0,0,0,0,0,0,0,0,0,0,0,0,0,0,0,0
Honours Class Statistical Physics,TN2620-HT,Bachelor,Applied Sciences,https://studiegids.tudelft.nl/courses/study-guide/educations/17020,0,0,0,0,0,0,0,0,0,0,0,0,0,0,0,0,0
Statistical Physics for the Minor,TN2625,Bachelor,Applied Sciences,https://studiegids.tudelft.nl/courses/study-guide/educations/16677,0,0,0,0,0,0,0,0,0,0,0,0,0,0,0,0,0
Statistical Physics,TN2626,Bachelor,Applied Sciences,https://studiegids.tudelft.nl/courses/study-guide/educations/16899,0,0,0,0,0,0,0,0,0,0,0,0,0,0,0,0,0
Statistical Physics,TN2626-D1,Bachelor,Applied Sciences,https://studiegids.tudelft.nl/courses/study-guide/educations/16729,0,0,0,0,0,0,0,0,0,0,0,0,0,0,0,0,0
Introduction to Statistical Physics,TN2627,Bachelor,Applied Sciences,https://studiegids.tudelft.nl/courses/study-guide/educations/21275,0,0,0,0,0,0,0,0,0,0,0,0,0,0,0,0,0
Honours Class Physical Transport Phenomena,TN2780-HT,Bachelor,Applied Sciences,https://studiegids.tudelft.nl/courses/study-guide/educations/17021,0,0,0,0,0,0,0,0,0,0,0,0,0,0,0,0,0
Physical Transport Phenomena,TN2786,Bachelor,Applied Sciences,https://studiegids.tudelft.nl/courses/study-guide/educations/16900,0,0,0,0,0,0,0,0,0,0,0,0,0,0,0,0,0
Introduction to Elementary Particle Physics,TN2811,Bachelor,Applied Sciences,https://studiegids.tudelft.nl/courses/study-guide/educations/17032,0,0,0,0,0,0,0,0,0,0,0,0,0,0,0,0,0
Honours Class Solid State Physics,TN2840-HT,Bachelor,Applied Sciences,https://studiegids.tudelft.nl/courses/study-guide/educations/17024,0,0,0,0,0,0,0,0,0,0,0,0,0,0,0,0,0
Solid State Physics,TN2844,Bachelor,Applied Sciences,https://studiegids.tudelft.nl/courses/study-guide/educations/16906,0,0,0,0,0,0,0,0,0,0,0,0,0,0,0,0,0
Research Laboratory,TN2953-P,Bachelor,Applied Sciences,https://studiegids.tudelft.nl/courses/study-guide/educations/16901,0,0,0,1,0,0,0,0,0,0,0,0,0,0,0,0,0
Research Practicum,TN2953SO,Bachelor,Applied Sciences,https://studiegids.tudelft.nl/courses/study-guide/educations/16730,0,0,0,0,0,0,0,0,0,0,0,0,0,0,0,0,0
Bachelor Thesis,TN2983,Bachelor,Applied Sciences,https://studiegids.tudelft.nl/courses/study-guide/educations/16907,0,0,0,0,0,0,0,0,0,0,0,0,0,0,0,0,0
Introduction to Experiments in Physics,TN2985,Bachelor,Applied Sciences,https://studiegids.tudelft.nl/courses/study-guide/educations/16678,0,0,0,0,0,0,0,0,0,0,0,0,0,0,0,0,0
Mathematical Methods for Modern Physics,TN2986,Bachelor,Applied Sciences,https://studiegids.tudelft.nl/courses/study-guide/educations/16679,0,0,0,0,0,0,0,0,0,0,0,0,0,0,0,0,0
Final Research Project,TN2995,Bachelor,Applied Sciences,https://studiegids.tudelft.nl/courses/study-guide/educations/21276,0,0,0,0,0,0,0,0,0,0,0,0,0,0,0,0,0
Individual research project,TN3100,Bachelor,Applied Sciences,https://studiegids.tudelft.nl/courses/study-guide/educations/16908,0,0,0,0,0,0,0,0,0,0,0,0,0,0,0,0,0
Probability and Statistics,TN3104WI,Bachelor,Applied Sciences,https://studiegids.tudelft.nl/courses/study-guide/educations/16902,0,0,0,0,0,0,0,0,0,0,0,0,0,0,0,0,0
Mathematics for Quantum Physics,TN3105,Bachelor,Applied Sciences,https://studiegids.tudelft.nl/courses/study-guide/educations/17033,0,0,0,0,0,0,0,0,0,0,0,0,0,0,0,0,0
Information and Computation,TN3126,Bachelor,Applied Sciences,https://studiegids.tudelft.nl/courses/study-guide/educations/17034,0,0,0,0,0,0,0,0,0,0,0,0,0,0,0,0,0
Quantum Physics,TN3136,Bachelor,Applied Sciences,https://studiegids.tudelft.nl/courses/study-guide/educations/17040,0,0,0,0,0,0,0,0,0,0,0,0,0,0,0,0,0
Quantum Communication and Computation,TN3145,Bachelor,Applied Sciences,https://studiegids.tudelft.nl/courses/study-guide/educations/17035,0,0,0,0,0,0,0,0,0,0,0,0,0,0,0,0,0
Quantum Sensing and Measurement,TN3156,Bachelor,Applied Sciences,https://studiegids.tudelft.nl/courses/study-guide/educations/17036,0,0,0,0,0,0,0,0,0,0,0,0,0,0,0,0,0
Solid-State Quantum Bits,TN3166,Bachelor,Applied Sciences,https://studiegids.tudelft.nl/courses/study-guide/educations/17037,0,0,0,0,0,0,0,0,0,0,0,0,0,0,0,0,0
Semiconductor Quantum Bits,TN3166-A,Bachelor,Applied Sciences,https://studiegids.tudelft.nl/courses/study-guide/educations/17214,0,0,0,0,0,0,0,0,0,0,0,0,0,0,0,0,0
Superconductor Quantum Bits,TN3166-B,Bachelor,Applied Sciences,https://studiegids.tudelft.nl/courses/study-guide/educations/17215,0,0,0,0,0,0,0,0,0,0,0,0,0,0,0,0,0
Quantum Engineering Group Project,TN3175,Bachelor,Applied Sciences,https://studiegids.tudelft.nl/courses/study-guide/educations/17038,0,0,0,0,0,0,0,0,0,0,0,0,0,0,0,0,0
Water Ethics,TPM003A,Master,"Technology, Policy and Management",https://studiegids.tudelft.nl/courses/study-guide/educations/20333,0,0,0,0,0,1,0,0,0,0,1,0,1,1,0,0,0
Transport Safety,TPM004A,Master,"Technology, Policy and Management",https://studiegids.tudelft.nl/courses/study-guide/educations/19978,0,0,0,0,0,0,0,0,0,0,0,0,0,0,0,0,0
Talk Like TED,TPM007A,Master,"Technology, Policy and Management",https://studiegids.tudelft.nl/courses/study-guide/educations/19979,0,0,0,0,0,0,0,0,0,0,0,0,0,0,0,0,0
Summer School Health Entrepreneurship,TPM008B,Master,"Technology, Policy and Management",https://studiegids.tudelft.nl/courses/study-guide/educations/19980,0,0,1,0,0,0,0,1,0,0,0,0,0,0,0,0,1
Cyber Crime Science,TPM010A,Master,"Technology, Policy and Management",https://studiegids.tudelft.nl/courses/study-guide/educations/20328,0,0,0,0,0,0,0,0,0,0,0,0,0,0,0,0,0
Environmental Ethics,TPM012B,Master,"Technology, Policy and Management",https://studiegids.tudelft.nl/courses/study-guide/educations/19981,0,0,0,0,1,0,0,0,0,0,0,0,1,0,1,0,0
Environmental Ethics,TPM013B,Master,"Technology, Policy and Management",https://studiegids.tudelft.nl/courses/study-guide/educations/19982,0,0,0,0,1,0,0,0,0,0,0,0,1,0,1,0,0
Ethics of AI,TPM014B,Master,"Technology, Policy and Management",https://studiegids.tudelft.nl/courses/study-guide/educations/20394,0,0,0,0,0,0,0,0,0,0,0,0,0,0,0,1,0
Ethics of AI,TPM015B,Master,"Technology, Policy and Management",https://studiegids.tudelft.nl/courses/study-guide/educations/19984,0,0,0,0,0,0,0,0,0,0,0,0,0,0,0,0,0
Robots and Society,TPM016A,Master,"Technology, Policy and Management",https://studiegids.tudelft.nl/courses/study-guide/educations/19985,0,0,0,0,1,0,0,1,0,0,0,0,1,0,0,1,1
English Grammar for the University,TPM018A,,"Technology, Policy and Management",https://studiegids.tudelft.nl/courses/study-guide/educations/19986,0,0,0,0,0,0,0,0,0,0,0,0,0,0,0,0,0
"Cybersecurity: Actors, Incentives, Interventions",TPM020C,Master,"Technology, Policy and Management",https://studiegids.tudelft.nl/courses/study-guide/educations/20329,0,0,0,0,0,0,0,0,0,0,0,0,0,0,0,0,0
Economics and Finance,TPM021A,Master,"Technology, Policy and Management",https://studiegids.tudelft.nl/courses/study-guide/educations/20319,0,0,0,0,0,0,0,1,0,0,0,0,0,0,0,0,0
Intermediate Economics,TPM022A,Master,"Technology, Policy and Management",https://studiegids.tudelft.nl/courses/study-guide/educations/20320,0,0,0,0,0,0,0,1,0,0,0,0,0,0,0,0,0
Cost-Benefit Analysis: Theory and Application,TPM023C,Master,"Technology, Policy and Management",https://studiegids.tudelft.nl/courses/study-guide/educations/20321,0,0,1,0,0,0,0,0,0,0,0,0,1,0,0,1,0
Methods for Risk Analysis and Management,TPM024A,Master,"Technology, Policy and Management",https://studiegids.tudelft.nl/courses/study-guide/educations/19987,0,0,0,0,0,0,0,0,0,0,0,0,0,0,0,0,0
User-Centred Security,TPM025B,Master,"Technology, Policy and Management",https://studiegids.tudelft.nl/courses/study-guide/educations/20330,0,0,0,0,0,0,0,0,0,0,0,0,0,0,0,0,0
System Reliability in Quantitative Risk Assessment,TPM026A,Master,"Technology, Policy and Management",https://studiegids.tudelft.nl/courses/study-guide/educations/20334,0,0,0,0,0,1,1,0,1,0,0,0,0,0,0,0,0
Cyber Risk Management,TPM027A,Master,"Technology, Policy and Management",https://studiegids.tudelft.nl/courses/study-guide/educations/19989,0,0,1,0,0,0,0,0,0,0,0,0,0,0,0,0,0
Decision Making for Logistics and Transport Systems,TPM028B,Master,"Technology, Policy and Management",https://studiegids.tudelft.nl/courses/study-guide/educations/20326,0,0,0,0,0,0,0,1,1,0,1,1,1,0,0,0,0
Responsible Innovation,TPM029A,Master,"Technology, Policy and Management",https://studiegids.tudelft.nl/courses/study-guide/educations/20312,0,0,1,0,0,0,0,0,0,0,0,0,0,0,0,0,0
Introduction to Cloud as Infrastructure: The effects of the new business of computing on practice,TPM030A,Master,"Technology, Policy and Management",https://studiegids.tudelft.nl/courses/study-guide/educations/19990,0,0,0,0,0,0,0,0,1,0,0,0,0,0,0,0,0
Design of Safety and Security Systems,TPM031A,Master,"Technology, Policy and Management",https://studiegids.tudelft.nl/courses/study-guide/educations/19991,0,0,0,0,0,0,0,0,0,0,0,0,0,0,0,0,0
Multi-Criteria Decision Analysis,TPM032A,Master,"Technology, Policy and Management",https://studiegids.tudelft.nl/courses/study-guide/educations/19992,0,0,0,0,0,0,0,0,0,0,0,0,0,0,0,0,0
Sustainable Innovation and Transitions,TPM033A,Master,"Technology, Policy and Management",https://studiegids.tudelft.nl/courses/study-guide/educations/20313,0,0,0,0,0,0,1,0,1,0,1,1,1,0,0,0,1
Machine learning for socio-technical systems,TPM034A,Master,"Technology, Policy and Management",https://studiegids.tudelft.nl/courses/study-guide/educations/20371,0,0,0,0,0,0,0,0,0,0,0,0,0,0,0,0,0
Game theory and strategic decision making,TPM035B,Master,"Technology, Policy and Management",https://studiegids.tudelft.nl/courses/study-guide/educations/19993,0,0,0,0,0,0,0,0,0,0,0,0,0,0,0,0,0
Statistical Methods for Causal Inference and Prediction,TPM039A,Master,"Technology, Policy and Management",https://studiegids.tudelft.nl/courses/study-guide/educations/19994,0,0,1,0,0,1,1,0,0,0,0,0,1,0,0,0,0
Logistics Systems Engineering,TPM040A,Master,"Technology, Policy and Management",https://studiegids.tudelft.nl/courses/study-guide/educations/20327,0,0,0,0,0,0,0,0,1,0,1,0,0,0,0,0,0
Science fiction: Reimagining Technological Futures,TPM042B,Master,"Technology, Policy and Management",https://studiegids.tudelft.nl/courses/study-guide/educations/23312,0,0,0,0,0,0,0,0,0,0,0,0,0,0,0,0,0
Resilience of socio-technical-environmental systems,TPM043A,Master,"Technology, Policy and Management",https://studiegids.tudelft.nl/courses/study-guide/educations/19997,0,0,0,0,0,1,1,0,0,0,1,0,1,0,0,0,0
Business Leadership for Engineers,TPM044A,Master,"Technology, Policy and Management",https://studiegids.tudelft.nl/courses/study-guide/educations/19998,0,0,0,0,0,0,0,0,0,0,0,0,1,0,0,0,0
Economics of Global Value Chains,TPM052a,Master,"Technology, Policy and Management",https://studiegids.tudelft.nl/courses/study-guide/educations/23369,0,0,0,0,0,0,0,1,1,0,0,0,1,0,0,0,0
Economic Policy for Sustainable Energy,TPM0637SET,Master,"Technology, Policy and Management",https://studiegids.tudelft.nl/courses/study-guide/educations/20057,0,0,0,0,0,0,1,0,0,0,0,0,1,0,0,0,0
Sustainable Energy Innovations and Transitions,TPM0931SET,Master,"Technology, Policy and Management",https://studiegids.tudelft.nl/courses/study-guide/educations/20058,0,0,0,0,0,0,1,0,1,0,0,0,1,0,0,0,0
Spoken English for Academic Purposes – Advanced,TPM302B,,"Technology, Policy and Management",https://studiegids.tudelft.nl/courses/study-guide/educations/20004,0,0,0,1,0,0,0,0,0,0,0,0,0,0,0,0,0
Writing a Master’s Thesis in English,TPM305A,Master,"Technology, Policy and Management",https://studiegids.tudelft.nl/courses/study-guide/educations/20005,0,0,0,0,0,0,0,0,0,0,0,0,0,0,0,0,0
Writing Academic English using AI,TPM306A,Master,"Technology, Policy and Management",https://studiegids.tudelft.nl/courses/study-guide/educations/20006,0,0,0,1,0,0,0,0,0,0,0,0,0,0,0,0,0
Engineering Ethics and Risk,TPM330B,Master,"Technology, Policy and Management",https://studiegids.tudelft.nl/courses/study-guide/educations/20009,0,0,0,0,0,0,0,0,0,0,0,0,0,0,0,1,0
Technology Entrepreneurship and Innovation,TPM401A,Master,"Technology, Policy and Management",https://studiegids.tudelft.nl/courses/study-guide/educations/20010,0,0,0,0,0,0,0,1,1,0,0,0,0,0,0,0,1
Technology Entrepreneurship and Health,TPM402A,Master,"Technology, Policy and Management",https://studiegids.tudelft.nl/courses/study-guide/educations/20011,0,0,1,0,0,0,0,0,0,0,0,0,0,0,0,0,0
Technology Entrepreneurship and Sustainability,TPM403SET,Master,"Technology, Policy and Management",https://studiegids.tudelft.nl/courses/study-guide/educations/20059,0,0,0,0,0,0,1,1,1,0,0,1,1,0,0,0,0
Technology Entrepreneurship and Internationalization,TPM404B,Master,"Technology, Policy and Management",https://studiegids.tudelft.nl/courses/study-guide/educations/20012,0,0,0,0,0,0,0,1,1,0,0,0,0,0,0,0,1
Patent Law and Patent Policy,TPM405A,Master,"Technology, Policy and Management",https://studiegids.tudelft.nl/courses/study-guide/educations/20013,0,0,0,0,0,0,0,0,0,0,0,0,0,0,0,0,0
Corporate Entrepreneurship and Start-ups,TPM406A,Master,"Technology, Policy and Management",https://studiegids.tudelft.nl/courses/study-guide/educations/20368,0,0,0,0,0,0,0,1,1,0,0,0,0,0,0,0,1
Business Strategies for Digital Transformation,TPM407B,Master,"Technology, Policy and Management",https://studiegids.tudelft.nl/courses/study-guide/educations/20014,0,0,0,0,0,0,0,0,1,0,0,1,1,0,0,0,1
Financing Technology Ventures,TPM408A,Master,"Technology, Policy and Management",https://studiegids.tudelft.nl/courses/study-guide/educations/20015,0,0,0,0,0,0,0,1,1,0,0,0,0,0,0,0,1
Digital technology entrepreneurship and management,TPM409A,Master,"Technology, Policy and Management",https://studiegids.tudelft.nl/courses/study-guide/educations/20318,0,0,0,0,0,0,0,0,0,0,0,0,0,0,0,0,0
Idea to Start-up – IT and AI,TPM411A,Master,"Technology, Policy and Management",https://studiegids.tudelft.nl/courses/study-guide/educations/20016,0,0,0,0,0,0,0,1,1,0,0,0,0,0,0,0,1
Idea to Start-up - Health and Life Sciences,TPM412A,Master,"Technology, Policy and Management",https://studiegids.tudelft.nl/courses/study-guide/educations/20017,0,0,1,0,0,0,0,1,1,0,0,0,0,0,0,1,0
Idea to Start-up - Energy and Sustainability,TPM413A,Master,"Technology, Policy and Management",https://studiegids.tudelft.nl/courses/study-guide/educations/20018,0,0,0,0,0,0,1,0,1,0,0,1,1,0,0,0,0
Idea to Start-up – Deep Tech,TPM414A,Master,"Technology, Policy and Management",https://studiegids.tudelft.nl/courses/study-guide/educations/20019,0,0,0,0,0,0,0,1,1,0,0,0,0,0,0,0,1
Regenerative Entrepreneurship in the Global South,TPM415C,Master,"Technology, Policy and Management",https://studiegids.tudelft.nl/courses/study-guide/educations/23331,0,0,0,0,0,0,0,0,0,0,0,1,1,1,1,0,1
Turning Technology into Business,TPM416A,Master,"Technology, Policy and Management",https://studiegids.tudelft.nl/courses/study-guide/educations/20369,0,0,0,0,0,0,0,1,1,0,0,0,0,0,0,0,0
Ready to Start-up,TPM420A,Master,"Technology, Policy and Management",https://studiegids.tudelft.nl/courses/study-guide/educations/20021,0,0,0,0,0,0,0,1,1,0,0,0,0,0,0,0,0
Technology Venture Development,TPM423A,Master,"Technology, Policy and Management",https://studiegids.tudelft.nl/courses/study-guide/educations/20022,0,0,0,0,0,0,0,1,1,0,0,0,0,0,0,0,0
Start-up Challenge,TPM425B,Master,"Technology, Policy and Management",https://studiegids.tudelft.nl/courses/study-guide/educations/20023,0,0,0,0,0,0,0,0,0,0,0,0,0,0,0,0,0
Start-up Challenge - Advanced,TPM426B,Master,"Technology, Policy and Management",https://studiegids.tudelft.nl/courses/study-guide/educations/20024,0,0,0,0,0,0,0,1,1,0,0,0,0,0,0,0,0
Internship TPM,TPM593A,Master,"Technology, Policy and Management",https://studiegids.tudelft.nl/courses/study-guide/educations/20290,0,0,0,0,0,0,0,0,0,0,0,0,0,0,0,0,0
TPM AI-Lab Research Internships,TPM594A,Master,"Technology, Policy and Management",https://studiegids.tudelft.nl/courses/study-guide/educations/20026,0,0,0,0,0,0,0,0,0,0,0,0,0,0,0,0,0
TPM Research Projects,TPM595A,Master,"Technology, Policy and Management",https://studiegids.tudelft.nl/courses/study-guide/educations/20027,0,0,0,0,0,0,0,0,0,0,0,0,0,0,0,0,0
Introduction to Water Governance in Deltas,TPM801A,Master,"Technology, Policy and Management",https://studiegids.tudelft.nl/courses/study-guide/educations/20335,0,0,0,0,0,1,0,0,0,0,1,0,1,0,0,0,0
Model-based Water systems Assessment,TPM802A,Master,"Technology, Policy and Management",https://studiegids.tudelft.nl/courses/study-guide/educations/20336,0,0,0,0,0,1,0,0,0,0,1,0,1,0,0,0,0
Building with Nature and Beyond,TPM803A,Master,"Technology, Policy and Management",https://studiegids.tudelft.nl/courses/study-guide/educations/20337,0,0,0,0,0,1,0,0,1,0,0,0,1,0,1,0,1
Adaptive Planning for Management of Water Systems in Deltas,TPM804A,Master,"Technology, Policy and Management",https://studiegids.tudelft.nl/courses/study-guide/educations/20338,0,0,0,0,0,1,0,0,0,0,0,0,1,0,0,0,0
Technology Battles,TPM959A,Master,"Technology, Policy and Management",https://studiegids.tudelft.nl/courses/study-guide/educations/20314,0,0,0,0,0,0,0,0,0,0,0,0,0,0,0,0,0
Advanced Statistics,TW-E01,Bachelor,"Electrical Engineering, Mathematics and Computer Science",https://studiegids.tudelft.nl/courses/study-guide/educations/21807,0,0,0,0,0,0,0,0,0,0,0,0,0,0,0,0,0
Machine Learning,TW-E02,Bachelor,"Electrical Engineering, Mathematics and Computer Science",https://studiegids.tudelft.nl/courses/study-guide/educations/21808,0,0,0,0,0,0,0,0,0,0,0,0,0,0,0,0,0
Markov Processes,TW-E03,Bachelor,"Electrical Engineering, Mathematics and Computer Science",https://studiegids.tudelft.nl/courses/study-guide/educations/21809,0,0,0,0,0,0,0,0,0,0,0,0,0,0,0,0,0
Graph Theory,TW-E04,Bachelor,"Electrical Engineering, Mathematics and Computer Science",https://studiegids.tudelft.nl/courses/study-guide/educations/21810,0,0,0,0,0,0,0,0,0,0,0,0,0,0,0,0,0
Inverse Problems,TW-E05,Bachelor,"Electrical Engineering, Mathematics and Computer Science",https://studiegids.tudelft.nl/courses/study-guide/educations/21812,0,0,0,0,0,0,0,0,0,0,0,0,0,0,0,0,0
Mathematical Models in Biology and Physics,TW-E06,Bachelor,"Electrical Engineering, Mathematics and Computer Science",https://studiegids.tudelft.nl/courses/study-guide/educations/21813,0,0,0,0,0,0,0,0,0,0,0,0,0,0,0,0,0
Advanced Numerical Methods,TW-E07,Bachelor,"Electrical Engineering, Mathematics and Computer Science",https://studiegids.tudelft.nl/courses/study-guide/educations/21814,0,0,0,0,0,0,0,0,0,0,0,0,0,0,0,0,0
Fourier Analysis,TW-E08,Bachelor,"Electrical Engineering, Mathematics and Computer Science",https://studiegids.tudelft.nl/courses/study-guide/educations/21815,0,0,0,0,0,0,0,0,0,0,0,0,0,0,0,0,0
History of Mathematics,TW-E09,Bachelor,"Electrical Engineering, Mathematics and Computer Science",https://studiegids.tudelft.nl/courses/study-guide/educations/21816,0,0,0,0,0,0,0,0,0,0,0,0,0,0,0,0,0
Exploring Math Education,TW-E98,Bachelor,"Electrical Engineering, Mathematics and Computer Science",https://studiegids.tudelft.nl/courses/study-guide/educations/21818,0,0,0,1,0,0,0,0,0,0,0,0,0,0,0,0,0
Algorithm Design for Mathematicians,TW-E99,Bachelor,"Electrical Engineering, Mathematics and Computer Science",https://studiegids.tudelft.nl/courses/study-guide/educations/21817,0,0,0,0,0,0,0,0,0,0,0,0,0,0,0,0,0
Mentoraat,TW1-01,Bachelor,"Electrical Engineering, Mathematics and Computer Science",https://studiegids.tudelft.nl/courses/study-guide/educations/2734,0,0,0,0,0,0,0,0,0,0,0,0,0,0,0,0,0
Problem Solving and Proofs,TW1-11,Bachelor,"Electrical Engineering, Mathematics and Computer Science",https://studiegids.tudelft.nl/courses/study-guide/educations/14282,0,0,0,1,0,0,0,0,0,0,0,0,0,0,0,0,0
Problem Solving and Proofs,TW1-11TWN,Bachelor,"Electrical Engineering, Mathematics and Computer Science",https://studiegids.tudelft.nl/courses/study-guide/educations/14315,0,0,0,0,0,0,0,0,0,0,0,0,0,0,0,0,0
Calculus,TW1-12,Bachelor,"Electrical Engineering, Mathematics and Computer Science",https://studiegids.tudelft.nl/courses/study-guide/educations/14283,0,0,0,0,0,0,0,0,0,0,0,0,0,0,0,0,0
Introduction to Programming,TW1-13,Bachelor,"Electrical Engineering, Mathematics and Computer Science",https://studiegids.tudelft.nl/courses/study-guide/educations/14284,0,0,0,0,0,0,0,0,0,0,0,0,0,0,0,0,0
Modelling 1,TW1-21,Bachelor,"Electrical Engineering, Mathematics and Computer Science",https://studiegids.tudelft.nl/courses/study-guide/educations/14285,0,0,0,0,0,0,0,0,0,0,0,0,0,0,0,0,0
Analysis 1,TW1-22,Bachelor,"Electrical Engineering, Mathematics and Computer Science",https://studiegids.tudelft.nl/courses/study-guide/educations/14286,0,0,0,0,0,0,0,0,0,0,0,0,0,0,0,0,0
Linear Algebra 1,TW1-23,Bachelor,"Electrical Engineering, Mathematics and Computer Science",https://studiegids.tudelft.nl/courses/study-guide/educations/14287,0,0,0,0,0,0,0,0,0,0,0,0,0,0,0,0,0
Discrete Mathematics,TW1-31,Bachelor,"Electrical Engineering, Mathematics and Computer Science",https://studiegids.tudelft.nl/courses/study-guide/educations/14288,0,0,0,0,0,0,0,0,0,0,0,0,0,0,0,0,0
Analysis 2,TW1-32,Bachelor,"Electrical Engineering, Mathematics and Computer Science",https://studiegids.tudelft.nl/courses/study-guide/educations/14289,0,0,0,0,0,0,0,0,0,0,0,0,0,0,0,0,0
Linear Algebra 2,TW1-33,Bachelor,"Electrical Engineering, Mathematics and Computer Science",https://studiegids.tudelft.nl/courses/study-guide/educations/14290,0,0,0,0,0,0,0,0,0,0,0,0,0,0,0,0,0
Modelling 2,TW1-41,Bachelor,"Electrical Engineering, Mathematics and Computer Science",https://studiegids.tudelft.nl/courses/study-guide/educations/14291,0,0,0,0,0,0,0,0,0,0,0,0,0,0,0,0,0
Ordinary Differential Equations,TW1-42,Bachelor,"Electrical Engineering, Mathematics and Computer Science",https://studiegids.tudelft.nl/courses/study-guide/educations/14292,0,0,0,0,0,0,0,0,0,0,0,0,0,0,0,0,0
Introduction to Probability,TW1-43,Bachelor,"Electrical Engineering, Mathematics and Computer Science",https://studiegids.tudelft.nl/courses/study-guide/educations/14293,0,0,0,0,0,0,0,0,0,0,0,0,0,0,0,0,0
Introduction to Statistics,TW2-11,Bachelor,"Electrical Engineering, Mathematics and Computer Science",https://studiegids.tudelft.nl/courses/study-guide/educations/21780,0,0,0,0,0,0,0,0,0,0,0,0,0,0,0,0,0
Real Analysis,TW2-12,Bachelor,"Electrical Engineering, Mathematics and Computer Science",https://studiegids.tudelft.nl/courses/study-guide/educations/21785,0,0,0,0,0,0,0,0,0,0,0,0,0,0,0,0,0
Optimization,TW2-13,Bachelor,"Electrical Engineering, Mathematics and Computer Science",https://studiegids.tudelft.nl/courses/study-guide/educations/21788,0,0,0,0,0,0,0,0,0,0,0,0,0,0,0,0,0
Modelling 3,TW2-21,Bachelor,"Electrical Engineering, Mathematics and Computer Science",https://studiegids.tudelft.nl/courses/study-guide/educations/21791,0,0,0,0,0,0,0,0,0,0,0,0,0,0,0,0,0
Complex Function Theory,TW2-22,Bachelor,"Electrical Engineering, Mathematics and Computer Science",https://studiegids.tudelft.nl/courses/study-guide/educations/21796,0,0,0,0,0,0,0,0,0,0,0,0,0,0,0,0,0
Partial Differential Equations,TW2-23,Bachelor,"Electrical Engineering, Mathematics and Computer Science",https://studiegids.tudelft.nl/courses/study-guide/educations/21798,0,0,0,0,0,0,0,0,0,0,0,0,0,0,0,0,0
Numerical Methods,TW2-31,Bachelor,"Electrical Engineering, Mathematics and Computer Science",https://studiegids.tudelft.nl/courses/study-guide/educations/21799,0,0,0,0,0,0,0,0,0,0,0,0,0,0,0,0,0
Measure and Probability Theory,TW2-32,Bachelor,"Electrical Engineering, Mathematics and Computer Science",https://studiegids.tudelft.nl/courses/study-guide/educations/21800,0,0,0,0,0,0,0,0,0,0,0,0,0,0,0,0,0
Modelling 4,TW2-41,Bachelor,"Electrical Engineering, Mathematics and Computer Science",https://studiegids.tudelft.nl/courses/study-guide/educations/21801,0,0,0,0,0,0,0,0,0,0,0,0,0,0,0,0,0
Algebra,TW2-42,Bachelor,"Electrical Engineering, Mathematics and Computer Science",https://studiegids.tudelft.nl/courses/study-guide/educations/21804,0,0,0,0,0,0,0,0,0,0,0,0,0,0,0,0,0
Scientific Programming,TW3710TU,Bachelor,"Electrical Engineering, Mathematics and Computer Science",https://studiegids.tudelft.nl/courses/study-guide/educations/13688,0,0,0,0,0,0,0,0,0,0,0,0,0,0,0,0,0
Final Minor Project-Part A,TW3715TU,Bachelor,"Electrical Engineering, Mathematics and Computer Science",https://studiegids.tudelft.nl/courses/study-guide/educations/13689,0,0,0,0,0,0,0,0,0,0,0,0,0,0,0,0,0
Object Oriented Scientific Programming with C++,TW3720TU,Bachelor,"Electrical Engineering, Mathematics and Computer Science",https://studiegids.tudelft.nl/courses/study-guide/educations/13690,0,0,0,0,0,0,0,0,0,0,0,0,0,0,0,0,0
Final Minor Project-Part B,TW3725TU,Bachelor,"Electrical Engineering, Mathematics and Computer Science",https://studiegids.tudelft.nl/courses/study-guide/educations/13691,0,0,0,0,0,0,0,0,0,0,0,0,0,0,0,0,0
Numerical Methods for Differential Equations,TW3730TU,Bachelor,"Electrical Engineering, Mathematics and Computer Science",https://studiegids.tudelft.nl/courses/study-guide/educations/13692,0,0,0,0,0,0,0,0,0,0,0,0,0,0,0,0,0
Parallel Computing,TW3740TU,Bachelor,"Electrical Engineering, Mathematics and Computer Science",https://studiegids.tudelft.nl/courses/study-guide/educations/13693,0,0,0,0,0,0,0,0,0,0,0,0,0,0,0,0,0
Numerical Methods for Stochastic Differential Equations,TW3750TU,Bachelor,"Electrical Engineering, Mathematics and Computer Science",https://studiegids.tudelft.nl/courses/study-guide/educations/13694,0,0,0,0,0,0,0,0,0,0,0,0,0,0,0,0,0
Bachelor End Project,TWN3002-24,Bachelor,"Electrical Engineering, Mathematics and Computer Science",https://studiegids.tudelft.nl/courses/study-guide/educations/14346,0,0,0,0,0,0,0,0,0,0,0,0,0,0,0,0,0
Meeting Skills,UD1010,Bachelor,University Corporate Office,https://studiegids.tudelft.nl/courses/study-guide/educations/16334,0,0,0,0,0,0,0,0,0,0,0,0,0,0,0,0,0
Rhetoric and Public Speaking,UD1023,Bachelor,University Corporate Office,https://studiegids.tudelft.nl/courses/study-guide/educations/16335,0,0,0,0,0,0,0,0,0,0,0,0,0,0,0,0,0
CERN,UD1056,Bachelor,University Corporate Office,https://studiegids.tudelft.nl/courses/study-guide/educations/16337,0,0,0,1,0,0,0,0,1,0,0,0,0,0,0,0,1
The Laboratory of Science Fiction,UD1080,Bachelor,University Corporate Office,https://studiegids.tudelft.nl/courses/study-guide/educations/16338,0,0,0,0,0,0,0,0,0,0,0,0,0,0,0,0,0
Entrepreneurship for Global Challenges,UD1082,Bachelor,University Corporate Office,https://studiegids.tudelft.nl/courses/study-guide/educations/16340,0,0,0,0,0,0,0,0,1,0,0,0,0,0,0,0,1
Scientific Writing,UD1113,Bachelor,University Corporate Office,https://studiegids.tudelft.nl/courses/study-guide/educations/16339,0,0,0,1,0,0,0,0,0,0,0,0,0,0,0,0,0
Technological Expertise in Public Debate,UD2010,Master,University Corporate Office,https://studiegids.tudelft.nl/courses/study-guide/educations/16346,0,0,0,0,0,0,0,0,0,0,0,0,0,0,0,0,0
Business Leadership for Engineers,UD2012,Master,University Corporate Office,https://studiegids.tudelft.nl/courses/study-guide/educations/16347,0,0,0,0,0,0,0,0,0,0,0,0,1,0,0,0,0
Dynamics,WB1135,Bachelor,Mechanical Engineering,https://studiegids.tudelft.nl/courses/study-guide/educations/19338,0,0,0,0,0,0,0,0,0,0,0,0,0,0,0,0,0
Thermodynamics,WB1530-14,Bachelor,Mechanical Engineering,https://studiegids.tudelft.nl/courses/study-guide/educations/19339,0,0,0,0,0,0,0,0,0,0,0,0,0,0,0,0,0
Statics,WB1630-20,Bachelor,Mechanical Engineering,https://studiegids.tudelft.nl/courses/study-guide/educations/19340,0,0,0,0,0,0,0,0,0,0,0,0,0,0,0,0,0
Mechanics of Materials,WB1631-24,Bachelor,Mechanical Engineering,https://studiegids.tudelft.nl/courses/study-guide/educations/19341,0,0,0,0,0,0,0,0,0,0,0,0,0,0,0,0,0
Design Engineering Project 1,WB1641,Bachelor,Mechanical Engineering,https://studiegids.tudelft.nl/courses/study-guide/educations/19368,0,0,0,0,0,0,0,0,0,0,0,0,0,0,0,0,0
Design Engineering Project 2,WB1642,Bachelor,Mechanical Engineering,https://studiegids.tudelft.nl/courses/study-guide/educations/19369,0,0,0,0,0,0,0,0,0,0,0,0,0,0,0,0,0
Design Engineering Project 3A,WB1643A,Bachelor,Mechanical Engineering,https://studiegids.tudelft.nl/courses/study-guide/educations/19370,0,0,0,0,0,0,0,0,0,0,0,0,0,0,0,0,0
Design Engineering Project 3B,WB1643B,Bachelor,Mechanical Engineering,https://studiegids.tudelft.nl/courses/study-guide/educations/19371,0,0,0,1,0,0,0,0,1,0,0,0,0,0,0,1,0
Project Robotics,WB2232,Bachelor,Mechanical Engineering,https://studiegids.tudelft.nl/courses/study-guide/educations/19378,0,0,0,0,0,0,0,0,0,0,0,0,0,0,0,0,0
Signals and Systems,WB2235,Bachelor,Mechanical Engineering,https://studiegids.tudelft.nl/courses/study-guide/educations/19374,0,0,0,0,0,0,0,0,0,0,0,0,0,0,0,0,0
Materials Science,WB2330,Bachelor,Mechanical Engineering,https://studiegids.tudelft.nl/courses/study-guide/educations/19375,0,0,0,0,0,0,0,0,0,0,0,1,1,0,0,0,0
Project Materials Sciences,WB2332,Bachelor,Mechanical Engineering,https://studiegids.tudelft.nl/courses/study-guide/educations/19379,0,0,0,0,0,0,0,0,1,0,0,1,1,0,0,0,0
Fluid Mechanics and Heat Transfer,WB2542,Bachelor,Mechanical Engineering,https://studiegids.tudelft.nl/courses/study-guide/educations/19376,0,0,0,0,0,0,0,0,0,0,0,0,0,0,0,0,0
Process Engineering and Thermodynamics,WB2543,Bachelor,Mechanical Engineering,https://studiegids.tudelft.nl/courses/study-guide/educations/19380,0,0,0,0,0,0,0,0,1,0,0,1,1,0,0,0,0
Advanced Mechanics,WB2630,Bachelor,Mechanical Engineering,https://studiegids.tudelft.nl/courses/study-guide/educations/19353,0,0,0,0,0,0,0,0,0,0,0,0,0,0,0,0,0
Advanced Engineering Design Project,WB2633,Bachelor,Mechanical Engineering,https://studiegids.tudelft.nl/courses/study-guide/educations/19381,0,0,0,0,0,0,0,0,1,0,0,0,0,0,0,0,0
The Engineer in Society,WB3073,Bachelor,Mechanical Engineering,https://studiegids.tudelft.nl/courses/study-guide/educations/19384,0,0,0,0,0,0,0,0,0,0,0,0,0,0,0,1,0
Integrated Mechanical Systems,WB3135,Bachelor,Mechanical Engineering,https://studiegids.tudelft.nl/courses/study-guide/educations/19382,0,0,0,0,0,0,0,0,1,0,0,0,1,0,0,0,0
Systems and Control Engineering,WB3240-24,Bachelor,Mechanical Engineering,https://studiegids.tudelft.nl/courses/study-guide/educations/19354,0,0,0,0,0,0,0,0,0,0,0,0,0,0,0,0,0
"Energy Conversion: Devices, Systems and Efficiencies",WB3575,Bachelor,Mechanical Engineering,https://studiegids.tudelft.nl/courses/study-guide/educations/19084,0,0,0,0,0,0,1,0,1,0,0,0,1,0,0,0,0
Energy Storage,WB3580,Bachelor,Mechanical Engineering,https://studiegids.tudelft.nl/courses/study-guide/educations/19085,0,0,0,0,0,0,1,0,1,0,0,0,1,0,0,0,0
Assessment of Energy Systems,WB3585,Bachelor,Mechanical Engineering,https://studiegids.tudelft.nl/courses/study-guide/educations/19086,0,0,0,0,0,0,1,0,1,0,0,1,1,0,0,0,0
Design Project Renewables Based Energy Conversion and Storage,WB3595,Bachelor,Mechanical Engineering,https://studiegids.tudelft.nl/courses/study-guide/educations/19087,0,0,0,0,0,0,1,0,1,0,0,1,1,0,0,0,0
Robotics Minor Project,WB3700,Bachelor,Mechanical Engineering,https://studiegids.tudelft.nl/courses/study-guide/educations/19171,0,0,0,0,0,0,0,0,0,0,0,0,0,0,0,0,0
High Fidelity Prototyping,WB3706,Bachelor,Mechanical Engineering,https://studiegids.tudelft.nl/courses/study-guide/educations/22579,0,0,0,0,0,0,0,0,0,0,0,0,0,0,0,0,0
Introduction to Robotics Engineering,WB3707,Bachelor,Mechanical Engineering,https://studiegids.tudelft.nl/courses/study-guide/educations/22577,0,0,0,0,0,0,0,0,0,0,0,0,0,0,0,0,0
"Sensing, Actuating, and Primitive Decision Making for Robotics",WB3708,Bachelor,Mechanical Engineering,https://studiegids.tudelft.nl/courses/study-guide/educations/22601,0,0,0,0,0,0,0,0,0,0,0,0,0,0,0,0,0
Mathematics 1,WBMT1050-24,Bachelor,Mechanical Engineering,https://studiegids.tudelft.nl/courses/study-guide/educations/19336,0,0,0,0,0,0,0,0,0,0,0,0,0,0,0,0,0
Mathematics 2,WBMT1051,Bachelor,Mechanical Engineering,https://studiegids.tudelft.nl/courses/study-guide/educations/19337,0,0,0,0,0,0,0,0,0,0,0,0,0,0,0,0,0
Mathematics 3,WBMT2048,Bachelor,Mechanical Engineering,https://studiegids.tudelft.nl/courses/study-guide/educations/19348,0,0,0,0,0,0,0,0,0,0,0,0,0,0,0,0,0
Mathematics 4,WBMT2049,Bachelor,Mechanical Engineering,https://studiegids.tudelft.nl/courses/study-guide/educations/19349,0,0,0,0,0,0,0,0,0,0,0,0,0,0,0,0,0
Bachelor End Project,WBMT3BEP,Bachelor,Mechanical Engineering,https://studiegids.tudelft.nl/courses/study-guide/educations/21090,0,0,0,0,0,0,0,0,0,0,0,0,0,0,0,0,0
Calculus II,WI1402LR,Bachelor,"Electrical Engineering, Mathematics and Computer Science",https://studiegids.tudelft.nl/courses/study-guide/educations/2548,0,0,0,0,0,0,0,0,0,0,0,0,0,0,0,0,0
Linear Algebra,WI1403LR,Bachelor,"Electrical Engineering, Mathematics and Computer Science",https://studiegids.tudelft.nl/courses/study-guide/educations/2549,0,0,0,0,0,0,0,0,0,0,0,0,0,0,0,0,0
Calculus I,WI1421LR,Bachelor,"Electrical Engineering, Mathematics and Computer Science",https://studiegids.tudelft.nl/courses/study-guide/educations/2550,0,0,0,0,0,0,0,0,0,0,0,0,0,0,0,0,0
Linear Algebra 1,WI1807TH1-21,Bachelor,"Electrical Engineering, Mathematics and Computer Science",https://studiegids.tudelft.nl/courses/study-guide/educations/13638,0,0,0,0,0,0,0,0,0,0,0,0,0,0,0,0,0
Differential Equations,WI1909TH,Bachelor,"Electrical Engineering, Mathematics and Computer Science",https://studiegids.tudelft.nl/courses/study-guide/educations/13639,0,0,0,0,0,0,0,0,0,0,0,0,0,0,0,0,0
Numerical Analysis + practicum,WI2032TH,Bachelor,"Electrical Engineering, Mathematics and Computer Science",https://studiegids.tudelft.nl/courses/study-guide/educations/13640,0,0,0,0,0,0,0,0,0,0,0,0,0,0,0,0,0
Systems Theory,WI2056LR,Bachelor,"Electrical Engineering, Mathematics and Computer Science",https://studiegids.tudelft.nl/courses/study-guide/educations/2554,0,0,0,0,0,0,0,0,0,0,0,0,0,0,0,0,0
Differential equations,WI2180LR-I,Bachelor,"Electrical Engineering, Mathematics and Computer Science",https://studiegids.tudelft.nl/courses/study-guide/educations/2556,0,0,0,0,0,0,0,0,0,0,0,0,0,0,0,0,0
Probability and Statistics,WI2180LR-II,Bachelor,"Electrical Engineering, Mathematics and Computer Science",https://studiegids.tudelft.nl/courses/study-guide/educations/2557,0,0,0,0,0,0,0,0,0,0,0,0,0,0,0,0,0
Partial Differential Equations A,WI3150TU,Bachelor,"Electrical Engineering, Mathematics and Computer Science",https://studiegids.tudelft.nl/courses/study-guide/educations/14347,0,0,0,0,0,0,0,0,0,0,0,0,0,0,0,0,0
Partial Differential Equations B,WI3151TU,Bachelor,"Electrical Engineering, Mathematics and Computer Science",https://studiegids.tudelft.nl/courses/study-guide/educations/14348,0,0,0,0,0,0,0,0,0,0,0,0,0,0,0,0,0
Option Valuation Methods,WI3405TU,Bachelor,"Electrical Engineering, Mathematics and Computer Science",https://studiegids.tudelft.nl/courses/study-guide/educations/13680,0,0,0,0,0,0,0,0,0,0,0,0,0,0,0,0,0
Time Series,WI3411TU,Bachelor,"Electrical Engineering, Mathematics and Computer Science",https://studiegids.tudelft.nl/courses/study-guide/educations/13681,0,0,0,0,0,0,0,0,0,0,0,0,0,0,0,0,0
Introduction to Mathematical Finance,WI3417TU,Bachelor,"Electrical Engineering, Mathematics and Computer Science",https://studiegids.tudelft.nl/courses/study-guide/educations/13682,0,0,0,0,0,0,0,0,0,0,0,0,0,0,0,0,0
Principles of Asset Trading,WI3418TU,Bachelor,"Electrical Engineering, Mathematics and Computer Science",https://studiegids.tudelft.nl/courses/study-guide/educations/13683,0,0,0,0,0,0,0,1,0,0,0,0,0,0,0,0,0
Clinic,WI3420TU,Bachelor,"Electrical Engineering, Mathematics and Computer Science",https://studiegids.tudelft.nl/courses/study-guide/educations/13684,0,0,0,0,0,0,0,0,0,0,0,0,0,0,0,0,0
Risk Management,WI3421TU,Bachelor,"Electrical Engineering, Mathematics and Computer Science",https://studiegids.tudelft.nl/courses/study-guide/educations/13685,0,0,0,0,0,0,0,1,0,0,0,0,0,0,0,0,0
Current Issues in Finance,WI3430TU,Bachelor,"Electrical Engineering, Mathematics and Computer Science",https://studiegids.tudelft.nl/courses/study-guide/educations/13686,0,0,0,0,0,0,0,0,0,0,0,0,0,0,0,0,0
Data science for Finance,WI3435TU,Bachelor,"Electrical Engineering, Mathematics and Computer Science",https://studiegids.tudelft.nl/courses/study-guide/educations/13687,0,0,0,0,0,0,0,0,0,0,0,0,0,0,0,0,0
Special Functions and Representation Theory,WI4006-SP,Master,"Electrical Engineering, Mathematics and Computer Science",https://studiegids.tudelft.nl/courses/study-guide/educations/14679,0,0,0,0,0,0,0,0,0,0,0,0,0,0,0,0,0
Computational Fluid Dynamics,WI4011-17,Master,"Electrical Engineering, Mathematics and Computer Science",https://studiegids.tudelft.nl/courses/study-guide/educations/14615,0,0,0,0,0,0,0,0,0,0,0,0,0,0,0,0,0
Numerical Analysis,WI4014TU,Master,"Electrical Engineering, Mathematics and Computer Science",https://studiegids.tudelft.nl/courses/study-guide/educations/13641,0,0,0,0,0,0,0,0,0,0,0,0,0,0,0,0,0
Non-linear Differential Equations,WI4019-SP,Master,"Electrical Engineering, Mathematics and Computer Science",https://studiegids.tudelft.nl/courses/study-guide/educations/14611,0,0,0,0,0,0,0,0,0,0,0,0,0,0,0,0,0
Nonlinear Dynamical Systems,WI4019IFO,Master,"Electrical Engineering, Mathematics and Computer Science",https://studiegids.tudelft.nl/courses/study-guide/educations/13642,0,0,0,0,0,0,0,0,0,0,0,0,0,0,0,0,0
Spectral Theory of Linear Operators,WI4046,Master,"Electrical Engineering, Mathematics and Computer Science",https://studiegids.tudelft.nl/courses/study-guide/educations/14680,0,0,0,0,0,0,0,0,0,0,0,0,0,0,0,0,0
Introduction to High Performance Computing,WI4049TU,Master,"Electrical Engineering, Mathematics and Computer Science",https://studiegids.tudelft.nl/courses/study-guide/educations/14616,0,0,0,0,0,0,0,0,0,0,0,0,0,0,0,0,0
Uncertainty and Sensitivity Analysis,WI4050,Master,"Electrical Engineering, Mathematics and Computer Science",https://studiegids.tudelft.nl/courses/study-guide/educations/14657,0,0,0,0,0,0,0,0,0,0,0,0,0,0,0,0,0
Risk Analysis,WI4052,Master,"Electrical Engineering, Mathematics and Computer Science",https://studiegids.tudelft.nl/courses/study-guide/educations/14630,0,0,0,0,0,0,0,0,0,0,0,0,0,0,0,0,0
"Transport, Routing and Scheduling",WI4062TU,Master,"Electrical Engineering, Mathematics and Computer Science",https://studiegids.tudelft.nl/courses/study-guide/educations/13643,0,0,0,0,0,0,0,0,0,0,0,0,0,0,0,0,0
Financial Mathematics,WI4079,Master,"Electrical Engineering, Mathematics and Computer Science",https://studiegids.tudelft.nl/courses/study-guide/educations/14626,0,0,0,0,0,0,0,0,0,0,0,0,0,0,0,0,0
Decision Theory/Expert Judgement,WI4138,Master,"Electrical Engineering, Mathematics and Computer Science",https://studiegids.tudelft.nl/courses/study-guide/educations/14658,0,0,0,0,0,0,0,0,0,0,0,0,0,0,0,0,0
Computational Finance,WI4154,Master,"Electrical Engineering, Mathematics and Computer Science",https://studiegids.tudelft.nl/courses/study-guide/educations/14627,0,0,0,0,0,0,0,0,0,0,0,0,0,0,0,0,0
Game Theory,WI4156,Master,"Electrical Engineering, Mathematics and Computer Science",https://studiegids.tudelft.nl/courses/study-guide/educations/14631,0,0,0,0,0,0,0,0,0,0,0,0,0,0,0,0,0
Scientific Computing,WI4201,Master,"Electrical Engineering, Mathematics and Computer Science",https://studiegids.tudelft.nl/courses/study-guide/educations/14604,0,0,0,0,0,0,0,0,0,0,0,0,0,0,0,0,0
Applied Functional Analysis,WI4203,Master,"Electrical Engineering, Mathematics and Computer Science",https://studiegids.tudelft.nl/courses/study-guide/educations/14664,0,0,0,0,0,0,0,0,0,0,0,0,0,0,0,0,0
Advanced Modelling,WI4204,Master,"Electrical Engineering, Mathematics and Computer Science",https://studiegids.tudelft.nl/courses/study-guide/educations/14612,0,0,0,0,0,0,0,0,0,0,0,0,0,0,0,0,0
Applied Finite Elements,WI4205,Master,"Electrical Engineering, Mathematics and Computer Science",https://studiegids.tudelft.nl/courses/study-guide/educations/14613,0,0,0,0,0,0,0,0,0,0,0,0,0,0,0,0,0
Advanced Topics in Analysis,WI4211,Master,"Electrical Engineering, Mathematics and Computer Science",https://studiegids.tudelft.nl/courses/study-guide/educations/14683,0,0,0,0,0,0,0,0,0,0,0,0,0,0,0,0,0
Advanced Numerical Methods - Model Reduction of Dynamical Systems,WI4212,Master,"Electrical Engineering, Mathematics and Computer Science",https://studiegids.tudelft.nl/courses/study-guide/educations/14617,0,0,0,0,0,0,0,0,0,0,0,0,0,0,0,0,0
Special Topics in Financial Engineering,WI4224,Master,"Electrical Engineering, Mathematics and Computer Science",https://studiegids.tudelft.nl/courses/study-guide/educations/14632,0,0,0,0,0,0,0,0,0,0,0,0,0,0,0,0,0
Discrete Optimisation,WI4227-14,Master,"Electrical Engineering, Mathematics and Computer Science",https://studiegids.tudelft.nl/courses/study-guide/educations/14605,0,0,0,0,0,0,0,0,0,0,0,0,0,0,0,0,0
Time Series and Extreme Value Theory,WI4230,Master,"Electrical Engineering, Mathematics and Computer Science",https://studiegids.tudelft.nl/courses/study-guide/educations/14633,0,0,0,0,0,0,0,0,0,0,0,0,1,0,1,0,0
Scientific Programming for Engineers,WI4260TU,Master,"Electrical Engineering, Mathematics and Computer Science",https://studiegids.tudelft.nl/courses/study-guide/educations/13853,0,0,0,0,0,0,0,0,0,0,0,0,0,0,0,0,0
Advanced Discrete Optimisation,WI4410,Master,"Electrical Engineering, Mathematics and Computer Science",https://studiegids.tudelft.nl/courses/study-guide/educations/14642,0,0,0,0,0,0,0,0,0,0,0,0,0,0,0,0,0
Financial Markets Theory,WI4425,Master,"Electrical Engineering, Mathematics and Computer Science",https://studiegids.tudelft.nl/courses/study-guide/educations/14634,0,0,0,0,0,0,0,0,0,0,0,0,0,0,0,0,0
"Martingales, Brownian Motion",WI4430,Master,"Electrical Engineering, Mathematics and Computer Science",https://studiegids.tudelft.nl/courses/study-guide/educations/14606,0,0,0,0,0,0,0,0,0,0,0,0,0,0,0,0,0
Special Topics in Computational Science and Engineering,WI4450,Master,"Electrical Engineering, Mathematics and Computer Science",https://studiegids.tudelft.nl/courses/study-guide/educations/14620,0,0,0,0,0,0,0,0,0,0,0,0,0,0,0,0,0
Statistical Inference,WI4455,Master,"Electrical Engineering, Mathematics and Computer Science",https://studiegids.tudelft.nl/courses/study-guide/educations/14649,0,0,0,0,0,0,0,0,0,0,0,0,0,0,0,0,0
Advanced Topics in Probability,WI4465,Master,"Electrical Engineering, Mathematics and Computer Science",https://studiegids.tudelft.nl/courses/study-guide/educations/14653,0,0,0,0,0,0,0,0,0,0,0,0,0,0,0,0,0
Data Assimilation,WI4475,Master,"Electrical Engineering, Mathematics and Computer Science",https://studiegids.tudelft.nl/courses/study-guide/educations/14614,0,0,0,0,0,0,0,0,0,0,0,0,0,0,0,0,0
Internet Seminar on Evolution Equations,WI4480,Master,"Electrical Engineering, Mathematics and Computer Science",https://studiegids.tudelft.nl/courses/study-guide/educations/14684,0,0,0,0,0,0,0,0,0,0,0,0,0,0,0,0,0
Harmonic Analysis,WI4485,Master,"Electrical Engineering, Mathematics and Computer Science",https://studiegids.tudelft.nl/courses/study-guide/educations/14685,0,0,0,0,0,0,0,0,0,0,0,0,0,0,0,0,0
Quantitative Risk Management,WI4505,Master,"Electrical Engineering, Mathematics and Computer Science",https://studiegids.tudelft.nl/courses/study-guide/educations/14635,0,0,0,0,0,0,0,1,0,0,0,0,0,0,0,0,0
Relaxations and Heuristics,WI4515,Master,"Electrical Engineering, Mathematics and Computer Science",https://studiegids.tudelft.nl/courses/study-guide/educations/14643,0,0,0,0,0,0,0,0,0,0,0,0,0,0,0,0,0
Nonlinear Analysis and Partial Differential Equations,WI4520,Master,"Electrical Engineering, Mathematics and Computer Science",https://studiegids.tudelft.nl/courses/study-guide/educations/14621,0,0,0,0,0,0,0,0,0,0,0,0,0,0,0,0,0
Stochastic Simulation,WI4614,Master,"Electrical Engineering, Mathematics and Computer Science",https://studiegids.tudelft.nl/courses/study-guide/educations/14636,0,0,0,0,0,0,0,0,0,0,0,0,0,0,0,0,0
Stochastic Calculus,WI4615,Master,"Electrical Engineering, Mathematics and Computer Science",https://studiegids.tudelft.nl/courses/study-guide/educations/14637,0,0,0,0,0,0,0,0,0,0,0,0,0,0,0,0,0
Semidefinite Optimisation,WI4620MM,Master,External institution,https://studiegids.tudelft.nl/courses/study-guide/educations/14641,0,0,0,0,0,0,0,0,0,0,0,0,0,0,0,0,0
Statistical Learning,WI4630,Master,"Electrical Engineering, Mathematics and Computer Science",https://studiegids.tudelft.nl/courses/study-guide/educations/14638,0,0,0,0,0,0,0,0,0,0,0,0,0,0,0,0,0
Linear Algebra and Optimization for Machine Learning,WI4635,Master,"Electrical Engineering, Mathematics and Computer Science",https://studiegids.tudelft.nl/courses/study-guide/educations/14607,0,0,0,0,0,0,0,0,0,0,0,0,0,0,0,0,0
High-dimensional Probability,WI4640,Master,"Electrical Engineering, Mathematics and Computer Science",https://studiegids.tudelft.nl/courses/study-guide/educations/14662,0,0,0,0,0,0,0,0,0,0,0,0,0,0,0,0,0
Introduction to Quantum Information and Computing,WI4645,Master,"Electrical Engineering, Mathematics and Computer Science",https://studiegids.tudelft.nl/courses/study-guide/educations/14608,0,0,0,0,0,0,0,0,0,0,0,0,0,0,0,0,0
Applied Quantum Algorithms,WI4650,Master,"Electrical Engineering, Mathematics and Computer Science",https://studiegids.tudelft.nl/courses/study-guide/educations/14691,0,0,0,0,0,0,0,0,1,0,0,0,0,0,0,0,0
Perturbation and Variational Methods for Partial Differential Equations,WI4655,Master,"Electrical Engineering, Mathematics and Computer Science",https://studiegids.tudelft.nl/courses/study-guide/educations/14609,0,0,0,0,0,0,0,0,0,0,0,0,0,0,0,0,0
Dynamical Systems and Chaos,WI4660,Master,"Electrical Engineering, Mathematics and Computer Science",https://studiegids.tudelft.nl/courses/study-guide/educations/14678,0,0,0,0,0,0,0,0,0,0,0,0,0,0,0,0,0
Advanced Topics in Statistics,WI4665,Master,"Electrical Engineering, Mathematics and Computer Science",https://studiegids.tudelft.nl/courses/study-guide/educations/14656,0,0,0,0,0,0,0,0,0,0,0,0,0,0,0,0,0
Extremal Combinatorics,WI4670,Master,"Electrical Engineering, Mathematics and Computer Science",https://studiegids.tudelft.nl/courses/study-guide/educations/14645,0,0,0,0,0,0,0,0,0,0,0,0,0,0,0,0,0
Introduction to Financial Mathematics,WI4675,Master,"Electrical Engineering, Mathematics and Computer Science",https://studiegids.tudelft.nl/courses/study-guide/educations/14610,0,0,0,0,0,0,0,0,0,0,0,0,0,0,0,0,0
Applications in Partial Differential Equations,WI4680,Master,"Electrical Engineering, Mathematics and Computer Science",https://studiegids.tudelft.nl/courses/study-guide/educations/14624,0,0,0,0,0,0,0,0,0,0,0,0,1,0,0,0,0
Scientific Machine Learning,WI4770TU,Master,"Electrical Engineering, Mathematics and Computer Science",https://studiegids.tudelft.nl/courses/study-guide/educations/21901,0,0,0,0,0,0,0,0,0,0,0,0,0,0,0,0,0
Object Oriented Scientific Programming with C++,WI4771TU,Master,"Electrical Engineering, Mathematics and Computer Science",https://studiegids.tudelft.nl/courses/study-guide/educations/13854,0,0,0,0,0,0,0,0,0,0,0,0,0,0,0,0,0
Scientific Writing for Applied Mathematics,WI4800,Master,"Electrical Engineering, Mathematics and Computer Science",https://studiegids.tudelft.nl/courses/study-guide/educations/14603,0,0,0,1,0,0,0,0,0,0,0,0,0,0,0,0,0
Thesis Project worth 30 Credits,WI5000COSSE,Master,"Electrical Engineering, Mathematics and Computer Science",https://studiegids.tudelft.nl/courses/study-guide/educations/14700,0,0,0,0,0,0,0,0,0,0,0,0,0,0,0,0,0
A Seminar/Literature Study worth 12 credits,WI5001COSSE,Master,"Electrical Engineering, Mathematics and Computer Science",https://studiegids.tudelft.nl/courses/study-guide/educations/14701,0,0,0,0,0,0,0,0,0,0,0,0,0,0,0,0,0
Thesis Project,WI5010,Master,"Electrical Engineering, Mathematics and Computer Science",https://studiegids.tudelft.nl/courses/study-guide/educations/14393,0,0,0,0,0,0,0,0,0,0,0,0,0,0,0,0,0
Thesis Project,WI5010EXT,Master,"Electrical Engineering, Mathematics and Computer Science",https://studiegids.tudelft.nl/courses/study-guide/educations/14394,0,0,0,0,0,0,0,0,0,0,0,0,0,0,0,0,0
Internship AM,WI5215,Master,"Electrical Engineering, Mathematics and Computer Science",https://studiegids.tudelft.nl/courses/study-guide/educations/14392,0,0,0,0,0,0,0,0,0,0,0,0,0,0,0,1,0
Spanish 1,WM-ITAV-1020,,"Technology, Policy and Management",https://studiegids.tudelft.nl/courses/study-guide/educations/20028,0,0,0,0,0,0,0,0,0,0,0,0,0,0,0,0,0
Spanish 2,WM-ITAV-1021,,"Technology, Policy and Management",https://studiegids.tudelft.nl/courses/study-guide/educations/20029,0,0,0,1,0,0,0,0,0,0,0,0,0,0,0,0,0
Spanish 3,WM-ITAV-1022,,"Technology, Policy and Management",https://studiegids.tudelft.nl/courses/study-guide/educations/20030,0,0,0,1,0,0,0,0,0,0,0,0,0,0,0,0,0
Italian for Beginners,WM-ITAV-2013,,"Technology, Policy and Management",https://studiegids.tudelft.nl/courses/study-guide/educations/20031,0,0,0,1,0,0,0,0,0,0,0,0,0,0,0,0,0
Italian Advanced Level,WM-ITAV-2023,,"Technology, Policy and Management",https://studiegids.tudelft.nl/courses/study-guide/educations/20032,0,0,1,0,0,0,0,0,0,0,0,0,0,0,0,0,0
Scientific Writing,WM-ITAV-4010,Master,"Technology, Policy and Management",https://studiegids.tudelft.nl/courses/study-guide/educations/20033,0,0,0,0,0,0,0,0,0,0,0,0,0,0,0,0,0
Technical Writing,WM0201TU,Bachelor,"Technology, Policy and Management",https://studiegids.tudelft.nl/courses/study-guide/educations/20034,0,0,0,1,0,0,0,0,0,0,0,0,0,0,0,0,0
Technical Writing,WM0201TU-ENG,Master,"Technology, Policy and Management",https://studiegids.tudelft.nl/courses/study-guide/educations/20035,0,0,0,1,0,0,0,0,0,0,0,0,0,0,0,0,0
Oral Presentations,WM0203TU,Bachelor,"Technology, Policy and Management",https://studiegids.tudelft.nl/courses/study-guide/educations/20036,0,0,0,0,0,0,0,0,0,0,0,0,0,0,0,0,0
Oral Presentations,WM0203TU-ENG,Master,"Technology, Policy and Management",https://studiegids.tudelft.nl/courses/study-guide/educations/20037,0,0,0,0,0,0,0,0,0,0,0,0,0,0,0,0,0
Meeting Skills,WM0204TU,Bachelor,"Technology, Policy and Management",https://studiegids.tudelft.nl/courses/study-guide/educations/20038,0,0,0,0,0,0,0,0,0,0,0,0,0,0,0,0,0
Argumentation and Philosophy of Science,WM0318TN,Bachelor,"Technology, Policy and Management",https://studiegids.tudelft.nl/courses/study-guide/educations/20061,0,0,0,0,0,0,0,0,0,0,0,0,0,0,0,0,0
Ethics and Engineering,WM0320TU,Master,"Technology, Policy and Management",https://studiegids.tudelft.nl/courses/study-guide/educations/20039,0,0,0,0,0,0,0,0,0,0,0,0,0,0,0,1,0
Ethics and Engineering for Aerospace Engineering,WM0324LR,Master,"Technology, Policy and Management",https://studiegids.tudelft.nl/courses/study-guide/educations/20062,0,0,0,1,0,0,0,0,0,0,0,0,0,0,0,1,0
Ethics and Engineering,WM0329TU,Master,"Technology, Policy and Management",https://studiegids.tudelft.nl/courses/study-guide/educations/20040,0,0,0,0,0,0,0,0,0,0,0,0,0,0,0,1,0
"Philosophy of Engineering, Science and Design",WM0349WB,Master,"Technology, Policy and Management",https://studiegids.tudelft.nl/courses/study-guide/educations/20063,0,0,0,0,0,0,0,0,0,0,0,0,0,0,0,0,0
Climate Ethics,WM0353TU,Master,"Technology, Policy and Management",https://studiegids.tudelft.nl/courses/study-guide/educations/20042,0,0,1,0,0,0,0,0,1,1,0,0,1,0,0,1,1
Ethics of Technological Risks,WM0375TU,Master,"Technology, Policy and Management",https://studiegids.tudelft.nl/courses/study-guide/educations/20045,0,0,0,0,0,0,0,0,0,0,0,0,0,0,0,1,0
Ethics of Technological Risks,WM0376TU,Master,"Technology, Policy and Management",https://studiegids.tudelft.nl/courses/study-guide/educations/20046,0,0,0,0,0,0,0,0,0,0,0,0,0,0,0,1,0
Introduction to Safety Science,WM0801TU,Master,"Technology, Policy and Management",https://studiegids.tudelft.nl/courses/study-guide/educations/20048,0,0,0,0,0,0,0,0,0,0,0,0,0,0,0,0,0
Project Safety Science (6 ECTS),WM0804TU,Master,"Technology, Policy and Management",https://studiegids.tudelft.nl/courses/study-guide/educations/20049,0,0,1,0,0,0,0,0,0,0,0,0,0,0,0,0,0
Ethics for Applied Mathematics,WM1028AM,Master,"Technology, Policy and Management",https://studiegids.tudelft.nl/courses/study-guide/educations/20064,0,0,0,0,0,0,0,0,0,0,0,0,0,0,0,0,0
Dutch Elementary 1,WM1115TU,Master,"Technology, Policy and Management",https://studiegids.tudelft.nl/courses/study-guide/educations/20050,0,0,0,0,0,0,0,0,0,0,0,0,0,0,0,0,0
Dutch Elementary 2,WM1116TU,Master,"Technology, Policy and Management",https://studiegids.tudelft.nl/courses/study-guide/educations/20051,0,0,0,0,0,0,0,0,0,0,0,0,0,0,0,0,0
Dutch Intermediate 1,WM1117TU,Master,"Technology, Policy and Management",https://studiegids.tudelft.nl/courses/study-guide/educations/20052,0,0,0,0,0,0,0,0,0,0,0,0,0,0,0,0,0
Ethics of Transportation,WM1301TU,Master,"Technology, Policy and Management",https://studiegids.tudelft.nl/courses/study-guide/educations/20053,0,0,0,0,0,0,0,0,0,0,0,0,0,0,0,0,0
Ethics of Transportation,WM1302TU,Master,"Technology, Policy and Management",https://studiegids.tudelft.nl/courses/study-guide/educations/20054,0,0,0,0,0,0,0,0,0,0,0,0,0,0,0,1,0
Ethics of Healthcare Technologies,WM1401TU,Master,"Technology, Policy and Management",https://studiegids.tudelft.nl/courses/study-guide/educations/20055,0,0,1,0,0,0,0,0,1,0,0,0,0,0,0,0,0
Ethics of Healthcare Technologies,WM1402TU,Master,"Technology, Policy and Management",https://studiegids.tudelft.nl/courses/study-guide/educations/20056,0,0,1,0,0,0,0,0,1,0,0,0,0,0,0,0,0
Advanced Applied Seismology,x,Master,External institution,https://studiegids.tudelft.nl/courses/study-guide/educations/22199,0,0,0,0,0,0,0,0,0,0,0,0,0,0,0,0,0
Energy Resources Management,x,Master,External institution,https://studiegids.tudelft.nl/courses/study-guide/educations/23820,0,0,0,0,0,0,0,0,0,0,0,0,0,0,0,0,0
GIS specialization,x,Master,External institution,https://studiegids.tudelft.nl/courses/study-guide/educations/22195,0,0,0,0,0,0,0,0,0,0,0,0,0,0,0,0,0
Neotectonics and Earthquake Geology,x,Master,External institution,https://studiegids.tudelft.nl/courses/study-guide/educations/23822,0,0,0,0,0,0,0,0,0,0,0,0,0,0,0,0,0
Portfolio Management and Prospect Evaluation,x,Master,External institution,https://studiegids.tudelft.nl/courses/study-guide/educations/23821,0,0,0,0,0,0,0,0,0,0,0,0,0,0,0,0,0
Principles of Plate Tectonics,x,Master,External institution,https://studiegids.tudelft.nl/courses/study-guide/educations/22200,0,0,0,0,0,0,0,0,0,0,0,0,0,0,0,0,0
Minor Placeholder,zzzz,,Applied Sciences,https://studiegids.tudelft.nl/courses/study-guide/educations/24251,0,0,0,0,0,0,0,0,0,0,0,0,0,0,0,0,0
~~~,~~~,Bachelor,University Corporate Office,https://studiegids.tudelft.nl/courses/study-guide/educations/21389,0,0,0,0,0,0,0,0,0,0,0,0,0,0,0,0,0
