Field name,Course code///Vakcode,Course name///Vaknaam,Link,Sustainable course?///Duurzaam vak?,Level///Niveau,Faculty///Faculteit,SDGs///SDG's,Comments///Toelichting,Internal comments,
FALSE,BM3102A,Bewegingsapparaat: anatomie en sturing,https://studiegids.tudelft.nl/a101_displayCourse.do?course_id=61148,No,Minor,"Mechanical, Maritime and Materials Engineering",[],,,
FALSE,BM3105-18,BME Minor Projects,https://studiegids.tudelft.nl/a101_displayCourse.do?course_id=61149,No,Minor,"Mechanical, Maritime and Materials Engineering",[],,,
FALSE,BM3106-18,Orthopedic Biomaterials,https://studiegids.tudelft.nl/a101_displayCourse.do?course_id=61150,No,Minor,"Mechanical, Maritime and Materials Engineering",[],,,
FALSE,BM3108,Medical Imaging,https://studiegids.tudelft.nl/a101_displayCourse.do?course_id=61151,No,Minor,"Mechanical, Maritime and Materials Engineering",[],,,
FALSE,BM3109,General Introduction in Biomedical Engineering,https://studiegids.tudelft.nl/a101_displayCourse.do?course_id=61147,No,Minor,"Mechanical, Maritime and Materials Engineering",[],,,
TRUE,BM41035,Biomaterials,https://studiegids.tudelft.nl/a101_displayCourse.do?course_id=61033,No,MSc,"Mechanical, Maritime and Materials Engineering","[3, 9, 12]",,,
FALSE,BM41040,Neuromechanics & Motor Control,https://studiegids.tudelft.nl/a101_displayCourse.do?course_id=60817,No,MSc,"Mechanical, Maritime and Materials Engineering",[],,,
FALSE,BM41050,Applied Experimental Methods: Medical Instruments,https://studiegids.tudelft.nl/a101_displayCourse.do?course_id=61034,No,MSc,"Mechanical, Maritime and Materials Engineering",[],,,
FALSE,BM41055,Anatomy and Physiology,https://studiegids.tudelft.nl/a101_displayCourse.do?course_id=60830,No,MSc,"Mechanical, Maritime and Materials Engineering",[],,,
TRUE,BM41070,Medical Device Prototyping,https://studiegids.tudelft.nl/a101_displayCourse.do?course_id=60822,No,MSc,"Mechanical, Maritime and Materials Engineering","[3, 9, 12]",,,
FALSE,BM41075,Regenerative Medicine,https://studiegids.tudelft.nl/a101_displayCourse.do?course_id=61039,No,MSc,"Mechanical, Maritime and Materials Engineering",[],,,
FALSE,BM41090,Computational Mechanics of Tissues and Cells,https://studiegids.tudelft.nl/a101_displayCourse.do?course_id=61031,No,MSc,"Mechanical, Maritime and Materials Engineering",[],,,
FALSE,BM41095,"Medical Devices: Past, Present, Future",https://studiegids.tudelft.nl/a101_displayCourse.do?course_id=61035,No,MSc,"Mechanical, Maritime and Materials Engineering",[],,,
FALSE,BM41100,Medical Devices: Designing for CE-marking,https://studiegids.tudelft.nl/a101_displayCourse.do?course_id=61038,No,MSc,"Mechanical, Maritime and Materials Engineering",[],,,
FALSE,BM41130,Tissue Biomechanics,https://studiegids.tudelft.nl/a101_displayCourse.do?course_id=61032,No,MSc,"Mechanical, Maritime and Materials Engineering",[],,,
FALSE,BM41140,Fundamentals of Biomedical Engineering,https://studiegids.tudelft.nl/a101_displayCourse.do?course_id=61017,No,MSc,"Mechanical, Maritime and Materials Engineering",[],,,
FALSE,BM41155,3D Printing,https://studiegids.tudelft.nl/a101_displayCourse.do?course_id=60841,No,MSc,"Mechanical, Maritime and Materials Engineering",[],,,
FALSE,BM51010,BME Literature Research,https://studiegids.tudelft.nl/a101_displayCourse.do?course_id=61052,No,MSc,"Mechanical, Maritime and Materials Engineering",[],,,
FALSE,BM51015,BME Research Internship,https://studiegids.tudelft.nl/a101_displayCourse.do?course_id=61050,No,MSc,"Mechanical, Maritime and Materials Engineering",[],,,
FALSE,BM51035,BME MSc Thesis,https://studiegids.tudelft.nl/a101_displayCourse.do?course_id=61051,No,MSc,"Mechanical, Maritime and Materials Engineering",[],,,
FALSE,KT1005,Wiskunde 1 & 2 en programmeren,https://studiegids.tudelft.nl/a101_displayCourse.do?course_id=62984,No,BSc,"Werktuigbouwkunde, Maritieme Techniek & Technische Materiaalwetenschappen",[],,,
FALSE,KT1105,Systeembiologie,https://studiegids.tudelft.nl/a101_displayCourse.do?course_id=62985,No,BSc,"Werktuigbouwkunde, Maritieme Techniek & Technische Materiaalwetenschappen",[],,,
FALSE,KT1305,Spijsvertering en thermodynamica,https://studiegids.tudelft.nl/a101_displayCourse.do?course_id=62986,No,BSc,"Werktuigbouwkunde, Maritieme Techniek & Technische Materiaalwetenschappen",[],,,
FALSE,KT1405,Spierskeletsysteem en biomechanica 1,https://studiegids.tudelft.nl/a101_displayCourse.do?course_id=62987,No,BSc,"Werktuigbouwkunde, Maritieme Techniek & Technische Materiaalwetenschappen",[],,,
FALSE,KT1505,Zenuwstelsel en Signalen,https://studiegids.tudelft.nl/a101_displayCourse.do?course_id=62988,No,BSc,"Werktuigbouwkunde, Maritieme Techniek & Technische Materiaalwetenschappen",[],,,
FALSE,KT1605,Cardiovasculair en respiratoir systeem en biomedische instrumentatie 1,https://studiegids.tudelft.nl/a101_displayCourse.do?course_id=62989,No,BSc,"Werktuigbouwkunde, Maritieme Techniek & Technische Materiaalwetenschappen",[],,,
FALSE,KT1705,Bloedcelvorming en afweer,https://studiegids.tudelft.nl/a101_displayCourse.do?course_id=62990,No,BSc,"Werktuigbouwkunde, Maritieme Techniek & Technische Materiaalwetenschappen",[],,,
FALSE,KT1805,Uro-Genitaal Systeem en Statistiek,https://studiegids.tudelft.nl/a101_displayCourse.do?course_id=62991,No,BSc,"Werktuigbouwkunde, Maritieme Techniek & Technische Materiaalwetenschappen",[],,,
FALSE,KT1905,Vaardigheden en veiligheid 1,https://studiegids.tudelft.nl/a101_displayCourse.do?course_id=62992,No,BSc,"Werktuigbouwkunde, Maritieme Techniek & Technische Materiaalwetenschappen",[],,,
FALSE,KT1955,Academische vorming 1,https://studiegids.tudelft.nl/a101_displayCourse.do?course_id=62993,No,BSc,"Werktuigbouwkunde, Maritieme Techniek & Technische Materiaalwetenschappen",[],,,
FALSE,KT2101,"Endocrine system, modelling and control technology",https://studiegids.tudelft.nl/a101_displayCourse.do?course_id=61165,No,BSc,"Mechanical, Maritime and Materials Engineering",[],,,
FALSE,KT2201,Wiskunde 3 en Golven,https://studiegids.tudelft.nl/a101_displayCourse.do?course_id=61166,No,BSc,"Werktuigbouwkunde, Maritieme Techniek & Technische Materiaalwetenschappen",[],,,
FALSE,KT2301,Medische Beeldvorming bij grote ziektebeelden,https://studiegids.tudelft.nl/a101_displayCourse.do?course_id=61167,No,BSc,"Werktuigbouwkunde, Maritieme Techniek & Technische Materiaalwetenschappen",[],,,
FALSE,KT2401,Spierskeletsysteem en biomechanica 2,https://studiegids.tudelft.nl/a101_displayCourse.do?course_id=61168,No,BSc,"Werktuigbouwkunde, Maritieme Techniek & Technische Materiaalwetenschappen",[],,,
FALSE,KT2505,Zintuigen en Signalen,https://studiegids.tudelft.nl/a101_displayCourse.do?course_id=63072,No,BSc,"Werktuigbouwkunde, Maritieme Techniek & Technische Materiaalwetenschappen",[],,,
FALSE,KT2601,Cardiovasculair en respiratoir systeem en biomedische instrumentatie 2,https://studiegids.tudelft.nl/a101_displayCourse.do?course_id=61169,No,BSc,"Werktuigbouwkunde, Maritieme Techniek & Technische Materiaalwetenschappen",[],,,
FALSE,KT2700,Ontwerpen medische technologie,https://studiegids.tudelft.nl/a101_displayCourse.do?course_id=61171,No,BSc,"Werktuigbouwkunde, Maritieme Techniek & Technische Materiaalwetenschappen",[],,,
FALSE,KT2751,Kennismaking beroepspraktijk en zorgstage,https://studiegids.tudelft.nl/a101_displayCourse.do?course_id=61170,No,BSc,"Werktuigbouwkunde, Maritieme Techniek & Technische Materiaalwetenschappen",[],,,
FALSE,KT2802,Technische Heelkunde,https://studiegids.tudelft.nl/a101_displayCourse.do?course_id=61172,No,BSc,"Werktuigbouwkunde, Maritieme Techniek & Technische Materiaalwetenschappen",[],,,
FALSE,KT2852,Signalen en Stochastiek,https://studiegids.tudelft.nl/a101_displayCourse.do?course_id=61173,No,BSc,"Werktuigbouwkunde, Maritieme Techniek & Technische Materiaalwetenschappen",[],,,
FALSE,KT2902,Klinische Vaardigheden en Professioneel Gedrag 2,https://studiegids.tudelft.nl/a101_displayCourse.do?course_id=61163,No,BSc,"Werktuigbouwkunde, Maritieme Techniek & Technische Materiaalwetenschappen",[],,,
FALSE,KT2952,Academische Vorming 2,https://studiegids.tudelft.nl/a101_displayCourse.do?course_id=61164,No,BSc,"Werktuigbouwkunde, Maritieme Techniek & Technische Materiaalwetenschappen",[],,,
FALSE,KT3302,Spijsvertering,https://studiegids.tudelft.nl/a101_displayCourse.do?course_id=61184,No,BSc,"Werktuigbouwkunde, Maritieme Techniek & Technische Materiaalwetenschappen",[],,,
FALSE,KT3352,Medische Beeldverwerking,https://studiegids.tudelft.nl/a101_displayCourse.do?course_id=61185,No,BSc,"Werktuigbouwkunde, Maritieme Techniek & Technische Materiaalwetenschappen",[],,,
FALSE,KT3401,Intensive Care en Computersimulatie,https://studiegids.tudelft.nl/a101_displayCourse.do?course_id=61182,No,BSc,"Werktuigbouwkunde, Maritieme Techniek & Technische Materiaalwetenschappen",[],,,
FALSE,KT3501,Complexe diagnose-therapie-combinaties,https://studiegids.tudelft.nl/a101_displayCourse.do?course_id=61183,No,BSc,"Werktuigbouwkunde, Maritieme Techniek & Technische Materiaalwetenschappen",[],,,
FALSE,KT3701,Bio-informatica,https://studiegids.tudelft.nl/a101_displayCourse.do?course_id=61181,No,BSc,"Werktuigbouwkunde, Maritieme Techniek & Technische Materiaalwetenschappen",[],,,
FALSE,KT3801,Klinisch Technologisch Eindproject,https://studiegids.tudelft.nl/a101_displayCourse.do?course_id=61174,No,BSc,"Werktuigbouwkunde, Maritieme Techniek & Technische Materiaalwetenschappen",[],,,
FALSE,KT3900,Klinische Vaardigheden en Professioneel Gedrag 3,https://studiegids.tudelft.nl/a101_displayCourse.do?course_id=61179,No,BSc,"Werktuigbouwkunde, Maritieme Techniek & Technische Materiaalwetenschappen",[],,,
FALSE,KT3951A,Academische Vorming 3,https://studiegids.tudelft.nl/a101_displayCourse.do?course_id=61177,No,BSc,"Werktuigbouwkunde, Maritieme Techniek & Technische Materiaalwetenschappen",[],,,
FALSE,KT3951B,Essay Academische Vorming / KTO,https://studiegids.tudelft.nl/a101_displayCourse.do?course_id=61178,No,BSc,"Werktuigbouwkunde, Maritieme Techniek & Technische Materiaalwetenschappen",[],,,
FALSE,ME41000,Automotive Human Factors,https://studiegids.tudelft.nl/a101_displayCourse.do?course_id=60985,No,MSc,"Mechanical, Maritime and Materials Engineering",[],,,
FALSE,ME41006,Musculoskeletal Modeling and Simulation,https://studiegids.tudelft.nl/a101_displayCourse.do?course_id=63073,No,MSc,"Mechanical, Maritime and Materials Engineering",[],,,
FALSE,ME41035,Special Topics in Sports Engineering,https://studiegids.tudelft.nl/a101_displayCourse.do?course_id=60825,No,MSc,"Mechanical, Maritime and Materials Engineering",[],,,
FALSE,ME41055,Multibody Dynamics B,https://studiegids.tudelft.nl/a101_displayCourse.do?course_id=60816,No,MSc,"Mechanical, Maritime and Materials Engineering",[],,,
FALSE,ME41065,System Identification and Parameter Estimation,https://studiegids.tudelft.nl/a101_displayCourse.do?course_id=60834,No,MSc,"Mechanical, Maritime and Materials Engineering",[],,,
FALSE,ME41085,Biomechatronics,https://studiegids.tudelft.nl/a101_displayCourse.do?course_id=60823,No,MSc,"Mechanical, Maritime and Materials Engineering",[],,,
FALSE,ME41096,Bio Inspired Design,https://studiegids.tudelft.nl/a101_displayCourse.do?course_id=63867,No,MSc,"Mechanical, Maritime and Materials Engineering",[],,,
FALSE,ME41106,Intelligent Vehicles 3ME,https://studiegids.tudelft.nl/a101_displayCourse.do?course_id=60799,No,MSc,"Mechanical, Maritime and Materials Engineering",[],,,
FALSE,ME41120,Freehand Sketching of Products and Mechanisms,https://studiegids.tudelft.nl/a101_displayCourse.do?course_id=60828,No,MSc,"Mechanical, Maritime and Materials Engineering",[],,,
FALSE,ME41125,Introduction to Engineering Research,https://studiegids.tudelft.nl/a101_displayCourse.do?course_id=60842,No,MSc,"Mechanical, Maritime and Materials Engineering",[],,,
FALSE,ME44101,Dynamics and Interaction of Material and Equipment,https://studiegids.tudelft.nl/a101_displayCourse.do?course_id=60928,No,MSc,"Mechanical, Maritime and Materials Engineering",[],,,
FALSE,ME44106,Structural Design with FEM,https://studiegids.tudelft.nl/a101_displayCourse.do?course_id=60933,No,MSc,"Mechanical, Maritime and Materials Engineering",[],,,
TRUE,ME44110,Integrated Design Project for Multi-Machine Systems,https://studiegids.tudelft.nl/a101_displayCourse.do?course_id=60929,Yes,MSc,"Mechanical, Maritime and Materials Engineering","[9, 11]",,,
FALSE,ME44115,Discrete Element Method (DEM) simulation,https://studiegids.tudelft.nl/a101_displayCourse.do?course_id=60937,No,MSc,"Mechanical, Maritime and Materials Engineering",[],,,
FALSE,ME44125,Reliability and Maintenance of Transport Equipment,https://studiegids.tudelft.nl/a101_displayCourse.do?course_id=60938,No,MSc,"Mechanical, Maritime and Materials Engineering",[],,,
FALSE,ME44200,Operations and Maintenance,https://studiegids.tudelft.nl/a101_displayCourse.do?course_id=60930,No,MSc,"Mechanical, Maritime and Materials Engineering",[],,,
FALSE,ME44206,Quantitative Methods for Logistics,https://studiegids.tudelft.nl/a101_displayCourse.do?course_id=60927,No,MSc,"Mechanical, Maritime and Materials Engineering",[],,,
FALSE,ME44210,Drive & Energy Systems,https://studiegids.tudelft.nl/a101_displayCourse.do?course_id=60797,No,MSc,"Mechanical, Maritime and Materials Engineering",[],,,
FALSE,ME44300,Multi-Machine Coordination for Logistics,https://studiegids.tudelft.nl/a101_displayCourse.do?course_id=60931,No,MSc,"Mechanical, Maritime and Materials Engineering",[],,,
FALSE,ME44305,System Analysis and Simulation,https://studiegids.tudelft.nl/a101_displayCourse.do?course_id=60932,No,MSc,"Mechanical, Maritime and Materials Engineering",[],,,
FALSE,ME44311,Advanced Operations and Production Management,https://studiegids.tudelft.nl/a101_displayCourse.do?course_id=60936,No,MSc,"Mechanical, Maritime and Materials Engineering",[],,,
TRUE,ME44312,Machine Learning for Transport and Multi-Machine Systems,https://studiegids.tudelft.nl/a101_displayCourse.do?course_id=60934,Yes,MSc,"Mechanical, Maritime and Materials Engineering",[],,,
FALSE,ME45001,Advanced Heat Transfer,https://studiegids.tudelft.nl/a101_displayCourse.do?course_id=60796,No,MSc,"Mechanical, Maritime and Materials Engineering",[],,,
FALSE,ME45025,Introduction to Multiphase Flow,https://studiegids.tudelft.nl/a101_displayCourse.do?course_id=60860,No,MSc,"Mechanical, Maritime and Materials Engineering",[],,,
FALSE,ME45030,Turbulence,https://studiegids.tudelft.nl/a101_displayCourse.do?course_id=60853,No,MSc,"Mechanical, Maritime and Materials Engineering",[],,,
FALSE,ME45042,Advanced Fluid Dynamics,https://studiegids.tudelft.nl/a101_displayCourse.do?course_id=60798,No,MSc,"Mechanical, Maritime and Materials Engineering",[],,,
FALSE,ME45043,Advanced Fluid Dynamics for AP,https://studiegids.tudelft.nl/a101_displayCourse.do?course_id=62688,No,MSc,"Mechanical, Maritime and Materials Engineering",[],,,
TRUE,ME45070,Advanced Reaction & Separation Systems,https://studiegids.tudelft.nl/a101_displayCourse.do?course_id=60854,Yes,MSc,"Mechanical, Maritime and Materials Engineering","[9, 12]",,,
TRUE,ME45075,Refrigeration & Heat Pumps Fundamentals,https://studiegids.tudelft.nl/a101_displayCourse.do?course_id=60863,Yes,MSc,"Mechanical, Maritime and Materials Engineering",[],,,
TRUE,ME45111,Buildings as Energy and Indoor Climate Systems,https://studiegids.tudelft.nl/a101_displayCourse.do?course_id=60874,Yes,MSc,"Mechanical, Maritime and Materials Engineering","[7, 9, 11, 13]",,,
FALSE,ME45135,Process and Power Plant Design,https://studiegids.tudelft.nl/a101_displayCourse.do?course_id=60855,No,MSc,"Mechanical, Maritime and Materials Engineering",[],,,
FALSE,ME45155,Computational Fluid Dynamics for Engineers,https://studiegids.tudelft.nl/a101_displayCourse.do?course_id=60856,No,MSc,"Mechanical, Maritime and Materials Engineering",[],,,
FALSE,ME45160,Advanced Applied Thermodynamics,https://studiegids.tudelft.nl/a101_displayCourse.do?course_id=60851,No,MSc,"Mechanical, Maritime and Materials Engineering",[],,,
FALSE,ME45165,Equipment for Heat & Mass Transfer,https://studiegids.tudelft.nl/a101_displayCourse.do?course_id=60852,No,MSc,"Mechanical, Maritime and Materials Engineering",[],,,
FALSE,ME45170,Turbomachinery,https://studiegids.tudelft.nl/a101_displayCourse.do?course_id=60861,No,MSc,"Mechanical, Maritime and Materials Engineering",[],,,
FALSE,ME45190,Chaos in Dynamical Systems,https://studiegids.tudelft.nl/a101_displayCourse.do?course_id=60865,No,MSc,"Mechanical, Maritime and Materials Engineering",[],,,
TRUE,ME45201,Electrochemical Energy Storage,https://studiegids.tudelft.nl/a101_displayCourse.do?course_id=60859,Yes,MSc,"Mechanical, Maritime and Materials Engineering","[7, 9, 13]",,,
TRUE,ME45203,"Electrolysers, Fuel Cells and Batteries",https://studiegids.tudelft.nl/a101_displayCourse.do?course_id=60875,Yes,MSc,"Mechanical, Maritime and Materials Engineering","[7, 9, 13]",,,
FALSE,ME45211,Introduction to Molecular Simulation,https://studiegids.tudelft.nl/a101_displayCourse.do?course_id=60858,No,MSc,"Mechanical, Maritime and Materials Engineering",[],,,
FALSE,ME45215,Rheology of Complex Fluids,https://studiegids.tudelft.nl/a101_displayCourse.do?course_id=63046,No,MSc,"Mechanical, Maritime and Materials Engineering",[],,,
FALSE,ME45220,Experimental Techniques in Fluid Mechanics,https://studiegids.tudelft.nl/a101_displayCourse.do?course_id=63048,No,MSc,"Mechanical, Maritime and Materials Engineering",[],,,
TRUE,ME45225,Multiphysics transport in Energy Materials,https://studiegids.tudelft.nl/a101_displayCourse.do?course_id=63049,Yes,MSc,"Mechanical, Maritime and Materials Engineering","[7, 9, 13]",,,
TRUE,ME45230,Separation techniques for renewable processes,https://studiegids.tudelft.nl/a101_displayCourse.do?course_id=63050,Yes,MSc,"Mechanical, Maritime and Materials Engineering","[7, 9, 13, 14, 15]",,,
FALSE,ME46000,Nonlinear Mechanics,https://studiegids.tudelft.nl/a101_displayCourse.do?course_id=60794,No,MSc,"Mechanical, Maritime and Materials Engineering",[],,,
FALSE,ME46006,Physics for Mechanical Engineers,https://studiegids.tudelft.nl/a101_displayCourse.do?course_id=60792,No,MSc,"Mechanical, Maritime and Materials Engineering",[],,,
FALSE,ME46007,Measurement Technology,https://studiegids.tudelft.nl/a101_displayCourse.do?course_id=60793,No,MSc,"Mechanical, Maritime and Materials Engineering",[],,,
FALSE,ME46010,Intro to Nanoscience and Technology,https://studiegids.tudelft.nl/a101_displayCourse.do?course_id=60909,No,MSc,"Mechanical, Maritime and Materials Engineering",[],,,
FALSE,ME46015,Precision Mechanism Design,https://studiegids.tudelft.nl/a101_displayCourse.do?course_id=60824,No,MSc,"Mechanical, Maritime and Materials Engineering",[],,,
FALSE,ME46020,"Micro- & Nanosystems Design & Fabrication, incl. MEMS Lab.",https://studiegids.tudelft.nl/a101_displayCourse.do?course_id=60884,No,MSc,"Mechanical, Maritime and Materials Engineering",[],,,
FALSE,ME46025,Manufacturing for the Micro and Nano Scale,https://studiegids.tudelft.nl/a101_displayCourse.do?course_id=60901,No,MSc,"Mechanical, Maritime and Materials Engineering",[],,,
FALSE,ME46035,Stability of Thin-Walled Structures 1,https://studiegids.tudelft.nl/a101_displayCourse.do?course_id=60910,No,MSc,"Mechanical, Maritime and Materials Engineering",[],,,
FALSE,ME46041,Experimental Dynamics,https://studiegids.tudelft.nl/a101_displayCourse.do?course_id=60827,No,MSc,"Mechanical, Maritime and Materials Engineering",[],,,
FALSE,ME46050,Advanced Finite Element Methods,https://studiegids.tudelft.nl/a101_displayCourse.do?course_id=60835,No,MSc,"Mechanical, Maritime and Materials Engineering",[],,,
FALSE,ME46055,Engineering Dynamics,https://studiegids.tudelft.nl/a101_displayCourse.do?course_id=60836,No,MSc,"Mechanical, Maritime and Materials Engineering",[],,,
FALSE,ME46060,Engineering Optimisation: Concepts and Applications,https://studiegids.tudelft.nl/a101_displayCourse.do?course_id=60837,No,MSc,"Mechanical, Maritime and Materials Engineering",[],,,
FALSE,ME46065,Thin Film Materials,https://studiegids.tudelft.nl/a101_displayCourse.do?course_id=60911,No,MSc,"Mechanical, Maritime and Materials Engineering",[],,,
FALSE,ME46070,Fundamentals of Mechanical Analysis,https://studiegids.tudelft.nl/a101_displayCourse.do?course_id=60840,No,MSc,"Mechanical, Maritime and Materials Engineering",[],,,
FALSE,ME46072,Nonlinear Dynamics,https://studiegids.tudelft.nl/a101_displayCourse.do?course_id=60904,No,MSc,"Mechanical, Maritime and Materials Engineering",[],,,
FALSE,ME46080,Enriched Finite Element Methods,https://studiegids.tudelft.nl/a101_displayCourse.do?course_id=60900,No,MSc,"Mechanical, Maritime and Materials Engineering",[],,,
FALSE,ME46085,Mechatronic System Design,https://studiegids.tudelft.nl/a101_displayCourse.do?course_id=60883,No,MSc,"Mechanical, Maritime and Materials Engineering",[],,,
FALSE,ME46095,Multiphysics Modelling using COMSOL,https://studiegids.tudelft.nl/a101_displayCourse.do?course_id=60912,No,MSc,"Mechanical, Maritime and Materials Engineering",[],,,
FALSE,ME46110,Intro lab PME,https://studiegids.tudelft.nl/a101_displayCourse.do?course_id=60882,No,MSc,"Mechanical, Maritime and Materials Engineering",[],,,
FALSE,ME46115,Compliant Mechanisms,https://studiegids.tudelft.nl/a101_displayCourse.do?course_id=60820,No,MSc,"Mechanical, Maritime and Materials Engineering",[],,,
FALSE,ME46120,Predictive Modelling,https://studiegids.tudelft.nl/a101_displayCourse.do?course_id=60899,No,MSc,"Mechanical, Maritime and Materials Engineering",[],,,
TRUE,ME46125,Micro and Nanofabrication for Cell Biology and Tissue Engineering,https://studiegids.tudelft.nl/a101_displayCourse.do?course_id=60889,No,MSc,"Mechanical, Maritime and Materials Engineering","[3, 9, 11]",,,
FALSE,ME46300,Optics,https://studiegids.tudelft.nl/a101_displayCourse.do?course_id=60885,No,MSc,"Mechanical, Maritime and Materials Engineering",[],,,
FALSE,ME46310,Opto-Mechatronics,https://studiegids.tudelft.nl/a101_displayCourse.do?course_id=60917,No,MSc,"Mechanical, Maritime and Materials Engineering",[],,,
FALSE,ME51010-20,ME-BMD Literature Research,https://studiegids.tudelft.nl/a101_displayCourse.do?course_id=60849,No,MSc,"Mechanical, Maritime and Materials Engineering",[],,,
FALSE,ME54010-20,ME-MME Literature Research,https://studiegids.tudelft.nl/a101_displayCourse.do?course_id=60939,No,MSc,"Mechanical, Maritime and Materials Engineering",[],,,
FALSE,ME54015,ME-MME Research Assignment,https://studiegids.tudelft.nl/a101_displayCourse.do?course_id=60941,No,MSc,"Mechanical, Maritime and Materials Engineering",[],,,
FALSE,ME54035,ME-MME MSc Thesis,https://studiegids.tudelft.nl/a101_displayCourse.do?course_id=60940,No,MSc,"Mechanical, Maritime and Materials Engineering",[],,,
FALSE,ME55010-20,ME-EFPT Literature Research,https://studiegids.tudelft.nl/a101_displayCourse.do?course_id=60876,No,MSc,"Mechanical, Maritime and Materials Engineering",[],,,
FALSE,ME55015,ME-EFPT Research Assignment,https://studiegids.tudelft.nl/a101_displayCourse.do?course_id=60881,No,MSc,"Mechanical, Maritime and Materials Engineering",[],,,
TRUE,ME55035,ME-EFPT MSc Thesis,https://studiegids.tudelft.nl/a101_displayCourse.do?course_id=60877,No,MSc,"Mechanical, Maritime and Materials Engineering","[7, 9, 13]",,,
FALSE,ME56010-22,ME-HTE Literature Research & Project Proposal,https://studiegids.tudelft.nl/a101_displayCourse.do?course_id=63065,No,MSc,"Mechanical, Maritime and Materials Engineering",[],,,
FALSE,ME56015P,ME-HTE Midterm Review,https://studiegids.tudelft.nl/a101_displayCourse.do?course_id=60925,No,MSc,"Mechanical, Maritime and Materials Engineering",[],,,
FALSE,ME56015S,ME-HTE Internship,https://studiegids.tudelft.nl/a101_displayCourse.do?course_id=60926,No,MSc,"Werktuigbouwkunde, Maritieme Techniek & Technische Materiaalwetenschappen",[],,,
FALSE,ME56035,ME-HTE/OM MSc Thesis,https://studiegids.tudelft.nl/a101_displayCourse.do?course_id=60924,No,MSc,"Mechanical, Maritime and Materials Engineering",[],,,
TRUE,MS43000,Societys Needs: Case Studies and Materials Challenges,https://studiegids.tudelft.nl/a101_displayCourse.do?course_id=61054,Yes,MSc,"Mechanical, Maritime and Materials Engineering","[9, 12, 13]",,,
FALSE,MS43006,Structure and Properties of Materials,https://studiegids.tudelft.nl/a101_displayCourse.do?course_id=61059,No,MSc,"Mechanical, Maritime and Materials Engineering",[],,,
FALSE,MS43010,Characterisation of Materials,https://studiegids.tudelft.nl/a101_displayCourse.do?course_id=61055,No,MSc,"Mechanical, Maritime and Materials Engineering",[],,,
FALSE,MS43016,Metals Science,https://studiegids.tudelft.nl/a101_displayCourse.do?course_id=61060,No,MSc,"Mechanical, Maritime and Materials Engineering",[],,,
FALSE,MS43020,Computational Materials Science,https://studiegids.tudelft.nl/a101_displayCourse.do?course_id=61056,No,MSc,"Mechanical, Maritime and Materials Engineering",[],,,
FALSE,MS43025,Mechanical Behaviour of Materials,https://studiegids.tudelft.nl/a101_displayCourse.do?course_id=61057,No,MSc,"Mechanical, Maritime and Materials Engineering",[],,,
FALSE,MS43030,Processing of Materials,https://studiegids.tudelft.nl/a101_displayCourse.do?course_id=61058,No,MSc,"Mechanical, Maritime and Materials Engineering",[],,,
FALSE,MS43035,Thermodynamics and Kinetics of Materials,https://studiegids.tudelft.nl/a101_displayCourse.do?course_id=61061,No,MSc,"Mechanical, Maritime and Materials Engineering",[],,,
TRUE,MS43100,Science of Failure,https://studiegids.tudelft.nl/a101_displayCourse.do?course_id=60914,Yes,MSc,"Mechanical, Maritime and Materials Engineering",[],,,
FALSE,MS43110,Joining Technologies,https://studiegids.tudelft.nl/a101_displayCourse.do?course_id=61063,No,MSc,"Mechanical, Maritime and Materials Engineering",[],,,
TRUE,MS43115,Materials Selection for Engineering Applications,https://studiegids.tudelft.nl/a101_displayCourse.do?course_id=61064,Yes,MSc,"Mechanical, Maritime and Materials Engineering",[],,,
FALSE,MS43120,Corrosion Engineering,https://studiegids.tudelft.nl/a101_displayCourse.do?course_id=61062,No,MSc,"Mechanical, Maritime and Materials Engineering",[],,,
FALSE,MS43200,Metals Science II,https://studiegids.tudelft.nl/a101_displayCourse.do?course_id=61066,No,MSc,"Mechanical, Maritime and Materials Engineering",[],,,
FALSE,MS43205,Computational Materials Science II,https://studiegids.tudelft.nl/a101_displayCourse.do?course_id=61067,No,MSc,"Mechanical, Maritime and Materials Engineering",[],,,
FALSE,MS43210,Advanced Characterisation,https://studiegids.tudelft.nl/a101_displayCourse.do?course_id=60915,No,MSc,"Mechanical, Maritime and Materials Engineering",[],,,
FALSE,MS43215,Steel Science,https://studiegids.tudelft.nl/a101_displayCourse.do?course_id=61068,No,MSc,"Mechanical, Maritime and Materials Engineering",[],,,
FALSE,MS43220,Corrosion Science,https://studiegids.tudelft.nl/a101_displayCourse.do?course_id=61069,No,MSc,"Mechanical, Maritime and Materials Engineering",[],,,
TRUE,MS43305,Materials for Hydrogen and Solar Energy Technology,https://studiegids.tudelft.nl/a101_displayCourse.do?course_id=61070,Yes,MSc,"Mechanical, Maritime and Materials Engineering","[7, 9, 11, 13]",,,
FALSE,MS43310,Materials at High Temperature,https://studiegids.tudelft.nl/a101_displayCourse.do?course_id=61072,No,MSc,"Mechanical, Maritime and Materials Engineering",[],,,
TRUE,MS43315,Recycling Engineering Materials,https://studiegids.tudelft.nl/a101_displayCourse.do?course_id=61071,Yes,MSc,"Mechanical, Maritime and Materials Engineering","[12, 9]",,,
TRUE,MS43325,Application of Materials in High Tech Engineering,https://studiegids.tudelft.nl/a101_displayCourse.do?course_id=60890,Yes,MSc,"Mechanical, Maritime and Materials Engineering",[],,,
TRUE,MS43330,Sustainable Metals Production,https://studiegids.tudelft.nl/a101_displayCourse.do?course_id=63047,Yes,MSc,"Mechanical, Maritime and Materials Engineering","[9, 12, 13]",,,
FALSE,MS43702,Materials Elective Project I,https://studiegids.tudelft.nl/a101_displayCourse.do?course_id=61098,No,MSc,"Mechanical, Maritime and Materials Engineering",[],,,
FALSE,MS43706,Materials Elective Project II,https://studiegids.tudelft.nl/a101_displayCourse.do?course_id=61100,No,MSc,"Mechanical, Maritime and Materials Engineering",[],,,
FALSE,MS43801,Determination of Microstructure,https://studiegids.tudelft.nl/a101_displayCourse.do?course_id=61065,No,MSc,"Mechanical, Maritime and Materials Engineering",[],,,
FALSE,MS43805,Material and Fabrication Factors in Marine Structures,https://studiegids.tudelft.nl/a101_displayCourse.do?course_id=60955,No,MSc,"Mechanical, Maritime and Materials Engineering",[],,,
FALSE,MS43810,Materials in Art and Design,https://studiegids.tudelft.nl/a101_displayCourse.do?course_id=61093,No,MSc,"Mechanical, Maritime and Materials Engineering",[],,,
FALSE,MS53010-20,MSE Literature Research,https://studiegids.tudelft.nl/a101_displayCourse.do?course_id=61101,No,MSc,"Mechanical, Maritime and Materials Engineering",[],,,
FALSE,MS53035,MSE MSc Thesis,https://studiegids.tudelft.nl/a101_displayCourse.do?course_id=61102,No,MSc,"Mechanical, Maritime and Materials Engineering",[],,,
FALSE,MS53200,External Research Project,https://studiegids.tudelft.nl/a101_displayCourse.do?course_id=61099,No,MSc,"Mechanical, Maritime and Materials Engineering",[],,,
FALSE,MT1455,Geometrie en Stabiliteit,https://studiegids.tudelft.nl/a101_displayCourse.do?course_id=60760,No,BSc,"Werktuigbouwkunde, Maritieme Techniek & Technische Materiaalwetenschappen",[],,,
FALSE,MT1456,Construeren,https://studiegids.tudelft.nl/a101_displayCourse.do?course_id=60761,No,BSc,"Werktuigbouwkunde, Maritieme Techniek & Technische Materiaalwetenschappen",[],,,
FALSE,MT1457,"Weerstand, Voortstuwing & Aandrijving",https://studiegids.tudelft.nl/a101_displayCourse.do?course_id=60762,No,BSc,"Werktuigbouwkunde, Maritieme Techniek & Technische Materiaalwetenschappen",[],,,
FALSE,MT1458,Integratie Project,https://studiegids.tudelft.nl/a101_displayCourse.do?course_id=60763,No,BSc,"Werktuigbouwkunde, Maritieme Techniek & Technische Materiaalwetenschappen",[],,,
TRUE,MT2429-22,Maritieme Markten en Operaties,https://studiegids.tudelft.nl/a101_displayCourse.do?course_id=63051,Yes,BSc,"Werktuigbouwkunde, Maritieme Techniek & Technische Materiaalwetenschappen",[],,,
FALSE,MT2430-16,"Weerstand, Voortstuwing en Aandrijving 2",https://studiegids.tudelft.nl/a101_displayCourse.do?course_id=60769,No,BSc,"Werktuigbouwkunde, Maritieme Techniek & Technische Materiaalwetenschappen",[],,,
FALSE,MT2431,Geometrie en Stabiliteit 2,https://studiegids.tudelft.nl/a101_displayCourse.do?course_id=60780,No,BSc,"Werktuigbouwkunde, Maritieme Techniek & Technische Materiaalwetenschappen",[],,,
FALSE,MT2432-22,Strength of Ships,https://studiegids.tudelft.nl/a101_displayCourse.do?course_id=63045,No,BSc,"Mechanical, Maritime and Materials Engineering",[],,,
FALSE,MT2433,Scheepsbewegingen,https://studiegids.tudelft.nl/a101_displayCourse.do?course_id=60768,No,BSc,"Werktuigbouwkunde, Maritieme Techniek & Technische Materiaalwetenschappen",[],,,
TRUE,MT2434,2e Integratie Project,https://studiegids.tudelft.nl/a101_displayCourse.do?course_id=60781,Yes,BSc,"Werktuigbouwkunde, Maritieme Techniek & Technische Materiaalwetenschappen","[9, 11, 12, 13, 14]",,,
FALSE,MT44000,Mechatronics in MT,https://studiegids.tudelft.nl/a101_displayCourse.do?course_id=60935,No,MSc,"Mechanical, Maritime and Materials Engineering",[],,,
TRUE,MT44006,Future Marine Propulsion Systems,https://studiegids.tudelft.nl/a101_displayCourse.do?course_id=60948,Yes,MSc,"Mechanical, Maritime and Materials Engineering",[],,,
FALSE,MT44010,Non-metallic materials in Marine Structures,https://studiegids.tudelft.nl/a101_displayCourse.do?course_id=60949,No,MSc,"Mechanical, Maritime and Materials Engineering",[],,,
FALSE,MT44021,Motions and Loading of Structures in Waves,https://studiegids.tudelft.nl/a101_displayCourse.do?course_id=60946,No,MSc,"Mechanical, Maritime and Materials Engineering",[],,,
FALSE,MT44025,Numerical Ship Hydrodynamics,https://studiegids.tudelft.nl/a101_displayCourse.do?course_id=60959,No,MSc,"Mechanical, Maritime and Materials Engineering",[],,,
FALSE,MT44030,Torsion and Shear in Marine Structures,https://studiegids.tudelft.nl/a101_displayCourse.do?course_id=60944,No,MSc,"Mechanical, Maritime and Materials Engineering",[],,,
FALSE,MT44035,Design of Complex Specials,https://studiegids.tudelft.nl/a101_displayCourse.do?course_id=60942,No,MSc,"Mechanical, Maritime and Materials Engineering",[],,,
FALSE,MT44040,"Maritime Finance, Business and Law",https://studiegids.tudelft.nl/a101_displayCourse.do?course_id=60943,No,MSc,"Mechanical, Maritime and Materials Engineering",[],,,
FALSE,MT44045,Introduction to Ship and Offshore Hydromechanics,https://studiegids.tudelft.nl/a101_displayCourse.do?course_id=60947,No,MSc,"Mechanical, Maritime and Materials Engineering",[],,,
TRUE,MT44050,Fundamentals of Marine Engineering,https://studiegids.tudelft.nl/a101_displayCourse.do?course_id=60945,Yes,MSc,"Mechanical, Maritime and Materials Engineering",[],,,
TRUE,MT44060,Advanced Course in Resistance and Propulsion,https://studiegids.tudelft.nl/a101_displayCourse.do?course_id=60950,Yes,MSc,"Mechanical, Maritime and Materials Engineering",[],,,
FALSE,MT44070,Shipping Management,https://studiegids.tudelft.nl/a101_displayCourse.do?course_id=60951,No,MSc,"Mechanical, Maritime and Materials Engineering",[],,,
FALSE,MT44085,Ultimate Strength of Marine Structures,https://studiegids.tudelft.nl/a101_displayCourse.do?course_id=60952,No,MSc,"Mechanical, Maritime and Materials Engineering",[],,,
FALSE,MT44090,Fluid - Structure Interaction in Marine Structures,https://studiegids.tudelft.nl/a101_displayCourse.do?course_id=60958,No,MSc,"Mechanical, Maritime and Materials Engineering",[],,,
FALSE,MT44095,Design of Advanced Marine Vehicles,https://studiegids.tudelft.nl/a101_displayCourse.do?course_id=60957,No,MSc,"Mechanical, Maritime and Materials Engineering",[],,,
TRUE,MT44100,Internal Combustion Engines A,https://studiegids.tudelft.nl/a101_displayCourse.do?course_id=60857,No,MSc,"Mechanical, Maritime and Materials Engineering","[7, 9]",,,
TRUE,MT44105,Internal Combustion Engines B,https://studiegids.tudelft.nl/a101_displayCourse.do?course_id=60953,Yes,MSc,"Mechanical, Maritime and Materials Engineering","[7, 9, 11, 13]",,,
FALSE,MT54000,Individual Research Assignment for MT,https://studiegids.tudelft.nl/a101_displayCourse.do?course_id=60973,No,MSc,"Mechanical, Maritime and Materials Engineering",[],,,
FALSE,MT54010-20,MT Literature Research,https://studiegids.tudelft.nl/a101_displayCourse.do?course_id=60971,No,MSc,"Mechanical, Maritime and Materials Engineering",[],,,
FALSE,OE44010,Introduction to Dredging Engineering,https://studiegids.tudelft.nl/a101_displayCourse.do?course_id=61103,No,MSc,"Mechanical, Maritime and Materials Engineering",[],,,
TRUE,OE44030,Offshore Geotechnical Engineering,https://studiegids.tudelft.nl/a101_displayCourse.do?course_id=61111,No,MSc,"Mechanical, Maritime and Materials Engineering","[7, 9, 13]",,,
FALSE,OE44035,Dredging Pumps and Slurry Transport,https://studiegids.tudelft.nl/a101_displayCourse.do?course_id=61115,No,MSc,"Mechanical, Maritime and Materials Engineering",[],,,
FALSE,OE44040,Dredging Processes I,https://studiegids.tudelft.nl/a101_displayCourse.do?course_id=61112,No,MSc,"Mechanical, Maritime and Materials Engineering",[],,,
FALSE,OE44045,Dredging Processes II,https://studiegids.tudelft.nl/a101_displayCourse.do?course_id=61113,No,MSc,"Mechanical, Maritime and Materials Engineering",[],,,
FALSE,OE44050,CFD for Dredging & Offshore Engineering,https://studiegids.tudelft.nl/a101_displayCourse.do?course_id=61114,No,MSc,"Mechanical, Maritime and Materials Engineering",[],,,
TRUE,OE44076,Offshore Renewable Energy,https://studiegids.tudelft.nl/a101_displayCourse.do?course_id=61105,Yes,MSc,"Mechanical, Maritime and Materials Engineering","[7, 9, 13]",,,
FALSE,OE44085,Fatigue Strength of Marine Structures,https://studiegids.tudelft.nl/a101_displayCourse.do?course_id=60954,No,MSc,"Mechanical, Maritime and Materials Engineering",[],,,
FALSE,OE44090,Introduction to Computational Dynamics of Offshore Structures,https://studiegids.tudelft.nl/a101_displayCourse.do?course_id=61127,No,MSc,"Mechanical, Maritime and Materials Engineering",[],,,
TRUE,OE44097,Offshore Support Structures,https://studiegids.tudelft.nl/a101_displayCourse.do?course_id=63794,Yes,MSc,"Mechanical, Maritime and Materials Engineering","[7, 9, 13, 14]",,,
TRUE,OE44100,Floating Structures & Offshore Moorings,https://studiegids.tudelft.nl/a101_displayCourse.do?course_id=61107,No,MSc,"Mechanical, Maritime and Materials Engineering","[7, 9, 13, 14]",,,
FALSE,OE44105,Marine Pipelines,https://studiegids.tudelft.nl/a101_displayCourse.do?course_id=61118,No,MSc,"Mechanical, Maritime and Materials Engineering",[],,,
TRUE,OE44110,Subsea Engineering,https://studiegids.tudelft.nl/a101_displayCourse.do?course_id=61120,No,MSc,"Mechanical, Maritime and Materials Engineering","[7, 9, 12, 14, 15]",,,
FALSE,OE44145,Research Exercise,https://studiegids.tudelft.nl/a101_displayCourse.do?course_id=61106,No,MSc,"Mechanical, Maritime and Materials Engineering",[],,,
FALSE,OE54010-22,ODE Literature Research,https://studiegids.tudelft.nl/a101_displayCourse.do?course_id=63076,No,MSc,"Mechanical, Maritime and Materials Engineering",[],,,
FALSE,OE54035,ODE Thesis,https://studiegids.tudelft.nl/a101_displayCourse.do?course_id=61124,No,MSc,"Werktuigbouwkunde, Maritieme Techniek & Technische Materiaalwetenschappen",[],,,
FALSE,RO47000,Vision and Reflection,https://studiegids.tudelft.nl/a101_displayCourse.do?course_id=63238,No,MSc,"Mechanical, Maritime and Materials Engineering",[],,,
FALSE,RO47001,Robot Dynamics & Control,https://studiegids.tudelft.nl/a101_displayCourse.do?course_id=61235,No,MSc,"Mechanical, Maritime and Materials Engineering",[],,,
FALSE,RO47002,Machine Learning for Robotics,https://studiegids.tudelft.nl/a101_displayCourse.do?course_id=61011,No,MSc,"Mechanical, Maritime and Materials Engineering",[],,,
FALSE,RO47003,Robot Software Practicals,https://studiegids.tudelft.nl/a101_displayCourse.do?course_id=60614,No,MSc,"Mechanical, Maritime and Materials Engineering",[],,,
FALSE,RO47004,Machine Perception,https://studiegids.tudelft.nl/a101_displayCourse.do?course_id=60845,No,MSc,"Mechanical, Maritime and Materials Engineering",[],,,
FALSE,RO47005,Planning & Decision Making,https://studiegids.tudelft.nl/a101_displayCourse.do?course_id=60846,No,MSc,"Mechanical, Maritime and Materials Engineering",[],,,
FALSE,RO47006,Human Robot Interaction,https://studiegids.tudelft.nl/a101_displayCourse.do?course_id=60819,No,MSc,"Mechanical, Maritime and Materials Engineering",[],,,
TRUE,RO47007,Multidisciplinary Project,https://studiegids.tudelft.nl/a101_displayCourse.do?course_id=61236,Yes,MSc,"Mechanical, Maritime and Materials Engineering","[4, 9, 11, 12]",,,
TRUE,RO47008,Robot & Society,https://studiegids.tudelft.nl/a101_displayCourse.do?course_id=63239,Yes,MSc,"Mechanical, Maritime and Materials Engineering","[9, 16]",,,
FALSE,RO47013,Control in Human-Robot Interaction,https://studiegids.tudelft.nl/a101_displayCourse.do?course_id=61238,No,MSc,"Mechanical, Maritime and Materials Engineering",[],,,
FALSE,RO47014,Knowledge Representation & Symbolic Reasoning,https://studiegids.tudelft.nl/a101_displayCourse.do?course_id=61240,No,MSc,"Mechanical, Maritime and Materials Engineering",[],,,
FALSE,RO47015,Applied Experimental Methods,https://studiegids.tudelft.nl/a101_displayCourse.do?course_id=60843,No,MSc,"Mechanical, Maritime and Materials Engineering",[],,,
FALSE,RO47016,Human Factors of Automated Driving,https://studiegids.tudelft.nl/a101_displayCourse.do?course_id=61239,No,MSc,"Mechanical, Maritime and Materials Engineering",[],,,
FALSE,RO47017,Vehicle Dynamics and Control,https://studiegids.tudelft.nl/a101_displayCourse.do?course_id=61012,No,MSc,"Mechanical, Maritime and Materials Engineering",[],,,
FALSE,RO47018,Security and Privacy in Control,https://studiegids.tudelft.nl/a101_displayCourse.do?course_id=61237,No,MSc,"Mechanical, Maritime and Materials Engineering",[],,,
FALSE,RO47019,Intelligent Control Systems,https://studiegids.tudelft.nl/a101_displayCourse.do?course_id=63791,No,MSc,"Mechanical, Maritime and Materials Engineering",[],,,
FALSE,RO57010-20,RO Literature Research,https://studiegids.tudelft.nl/a101_displayCourse.do?course_id=61261,No,MSc,"Mechanical, Maritime and Materials Engineering",[],,,
FALSE,SC3011TN,Stochastic Signal Analysis,https://studiegids.tudelft.nl/a101_displayCourse.do?course_id=61802,No,MSc,"Werktuigbouwkunde, Maritieme Techniek & Technische Materiaalwetenschappen",[],,,
FALSE,SC42001,Control System Design,https://studiegids.tudelft.nl/a101_displayCourse.do?course_id=60795,No,MSc,"Mechanical, Maritime and Materials Engineering",[],,,
FALSE,SC42015,Control Theory,https://studiegids.tudelft.nl/a101_displayCourse.do?course_id=60977,No,MSc,"Mechanical, Maritime and Materials Engineering",[],,,
FALSE,SC42025,Filtering & Identification,https://studiegids.tudelft.nl/a101_displayCourse.do?course_id=60913,No,MSc,"Mechanical, Maritime and Materials Engineering",[],,,
FALSE,SC42030,Control for High Resolution Imaging,https://studiegids.tudelft.nl/a101_displayCourse.do?course_id=60903,No,MSc,"Mechanical, Maritime and Materials Engineering",[],,,
FALSE,SC42035,Integration Project Systems and Control,https://studiegids.tudelft.nl/a101_displayCourse.do?course_id=62333,No,MSc,"Mechanical, Maritime and Materials Engineering",[],,,
FALSE,SC42045,Control Systems Lab,https://studiegids.tudelft.nl/a101_displayCourse.do?course_id=60838,No,MSc,"Mechanical, Maritime and Materials Engineering",[],,,
FALSE,SC42056,Optimization for Systems and Control,https://studiegids.tudelft.nl/a101_displayCourse.do?course_id=60826,No,MSc,"Mechanical, Maritime and Materials Engineering",[],,,
FALSE,SC42061,Nonlinear Systems Theory,https://studiegids.tudelft.nl/a101_displayCourse.do?course_id=60893,No,MSc,"Mechanical, Maritime and Materials Engineering",[],,,
FALSE,SC42065,Adaptive Optics Design Project,https://studiegids.tudelft.nl/a101_displayCourse.do?course_id=60902,No,MSc,"Mechanical, Maritime and Materials Engineering",[],,,
FALSE,SC42075,Modeling and Control of Hybrid Systems,https://studiegids.tudelft.nl/a101_displayCourse.do?course_id=60987,No,MSc,"Mechanical, Maritime and Materials Engineering",[],,,
FALSE,SC42095,Control Engineering,https://studiegids.tudelft.nl/a101_displayCourse.do?course_id=60974,No,MSc,"Mechanical, Maritime and Materials Engineering",[],,,
FALSE,SC42100,Networked and Distributed Control Systems,https://studiegids.tudelft.nl/a101_displayCourse.do?course_id=60988,No,MSc,"Mechanical, Maritime and Materials Engineering",[],,,
FALSE,SC42110,Dynamic Programming and Stochastic Control,https://studiegids.tudelft.nl/a101_displayCourse.do?course_id=60981,No,MSc,"Mechanical, Maritime and Materials Engineering",[],,,
FALSE,SC42115,Internship,https://studiegids.tudelft.nl/a101_displayCourse.do?course_id=60982,No,MSc,"Mechanical, Maritime and Materials Engineering",[],,,
FALSE,SC42125,Model Predictive Control,https://studiegids.tudelft.nl/a101_displayCourse.do?course_id=60990,No,MSc,"Mechanical, Maritime and Materials Engineering",[],,,
FALSE,SC42130,Fault Diagnosis and Fault Tolerant Control,https://studiegids.tudelft.nl/a101_displayCourse.do?course_id=60991,No,MSc,"Mechanical, Maritime and Materials Engineering",[],,,
FALSE,SC42135,Spectral Analysis of Nonlinear Systems,https://studiegids.tudelft.nl/a101_displayCourse.do?course_id=60979,No,MSc,"Mechanical, Maritime and Materials Engineering",[],,,
FALSE,SC42140,Signal Analysis & Learning for Two-Dimensional Systems,https://studiegids.tudelft.nl/a101_displayCourse.do?course_id=60980,No,MSc,"Mechanical, Maritime and Materials Engineering",[],,,
FALSE,SC42145,Robust Control,https://studiegids.tudelft.nl/a101_displayCourse.do?course_id=60892,No,MSc,"Mechanical, Maritime and Materials Engineering",[],,,
FALSE,SC42150,Statistical Signal Processing,https://studiegids.tudelft.nl/a101_displayCourse.do?course_id=60975,No,MSc,"Mechanical, Maritime and Materials Engineering",[],,,
FALSE,SC42155,Modelling of Dynamical Systems,https://studiegids.tudelft.nl/a101_displayCourse.do?course_id=60976,No,MSc,"Mechanical, Maritime and Materials Engineering",[],,,
FALSE,SC42160,Data Compression: Entropy and Sparsity Perspectives,https://studiegids.tudelft.nl/a101_displayCourse.do?course_id=63793,No,MSc,"Mechanical, Maritime and Materials Engineering",[],,,
FALSE,SC52010,S&C Literature Research,https://studiegids.tudelft.nl/a101_displayCourse.do?course_id=61015,No,MSc,"Mechanical, Maritime and Materials Engineering",[],,,
FALSE,SC52035,Integration Project S&C,https://studiegids.tudelft.nl/a101_displayCourse.do?course_id=61013,No,MSc,"Mechanical, Maritime and Materials Engineering",[],,,
FALSE,SC52055,Research Assignment,https://studiegids.tudelft.nl/a101_displayCourse.do?course_id=61016,No,MSc,"Mechanical, Maritime and Materials Engineering",[],,,
FALSE,SC52135,S&C MSc Thesis,https://studiegids.tudelft.nl/a101_displayCourse.do?course_id=61014,No,MSc,"Mechanical, Maritime and Materials Engineering",[],,,
FALSE,TM10002,Python Programming,https://studiegids.tudelft.nl/a101_displayCourse.do?course_id=61203,No,MSc,"Mechanical, Maritime and Materials Engineering",[],,,
FALSE,TM10003,Brok,https://studiegids.tudelft.nl/a101_displayCourse.do?course_id=61204,No,MSc,"Mechanical, Maritime and Materials Engineering",[],,,
FALSE,TM10004,Medical Skills in Daily Practice,https://studiegids.tudelft.nl/a101_displayCourse.do?course_id=61205,No,MSc,"Werktuigbouwkunde, Maritieme Techniek & Technische Materiaalwetenschappen",[],,,
FALSE,TM10006,Patient Cases,https://studiegids.tudelft.nl/a101_displayCourse.do?course_id=61206,No,MSc,"Mechanical, Maritime and Materials Engineering",[],,,
FALSE,TM10007,Machine Learning,https://studiegids.tudelft.nl/a101_displayCourse.do?course_id=61202,No,MSc,"Mechanical, Maritime and Materials Engineering",[],,,
FALSE,TM10008,Patient Journey,https://studiegids.tudelft.nl/a101_displayCourse.do?course_id=61200,No,MSc,"Mechanical, Maritime and Materials Engineering",[],,,
FALSE,TM10009,Skills in Acute Setting,https://studiegids.tudelft.nl/a101_displayCourse.do?course_id=61201,No,MSc,"Mechanical, Maritime and Materials Engineering",[],,,
FALSE,TM11001,Advanced Image Acquisition,https://studiegids.tudelft.nl/a101_displayCourse.do?course_id=61207,No,MSc,"Mechanical, Maritime and Materials Engineering",[],,,
TRUE,TM11002,Molecular Imaging and Therapy,https://studiegids.tudelft.nl/a101_displayCourse.do?course_id=61208,No,MSc,"Mechanical, Maritime and Materials Engineering",[3],,,
FALSE,TM11003,Radiation Protection,https://studiegids.tudelft.nl/a101_displayCourse.do?course_id=61209,No,MSc,"Mechanical, Maritime and Materials Engineering",[],,,
FALSE,TM11004,Radiation Therapy,https://studiegids.tudelft.nl/a101_displayCourse.do?course_id=61210,No,MSc,"Mechanical, Maritime and Materials Engineering",[],,,
FALSE,TM11005,Advanced Image Processing,https://studiegids.tudelft.nl/a101_displayCourse.do?course_id=61211,No,MSc,"Mechanical, Maritime and Materials Engineering",[],,,
FALSE,TM11006,Image Guided Interventions,https://studiegids.tudelft.nl/a101_displayCourse.do?course_id=61212,No,MSc,"Mechanical, Maritime and Materials Engineering",[],,,
TRUE,TM11007,Biomaterials and Issue Biomechanics,https://studiegids.tudelft.nl/a101_displayCourse.do?course_id=61213,No,MSc,"Mechanical, Maritime and Materials Engineering",[3],,,
FALSE,TM11008,Computer Assisted Reconstructive Surgery,https://studiegids.tudelft.nl/a101_displayCourse.do?course_id=61214,No,MSc,"Mechanical, Maritime and Materials Engineering",[],,,
FALSE,TM12001,Advanced Signal Acquisition,https://studiegids.tudelft.nl/a101_displayCourse.do?course_id=61215,No,MSc,"Mechanical, Maritime and Materials Engineering",[],,,
FALSE,TM12002,Sensing of Neurophysiological Signals,https://studiegids.tudelft.nl/a101_displayCourse.do?course_id=61216,No,MSc,"Mechanical, Maritime and Materials Engineering",[],,,
FALSE,TM12003,Electrostimulation of Neurophysiological systems,https://studiegids.tudelft.nl/a101_displayCourse.do?course_id=61217,No,MSc,"Mechanical, Maritime and Materials Engineering",[],,,
FALSE,TM12004,Drug Sensing and Delivery,https://studiegids.tudelft.nl/a101_displayCourse.do?course_id=61218,No,MSc,"Mechanical, Maritime and Materials Engineering",[],,,
FALSE,TM12005,Advanced Signal Processing,https://studiegids.tudelft.nl/a101_displayCourse.do?course_id=61219,No,MSc,"Mechanical, Maritime and Materials Engineering",[],,,
FALSE,TM12006,Extramural Sensing and Virtual Stimulation,https://studiegids.tudelft.nl/a101_displayCourse.do?course_id=61220,No,MSc,"Mechanical, Maritime and Materials Engineering",[],,,
FALSE,TM12007,Sensing and Stimulation of Circulation and Ventilation: Acute and Chronic Care,https://studiegids.tudelft.nl/a101_displayCourse.do?course_id=61221,No,MSc,"Mechanical, Maritime and Materials Engineering",[],,,
FALSE,TM20005,TM Clinical Internship 1,https://studiegids.tudelft.nl/a101_displayCourse.do?course_id=61222,No,MSc,"Werktuigbouwkunde, Maritieme Techniek & Technische Materiaalwetenschappen",[],,,
FALSE,TM20006,TM Clinical Internship 2,https://studiegids.tudelft.nl/a101_displayCourse.do?course_id=61223,No,MSc,"Werktuigbouwkunde, Maritieme Techniek & Technische Materiaalwetenschappen",[],,,
FALSE,TM20007,TM Clinical Internship 3,https://studiegids.tudelft.nl/a101_displayCourse.do?course_id=61224,No,MSc,"Werktuigbouwkunde, Maritieme Techniek & Technische Materiaalwetenschappen",[],,,
FALSE,TM20008,TM Clinical Internship 4,https://studiegids.tudelft.nl/a101_displayCourse.do?course_id=61225,No,MSc,"Werktuigbouwkunde, Maritieme Techniek & Technische Materiaalwetenschappen",[],,,
FALSE,TM20009,Medical Technology in Clinical Practice,https://studiegids.tudelft.nl/a101_displayCourse.do?course_id=61226,No,MSc,"Werktuigbouwkunde, Maritieme Techniek & Technische Materiaalwetenschappen",[],,,
FALSE,TM30001,TM Practical Internship,https://studiegids.tudelft.nl/a101_displayCourse.do?course_id=61227,No,MSc,"Mechanical, Maritime and Materials Engineering",[],,,
FALSE,TM30002,TM Thesis Feasibility Study,https://studiegids.tudelft.nl/a101_displayCourse.do?course_id=61228,No,MSc,"Mechanical, Maritime and Materials Engineering",[],,,
FALSE,TM30003,TM Literature Study,https://studiegids.tudelft.nl/a101_displayCourse.do?course_id=61230,No,MSc,"Mechanical, Maritime and Materials Engineering",[],,,
FALSE,TM30004,TM MSc Thesis,https://studiegids.tudelft.nl/a101_displayCourse.do?course_id=61229,No,MSc,"Mechanical, Maritime and Materials Engineering",[],,,
TRUE,TUD4040,Joint Interdisciplinary Project,https://studiegids.tudelft.nl/a101_displayCourse.do?course_id=60847,No,MSc,"Mechanical, Maritime and Materials Engineering","[9, 11, 17]",,,
FALSE,WB1135,Introductory Dynamics,https://studiegids.tudelft.nl/a101_displayCourse.do?course_id=60711,No,BSc,"Werktuigbouwkunde, Maritieme Techniek & Technische Materiaalwetenschappen",[],,,
FALSE,WB1530-14,Thermodynamica,https://studiegids.tudelft.nl/a101_displayCourse.do?course_id=60712,No,BSc,"Werktuigbouwkunde, Maritieme Techniek & Technische Materiaalwetenschappen",[],,,
FALSE,WB1630-20,Statica,https://studiegids.tudelft.nl/a101_displayCourse.do?course_id=60709,No,BSc,"Werktuigbouwkunde, Maritieme Techniek & Technische Materiaalwetenschappen",[],,,
FALSE,WB1631-15,Sterkteleer,https://studiegids.tudelft.nl/a101_displayCourse.do?course_id=60710,No,BSc,"Werktuigbouwkunde, Maritieme Techniek & Technische Materiaalwetenschappen",[],,,
FALSE,WB1641,Werktuigkundig Ontwerpproject 1,https://studiegids.tudelft.nl/a101_displayCourse.do?course_id=60717,No,BSc,"Werktuigbouwkunde, Maritieme Techniek & Technische Materiaalwetenschappen",[],,,
FALSE,WB1643A,Werktuigkundig Ontwerpproject 3A,https://studiegids.tudelft.nl/a101_displayCourse.do?course_id=60716,No,BSc,"Werktuigbouwkunde, Maritieme Techniek & Technische Materiaalwetenschappen",[],,,
FALSE,WB2232,Project Robotica,https://studiegids.tudelft.nl/a101_displayCourse.do?course_id=60746,No,BSc,"Werktuigbouwkunde, Maritieme Techniek & Technische Materiaalwetenschappen",[],,,
FALSE,WB2235,Signal Analysis,https://studiegids.tudelft.nl/a101_displayCourse.do?course_id=60739,No,BSc,"Mechanical, Maritime and Materials Engineering",[],,,
FALSE,WB2332,Project Materials Sciences,https://studiegids.tudelft.nl/a101_displayCourse.do?course_id=60749,No,BSc,"Mechanical, Maritime and Materials Engineering",[],,,
FALSE,WB2542,Stroming en Warmte,https://studiegids.tudelft.nl/a101_displayCourse.do?course_id=60736,No,BSc,"Werktuigbouwkunde, Maritieme Techniek & Technische Materiaalwetenschappen",[],,,
FALSE,WB2630,Advanced Mechanics,https://studiegids.tudelft.nl/a101_displayCourse.do?course_id=60733,No,BSc,"Werktuigbouwkunde, Maritieme Techniek & Technische Materiaalwetenschappen",[],,,
FALSE,WB2630 T1 S,Rigid-Body Dynamics,https://studiegids.tudelft.nl/a101_displayCourse.do?course_id=61195,No,BSc,"Werktuigbouwkunde, Maritieme Techniek & Technische Materiaalwetenschappen",[],,,
FALSE,WB2632,Project Mechanica,https://studiegids.tudelft.nl/a101_displayCourse.do?course_id=60740,No,BSc,"Werktuigbouwkunde, Maritieme Techniek & Technische Materiaalwetenschappen",[],,,
FALSE,WB3073,The engineer in society,https://studiegids.tudelft.nl/a101_displayCourse.do?course_id=60758,No,BSc,"Mechanical, Maritime and Materials Engineering",[],,,
FALSE,WB3135,Integrated Mechanical Systems,https://studiegids.tudelft.nl/a101_displayCourse.do?course_id=60753,No,BSc,"Werktuigbouwkunde, Maritieme Techniek & Technische Materiaalwetenschappen",[],,,
FALSE,WB3168,Robotic System Identification and Parameter Estimation,https://studiegids.tudelft.nl/a101_displayCourse.do?course_id=61139,No,Minor,"Mechanical, Maritime and Materials Engineering",[],,,
FALSE,WB3240,Systeem- en Regeltechniek,https://studiegids.tudelft.nl/a101_displayCourse.do?course_id=60759,No,BSc,"Werktuigbouwkunde, Maritieme Techniek & Technische Materiaalwetenschappen",[],,,
FALSE,WB3704,Gazebo Assignment,https://studiegids.tudelft.nl/a101_displayCourse.do?course_id=61140,No,Minor,"Mechanical, Maritime and Materials Engineering",[],,,
FALSE,WB3705,Dynamics for Minor Robotics,https://studiegids.tudelft.nl/a101_displayCourse.do?course_id=61131,No,Minor,"Mechanical, Maritime and Materials Engineering",[],,,
FALSE,WB3BEP-16,Bachelor Eindproject,https://studiegids.tudelft.nl/a101_displayCourse.do?course_id=60752,No,BSc,"Werktuigbouwkunde, Maritieme Techniek & Technische Materiaalwetenschappen",[],,,
FALSE,WBMT1050,Wiskunde 1,https://studiegids.tudelft.nl/a101_displayCourse.do?course_id=60703,No,BSc,"Werktuigbouwkunde, Maritieme Techniek & Technische Materiaalwetenschappen",[],,,
FALSE,WBMT1051,Wiskunde 2,https://studiegids.tudelft.nl/a101_displayCourse.do?course_id=60706,No,BSc,"Werktuigbouwkunde, Maritieme Techniek & Technische Materiaalwetenschappen",[],,,
FALSE,WBMT2048,Wiskunde 3,https://studiegids.tudelft.nl/a101_displayCourse.do?course_id=60725,No,BSc,"Werktuigbouwkunde, Maritieme Techniek & Technische Materiaalwetenschappen",[],,,
FALSE,WBMT2049,Wiskunde 4,https://studiegids.tudelft.nl/a101_displayCourse.do?course_id=60728,No,BSc,"Werktuigbouwkunde, Maritieme Techniek & Technische Materiaalwetenschappen",[],,,
TRUE,WB2330,Materiaalkunde,https://studiegids.tudelft.nl/a101_displayCourse.do?course_id=60732,Yes,BSc,"Werktuigbouwkunde, Maritieme Techniek & Technische Materiaalwetenschappen",[],,,
TRUE,WB2543,Process Engineering & Thermodynamics,https://studiegids.tudelft.nl/a101_displayCourse.do?course_id=60743,No,BSc,"Werktuigbouwkunde, Maritieme Techniek & Technische Materiaalwetenschappen","[7, 9, 12]",,,
TRUE,WB3575,"Energy Conversion: Devices, Systems and Efficiencies",https://studiegids.tudelft.nl/a101_displayCourse.do?course_id=61142,No,Minor,"Mechanical, Maritime and Materials Engineering","[7, 9, 13]",,,
TRUE,WB3580,Energy Storage,https://studiegids.tudelft.nl/a101_displayCourse.do?course_id=61144,No,Minor,"Mechanical, Maritime and Materials Engineering","[7, 9, 13]",,,
TRUE,4413EASYS,Earth System,https://studiegids.tudelft.nl/a101_displayCourse.do?course_id=62548,Yes,MSc,"Technology, Policy and Management","[13, 14, 15]",,,
TRUE,4413EIOAT,Environmental Input-Output Analysis,https://studiegids.tudelft.nl/a101_displayCourse.do?course_id=62563,Yes,MSc,"Technology, Policy and Management","[12, 13]",,,
TRUE,4413GIS20,GIS: Spatial analysis in urban regions,https://studiegids.tudelft.nl/a101_displayCourse.do?course_id=62556,No,MSc,"Technology, Policy and Management","[11, 12, 13, 15]",,,
FALSE,4413IECS2Y,Industrial Ecology Capita Selecta Module 2-6 EC,https://studiegids.tudelft.nl/a101_displayCourse.do?course_id=62565,No,MSc,"Technology, Policy and Management",[],,,
FALSE,4413IECS3Y,Industrial Ecology Capita Selecta Module,https://studiegids.tudelft.nl/a101_displayCourse.do?course_id=62557,No,MSc,"Technology, Policy and Management",[],,,
FALSE,4413IECS4Y,Industrial Ecology Capita Selecta Module,https://studiegids.tudelft.nl/a101_displayCourse.do?course_id=62558,No,MSc,"Technology, Policy and Management",[],,,
FALSE,4413IECS5Y,Industrial Ecology Capita Selecta Module,https://studiegids.tudelft.nl/a101_displayCourse.do?course_id=62559,No,MSc,"Technology, Policy and Management",[],,,
FALSE,4413IECS6Y,Industrial Ecology Capita Selecta Module,https://studiegids.tudelft.nl/a101_displayCourse.do?course_id=62560,No,MSc,"Technology, Policy and Management",[],,,
TRUE,4413INTPR,Integrated Project: Industrial and Urban Systems,https://studiegids.tudelft.nl/a101_displayCourse.do?course_id=62554,Yes,MSc,"Technology, Policy and Management","[7, 9, 11, 12, 13]",,,
TRUE,4413LCA10,LCA Practice & Reporting,https://studiegids.tudelft.nl/a101_displayCourse.do?course_id=62564,Yes,MSc,"Technology, Policy and Management","[12, 13, 15]",,,
FALSE,4413MAPPT,Methods: Analysing Physical Processes,https://studiegids.tudelft.nl/a101_displayCourse.do?course_id=62550,No,MSc,"Technology, Policy and Management",[],,,
FALSE,4413MASPL,Methods: Analysing Social Processes,https://studiegids.tudelft.nl/a101_displayCourse.do?course_id=62553,No,MSc,"Technology, Policy and Management",[],,,
TRUE,4413MFA20,Material Flow Analysis,https://studiegids.tudelft.nl/a101_displayCourse.do?course_id=62555,Yes,MSc,"Technology, Policy and Management","[12, 13, 15]",,,
TRUE,4413MFAII,Material Flow Analysis II,https://studiegids.tudelft.nl/a101_displayCourse.do?course_id=63196,Yes,MSc,"Technology, Policy and Management","[12, 13]",,,
FALSE,4413SDIEL,System Design for Industrial Ecology,https://studiegids.tudelft.nl/a101_displayCourse.do?course_id=62551,No,MSc,"Technology, Policy and Management",[],,,
TRUE,4413SOCMB,Societys Metabolism,https://studiegids.tudelft.nl/a101_displayCourse.do?course_id=62549,Yes,MSc,"Technology, Policy and Management","[12, 13, 15]",,,
FALSE,4413SUSAP,Sustainability Analysis in Python,https://studiegids.tudelft.nl/a101_displayCourse.do?course_id=62562,No,MSc,"Technology, Policy and Management",[],,,
FALSE,4413SUSCH,Sustainability Challenge,https://studiegids.tudelft.nl/a101_displayCourse.do?course_id=62568,No,MSc,"Technology, Policy and Management",[],,,
FALSE,4413THPRC,Thesis Preparation Course,https://studiegids.tudelft.nl/a101_displayCourse.do?course_id=62567,No,MSc,"Technology, Policy and Management",[],,,
TRUE,4413TRIGL,"Transitions, Innovation & Governance",https://studiegids.tudelft.nl/a101_displayCourse.do?course_id=62552,Yes,MSc,"Technology, Policy and Management","[9, 11, 12, 13]",,,
FALSE,4413TRP30Y,Thesis Research Project,https://studiegids.tudelft.nl/a101_displayCourse.do?course_id=62566,No,MSc,"Technology, Policy and Management",[],,,
TRUE,EPA1102,Understanding International Grand Challenges,https://studiegids.tudelft.nl/a101_displayCourse.do?course_id=62437,Yes,MSc,"Technology, Policy and Management","[7, 11, 13, 16]",,,
FALSE,EPA1124,Policy Analysis of Multi-actor Systems,https://studiegids.tudelft.nl/a101_displayCourse.do?course_id=62445,No,MSc,"Technology, Policy and Management",[],,,
TRUE,EPA1133,Ethics and Impacts of Global Interventions,https://studiegids.tudelft.nl/a101_displayCourse.do?course_id=62441,Yes,MSc,"Technology, Policy and Management","[9, 11, 16]",,,
FALSE,EPA1144,Actor and Strategy Models,https://studiegids.tudelft.nl/a101_displayCourse.do?course_id=62438,No,MSc,"Technology, Policy and Management",[],,,
FALSE,EPA1223,Macro-economics for Policy Analysis,https://studiegids.tudelft.nl/a101_displayCourse.do?course_id=61245,No,MSc,"Technology, Policy and Management",[],,,
TRUE,EPA1316A,Introduction to Data Science,https://studiegids.tudelft.nl/a101_displayCourse.do?course_id=62971,No,MSc,"Technology, Policy and Management","[11, 9]",,,
FALSE,EPA1324,Introduction to TPM Modelling,https://studiegids.tudelft.nl/a101_displayCourse.do?course_id=62444,No,MSc,"Technology, Policy and Management",[],,,
FALSE,EPA1333,Computer Engineering for Scientific Computing,https://studiegids.tudelft.nl/a101_displayCourse.do?course_id=62443,No,MSc,"Technology, Policy and Management",[],,,
FALSE,EPA1341,Advanced System Dynamics,https://studiegids.tudelft.nl/a101_displayCourse.do?course_id=62439,No,MSc,"Technology, Policy and Management",[],,,
FALSE,EPA1352,Advanced Simulation,https://studiegids.tudelft.nl/a101_displayCourse.do?course_id=61925,No,MSc,"Technology, Policy and Management",[],,,
FALSE,EPA1361,Model-based Decision-making,https://studiegids.tudelft.nl/a101_displayCourse.do?course_id=62440,No,MSc,"Technology, Policy and Management",[],,,
FALSE,EPA1424,Political Decision-making,https://studiegids.tudelft.nl/a101_displayCourse.do?course_id=62442,No,MSc,"Technology, Policy and Management",[],,,
FALSE,EPA1434,Intercultural Relations and Project Management,https://studiegids.tudelft.nl/a101_displayCourse.do?course_id=61246,No,MSc,"Technology, Policy and Management",[],,,
FALSE,EPA2112,Societal Challenge Project,https://studiegids.tudelft.nl/a101_displayCourse.do?course_id=62451,No,MSc,"Technology, Policy and Management",[],,,
FALSE,EPA2934,Preparation Master Thesis,https://studiegids.tudelft.nl/a101_displayCourse.do?course_id=62450,No,MSc,"Technology, Policy and Management",[],,,
FALSE,EPA2942,Master Thesis EPA,https://studiegids.tudelft.nl/a101_displayCourse.do?course_id=62449,No,MSc,"Technology, Policy and Management",[],,,
FALSE,EPA7010,Oral Presentation,https://studiegids.tudelft.nl/a101_displayCourse.do?course_id=62446,No,MSc,"Technology, Policy and Management",[],,,
FALSE,EPA7021,Academic Writing,https://studiegids.tudelft.nl/a101_displayCourse.do?course_id=62447,No,MSc,"Technology, Policy and Management",[],,,
FALSE,EPA7030,Interviewing Techniques,https://studiegids.tudelft.nl/a101_displayCourse.do?course_id=62448,No,MSc,"Technology, Policy and Management",[],,,
FALSE,MOT1003,Integration Moment,https://studiegids.tudelft.nl/a101_displayCourse.do?course_id=62537,No,MSc,"Technology, Policy and Management",[],,,
TRUE,MOT1412,Technology Dynamics,https://studiegids.tudelft.nl/a101_displayCourse.do?course_id=62542,Yes,MSc,"Technology, Policy and Management","[9, 11, 12, 16]",,,
FALSE,MOT1421,Economic Foundations,https://studiegids.tudelft.nl/a101_displayCourse.do?course_id=60956,No,MSc,"Technology, Policy and Management",[],,,
FALSE,MOT1435,"Technology, Strategy and Entrepreneurship",https://studiegids.tudelft.nl/a101_displayCourse.do?course_id=62544,No,MSc,"Technology, Policy and Management",[],,,
FALSE,MOT1442,Social and Scientific Values,https://studiegids.tudelft.nl/a101_displayCourse.do?course_id=62538,No,MSc,"Technology, Policy and Management",[],,,
FALSE,MOT1452,Inter- and intra-organisational decision making,https://studiegids.tudelft.nl/a101_displayCourse.do?course_id=62545,No,MSc,"Technology, Policy and Management",[],,,
FALSE,MOT1461,Financial Management,https://studiegids.tudelft.nl/a101_displayCourse.do?course_id=62543,No,MSc,"Technology, Policy and Management",[],,,
FALSE,MOT1524,Leadership and Technology Management,https://studiegids.tudelft.nl/a101_displayCourse.do?course_id=62539,No,MSc,"Technology, Policy and Management",[],,,
FALSE,MOT1531,Digital Business Process Management,https://studiegids.tudelft.nl/a101_displayCourse.do?course_id=60968,No,MSc,"Technology, Policy and Management",[],,,
FALSE,MOT1534,High-tech Marketing,https://studiegids.tudelft.nl/a101_displayCourse.do?course_id=61900,No,MSc,"Technology, Policy and Management",[],,,
FALSE,MOT2004,Preparation for Master Thesis,https://studiegids.tudelft.nl/a101_displayCourse.do?course_id=62547,No,MSc,"Technology, Policy and Management",[],,,
FALSE,MOT2313,Research Methods,https://studiegids.tudelft.nl/a101_displayCourse.do?course_id=63099,No,MSc,"Technology, Policy and Management",[],,,
FALSE,MOT2421,Emerging and Breakthrough Technologies,https://studiegids.tudelft.nl/a101_displayCourse.do?course_id=62541,No,MSc,"Technology, Policy and Management",[],,,
FALSE,MOT2910,MSc Thesis Project,https://studiegids.tudelft.nl/a101_displayCourse.do?course_id=62546,No,MSc,"Technology, Policy and Management",[],,,
FALSE,MOT9611,Project Entrepreneurship Thesis related,https://studiegids.tudelft.nl/a101_displayCourse.do?course_id=61735,No,MSc,"Technology, Policy and Management",[],,,
FALSE,SEN111A,Introduction to Design in Complex Systems,https://studiegids.tudelft.nl/a101_displayCourse.do?course_id=62468,No,MSc,"Technology, Policy and Management",[],,,
FALSE,SEN1121,Complex Systems Engineering,https://studiegids.tudelft.nl/a101_displayCourse.do?course_id=61654,No,MSc,"Technology, Policy and Management",[],,,
TRUE,SEN1131,Institutional Economics for Designing in Socio-technical Systems,https://studiegids.tudelft.nl/a101_displayCourse.do?course_id=62467,No,MSc,"Technology, Policy and Management","[9, 11]",,,
FALSE,SEN1141,Managing Multi-actor Decision-making,https://studiegids.tudelft.nl/a101_displayCourse.do?course_id=61653,No,MSc,"Technology, Policy and Management",[],,,
FALSE,SEN115B,Law and Institutions,https://studiegids.tudelft.nl/a101_displayCourse.do?course_id=63060,No,MSc,"Technology, Policy and Management",[],,,
TRUE,SEN1161,Design Project,https://studiegids.tudelft.nl/a101_displayCourse.do?course_id=62466,Yes,MSc,"Technology, Policy and Management","[7, 9, 11]",,,
TRUE,SEN1211,Agent-based Modelling,https://studiegids.tudelft.nl/a101_displayCourse.do?course_id=61886,Yes,MSc,"Technology, Policy and Management","[12, 13, 15]",,,
FALSE,SEN1221,Statistical Analysis of Choice Behaviour,https://studiegids.tudelft.nl/a101_displayCourse.do?course_id=60970,No,MSc,"Technology, Policy and Management",[],,,
FALSE,SEN1231,Mixed Research Methods for Multi-actor Systems,https://studiegids.tudelft.nl/a101_displayCourse.do?course_id=62472,No,MSc,"Technology, Policy and Management",[],,,
FALSE,SEN124A,Design in Networked Systems,https://studiegids.tudelft.nl/a101_displayCourse.do?course_id=62471,No,MSc,"Technology, Policy and Management",[],,,
FALSE,SEN131B,CoSEM Research Challenges,https://studiegids.tudelft.nl/a101_displayCourse.do?course_id=62470,No,MSc,"Technology, Policy and Management",[],,,
TRUE,SEN1511,Engineering Optimization and Integrating Renewables in Electricity Markets,https://studiegids.tudelft.nl/a101_displayCourse.do?course_id=62473,Yes,MSc,"Technology, Policy and Management","[7, 9, 13]",,,
TRUE,SEN1522,Electricity and Gas: Market Design and Policy Issues,https://studiegids.tudelft.nl/a101_displayCourse.do?course_id=62475,Yes,MSc,"Technology, Policy and Management","[7, 9, 11]",,,
TRUE,SEN1531,Design of Integrated Energy Systems,https://studiegids.tudelft.nl/a101_displayCourse.do?course_id=61885,Yes,MSc,"Technology, Policy and Management","[7, 9, 11, 13]",,,
TRUE,SEN1541,Sociotechnology of Future Energy Systems,https://studiegids.tudelft.nl/a101_displayCourse.do?course_id=62474,Yes,MSc,"Technology, Policy and Management","[7, 9, 11, 13]",,,
FALSE,SEN1611,I&C Architecture Design,https://studiegids.tudelft.nl/a101_displayCourse.do?course_id=61652,No,MSc,"Technology, Policy and Management",[],,,
FALSE,SEN1622,I&C Service Design,https://studiegids.tudelft.nl/a101_displayCourse.do?course_id=61655,No,MSc,"Technology, Policy and Management",[],,,
FALSE,SEN163B,Responsible Data Analytics,https://studiegids.tudelft.nl/a101_displayCourse.do?course_id=63212,No,MSc,"Technology, Policy and Management",[],,,
FALSE,SEN1641,Digital Platform Design,https://studiegids.tudelft.nl/a101_displayCourse.do?course_id=62476,No,MSc,"Technology, Policy and Management",[],,,
FALSE,SEN171A,Advanced Evaluation Methods for Transport Policy Decision-making,https://studiegids.tudelft.nl/a101_displayCourse.do?course_id=62477,No,MSc,"Technology, Policy and Management",[],,,
FALSE,SEN1721,Travel Behaviour Research,https://studiegids.tudelft.nl/a101_displayCourse.do?course_id=62478,No,MSc,"Technology, Policy and Management",[],,,
TRUE,SEN173A,Analysis and Design of Freight and Logistic Systems,https://studiegids.tudelft.nl/a101_displayCourse.do?course_id=62480,No,MSc,"Technology, Policy and Management","[9, 11]",,,
TRUE,SEN1741,Innovations in Transport and Logistics,https://studiegids.tudelft.nl/a101_displayCourse.do?course_id=62479,Yes,MSc,"Technology, Policy and Management","[9, 11]",,,
FALSE,SEN2321,Master Thesis Preparation,https://studiegids.tudelft.nl/a101_displayCourse.do?course_id=62481,No,MSc,"Technology, Policy and Management",[],,,
FALSE,SEN2331,CoSEM Master Thesis,https://studiegids.tudelft.nl/a101_displayCourse.do?course_id=62482,No,MSc,"Technology, Policy and Management",[],,,
FALSE,SEN9110,Simulation Masterclass,https://studiegids.tudelft.nl/a101_displayCourse.do?course_id=62459,No,MSc,"Technology, Policy and Management",[],,,
TRUE,SEN9115,Participatory Systems,https://studiegids.tudelft.nl/a101_displayCourse.do?course_id=61244,No,MSc,"Technology, Policy and Management",[16],,,
FALSE,SEN9120,Advanced Agent Based Modeling,https://studiegids.tudelft.nl/a101_displayCourse.do?course_id=62460,No,MSc,"Technology, Policy and Management",[],,,
FALSE,SEN9235,Game Design Project,https://studiegids.tudelft.nl/a101_displayCourse.do?course_id=60613,No,MSc,"Technology, Policy and Management",[],,,
TRUE,SEN9720,Logistics and Supply Chain Innovations,https://studiegids.tudelft.nl/a101_displayCourse.do?course_id=62462,Yes,MSc,"Technology, Policy and Management","[9, 12]",,,
FALSE,SEN9725,Supply Chain Gaming,https://studiegids.tudelft.nl/a101_displayCourse.do?course_id=62461,No,MSc,"Technology, Policy and Management",[],,,
FALSE,TB111C,Probleemanalyse,https://studiegids.tudelft.nl/a101_displayCourse.do?course_id=63066,No,BSc,"Techniek, Bestuur en Management",[],,,
FALSE,TB112C,Systeemmodellering 1: modelleerprincipes,https://studiegids.tudelft.nl/a101_displayCourse.do?course_id=62399,No,BSc,"Techniek, Bestuur en Management",[],,,
FALSE,TB113B,Systeemmodellering 2: complexe systemen,https://studiegids.tudelft.nl/a101_displayCourse.do?course_id=62405,No,BSc,"Techniek, Bestuur en Management",[],,,
FALSE,TB121B,Bestuur en recht 1,https://studiegids.tudelft.nl/a101_displayCourse.do?course_id=62404,No,BSc,"Techniek, Bestuur en Management",[],,,
FALSE,TB122B,Micro- en markteconomie,https://studiegids.tudelft.nl/a101_displayCourse.do?course_id=62403,No,BSc,"Techniek, Bestuur en Management",[],,,
FALSE,TB131B,Differentiaalvergelijkingen en Lineaire Algebra,https://studiegids.tudelft.nl/a101_displayCourse.do?course_id=62397,No,BSc,"Techniek, Bestuur en Management",[],,,
FALSE,TB132B,Multivariabele Analyse en Lineaire Algebra,https://studiegids.tudelft.nl/a101_displayCourse.do?course_id=62398,No,BSc,"Techniek, Bestuur en Management",[],,,
FALSE,TB133D,Introduction to Programming with Python,https://studiegids.tudelft.nl/a101_displayCourse.do?course_id=62406,No,BSc,"Technology, Policy and Management",[],,,
FALSE,TB134A,Statistiek en data-analyse,https://studiegids.tudelft.nl/a101_displayCourse.do?course_id=62401,No,BSc,"Techniek, Bestuur en Management",[],,,
FALSE,TB135C,Besliskunde,https://studiegids.tudelft.nl/a101_displayCourse.do?course_id=62400,No,BSc,"Techniek, Bestuur en Management",[],,,
TRUE,TB141EB,Introductie in energie- en industriesystemen,https://studiegids.tudelft.nl/a101_displayCourse.do?course_id=62407,No,BSc,"Techniek, Bestuur en Management","[7, 9, 11, 13]",,,
FALSE,TB141IC,ICT System Engineering and Rapid Prototyping,https://studiegids.tudelft.nl/a101_displayCourse.do?course_id=62409,No,BSc,"Technology, Policy and Management",[],,,
TRUE,TB141TB,Transport System Analysis,https://studiegids.tudelft.nl/a101_displayCourse.do?course_id=62408,Yes,BSc,"Technology, Policy and Management","[3, 11, 13]",,,
TRUE,TB142EA,Analyse van energiesystemen,https://studiegids.tudelft.nl/a101_displayCourse.do?course_id=62411,Yes,BSc,"Techniek, Bestuur en Management","[7, 13]",,,
FALSE,TB142IC,Data Science in Technische Bestuurskunde,https://studiegids.tudelft.nl/a101_displayCourse.do?course_id=62412,No,BSc,"Techniek, Bestuur en Management",[],,,
FALSE,TB142TA,Logistiek 1,https://studiegids.tudelft.nl/a101_displayCourse.do?course_id=62410,No,BSc,"Techniek, Bestuur en Management",[],,,
FALSE,TB211A,Analyse van multi-actorsystemen,https://studiegids.tudelft.nl/a101_displayCourse.do?course_id=62415,No,BSc,"Techniek, Bestuur en Management",[],,,
FALSE,TB212B,Ethics and Safety,https://studiegids.tudelft.nl/a101_displayCourse.do?course_id=63061,No,BSc,"Technology, Policy and Management",[],,,
FALSE,TB221B,Economie van infrastructuren,https://studiegids.tudelft.nl/a101_displayCourse.do?course_id=62414,No,BSc,"Techniek, Bestuur en Management",[],,,
FALSE,TB222A,Bestuur en recht 2,https://studiegids.tudelft.nl/a101_displayCourse.do?course_id=62416,No,BSc,"Techniek, Bestuur en Management",[],,,
FALSE,TB223C,Organisatie en management,https://studiegids.tudelft.nl/a101_displayCourse.do?course_id=62418,No,BSc,"Techniek, Bestuur en Management",[],,,
FALSE,TB231C,Systeemmodellering 3 - Simulatiemethoden,https://studiegids.tudelft.nl/a101_displayCourse.do?course_id=62420,No,BSc,"Techniek, Bestuur en Management",[],,,
FALSE,TB232B,Onderzoek en data-analyse,https://studiegids.tudelft.nl/a101_displayCourse.do?course_id=62419,No,BSc,"Techniek, Bestuur en Management",[],,,
FALSE,TB233B,Systeemmodellering 4  project simulatiemethoden,https://studiegids.tudelft.nl/a101_displayCourse.do?course_id=62421,No,BSc,"Techniek, Bestuur en Management",[],,,
FALSE,TB234B,Multivariate data-analyse,https://studiegids.tudelft.nl/a101_displayCourse.do?course_id=62417,No,BSc,"Techniek, Bestuur en Management",[],,,
TRUE,TB241EA,Fysische transportverschijnselen,https://studiegids.tudelft.nl/a101_displayCourse.do?course_id=62422,Yes,BSc,"Techniek, Bestuur en Management",[],,,
FALSE,TB241IB,Object Oriented Programming,https://studiegids.tudelft.nl/a101_displayCourse.do?course_id=63211,No,BSc,"Technology, Policy and Management",[],,,
TRUE,TB241TB,Logistics 2,https://studiegids.tudelft.nl/a101_displayCourse.do?course_id=62122,Yes,BSc,"Technology, Policy and Management",[],,,
TRUE,TB242EB,Processen in de energiesector,https://studiegids.tudelft.nl/a101_displayCourse.do?course_id=62424,Yes,BSc,"Techniek, Bestuur en Management","[7, 9, 13]",,,
FALSE,TB242IB,Interconnected Engineering Systems,https://studiegids.tudelft.nl/a101_displayCourse.do?course_id=63209,No,BSc,"Technology, Policy and Management",[],,,
TRUE,TB242TB,Verbeteren van het transportsysteem,https://studiegids.tudelft.nl/a101_displayCourse.do?course_id=62425,Yes,BSc,"Techniek, Bestuur en Management","[9, 11, 13]",,,
FALSE,TB243EA,Analysis of Industrial Systems,https://studiegids.tudelft.nl/a101_displayCourse.do?course_id=62427,No,BSc,"Technology, Policy and Management",[],,,
FALSE,TB243IB,I&C Systems: Risk & Control,https://studiegids.tudelft.nl/a101_displayCourse.do?course_id=63210,No,BSc,"Techniek, Bestuur en Management",[],,,
TRUE,TB321EB,Governance specialisatie (E en I),https://studiegids.tudelft.nl/a101_displayCourse.do?course_id=62435,Yes,BSc,"Techniek, Bestuur en Management","[7, 9, 11, 13]",,,
FALSE,TB321IB,Governance specialisation (I en C),https://studiegids.tudelft.nl/a101_displayCourse.do?course_id=62434,No,BSc,"Techniek, Bestuur en Management",[],,,
TRUE,TB321TB,Governance specialisation (T en L),https://studiegids.tudelft.nl/a101_displayCourse.do?course_id=62436,Yes,BSc,"Techniek, Bestuur en Management",[],,,
FALSE,TB323A,Governance van sociotechnische systemen,https://studiegids.tudelft.nl/a101_displayCourse.do?course_id=62429,No,BSc,"Techniek, Bestuur en Management",[],,,
TRUE,TB341EC,Prestatieanalyse in Energie en Industrie,https://studiegids.tudelft.nl/a101_displayCourse.do?course_id=62841,Yes,BSc,"Techniek, Bestuur en Management","[7, 9, 12]",,,
FALSE,TB341TC,Quantitative Models for Transport,https://studiegids.tudelft.nl/a101_displayCourse.do?course_id=62972,No,BSc,"Technology, Policy and Management",[],,,
FALSE,TB351D,Bachelor eindproject,https://studiegids.tudelft.nl/a101_displayCourse.do?course_id=62430,No,BSc,"Techniek, Bestuur en Management",[],,,
TRUE,TBM001B,Introduction to Responsible Innovation,https://studiegids.tudelft.nl/a101_displayCourse.do?course_id=62389,Yes,Minor,"Technology, Policy and Management","[9, 11, 12, 16]",,,
TRUE,TBM002A,Student Project Group 1,https://studiegids.tudelft.nl/a101_displayCourse.do?course_id=62387,Yes,BSc,"Technology, Policy and Management",[],,,
FALSE,TBM003A,Student Project Group 2,https://studiegids.tudelft.nl/a101_displayCourse.do?course_id=62388,No,BSc,"Technology, Policy and Management",[],,,
FALSE,TBM004A,Strategic Management Game,https://studiegids.tudelft.nl/a101_displayCourse.do?course_id=62391,No,Minor,"Technology, Policy and Management",[],,,
FALSE,TBM005B,C&I Integration Course,https://studiegids.tudelft.nl/a101_displayCourse.do?course_id=62393,No,Minor,"Technology, Policy and Management",[],,,
TRUE,TBM008B,Technology and Frugal Innovation,https://studiegids.tudelft.nl/a101_displayCourse.do?course_id=62396,Yes,Minor,"Technology, Policy and Management",[3],,,
TRUE,TBM013B,Entrepreneurial Thinking,https://studiegids.tudelft.nl/a101_displayCourse.do?course_id=62385,Yes,Minor,"Technology, Policy and Management","[8, 9, 11, 12]",,,
FALSE,TBM014C,Preparations for Intercultural Research Project,https://studiegids.tudelft.nl/a101_displayCourse.do?course_id=63103,No,Minor,"Technology, Policy and Management",[],,,
FALSE,TBM015A,"Responsible Management of Risk, Safety and Security",https://studiegids.tudelft.nl/a101_displayCourse.do?course_id=62386,No,Minor,"Technology, Policy and Management",[],,,
FALSE,TBM016A,Essentials of Technology based Entrepreneurship,https://studiegids.tudelft.nl/a101_displayCourse.do?course_id=62527,No,Minor,"Technology, Policy and Management",[],,,
FALSE,TBM017A,Case Study in Technopreneurship,https://studiegids.tudelft.nl/a101_displayCourse.do?course_id=62528,No,Minor,"Technology, Policy and Management",[],,,
FALSE,TBM018A,Marketing for Start-ups,https://studiegids.tudelft.nl/a101_displayCourse.do?course_id=62536,No,Minor,"Technology, Policy and Management",[],,,
FALSE,TBM020C,"Managing Start-ups: teamwork, leadership and AI",https://studiegids.tudelft.nl/a101_displayCourse.do?course_id=62980,No,BSc,"Technology, Policy and Management",[],,,
FALSE,TBM021B,Introduction to MedTech Entrepreneurship,https://studiegids.tudelft.nl/a101_displayCourse.do?course_id=63201,No,BSc,"Technology, Policy and Management",[],,,
TRUE,TBM022A,"Technology, Innovation and Ethics for Companies",https://studiegids.tudelft.nl/a101_displayCourse.do?course_id=62394,Yes,BSc,"Technology, Policy and Management",[],,,
FALSE,TBM023B,Innovation Management,https://studiegids.tudelft.nl/a101_displayCourse.do?course_id=62395,No,Minor,"Technology, Policy and Management",[],,,
TRUE,TBM024B,Introduction to Energy Systems,https://studiegids.tudelft.nl/a101_displayCourse.do?course_id=63869,Yes,BSc,"Technology, Policy and Management","[7, 9, 11]",,,
FALSE,TBM025A,Security and Technology,https://studiegids.tudelft.nl/a101_displayCourse.do?course_id=62380,No,BSc,"Technology, Policy and Management",[],,,
FALSE,TBM026A,Introduction to Technology Based Entrepreneurship,https://studiegids.tudelft.nl/a101_displayCourse.do?course_id=62530,No,Minor,"Technology, Policy and Management",[],,,
FALSE,TBM027A,Security Integration Project,https://studiegids.tudelft.nl/a101_displayCourse.do?course_id=62378,No,Minor,"Technology, Policy and Management",[],,,
TRUE,TBM029A,"Development, Sustainability and Impact",https://studiegids.tudelft.nl/a101_displayCourse.do?course_id=62384,Yes,Minor,"Technology, Policy and Management","[8, 9, 11, 17]",,,
TRUE,TBM030A,Intercultural integration project,https://studiegids.tudelft.nl/a101_displayCourse.do?course_id=63106,Yes,Minor,"Technology, Policy and Management","[1, 8, 9, 10, 11, 17]",,,
FALSE,TBM031A,Financing Innovation,https://studiegids.tudelft.nl/a101_displayCourse.do?course_id=63107,No,Minor,"Technology, Policy and Management",[],,,
TRUE,TBM032A,Health System Management 1,https://studiegids.tudelft.nl/a101_displayCourse.do?course_id=63123,No,Minor,"Technology, Policy and Management",[3],,,
FALSE,TBM033A,Health System Management 2,https://studiegids.tudelft.nl/a101_displayCourse.do?course_id=63122,No,Minor,"Technology, Policy and Management",[],,,
FALSE,TBM040A,Product-Service Design & Prototyping,https://studiegids.tudelft.nl/a101_displayCourse.do?course_id=63100,No,Minor,"Techniek, Bestuur en Management",[],,,
FALSE,TBM041A,Business Marketing for Engineers,https://studiegids.tudelft.nl/a101_displayCourse.do?course_id=63101,No,Minor,"Techniek, Bestuur en Management",[],,,
FALSE,TBM042A,Finance for Entrepreneurs,https://studiegids.tudelft.nl/a101_displayCourse.do?course_id=63102,No,Minor,"Technology, Policy and Management",[],,,
FALSE,TBM043A,MedTech Integration project 1,https://studiegids.tudelft.nl/a101_displayCourse.do?course_id=63127,No,Minor,"Technology, Policy and Management",[],,,
FALSE,TBM044A,MedTech Integration project 2,https://studiegids.tudelft.nl/a101_displayCourse.do?course_id=63125,No,Minor,"Technology, Policy and Management",[],,,
FALSE,TBM0821TU,Beheer van risicos en veiligheid,https://studiegids.tudelft.nl/a101_displayCourse.do?course_id=63105,No,Minor,"Technology, Policy and Management",[],,,
FALSE,TBM0822TU,Engineering risk management in organisaties,https://studiegids.tudelft.nl/a101_displayCourse.do?course_id=63104,No,Minor,"Technology, Policy and Management",[],,,
FALSE,TBM301A,Writing a Bachelors Thesis in English,https://studiegids.tudelft.nl/a101_displayCourse.do?course_id=63012,No,BSc,"Technology, Policy and Management",[],,,
TRUE,TPM001A,Sociotechnology of Future Energy Systems,https://studiegids.tudelft.nl/a101_displayCourse.do?course_id=61887,Yes,BSc,"Technology, Policy and Management","[7, 9, 11, 13]",,,
TRUE,TPM002A,Water Ethics,https://studiegids.tudelft.nl/a101_displayCourse.do?course_id=60961,Yes,BSc,"Technology, Policy and Management","[6, 10, 16]",,,
TRUE,TPM003A,Water Ethics,https://studiegids.tudelft.nl/a101_displayCourse.do?course_id=61917,Yes,BSc,"Technology, Policy and Management","[6, 10, 16]",,,
TRUE,TPM004A,Transport Safety,https://studiegids.tudelft.nl/a101_displayCourse.do?course_id=62517,No,BSc,"Technology, Policy and Management","[3, 9]",,,
FALSE,TPM005A,Scientific Writing for Applied Mathematics,https://studiegids.tudelft.nl/a101_displayCourse.do?course_id=61507,No,BSc,"Technology, Policy and Management",[],,,
FALSE,TPM010A,Cyber Crime Science,https://studiegids.tudelft.nl/a101_displayCourse.do?course_id=62464,No,BSc,"Technology, Policy and Management",[],,,
TRUE,TPM013A,Environmental Ethics,https://studiegids.tudelft.nl/a101_displayCourse.do?course_id=60811,Yes,BSc,"Technology, Policy and Management","[3, 7, 13]",,,
FALSE,TPM014B,Ethics of AI,https://studiegids.tudelft.nl/a101_displayCourse.do?course_id=62977,No,BSc,"Technology, Policy and Management",[],,,
TRUE,TPM015B,Ethics of AI,https://studiegids.tudelft.nl/a101_displayCourse.do?course_id=62978,Yes,BSc,"Technology, Policy and Management","[4, 9, 16]",,,
FALSE,TPM018A,English Grammar for the University,https://studiegids.tudelft.nl/a101_displayCourse.do?course_id=61630,No,BSc,"Technology, Policy and Management",[],,,
FALSE,TPM020A,Economics of Cybersecurity,https://studiegids.tudelft.nl/a101_displayCourse.do?course_id=61657,No,MSc,"Technology, Policy and Management",[],,,
FALSE,TPM021A,Economics and Finance,https://studiegids.tudelft.nl/a101_displayCourse.do?course_id=62458,No,MSc,"Technology, Policy and Management",[],,,
FALSE,TPM022A,Intermediate Economics,https://studiegids.tudelft.nl/a101_displayCourse.do?course_id=62457,No,MSc,"Technology, Policy and Management",[],,,
TRUE,TPM023A,Cost-Benefit Analysis: Theory and Application,https://studiegids.tudelft.nl/a101_displayCourse.do?course_id=61890,Yes,MSc,"Technology, Policy and Management",[],,,
FALSE,TPM024A,Methods for Risk Analysis and Management,https://studiegids.tudelft.nl/a101_displayCourse.do?course_id=60800,No,BSc,"Technology, Policy and Management",[],,,
FALSE,TPM025A,User-Centred Security,https://studiegids.tudelft.nl/a101_displayCourse.do?course_id=61661,No,MSc,"Technology, Policy and Management",[],,,
FALSE,TPM026A,System Reliability in Quantitative Risk Assessment,https://studiegids.tudelft.nl/a101_displayCourse.do?course_id=62484,No,BSc,"Technology, Policy and Management",[],,,
FALSE,TPM027A,Cyber Risk Management,https://studiegids.tudelft.nl/a101_displayCourse.do?course_id=61247,No,MSc,"Technology, Policy and Management",[],,,
TRUE,TPM028A,Decision Making in Multimodal Transport Systems,https://studiegids.tudelft.nl/a101_displayCourse.do?course_id=62463,Yes,MSc,"Technology, Policy and Management","[9, 11]",,,
TRUE,TPM029A,Responsible Innovation,https://studiegids.tudelft.nl/a101_displayCourse.do?course_id=62454,Yes,MSc,"Technology, Policy and Management","[9, 11, 12, 16]",,,
FALSE,TPM030A,Introduction to Cloud as Infrastructure: The effects of the new business of computing on practice,https://studiegids.tudelft.nl/a101_displayCourse.do?course_id=61660,No,MSc,"Technology, Policy and Management",[],,,
FALSE,TPM032A,Multi-criteria Decision Analysis,https://studiegids.tudelft.nl/a101_displayCourse.do?course_id=62485,No,BSc,"Technology, Policy and Management",[],,,
TRUE,TPM033A,Sustainable Innovation and Transitions,https://studiegids.tudelft.nl/a101_displayCourse.do?course_id=62835,Yes,MSc,"Technology, Policy and Management","[9, 11, 12, 13, 17]",,,
TRUE,TPM034A,Machine learning for socio-technical systems,https://studiegids.tudelft.nl/a101_displayCourse.do?course_id=62981,No,BSc,"Technology, Policy and Management","[9, 11]",,,
TRUE,TPM038A,ArtificiaI Intelligence and Cybernetic Justice,https://studiegids.tudelft.nl/a101_displayCourse.do?course_id=63064,Yes,BSc,"Technology, Policy and Management",[16],,,
FALSE,TPM301B,Spoken English for Academic Purposes  Intermediate,https://studiegids.tudelft.nl/a101_displayCourse.do?course_id=63197,No,BSc,"Technology, Policy and Management",[],,,
FALSE,TPM302B,Spoken English for Academic Purposes  Advanced,https://studiegids.tudelft.nl/a101_displayCourse.do?course_id=63198,No,BSc,"Technology, Policy and Management",[],,,
FALSE,TPM303A,Intermediate Writing in English for the University,https://studiegids.tudelft.nl/a101_displayCourse.do?course_id=61559,No,BSc,"Technology, Policy and Management",[],,,
FALSE,TPM304A,Advanced Writing in English for the University,https://studiegids.tudelft.nl/a101_displayCourse.do?course_id=61554,No,BSc,"Technology, Policy and Management",[],,,
FALSE,TPM305A,Writing a Masters Thesis in English,https://studiegids.tudelft.nl/a101_displayCourse.do?course_id=61560,No,BSc,"Technology, Policy and Management",[],,,
FALSE,TPM330A,Engineering Ethics and Risk,https://studiegids.tudelft.nl/a101_displayCourse.do?course_id=63630,No,BSc,"Technology, Policy and Management",[],,,
FALSE,TPM401A,Technology Entrepreneurship and Innovation,https://studiegids.tudelft.nl/a101_displayCourse.do?course_id=61736,No,BSc,"Technology, Policy and Management",[],,,
TRUE,TPM402A,Technology Entrepreneurship and Health,https://studiegids.tudelft.nl/a101_displayCourse.do?course_id=62514,No,BSc,"Technology, Policy and Management",[3],,,
TRUE,TPM403SET,Technology Entrepreneurship and Sustainability,https://studiegids.tudelft.nl/a101_displayCourse.do?course_id=61879,Yes,BSc,"Technology, Policy and Management","[7, 9, 12]",,,
FALSE,TPM404B,Technology Entrepreneurship and Internationalization,https://studiegids.tudelft.nl/a101_displayCourse.do?course_id=63639,No,BSc,"Technology, Policy and Management",[],,,
FALSE,TPM405A,Patent Law and Patent Policy,https://studiegids.tudelft.nl/a101_displayCourse.do?course_id=62499,No,BSc,"Technology, Policy and Management",[],,,
FALSE,TPM406A,Corporate Entrepreneurship and Start-ups,https://studiegids.tudelft.nl/a101_displayCourse.do?course_id=61899,No,BSc,"Technology, Policy and Management",[],,,
FALSE,TPM411A,Idea to Start-up  IT & AI,https://studiegids.tudelft.nl/a101_displayCourse.do?course_id=61242,No,BSc,"Technology, Policy and Management",[],,,
FALSE,TPM412A,Idea to Start-up  Health & Life Sciences,https://studiegids.tudelft.nl/a101_displayCourse.do?course_id=62500,No,BSc,"Technology, Policy and Management",[],,,
TRUE,TPM413A,Idea to Start-up  Energy & Sustainability,https://studiegids.tudelft.nl/a101_displayCourse.do?course_id=61889,Yes,BSc,"Technology, Policy and Management","[7, 9, 12]",,,
FALSE,TPM414A,Idea to Start-up  Deep Tech,https://studiegids.tudelft.nl/a101_displayCourse.do?course_id=61888,No,BSc,"Technology, Policy and Management",[],,,
FALSE,TPM416A,Turning Technology into Business,https://studiegids.tudelft.nl/a101_displayCourse.do?course_id=60803,No,BSc,"Technology, Policy and Management",[],,,
FALSE,TPM420A,Ready to Start-up,https://studiegids.tudelft.nl/a101_displayCourse.do?course_id=60801,No,BSc,"Technology, Policy and Management",[],,,
TRUE,TPM424B,The Climate Leadership Journey,https://studiegids.tudelft.nl/a101_displayCourse.do?course_id=63194,Yes,BSc,"Technology, Policy and Management","[7, 9, 11, 13, 17]",,,
FALSE,TPM425A,Experience Entrepreneurship,https://studiegids.tudelft.nl/a101_displayCourse.do?course_id=62501,No,BSc,"Technology, Policy and Management",[],,,
FALSE,TPM593A,Internship TPM,https://studiegids.tudelft.nl/a101_displayCourse.do?course_id=62452,No,BSc,"Technology, Policy and Management",[],,,
TRUE,TPM801A,Introduction to Water Governance in Deltas,https://studiegids.tudelft.nl/a101_displayCourse.do?course_id=62973,Yes,BSc,"Technology, Policy and Management","[6, 13, 15]",,,
TRUE,TPM802A,Model-based Water Systems Assessment,https://studiegids.tudelft.nl/a101_displayCourse.do?course_id=62974,Yes,BSc,"Technology, Policy and Management","[6, 11, 13, 14, 15]",,,
TRUE,TPM803A,Building with Nature and Beyond,https://studiegids.tudelft.nl/a101_displayCourse.do?course_id=62975,Yes,BSc,"Technology, Policy and Management","[6, 11, 14, 15]",,,
TRUE,TPM804A,Adaptive Planning for Management of Water Systems in Deltas,https://studiegids.tudelft.nl/a101_displayCourse.do?course_id=62976,Yes,BSc,"Technology, Policy and Management","[6, 11, 13]",,,
FALSE,TPM959A,Technology Battles,https://studiegids.tudelft.nl/a101_displayCourse.do?course_id=62453,No,MSc,"Technology, Policy and Management",[],,,
FALSE,WM0201SET,Technical Writing,https://studiegids.tudelft.nl/a101_displayCourse.do?course_id=61871,No,BSc,"Technology, Policy and Management",[],,,
FALSE,WM0201TU-ENG,Technical Writing,https://studiegids.tudelft.nl/a101_displayCourse.do?course_id=61921,No,BSc,"Technology, Policy and Management",[],,,
FALSE,WM0203TU,Mondeling presenteren,https://studiegids.tudelft.nl/a101_displayCourse.do?course_id=62489,No,BSc,"Techniek, Bestuur en Management",[],,,
FALSE,WM0203TU-Eng,Oral Presentations,https://studiegids.tudelft.nl/a101_displayCourse.do?course_id=62490,No,BSc,"Technology, Policy and Management",[],,,
FALSE,WM0312CIE,"Philosophy, Technology Assessment and Ethics for CIE",https://studiegids.tudelft.nl/a101_displayCourse.do?course_id=61916,No,BSc,"Technology, Policy and Management",[],,,
FALSE,WM0318TN,Wetenschaps- en argumentatieleer,https://studiegids.tudelft.nl/a101_displayCourse.do?course_id=61798,No,BSc,"Techniek, Bestuur en Management",[],,,
FALSE,WM0320TU,Ethics and Engineering,https://studiegids.tudelft.nl/a101_displayCourse.do?course_id=60804,No,BSc,"Technology, Policy and Management",[],,,
FALSE,WM0324LR,Ethics and Engineering for Aerospace Engineering,https://studiegids.tudelft.nl/a101_displayCourse.do?course_id=62295,No,BSc,"Technology, Policy and Management",[],,,
FALSE,WM0329TU,Ethics and Engineering,https://studiegids.tudelft.nl/a101_displayCourse.do?course_id=60812,No,BSc,"Technology, Policy and Management",[],,,
FALSE,WM0349WB,Philosophy of Engineering Science and Design,https://studiegids.tudelft.nl/a101_displayCourse.do?course_id=60806,No,BSc,"Technology, Policy and Management",[],,,
TRUE,WM0353TU,Climate Ethics,https://studiegids.tudelft.nl/a101_displayCourse.do?course_id=60813,Yes,BSc,"Technology, Policy and Management","[13, 16]",,,
FALSE,WM0375TU,Ethics of Technological Risks,https://studiegids.tudelft.nl/a101_displayCourse.do?course_id=60960,No,BSc,"Technology, Policy and Management",[],,,
FALSE,WM0376TU,Ethics of Technological Risks,https://studiegids.tudelft.nl/a101_displayCourse.do?course_id=61250,No,BSc,"Technology, Policy and Management",[],,,
TRUE,WM0637SET,Economic Policy for Sustainable Energy,https://studiegids.tudelft.nl/a101_displayCourse.do?course_id=61251,Yes,BSc,"Technology, Policy and Management","[7, 13]",,,
FALSE,WM0801TU,Introduction to Safety Science,https://studiegids.tudelft.nl/a101_displayCourse.do?course_id=60805,No,BSc,"Technology, Policy and Management",[],,,
TRUE,WM0931SET,Sustainable Energy Innovation and Transitions,https://studiegids.tudelft.nl/a101_displayCourse.do?course_id=61878,Yes,BSc,"Technology, Policy and Management","[7, 9, 13]",,,
FALSE,WM1028AM,Ethics for Applied Mathematics,https://studiegids.tudelft.nl/a101_displayCourse.do?course_id=61506,No,BSc,"Technology, Policy and Management",[],,,
FALSE,WM1115TU,Dutch Elementary 1,https://studiegids.tudelft.nl/a101_displayCourse.do?course_id=61627,No,BSc,"Technology, Policy and Management",[],,,
FALSE,WM1116TU,Dutch Elementary 2,https://studiegids.tudelft.nl/a101_displayCourse.do?course_id=61628,No,BSc,"Techniek, Bestuur en Management",[],,,
FALSE,WM1117TU,Dutch Intermediate 1,https://studiegids.tudelft.nl/a101_displayCourse.do?course_id=61629,No,BSc,"Techniek, Bestuur en Management",[],,,
FALSE,WM1135TU,Advanced English for the University,https://studiegids.tudelft.nl/a101_displayCourse.do?course_id=61561,No,BSc,"Technology, Policy and Management",[],,,
TRUE,WM1301TU,Ethics of Transportation,https://studiegids.tudelft.nl/a101_displayCourse.do?course_id=60807,Yes,BSc,"Technology, Policy and Management","[9, 11, 16]",,,
FALSE,WM1302TU,Ethics of Transportation,https://studiegids.tudelft.nl/a101_displayCourse.do?course_id=60808,No,BSc,"Technology, Policy and Management",[],,,
TRUE,WM1401TU,Ethics of Healthcare Technologies,https://studiegids.tudelft.nl/a101_displayCourse.do?course_id=60810,Yes,BSc,"Technology, Policy and Management","[3, 9, 10]",,,
TRUE,WM1402TU,Ethics of Healthcare Technologies,https://studiegids.tudelft.nl/a101_displayCourse.do?course_id=60814,Yes,BSc,"Technology, Policy and Management","[3, 9, 16]",,,
FALSE,WM-ITAV-4010,Scientific Writing,https://studiegids.tudelft.nl/a101_displayCourse.do?course_id=61579,No,BSc,"Technology, Policy and Management",[],,,
FALSE,4403TGR64,Theory of General Relativity,https://studiegids.tudelft.nl/a101_displayCourse.do?course_id=62717,No,BSc,External institution,[],,,
FALSE,ID4010,Design Theory and Methodology,https://studiegids.tudelft.nl/a101_displayCourse.do?course_id=60682,No,MSc,Industrial Design Engineering,[],,,
FALSE,ID4060,Manage your Master,https://studiegids.tudelft.nl/a101_displayCourse.do?course_id=60683,No,MSc,Industrial Design Engineering,[],,,
FALSE,ID4070,IDE Academy,https://studiegids.tudelft.nl/a101_displayCourse.do?course_id=60684,No,MSc,Industrial Design Engineering,[],,,
FALSE,ID4135-16,Modelling,https://studiegids.tudelft.nl/a101_displayCourse.do?course_id=60686,No,MSc,Industrial Design Engineering,[],,,
FALSE,ID4170,Advanced Concept Design,https://studiegids.tudelft.nl/a101_displayCourse.do?course_id=60687,No,MSc,Industrial Design Engineering,[],,,
FALSE,ID4175,Advanced Embodiment Design,https://studiegids.tudelft.nl/a101_displayCourse.do?course_id=60688,No,MSc,Industrial Design Engineering,[],,,
FALSE,ID4180,Managing Product Innovation,https://studiegids.tudelft.nl/a101_displayCourse.do?course_id=60685,No,MSc,Industrial Design Engineering,[],,,
TRUE,ID4185,Strategic & Sustainable Design,https://studiegids.tudelft.nl/a101_displayCourse.do?course_id=60689,Yes,MSc,Industrial Design Engineering,"[9, 12]",,,
FALSE,ID4190-16,Graduation Project (IPD),https://studiegids.tudelft.nl/a101_displayCourse.do?course_id=60690,No,MSc,Industrial Design Engineering,[],,,
FALSE,ID4210,"Product Understanding, Use and Experience",https://studiegids.tudelft.nl/a101_displayCourse.do?course_id=61268,No,MSc,Industrial Design Engineering,[],,,
FALSE,ID4216,Context and Conceptualisation,https://studiegids.tudelft.nl/a101_displayCourse.do?course_id=61270,No,MSc,Industrial Design Engineering,[],,,
FALSE,ID4220-17,Interactive Technology Design,https://studiegids.tudelft.nl/a101_displayCourse.do?course_id=61267,No,MSc,Industrial Design Engineering,[],,,
FALSE,ID4230,Visual Communication Design,https://studiegids.tudelft.nl/a101_displayCourse.do?course_id=61269,No,MSc,Industrial Design Engineering,[],,,
TRUE,ID4235,Reflection on Designing,https://studiegids.tudelft.nl/a101_displayCourse.do?course_id=60809,Yes,MSc,Industrial Design Engineering,[],,,
FALSE,ID4250-16,Project Exploring Interaction,https://studiegids.tudelft.nl/a101_displayCourse.do?course_id=61272,No,MSc,Industrial Design Engineering,[],,,
FALSE,ID4256-17,Project Usability and User eXperience Assessment in Design,https://studiegids.tudelft.nl/a101_displayCourse.do?course_id=61273,No,MSc,Industrial Design Engineering,[],,,
FALSE,ID4265,DfI Research Methodology,https://studiegids.tudelft.nl/a101_displayCourse.do?course_id=61271,No,MSc,Industrial Design Engineering,[],,,
FALSE,ID4290-16,Graduation Project (DFI),https://studiegids.tudelft.nl/a101_displayCourse.do?course_id=61274,No,MSc,Industrial Design Engineering,[],,,
FALSE,ID4315-16,Brand & Product Commercialisation,https://studiegids.tudelft.nl/a101_displayCourse.do?course_id=61278,No,MSc,Industrial Design Engineering,[],,,
FALSE,ID4330,New Product Economics,https://studiegids.tudelft.nl/a101_displayCourse.do?course_id=61280,No,MSc,Industrial Design Engineering,[],,,
FALSE,ID4337,Design Roadmapping,https://studiegids.tudelft.nl/a101_displayCourse.do?course_id=61277,No,MSc,Industrial Design Engineering,[],,,
FALSE,ID4340,Strategic Value of Design,https://studiegids.tudelft.nl/a101_displayCourse.do?course_id=61279,No,MSc,Industrial Design Engineering,[],,,
FALSE,ID4350-16,Design Strategy Project,https://studiegids.tudelft.nl/a101_displayCourse.do?course_id=61276,No,MSc,Industrial Design Engineering,[],,,
FALSE,ID4355-18,SPD Research,https://studiegids.tudelft.nl/a101_displayCourse.do?course_id=61275,No,MSc,Industrial Design Engineering,[],,,
FALSE,ID4370,SPD Media,https://studiegids.tudelft.nl/a101_displayCourse.do?course_id=61281,No,MSc,Industrial Design Engineering,[],,,
FALSE,ID4390-16,Graduation Project (SPD),https://studiegids.tudelft.nl/a101_displayCourse.do?course_id=61282,No,MSc,Industrial Design Engineering,[],,,
FALSE,ID5010,Internship,https://studiegids.tudelft.nl/a101_displayCourse.do?course_id=61356,No,BSc,Industrial Design Engineering,[],,,
FALSE,ID5040,Read a Book,https://studiegids.tudelft.nl/a101_displayCourse.do?course_id=61340,No,BSc,Industrial Design Engineering,[],,,
FALSE,ID5045-19,Joint Master Project / Design Project XL,https://studiegids.tudelft.nl/a101_displayCourse.do?course_id=61283,No,BSc,Industrial Design Engineering,[],,,
TRUE,ID5050-18,Design for Emerging Markets,https://studiegids.tudelft.nl/a101_displayCourse.do?course_id=61366,Yes,BSc,Industrial Design Engineering,"[9, 11, 12]",,,
FALSE,ID5070,Deep Dive,https://studiegids.tudelft.nl/a101_displayCourse.do?course_id=61357,No,BSc,Industrial Design Engineering,[],,,
FALSE,ID5080,Initiate to Graduate,https://studiegids.tudelft.nl/a101_displayCourse.do?course_id=61354,No,BSc,Industrial Design Engineering,[],,,
FALSE,ID5100,IPD Package Deal,https://studiegids.tudelft.nl/a101_displayCourse.do?course_id=61359,No,BSc,Industrial Design Engineering,[],,,
FALSE,ID5115,Lighting Design,https://studiegids.tudelft.nl/a101_displayCourse.do?course_id=61322,No,BSc,Industrial Design Engineering,[],,,
TRUE,ID5126,Strategic Design for Social Innovation,https://studiegids.tudelft.nl/a101_displayCourse.do?course_id=61367,Yes,BSc,Industrial Design Engineering,"[9, 11, 12, 17]",,,
TRUE,ID5127,Design and the City,https://studiegids.tudelft.nl/a101_displayCourse.do?course_id=61361,Yes,BSc,Industrial Design Engineering,"[11, 13]",,,
TRUE,ID5134,Designing for Complexity,https://studiegids.tudelft.nl/a101_displayCourse.do?course_id=63006,No,BSc,Industrial Design Engineering,"[11, 16]",,,
FALSE,ID5135,Consumer Behaviour,https://studiegids.tudelft.nl/a101_displayCourse.do?course_id=61343,No,BSc,Industrial Design Engineering,[],,,
TRUE,ID5136,Sustainable Consumer Behaviour,https://studiegids.tudelft.nl/a101_displayCourse.do?course_id=61339,Yes,BSc,Industrial Design Engineering,[12],,,
TRUE,ID5137,Health Systems Transformation,https://studiegids.tudelft.nl/a101_displayCourse.do?course_id=63007,No,BSc,Industrial Design Engineering,[3],,,
FALSE,ID5138,Exploring Design Intelligence (EDI),https://studiegids.tudelft.nl/a101_displayCourse.do?course_id=63008,No,BSc,Industrial Design Engineering,[],,,
FALSE,ID5161,Vision in Product Design,https://studiegids.tudelft.nl/a101_displayCourse.do?course_id=61329,No,BSc,Industrial Design Engineering,[],,,
FALSE,ID5184,Co-design and Research with Children,https://studiegids.tudelft.nl/a101_displayCourse.do?course_id=61333,No,BSc,Industrial Design Engineering,[],,,
FALSE,ID5185,Design for children's play,https://studiegids.tudelft.nl/a101_displayCourse.do?course_id=61332,No,BSc,Industrial Design Engineering,[],,,
FALSE,ID5200,DfI Package Deal,https://studiegids.tudelft.nl/a101_displayCourse.do?course_id=61338,No,BSc,Industrial Design Engineering,[],,,
FALSE,ID5214,Interactive Formgiving,https://studiegids.tudelft.nl/a101_displayCourse.do?course_id=61331,No,BSc,Industrial Design Engineering,[],,,
FALSE,ID5221,Drawing Techniques for Presentation,https://studiegids.tudelft.nl/a101_displayCourse.do?course_id=61330,No,BSc,Industrial Design Engineering,[],,,
FALSE,ID5231,Experimental Formgiving of Visual Information,https://studiegids.tudelft.nl/a101_displayCourse.do?course_id=61328,No,BSc,Industrial Design Engineering,[],,,
FALSE,ID5242,Automotive Design,https://studiegids.tudelft.nl/a101_displayCourse.do?course_id=61371,No,BSc,Industrial Design Engineering,[],,,
FALSE,ID5247,Automotive Sketching,https://studiegids.tudelft.nl/a101_displayCourse.do?course_id=61311,No,BSc,Industrial Design Engineering,[],,,
FALSE,ID5249,Strategic Automotive,https://studiegids.tudelft.nl/a101_displayCourse.do?course_id=61312,No,BSc,Industrial Design Engineering,[],,,
FALSE,ID5252,Basic Colour Skills,https://studiegids.tudelft.nl/a101_displayCourse.do?course_id=61309,No,BSc,Industrial Design Engineering,[],,,
FALSE,ID5272,Computersketching,https://studiegids.tudelft.nl/a101_displayCourse.do?course_id=61334,No,BSc,Industrial Design Engineering,[],,,
FALSE,ID5282,Introspective Design,https://studiegids.tudelft.nl/a101_displayCourse.do?course_id=61372,No,BSc,Industrial Design Engineering,[],,,
FALSE,ID5293-18,Lifestyle Research/Design,https://studiegids.tudelft.nl/a101_displayCourse.do?course_id=61362,No,BSc,Industrial Design Engineering,[],,,
TRUE,ID5295,Food and Eating Design,https://studiegids.tudelft.nl/a101_displayCourse.do?course_id=61337,Yes,BSc,Industrial Design Engineering,"[2, 3, 12, 14, 15]",,,
FALSE,ID5300,SPD Package Deal,https://studiegids.tudelft.nl/a101_displayCourse.do?course_id=61353,No,BSc,Industrial Design Engineering,[],,,
FALSE,ID5301,Biomechanics,https://studiegids.tudelft.nl/a101_displayCourse.do?course_id=60695,No,BSc,Industrial Design Engineering,[],,,
TRUE,ID5314,Environmental and Circularity Assessment Methods,https://studiegids.tudelft.nl/a101_displayCourse.do?course_id=63208,Yes,BSc,Industrial Design Engineering,[12],,,
TRUE,ID5315,Fundamentals of Biodesign,https://studiegids.tudelft.nl/a101_displayCourse.do?course_id=63207,No,BSc,Industrial Design Engineering,"[3, 9, 12, 13, 15]",,,
TRUE,ID5316,Designing Living Artefacts,https://studiegids.tudelft.nl/a101_displayCourse.do?course_id=63206,No,BSc,Industrial Design Engineering,"[3, 9, 12, 15]",,,
FALSE,ID5325,Creative Facilitation,https://studiegids.tudelft.nl/a101_displayCourse.do?course_id=61318,No,BSc,Industrial Design Engineering,[],,,
TRUE,ID5332,Cognitive Ergonomics for Complex Systems 1: Understanding Complex Information Systems,https://studiegids.tudelft.nl/a101_displayCourse.do?course_id=61285,Yes,BSc,Industrial Design Engineering,"[3, 9, 11]",,,
FALSE,ID5333,Cognitive Ergonomics for Complex Systems 2: Application into Research and Design,https://studiegids.tudelft.nl/a101_displayCourse.do?course_id=61286,No,BSc,Industrial Design Engineering,[],,,
TRUE,ID5356,Sustainable Design Strategies for Product Development,https://studiegids.tudelft.nl/a101_displayCourse.do?course_id=61097,Yes,BSc,Industrial Design Engineering,"[12, 13, 14, 15]",,,
FALSE,ID5383,Inclusive Design,https://studiegids.tudelft.nl/a101_displayCourse.do?course_id=60697,No,BSc,Industrial Design Engineering,[],,,
TRUE,ID5413-19,Material Driven Design,https://studiegids.tudelft.nl/a101_displayCourse.do?course_id=61287,Yes,BSc,Industrial Design Engineering,"[9, 12, 13]",,,
TRUE,ID5417,Artificial Intelligence and Society,https://studiegids.tudelft.nl/a101_displayCourse.do?course_id=61368,No,BSc,Industrial Design Engineering,"[9, 16]",,,
TRUE,ID5418,Fundamentals of Textile Systems,https://studiegids.tudelft.nl/a101_displayCourse.do?course_id=63009,Yes,BSc,Industrial Design Engineering,"[12, 13, 14, 15]",,,
TRUE,ID5419,Multimorphic Textiles,https://studiegids.tudelft.nl/a101_displayCourse.do?course_id=63205,Yes,BSc,Industrial Design Engineering,"[9, 12, 13]",,,
TRUE,ID5422,Repair!,https://studiegids.tudelft.nl/a101_displayCourse.do?course_id=63204,Yes,BSc,Industrial Design Engineering,[12],,,
TRUE,ID5423,Urban Analytics,https://studiegids.tudelft.nl/a101_displayCourse.do?course_id=63203,No,BSc,Industrial Design Engineering,[11],,,
FALSE,ID5454,Digital Materials,https://studiegids.tudelft.nl/a101_displayCourse.do?course_id=61288,No,BSc,Industrial Design Engineering,[],,,
FALSE,ID5457,Designing with Composites,https://studiegids.tudelft.nl/a101_displayCourse.do?course_id=61351,No,BSc,Industrial Design Engineering,[],,,
FALSE,ID5459,Computational Design for Digital Fabrication,https://studiegids.tudelft.nl/a101_displayCourse.do?course_id=61369,No,BSc,Industrial Design Engineering,[],,,
FALSE,ID5462,Drawing the Human Figure,https://studiegids.tudelft.nl/a101_displayCourse.do?course_id=61308,No,BSc,Industrial Design Engineering,[],,,
FALSE,ID5482,Data processing and Analytics,https://studiegids.tudelft.nl/a101_displayCourse.do?course_id=61373,No,BSc,Industrial Design Engineering,[],,,
FALSE,ID550X,Research,https://studiegids.tudelft.nl/a101_displayCourse.do?course_id=61345,No,BSc,Industrial Design Engineering,[],,,
FALSE,ID5514,Crowd Computing for Design,https://studiegids.tudelft.nl/a101_displayCourse.do?course_id=63010,No,BSc,Industrial Design Engineering,[],,,
FALSE,ID5515,Advanced Machine Learning for Design,https://studiegids.tudelft.nl/a101_displayCourse.do?course_id=63011,No,BSc,Industrial Design Engineering,[],,,
FALSE,ID5541,Workshops / Design Competitions (3 ec),https://studiegids.tudelft.nl/a101_displayCourse.do?course_id=61314,No,BSc,Industrial Design Engineering,[],,,
FALSE,ID5548,BlueDot: Design Contest,https://studiegids.tudelft.nl/a101_displayCourse.do?course_id=61344,No,BSc,Industrial Design Engineering,[],,,
FALSE,ID5551,Project Organisation,https://studiegids.tudelft.nl/a101_displayCourse.do?course_id=61320,No,BSc,Industrial Design Engineering,[],,,
FALSE,ID555X,Project Organisation,https://studiegids.tudelft.nl/a101_displayCourse.do?course_id=61321,No,BSc,Industrial Design Engineering,[],,,
FALSE,ID5564,Design for Emotion,https://studiegids.tudelft.nl/a101_displayCourse.do?course_id=61323,No,BSc,Industrial Design Engineering,[],,,
TRUE,ID5565,Sustainable Business Models and Sustainable Product/ Service Systems,https://studiegids.tudelft.nl/a101_displayCourse.do?course_id=61336,Yes,BSc,Industrial Design Engineering,,,,
TRUE,ID5567,Social Venturing,https://studiegids.tudelft.nl/a101_displayCourse.do?course_id=61341,Yes,BSc,Industrial Design Engineering,"[1, 3, 8, 9, 10, 11, 12, 13, 17]",,,
FALSE,ID5613,Prototyping for Interaction and Participation (PIP),https://studiegids.tudelft.nl/a101_displayCourse.do?course_id=61327,No,BSc,Industrial Design Engineering,[],,,
FALSE,ID5614-17,Culture Sensitive Design,https://studiegids.tudelft.nl/a101_displayCourse.do?course_id=61342,No,BSc,Industrial Design Engineering,[],,,
FALSE,ID5616,Embodied Audio Design,https://studiegids.tudelft.nl/a101_displayCourse.do?course_id=61375,No,BSc,Industrial Design Engineering,[],,,
FALSE,ID5652,Build your Design Consultancy,https://studiegids.tudelft.nl/a101_displayCourse.do?course_id=61290,No,BSc,Industrial Design Engineering,[],,,
FALSE,ID5659-1,Build Your Startup 1: Idea Validation,https://studiegids.tudelft.nl/a101_displayCourse.do?course_id=61364,No,BSc,Industrial Design Engineering,[],,,
FALSE,ID5659-2,Build Your Startup 2: Prototyping,https://studiegids.tudelft.nl/a101_displayCourse.do?course_id=61365,No,BSc,Industrial Design Engineering,[],,,
FALSE,ID5663,Contextmapping Skills,https://studiegids.tudelft.nl/a101_displayCourse.do?course_id=60696,No,BSc,Industrial Design Engineering,[],,,
FALSE,ID5666,Service Design,https://studiegids.tudelft.nl/a101_displayCourse.do?course_id=61360,No,BSc,Industrial Design Engineering,[],,,
FALSE,ID5721,Capita Selecta Medisign,https://studiegids.tudelft.nl/a101_displayCourse.do?course_id=60694,No,BSc,Industrial Design Engineering,[],,,
TRUE,ID5732,Health Psychology: Tools and Methods,https://studiegids.tudelft.nl/a101_displayCourse.do?course_id=60691,No,BSc,Industrial Design Engineering,[3],,,
FALSE,ID5741,eHealth,https://studiegids.tudelft.nl/a101_displayCourse.do?course_id=60692,No,BSc,Industrial Design Engineering,[],,,
FALSE,ID5752,Rules and Regulations for Designing Medical Devices,https://studiegids.tudelft.nl/a101_displayCourse.do?course_id=60693,No,BSc,Industrial Design Engineering,[],,,
FALSE,IO3818,Designing an Airport Ecosystem,https://studiegids.tudelft.nl/a101_displayCourse.do?course_id=62286,No,Minor,Industrial Design Engineering,[],,,
TRUE,IO3831-19,Demystify Green,https://studiegids.tudelft.nl/a101_displayCourse.do?course_id=61402,Yes,Minor,Industrial Design Engineering,[12],,,
FALSE,IO3880-1,Medical Design 1,https://studiegids.tudelft.nl/a101_displayCourse.do?course_id=63633,No,Minor,Industrial Design Engineering,[],,,
FALSE,IO3880-2,Medical Design 2,https://studiegids.tudelft.nl/a101_displayCourse.do?course_id=63634,No,Minor,Industrial Design Engineering,[],,,
FALSE,IO3881-21,Design in Robotics,https://studiegids.tudelft.nl/a101_displayCourse.do?course_id=61137,No,Minor,Industrial Design Engineering,[],,,
FALSE,IOB1-1-22,DP1: Diving into Design,https://studiegids.tudelft.nl/a101_displayCourse.do?course_id=63820,No,BSc,Industrieel Ontwerpen,[],,,
TRUE,IOB1-2,Understanding Product Engineering,https://studiegids.tudelft.nl/a101_displayCourse.do?course_id=60644,No,BSc,Industrieel Ontwerpen,"[9, 12]",,,
FALSE,IOB1-3,Understanding Design,https://studiegids.tudelft.nl/a101_displayCourse.do?course_id=60645,No,BSc,Industrieel Ontwerpen,[],,,
FALSE,IOB1-4,Understanding Organisations,https://studiegids.tudelft.nl/a101_displayCourse.do?course_id=60646,No,BSc,Industrial Design Engineering,[],,,
FALSE,IOB1-5,Understanding Humans,https://studiegids.tudelft.nl/a101_displayCourse.do?course_id=60648,No,BSc,Industrieel Ontwerpen,[],,,
FALSE,IOB2-1-22,DP2: Designing Product Services,https://studiegids.tudelft.nl/a101_displayCourse.do?course_id=63819,No,BSc,Industrieel Ontwerpen,[],,,
FALSE,IOB2-2,Digital Product Development,https://studiegids.tudelft.nl/a101_displayCourse.do?course_id=60650,No,BSc,Industrial Design Engineering,[],,,
FALSE,IOB2-3,Research for Design,https://studiegids.tudelft.nl/a101_displayCourse.do?course_id=60651,No,BSc,Industrieel Ontwerpen,[],,,
TRUE,IOB2-4,Understanding Values,https://studiegids.tudelft.nl/a101_displayCourse.do?course_id=60647,No,BSc,Industrial Design Engineering,"[9, 12, 16]",,,
FALSE,IOB2-5,Digital Interfaces,https://studiegids.tudelft.nl/a101_displayCourse.do?course_id=60652,No,BSc,Industrieel Ontwerpen,[],,,
TRUE,IOB3-1-22,DP3: Designing System Interventions,https://studiegids.tudelft.nl/a101_displayCourse.do?course_id=63818,Yes,BSc,Industrieel Ontwerpen,[],,,
FALSE,IOB3-2-22,Product Engineering,https://studiegids.tudelft.nl/a101_displayCourse.do?course_id=63628,No,BSc,Industrieel Ontwerpen,[],,,
FALSE,IOB3-3-22,Data,https://studiegids.tudelft.nl/a101_displayCourse.do?course_id=63850,No,BSc,Industrial Design Engineering,[],,,
TRUE,IOB3-4,Envisioning the Future,https://studiegids.tudelft.nl/a101_displayCourse.do?course_id=60655,Yes,BSc,Industrial Design Engineering,[],,,
TRUE,IOB3-5,Sustainable Impact,https://studiegids.tudelft.nl/a101_displayCourse.do?course_id=60656,Yes,BSc,Industrial Design Engineering,"[1, 7, 9, 12, 13]",,,
TRUE,IOB4-1-22,DP4: Designing for Society,https://studiegids.tudelft.nl/a101_displayCourse.do?course_id=63817,Yes,BSc,Industrial Design Engineering,"[3, 4, 9, 11, 12]",,,
FALSE,IOB4-B1-22,Strategic Brand Management,https://studiegids.tudelft.nl/a101_displayCourse.do?course_id=63816,No,BSc,Industrial Design Engineering,[],,,
FALSE,IOB4-B2,Business Model Design,https://studiegids.tudelft.nl/a101_displayCourse.do?course_id=60661,No,BSc,Industrial Design Engineering,[],,,
TRUE,IOB4-B3-22,Codesign in Services,https://studiegids.tudelft.nl/a101_displayCourse.do?course_id=63815,Yes,BSc,Industrial Design Engineering,[],,,
FALSE,IOB4-P1,Human Factors & Ergonomics,https://studiegids.tudelft.nl/a101_displayCourse.do?course_id=60668,No,BSc,Industrial Design Engineering,[],,,
TRUE,IOB4-P2,"Experience, Motivation & Behaviour",https://studiegids.tudelft.nl/a101_displayCourse.do?course_id=60669,Yes,BSc,Industrial Design Engineering,"[3, 11]",,,
FALSE,IOB4-P3,Culture & Society,https://studiegids.tudelft.nl/a101_displayCourse.do?course_id=60670,No,BSc,Industrial Design Engineering,[],,,
FALSE,IOB4-S1-22,Design Communication and Visualisation,https://studiegids.tudelft.nl/a101_displayCourse.do?course_id=63844,No,BSc,Industrial Design Engineering,[],,,
FALSE,IOB4-S2-22,Leadership and Project Organisation,https://studiegids.tudelft.nl/a101_displayCourse.do?course_id=63845,No,BSc,Industrial Design Engineering,[],,,
FALSE,IOB4-S3,Mastering Research Methods,https://studiegids.tudelft.nl/a101_displayCourse.do?course_id=60664,No,BSc,Industrial Design Engineering,[],,,
TRUE,IOB4-T1-22,Materials and Manufacturing,https://studiegids.tudelft.nl/a101_displayCourse.do?course_id=63813,Yes,BSc,Industrial Design Engineering,[],,,
FALSE,IOB4-T2,Mechatronics,https://studiegids.tudelft.nl/a101_displayCourse.do?course_id=60666,No,BSc,Industrial Design Engineering,[],,,
FALSE,IOB4-T3,Machine Learning for Design,https://studiegids.tudelft.nl/a101_displayCourse.do?course_id=60667,No,BSc,Industrial Design Engineering,[],,,
FALSE,IOB6-1-22,DP5: Bachelor Final Project,https://studiegids.tudelft.nl/a101_displayCourse.do?course_id=63812,No,BSc,Industrial Design Engineering,[],,,
TRUE,IOB6-E1,Design for the Circular Economy,https://studiegids.tudelft.nl/a101_displayCourse.do?course_id=60672,Yes,BSc,Industrial Design Engineering,[12],,,
FALSE,IOB6-E10,Design Didactics,https://studiegids.tudelft.nl/a101_displayCourse.do?course_id=60673,No,BSc,Industrieel Ontwerpen,[],,,
TRUE,IOB6-E2,Reimagining Moblilty,https://studiegids.tudelft.nl/a101_displayCourse.do?course_id=60674,Yes,BSc,Industrial Design Engineering,[],,,
TRUE,IOB6-E3,Health,https://studiegids.tudelft.nl/a101_displayCourse.do?course_id=60675,No,BSc,Industrieel Ontwerpen,[3],,,
FALSE,IOB6-E4-22,Identity and Portfolio,https://studiegids.tudelft.nl/a101_displayCourse.do?course_id=63811,No,BSc,Industrial Design Engineering,[],,,
FALSE,IOB6-E5,Entrepreneurial Innovation by Design,https://studiegids.tudelft.nl/a101_displayCourse.do?course_id=60677,No,BSc,Industrieel Ontwerpen,[],,,
FALSE,IOB6-E6,Design Engineering Contest,https://studiegids.tudelft.nl/a101_displayCourse.do?course_id=60678,No,BSc,Industrial Design Engineering,[],,,
FALSE,IOB6-E7,Biomechanics of Product Use,https://studiegids.tudelft.nl/a101_displayCourse.do?course_id=60679,No,BSc,Industrial Design Engineering,[],,,
FALSE,IOB6-E8,Design Analytics,https://studiegids.tudelft.nl/a101_displayCourse.do?course_id=60680,No,BSc,Industrial Design Engineering,[],,,
FALSE,IOB6-E9-22,Form and Senses,https://studiegids.tudelft.nl/a101_displayCourse.do?course_id=63810,No,BSc,Industrial Design Engineering,[],,,
FALSE,AM1010,Mathematical Structures,https://studiegids.tudelft.nl/a101_displayCourse.do?course_id=61744,No,BSc,"Electrical Engineering, Mathematics and Computer Science",[],,,
FALSE,AM1020,Kaleidoscope,https://studiegids.tudelft.nl/a101_displayCourse.do?course_id=61743,No,BSc,"Elektrotechniek, Wiskunde en Informatica",[],,,
FALSE,AM1030,Linear Algebra 1,https://studiegids.tudelft.nl/a101_displayCourse.do?course_id=61738,No,BSc,"Elektrotechniek, Wiskunde en Informatica",[],,,
FALSE,AM1040,Analysis 1,https://studiegids.tudelft.nl/a101_displayCourse.do?course_id=61739,No,BSc,"Electrical Engineering, Mathematics and Computer Science",[],,,
FALSE,AM1050-A,Modelling A,https://studiegids.tudelft.nl/a101_displayCourse.do?course_id=61740,No,BSc,"Elektrotechniek, Wiskunde en Informatica",[],,,
FALSE,AM1050-B,Modelling B,https://studiegids.tudelft.nl/a101_displayCourse.do?course_id=61747,No,BSc,"Elektrotechniek, Wiskunde en Informatica",[],,,
FALSE,AM1060,Algebra 1,https://studiegids.tudelft.nl/a101_displayCourse.do?course_id=61746,No,BSc,"Elektrotechniek, Wiskunde en Informatica",[],,,
FALSE,AM1070,Analysis 2,https://studiegids.tudelft.nl/a101_displayCourse.do?course_id=61741,No,BSc,"Electrical Engineering, Mathematics and Computer Science",[],,,
FALSE,AM1080,Introduction to Probability Theory,https://studiegids.tudelft.nl/a101_displayCourse.do?course_id=61742,No,BSc,"Elektrotechniek, Wiskunde en Informatica",[],,,
FALSE,AM1090,Introduction to Programming,https://studiegids.tudelft.nl/a101_displayCourse.do?course_id=61745,No,BSc,"Elektrotechniek, Wiskunde en Informatica",[],,,
FALSE,AM2010,Linear Algebra 2,https://studiegids.tudelft.nl/a101_displayCourse.do?course_id=61756,No,BSc,"Electrical Engineering, Mathematics and Computer Science",[],,,
FALSE,AM2020,Optimization,https://studiegids.tudelft.nl/a101_displayCourse.do?course_id=61752,No,BSc,"Electrical Engineering, Mathematics and Computer Science",[],,,
FALSE,AM2030,Ordinary Differential Equations,https://studiegids.tudelft.nl/a101_displayCourse.do?course_id=61758,No,BSc,"Electrical Engineering, Mathematics and Computer Science",[],,,
FALSE,AM2040,Complex Function Theory,https://studiegids.tudelft.nl/a101_displayCourse.do?course_id=61755,No,BSc,"Elektrotechniek, Wiskunde en Informatica",[],,,
FALSE,AM2050-A,Modelling 2A,https://studiegids.tudelft.nl/a101_displayCourse.do?course_id=61753,No,BSc,"Electrical Engineering, Mathematics and Computer Science",[],,,
FALSE,AM2050-B,Modelling 2B,https://studiegids.tudelft.nl/a101_displayCourse.do?course_id=61760,No,BSc,"Electrical Engineering, Mathematics and Computer Science",[],,,
FALSE,AM2060,Numerical Methods 1,https://studiegids.tudelft.nl/a101_displayCourse.do?course_id=61759,No,BSc,"Electrical Engineering, Mathematics and Computer Science",[],,,
FALSE,AM2070,Partial Differential Equations,https://studiegids.tudelft.nl/a101_displayCourse.do?course_id=61754,No,BSc,"Electrical Engineering, Mathematics and Computer Science",[],,,
FALSE,AM2080,Introduction to Statistics,https://studiegids.tudelft.nl/a101_displayCourse.do?course_id=61751,No,BSc,"Electrical Engineering, Mathematics and Computer Science",[],,,
FALSE,AM2090,Real Analysis,https://studiegids.tudelft.nl/a101_displayCourse.do?course_id=61757,No,BSc,"Electrical Engineering, Mathematics and Computer Science",[],,,
FALSE,AM2510,Decision Theory,https://studiegids.tudelft.nl/a101_displayCourse.do?course_id=61765,No,BSc,"Electrical Engineering, Mathematics and Computer Science",[],,,
FALSE,AM2520-H,History of Mathematics,https://studiegids.tudelft.nl/a101_displayCourse.do?course_id=61767,No,BSc,"Electrical Engineering, Mathematics and Computer Science",[],,,
FALSE,AM2520-P,Philosophy of Mathematics,https://studiegids.tudelft.nl/a101_displayCourse.do?course_id=61761,No,BSc,"Electrical Engineering, Mathematics and Computer Science",[],,,
FALSE,AM2530,Systems Theory,https://studiegids.tudelft.nl/a101_displayCourse.do?course_id=61762,No,BSc,"Electrical Engineering, Mathematics and Computer Science",[],,,
FALSE,AM2550,Advanced Statistics,https://studiegids.tudelft.nl/a101_displayCourse.do?course_id=61766,No,BSc,"Electrical Engineering, Mathematics and Computer Science",[],,,
FALSE,AM2560,Applied Algebra: Codes,https://studiegids.tudelft.nl/a101_displayCourse.do?course_id=61764,No,BSc,"Electrical Engineering, Mathematics and Computer Science",[],,,
FALSE,AM2570,Markov Processes,https://studiegids.tudelft.nl/a101_displayCourse.do?course_id=61763,No,BSc,"Electrical Engineering, Mathematics and Computer Science",[],,,
FALSE,AM3000,Bachelor Project,https://studiegids.tudelft.nl/a101_displayCourse.do?course_id=61768,No,BSc,"Elektrotechniek, Wiskunde en Informatica",[],,,
FALSE,AM3500,Mathematics Seminar,https://studiegids.tudelft.nl/a101_displayCourse.do?course_id=61777,No,BSc,"Electrical Engineering, Mathematics and Computer Science",[],,,
FALSE,AM3510,Mathematical Physical Models,https://studiegids.tudelft.nl/a101_displayCourse.do?course_id=61776,No,BSc,"Electrical Engineering, Mathematics and Computer Science",[],,,
FALSE,AM3520,Logic,https://studiegids.tudelft.nl/a101_displayCourse.do?course_id=61770,No,BSc,"Electrical Engineering, Mathematics and Computer Science",[],,,
FALSE,AM3530,Numerical Methods 2,https://studiegids.tudelft.nl/a101_displayCourse.do?course_id=61774,No,BSc,"Electrical Engineering, Mathematics and Computer Science",[],,,
FALSE,AM3550,Graph Theory,https://studiegids.tudelft.nl/a101_displayCourse.do?course_id=61772,No,BSc,"Electrical Engineering, Mathematics and Computer Science",[],,,
FALSE,AM3560,Advanced Probability,https://studiegids.tudelft.nl/a101_displayCourse.do?course_id=61773,No,BSc,"Electrical Engineering, Mathematics and Computer Science",[],,,
FALSE,AM3570,Fourier Analysis,https://studiegids.tudelft.nl/a101_displayCourse.do?course_id=61771,No,BSc,"Electrical Engineering, Mathematics and Computer Science",[],,,
FALSE,AM3580,Differential Geometry,https://studiegids.tudelft.nl/a101_displayCourse.do?course_id=61775,No,BSc,"Electrical Engineering, Mathematics and Computer Science",[],,,
FALSE,AM3590,Topology,https://studiegids.tudelft.nl/a101_displayCourse.do?course_id=61769,No,BSc,"Electrical Engineering, Mathematics and Computer Science",[],,,
FALSE,CESE4000,Software Fundamentals,https://studiegids.tudelft.nl/a101_displayCourse.do?course_id=63215,No,MSc,"Electrical Engineering, Mathematics and Computer Science",[],,,
FALSE,CESE4005,Hardware Fundamentals,https://studiegids.tudelft.nl/a101_displayCourse.do?course_id=63216,No,MSc,"Electrical Engineering, Mathematics and Computer Science",[],,,
FALSE,CESE4010,Advanced Computing Systems,https://studiegids.tudelft.nl/a101_displayCourse.do?course_id=63217,No,MSc,"Electrical Engineering, Mathematics and Computer Science",[],,,
FALSE,CESE4015,Software Systems,https://studiegids.tudelft.nl/a101_displayCourse.do?course_id=63218,No,MSc,"Electrical Engineering, Mathematics and Computer Science",[],,,
FALSE,CESE4020,Effective and Responsible Engineering,https://studiegids.tudelft.nl/a101_displayCourse.do?course_id=63219,No,MSc,"Electrical Engineering, Mathematics and Computer Science",[],,,
FALSE,CESE4025,Real-time Systems,https://studiegids.tudelft.nl/a101_displayCourse.do?course_id=63220,No,MSc,"Electrical Engineering, Mathematics and Computer Science",[],,,
FALSE,CESE4030,Embedded Systems Laboratory,https://studiegids.tudelft.nl/a101_displayCourse.do?course_id=63221,No,MSc,"Electrical Engineering, Mathematics and Computer Science",[],,,
FALSE,CESE4035,Computer Arithmetic,https://studiegids.tudelft.nl/a101_displayCourse.do?course_id=63222,No,MSc,"Electrical Engineering, Mathematics and Computer Science",[],,,
FALSE,CESE4040,Processor Design Project,https://studiegids.tudelft.nl/a101_displayCourse.do?course_id=63224,No,MSc,"Electrical Engineering, Mathematics and Computer Science",[],,,
FALSE,CESE4045,High-performance data networking,https://studiegids.tudelft.nl/a101_displayCourse.do?course_id=63225,No,MSc,"Electrical Engineering, Mathematics and Computer Science",[],,,
FALSE,CESE4050,Measuring and Simulating the Internet,https://studiegids.tudelft.nl/a101_displayCourse.do?course_id=63223,No,MSc,"Electrical Engineering, Mathematics and Computer Science",[],,,
FALSE,CESE4055,Ad hoc and Sensor Networks,https://studiegids.tudelft.nl/a101_displayCourse.do?course_id=63226,No,MSc,"Electrical Engineering, Mathematics and Computer Science",[],,,
FALSE,CESE4060,Wireless IoT and Local Area Networks,https://studiegids.tudelft.nl/a101_displayCourse.do?course_id=63227,No,MSc,"Electrical Engineering, Mathematics and Computer Science",[],,,
FALSE,CESE4065,Advanced Practical I.o.T. and Seminar,https://studiegids.tudelft.nl/a101_displayCourse.do?course_id=63228,No,MSc,"Electrical Engineering, Mathematics and Computer Science",[],,,
FALSE,CESE4075,Supercomputing for Big Data,https://studiegids.tudelft.nl/a101_displayCourse.do?course_id=63229,No,MSc,"Electrical Engineering, Mathematics and Computer Science",[],,,
FALSE,CESE4080,Quantum Computing Architecture and Electronics - Fundamentals and state-of-the-art,https://studiegids.tudelft.nl/a101_displayCourse.do?course_id=63230,No,MSc,"Electrical Engineering, Mathematics and Computer Science",[],,,
FALSE,CESE4085,Modern Computer Architectures,https://studiegids.tudelft.nl/a101_displayCourse.do?course_id=63231,No,MSc,"Electrical Engineering, Mathematics and Computer Science",[],,,
FALSE,CESE4090,Reconfigurable Computing Design,https://studiegids.tudelft.nl/a101_displayCourse.do?course_id=63232,No,MSc,"Electrical Engineering, Mathematics and Computer Science",[],,,
FALSE,CESE4095,System Design with HDLs,https://studiegids.tudelft.nl/a101_displayCourse.do?course_id=63233,No,MSc,"Electrical Engineering, Mathematics and Computer Science",[],,,
FALSE,CS4070,Multivariate Data Analysis,https://studiegids.tudelft.nl/a101_displayCourse.do?course_id=60963,No,MSc,"Electrical Engineering, Mathematics and Computer Science",[],,,
FALSE,CS4090,Quantum Communication and Cryptography,https://studiegids.tudelft.nl/a101_displayCourse.do?course_id=61582,No,MSc,"Electrical Engineering, Mathematics and Computer Science",[],,,
FALSE,CS4090AM,Quantum Communication and Cryptography,https://studiegids.tudelft.nl/a101_displayCourse.do?course_id=61551,No,MSc,"Electrical Engineering, Mathematics and Computer Science",[],,,
FALSE,CS4160,Blockchain Engineering,https://studiegids.tudelft.nl/a101_displayCourse.do?course_id=61594,No,MSc,"Electrical Engineering, Mathematics and Computer Science",[],,,
FALSE,CS4195,Modeling and Data Analysis in Complex Networks,https://studiegids.tudelft.nl/a101_displayCourse.do?course_id=61592,No,MSc,"Electrical Engineering, Mathematics and Computer Science",[],,,
FALSE,CS4200-A,Compiler Construction,https://studiegids.tudelft.nl/a101_displayCourse.do?course_id=61568,No,MSc,"Electrical Engineering, Mathematics and Computer Science",[],,,
FALSE,CS4205,Evolutionary Algorithms,https://studiegids.tudelft.nl/a101_displayCourse.do?course_id=61257,No,MSc,"Electrical Engineering, Mathematics and Computer Science",[],,,
FALSE,CS4210-A,Algorithms for Intelligent Decision Making,https://studiegids.tudelft.nl/a101_displayCourse.do?course_id=61585,No,MSc,"Electrical Engineering, Mathematics and Computer Science",[],,,
FALSE,CS4215,Quantitative Performance Evaluation for Computing Systems,https://studiegids.tudelft.nl/a101_displayCourse.do?course_id=61578,No,MSc,"Electrical Engineering, Mathematics and Computer Science",[],,,
FALSE,CS4220,Machine Learning 1,https://studiegids.tudelft.nl/a101_displayCourse.do?course_id=61543,No,MSc,"Electrical Engineering, Mathematics and Computer Science",[],,,
FALSE,CS4230,Machine Learning 2,https://studiegids.tudelft.nl/a101_displayCourse.do?course_id=61541,No,MSc,"Electrical Engineering, Mathematics and Computer Science",[],,,
FALSE,CS4235,Socio-Cognitive Engineering,https://studiegids.tudelft.nl/a101_displayCourse.do?course_id=61256,No,MSc,"Electrical Engineering, Mathematics and Computer Science",[],,,
FALSE,CS4240,Deep Learning,https://studiegids.tudelft.nl/a101_displayCourse.do?course_id=61010,No,MSc,"Electrical Engineering, Mathematics and Computer Science",[],,,
FALSE,CS4245,Seminar Computer Vision by Deep Learning,https://studiegids.tudelft.nl/a101_displayCourse.do?course_id=61253,No,MSc,"Electrical Engineering, Mathematics and Computer Science",[],,,
FALSE,CS4255,Algorithms for sequence-based Bioinformatics,https://studiegids.tudelft.nl/a101_displayCourse.do?course_id=61645,No,MSc,"Electrical Engineering, Mathematics and Computer Science",[],,,
FALSE,CS4295,Release Engineering for Machine Learning Applications,https://studiegids.tudelft.nl/a101_displayCourse.do?course_id=61258,No,MSc,"Electrical Engineering, Mathematics and Computer Science",[],,,
FALSE,CS4329,Recent topics in bioinformatics,https://studiegids.tudelft.nl/a101_displayCourse.do?course_id=61647,No,MSc,"Electrical Engineering, Mathematics and Computer Science",[],,,
FALSE,CS4375,Artificial Intelligence Techniques,https://studiegids.tudelft.nl/a101_displayCourse.do?course_id=63118,No,MSc,"Electrical Engineering, Mathematics and Computer Science",[],,,
FALSE,CS4400,Deep Reinforcement Learning,https://studiegids.tudelft.nl/a101_displayCourse.do?course_id=61584,No,MSc,"Electrical Engineering, Mathematics and Computer Science",[],,,
FALSE,CS4430,Network Security,https://studiegids.tudelft.nl/a101_displayCourse.do?course_id=61597,No,MSc,"Electrical Engineering, Mathematics and Computer Science",[],,,
FALSE,CSE1100,Object-oriented programming,https://studiegids.tudelft.nl/a101_displayCourse.do?course_id=61470,No,BSc,"Electrical Engineering, Mathematics and Computer Science",[],,,
FALSE,CSE1105,OOP Project,https://studiegids.tudelft.nl/a101_displayCourse.do?course_id=61477,No,BSc,"Electrical Engineering, Mathematics and Computer Science",[],,,
FALSE,CSE1110,Software Quality and Testing,https://studiegids.tudelft.nl/a101_displayCourse.do?course_id=61471,No,BSc,"Electrical Engineering, Mathematics and Computer Science",[],,,
FALSE,CSE1200,Calculus,https://studiegids.tudelft.nl/a101_displayCourse.do?course_id=61478,No,BSc,"Electrical Engineering, Mathematics and Computer Science",[],,,
FALSE,CSE1205,Linear Algebra,https://studiegids.tudelft.nl/a101_displayCourse.do?course_id=61472,No,BSc,"Electrical Engineering, Mathematics and Computer Science",[],,,
FALSE,CSE1210,Probability Theory and Statistics,https://studiegids.tudelft.nl/a101_displayCourse.do?course_id=61479,No,BSc,"Electrical Engineering, Mathematics and Computer Science",[],,,
FALSE,CSE1300,Reasoning and Logic,https://studiegids.tudelft.nl/a101_displayCourse.do?course_id=61473,No,BSc,"Electrical Engineering, Mathematics and Computer Science",[],,,
FALSE,CSE1305,Algorithms and Data Structures,https://studiegids.tudelft.nl/a101_displayCourse.do?course_id=61480,No,BSc,"Electrical Engineering, Mathematics and Computer Science",[],,,
FALSE,CSE1400,Computer Organisation,https://studiegids.tudelft.nl/a101_displayCourse.do?course_id=61474,No,BSc,"Electrical Engineering, Mathematics and Computer Science",[],,,
FALSE,CSE1405,Computer Networks,https://studiegids.tudelft.nl/a101_displayCourse.do?course_id=61481,No,BSc,"Electrical Engineering, Mathematics and Computer Science",[],,,
FALSE,CSE1500,Web and Database Technology,https://studiegids.tudelft.nl/a101_displayCourse.do?course_id=61475,No,BSc,"Electrical Engineering, Mathematics and Computer Science",[],,,
FALSE,CSE1505,Information and Data Management,https://studiegids.tudelft.nl/a101_displayCourse.do?course_id=61482,No,BSc,"Electrical Engineering, Mathematics and Computer Science",[],,,
FALSE,CSE2000,Software Project,https://studiegids.tudelft.nl/a101_displayCourse.do?course_id=61483,No,BSc,"Electrical Engineering, Mathematics and Computer Science",[],,,
FALSE,CSE2115,Software Engineering Methods,https://studiegids.tudelft.nl/a101_displayCourse.do?course_id=61484,No,BSc,"Electrical Engineering, Mathematics and Computer Science",[],,,
FALSE,CSE2120,Concepts of Programming Languages,https://studiegids.tudelft.nl/a101_displayCourse.do?course_id=61485,No,BSc,"Electrical Engineering, Mathematics and Computer Science",[],,,
FALSE,CSE2215,Computer Graphics,https://studiegids.tudelft.nl/a101_displayCourse.do?course_id=61486,No,BSc,"Electrical Engineering, Mathematics and Computer Science",[],,,
FALSE,CSE2310,Algorithm Design,https://studiegids.tudelft.nl/a101_displayCourse.do?course_id=61490,No,BSc,"Electrical Engineering, Mathematics and Computer Science",[],,,
FALSE,CSE2315,"Automata, Computability and Complexity",https://studiegids.tudelft.nl/a101_displayCourse.do?course_id=61491,No,BSc,"Electrical Engineering, Mathematics and Computer Science",[],,,
FALSE,CSE2510,Machine Learning,https://studiegids.tudelft.nl/a101_displayCourse.do?course_id=61495,No,BSc,"Electrical Engineering, Mathematics and Computer Science",[],,,
FALSE,CSE3000,Research Project,https://studiegids.tudelft.nl/a101_displayCourse.do?course_id=61505,No,BSc,"Electrical Engineering, Mathematics and Computer Science",[],,,
FALSE,EE1510AM,Electricity and Magnetism,https://studiegids.tudelft.nl/a101_displayCourse.do?course_id=61750,No,BSc,"Electrical Engineering, Mathematics and Computer Science",[],,,
FALSE,EE1C11,Linear Circuits A,https://studiegids.tudelft.nl/a101_displayCourse.do?course_id=61453,No,BSc,"Electrical Engineering, Mathematics and Computer Science",[],,,
FALSE,EE1C21,Linear Circuits B,https://studiegids.tudelft.nl/a101_displayCourse.do?course_id=61442,No,BSc,"Electrical Engineering, Mathematics and Computer Science",[],,,
FALSE,EE1C31,Amplifiers and instrumentation,https://studiegids.tudelft.nl/a101_displayCourse.do?course_id=61443,No,BSc,"Electrical Engineering, Mathematics and Computer Science",[],,,
FALSE,EE1D11,Digital Systems A,https://studiegids.tudelft.nl/a101_displayCourse.do?course_id=61444,No,BSc,"Electrical Engineering, Mathematics and Computer Science",[],,,
FALSE,EE1D21,Digital Systems B,https://studiegids.tudelft.nl/a101_displayCourse.do?course_id=61445,No,BSc,"Electrical Engineering, Mathematics and Computer Science",[],,,
FALSE,EE1L11,EPO-1: Booming Bass,https://studiegids.tudelft.nl/a101_displayCourse.do?course_id=61446,No,BSc,"Electrical Engineering, Mathematics and Computer Science",[],,,
FALSE,EE1L21,EPO-2: Smart Robot Challenge,https://studiegids.tudelft.nl/a101_displayCourse.do?course_id=61447,No,BSc,"Electrical Engineering, Mathematics and Computer Science",[],,,
FALSE,EE1M11,Linear Algebra and Analysis A,https://studiegids.tudelft.nl/a101_displayCourse.do?course_id=61448,No,BSc,"Electrical Engineering, Mathematics and Computer Science",[],,,
FALSE,EE1M21,Linear Algebra and Analysis B,https://studiegids.tudelft.nl/a101_displayCourse.do?course_id=61449,No,BSc,"Electrical Engineering, Mathematics and Computer Science",[],,,
FALSE,EE1M31,Probability and Statistics,https://studiegids.tudelft.nl/a101_displayCourse.do?course_id=61450,No,BSc,"Electrical Engineering, Mathematics and Computer Science",[],,,
FALSE,EE1P11,Classical and Quantum Mechanics,https://studiegids.tudelft.nl/a101_displayCourse.do?course_id=61451,No,BSc,"Electrical Engineering, Mathematics and Computer Science",[],,,
FALSE,EE1P21,Electricity and Magnetism,https://studiegids.tudelft.nl/a101_displayCourse.do?course_id=61452,No,BSc,"Electrical Engineering, Mathematics and Computer Science",[],,,
FALSE,EE2C11,Integrated Circuits,https://studiegids.tudelft.nl/a101_displayCourse.do?course_id=61454,No,BSc,"Electrical Engineering, Mathematics and Computer Science",[],,,
FALSE,EE2E11,Electrical Energy Conversion,https://studiegids.tudelft.nl/a101_displayCourse.do?course_id=61465,No,BSc,"Electrical Engineering, Mathematics and Computer Science",[],,,
TRUE,EE2E21,Sustainable Energy Supply,https://studiegids.tudelft.nl/a101_displayCourse.do?course_id=61455,Yes,BSc,"Electrical Engineering, Mathematics and Computer Science","[7, 9, 11, 13]",,,
FALSE,EE2L11,EPO-3: Design a Chip,https://studiegids.tudelft.nl/a101_displayCourse.do?course_id=61456,No,BSc,"Electrical Engineering, Mathematics and Computer Science",[],,,
FALSE,EE2L21,"EPO-4: ""KITT"" autonomous driving challenge",https://studiegids.tudelft.nl/a101_displayCourse.do?course_id=61457,No,BSc,"Electrical Engineering, Mathematics and Computer Science",[],,,
FALSE,EE2M11,Complex Analysis,https://studiegids.tudelft.nl/a101_displayCourse.do?course_id=61458,No,BSc,"Electrical Engineering, Mathematics and Computer Science",[],,,
FALSE,EE2M21,Linear Algebra and Differential Equations,https://studiegids.tudelft.nl/a101_displayCourse.do?course_id=61459,No,BSc,"Electrical Engineering, Mathematics and Computer Science",[],,,
FALSE,EE2S11,Signals and Systems,https://studiegids.tudelft.nl/a101_displayCourse.do?course_id=61460,No,BSc,"Electrical Engineering, Mathematics and Computer Science",[],,,
FALSE,EE2S21,Systems and Control,https://studiegids.tudelft.nl/a101_displayCourse.do?course_id=61461,No,BSc,"Electrical Engineering, Mathematics and Computer Science",[],,,
FALSE,EE2S31,Signal Processing,https://studiegids.tudelft.nl/a101_displayCourse.do?course_id=61462,No,BSc,"Electrical Engineering, Mathematics and Computer Science",[],,,
FALSE,EE2T11,Telecommunications A,https://studiegids.tudelft.nl/a101_displayCourse.do?course_id=61463,No,BSc,"Electrical Engineering, Mathematics and Computer Science",[],,,
FALSE,EE2T21,Telecommunications B,https://studiegids.tudelft.nl/a101_displayCourse.do?course_id=61464,No,BSc,"Electrical Engineering, Mathematics and Computer Science",[],,,
FALSE,EE3C11,Electronics,https://studiegids.tudelft.nl/a101_displayCourse.do?course_id=61466,No,BSc,"Electrical Engineering, Mathematics and Computer Science",[],,,
FALSE,EE3D11,Computer Architecture and Organisation,https://studiegids.tudelft.nl/a101_displayCourse.do?course_id=61467,No,BSc,"Electrical Engineering, Mathematics and Computer Science",[],,,
FALSE,EE3L11,Bachelor graduation project Electrical Engineering,https://studiegids.tudelft.nl/a101_displayCourse.do?course_id=61468,No,BSc,"Electrical Engineering, Mathematics and Computer Science",[],,,
FALSE,EE3P11,Electromagnetics,https://studiegids.tudelft.nl/a101_displayCourse.do?course_id=61469,No,BSc,"Electrical Engineering, Mathematics and Computer Science",[],,,
FALSE,EE4016,Antenna Systems,https://studiegids.tudelft.nl/a101_displayCourse.do?course_id=61704,No,MSc,"Electrical Engineering, Mathematics and Computer Science",[],,,
FALSE,EE4109,Structured Electronic Design,https://studiegids.tudelft.nl/a101_displayCourse.do?course_id=61027,No,MSc,"Electrical Engineering, Mathematics and Computer Science",[],,,
FALSE,EE4111,High-Voltage DC,https://studiegids.tudelft.nl/a101_displayCourse.do?course_id=61685,No,MSc,"Electrical Engineering, Mathematics and Computer Science",[],,,
FALSE,EE4375,Finite Element Modeling for Electrical Energy Applications,https://studiegids.tudelft.nl/a101_displayCourse.do?course_id=61669,No,MSc,"Electrical Engineering, Mathematics and Computer Science",[],,,
FALSE,EE4396,Mobile Networks,https://studiegids.tudelft.nl/a101_displayCourse.do?course_id=61651,No,MSc,"Electrical Engineering, Mathematics and Computer Science",[],,,
FALSE,EE4510,Advanced Electromagnetics,https://studiegids.tudelft.nl/a101_displayCourse.do?course_id=61720,No,MSc,"Electrical Engineering, Mathematics and Computer Science",[],,,
FALSE,EE4515,Advanced Power Electronics,https://studiegids.tudelft.nl/a101_displayCourse.do?course_id=61672,No,MSc,"Electrical Engineering, Mathematics and Computer Science",[],,,
FALSE,EE4520,Analog CMOS design I,https://studiegids.tudelft.nl/a101_displayCourse.do?course_id=61018,No,MSc,"Electrical Engineering, Mathematics and Computer Science",[],,,
FALSE,EE4525,Analog CMOS design II,https://studiegids.tudelft.nl/a101_displayCourse.do?course_id=61707,No,MSc,"Electrical Engineering, Mathematics and Computer Science",[],,,
FALSE,EE4530,Applied Convex Optimization,https://studiegids.tudelft.nl/a101_displayCourse.do?course_id=61688,No,MSc,"Electrical Engineering, Mathematics and Computer Science",[],,,
TRUE,EE4536,DC and AC Microgrids,https://studiegids.tudelft.nl/a101_displayCourse.do?course_id=61670,No,MSc,"Electrical Engineering, Mathematics and Computer Science","[7, 9, 11]",,,
TRUE,EE4545,Electrical Power Systems of the Future,https://studiegids.tudelft.nl/a101_displayCourse.do?course_id=61673,Yes,MSc,"Electrical Engineering, Mathematics and Computer Science","[7, 9, 11, 13]",,,
FALSE,EE4555,Active Implantable Biomedical Microsystems,https://studiegids.tudelft.nl/a101_displayCourse.do?course_id=61036,No,MSc,"Electrical Engineering, Mathematics and Computer Science",[],,,
FALSE,EE4565,Propagation and Scattering of EM waves,https://studiegids.tudelft.nl/a101_displayCourse.do?course_id=61721,No,MSc,"Electrical Engineering, Mathematics and Computer Science",[],,,
FALSE,EE4585,Semiconductor Device Physics,https://studiegids.tudelft.nl/a101_displayCourse.do?course_id=61024,No,MSc,"Electrical Engineering, Mathematics and Computer Science",[],,,
FALSE,EE4595,Wavefield Imaging,https://studiegids.tudelft.nl/a101_displayCourse.do?course_id=61028,No,MSc,"Electrical Engineering, Mathematics and Computer Science",[],,,
FALSE,EE4600,RF / Wireless Concepts and Systems,https://studiegids.tudelft.nl/a101_displayCourse.do?course_id=61694,No,MSc,"Electrical Engineering, Mathematics and Computer Science",[],,,
FALSE,EE4605,Integrated Circuits for RF/Wireless Applications,https://studiegids.tudelft.nl/a101_displayCourse.do?course_id=61696,No,MSc,"Electrical Engineering, Mathematics and Computer Science",[],,,
FALSE,EE4610,Digital IC Design,https://studiegids.tudelft.nl/a101_displayCourse.do?course_id=61695,No,MSc,"Electrical Engineering, Mathematics and Computer Science",[],,,
FALSE,EE4615,Digital IC Design II,https://studiegids.tudelft.nl/a101_displayCourse.do?course_id=61703,No,MSc,"Electrical Engineering, Mathematics and Computer Science",[],,,
FALSE,EE4620,Spectral Domain Methods in Electromagnetics,https://studiegids.tudelft.nl/a101_displayCourse.do?course_id=61726,No,MSc,"Electrical Engineering, Mathematics and Computer Science",[],,,
FALSE,EE4625,High Voltage Cable System,https://studiegids.tudelft.nl/a101_displayCourse.do?course_id=61671,No,MSc,"Electrical Engineering, Mathematics and Computer Science",[],,,
FALSE,EE4630,Telecommunication Network Architectures,https://studiegids.tudelft.nl/a101_displayCourse.do?course_id=61727,No,MSc,"Electrical Engineering, Mathematics and Computer Science",[],,,
FALSE,EE4650,Advanced Magnetic Resonance Imaging,https://studiegids.tudelft.nl/a101_displayCourse.do?course_id=61706,No,MSc,"Electrical Engineering, Mathematics and Computer Science",[],,,
FALSE,EE4655,Co-simulation of Energy Systems,https://studiegids.tudelft.nl/a101_displayCourse.do?course_id=61683,No,MSc,"Electrical Engineering, Mathematics and Computer Science",[],,,
TRUE,EE4665,Uncertainty modelling and risk assessment in electrical power systems,https://studiegids.tudelft.nl/a101_displayCourse.do?course_id=61684,Yes,MSc,"Electrical Engineering, Mathematics and Computer Science",[],,,
TRUE,EE4670,PV Materials Processing and Characterization,https://studiegids.tudelft.nl/a101_displayCourse.do?course_id=61690,No,MSc,"Electrical Engineering, Mathematics and Computer Science","[7, 9, 11]",,,
FALSE,EE4675,Object classification with radar,https://studiegids.tudelft.nl/a101_displayCourse.do?course_id=61724,No,MSc,"Electrical Engineering, Mathematics and Computer Science",[],,,
TRUE,EE4680,Photovoltaic Modelling,https://studiegids.tudelft.nl/a101_displayCourse.do?course_id=61668,No,MSc,"Electrical Engineering, Mathematics and Computer Science","[7, 9, 11, 13]",,,
FALSE,EE4685,"Machine Learning, a Bayesian Perspective",https://studiegids.tudelft.nl/a101_displayCourse.do?course_id=61542,No,MSc,"Electrical Engineering, Mathematics and Computer Science",[],,,
FALSE,EE4690,Hardware Architectures for Artificial Intelligence,https://studiegids.tudelft.nl/a101_displayCourse.do?course_id=61698,No,MSc,"Electrical Engineering, Mathematics and Computer Science",[],,,
FALSE,EE4695,Hardware Dependability,https://studiegids.tudelft.nl/a101_displayCourse.do?course_id=63734,No,MSc,"Electrical Engineering, Mathematics and Computer Science",[],,,
FALSE,EE4700,"Modelling, Algorithms and Data Structures",https://studiegids.tudelft.nl/a101_displayCourse.do?course_id=63821,No,MSc,"Electrical Engineering, Mathematics and Computer Science",[],,,
FALSE,EE4705,Solid State Physics,https://studiegids.tudelft.nl/a101_displayCourse.do?course_id=61717,No,MSc,"Electrical Engineering, Mathematics and Computer Science",[],,,
FALSE,EE4710,Solid State Physics with Quantum and Nano Electronics,https://studiegids.tudelft.nl/a101_displayCourse.do?course_id=61697,No,MSc,"Electrical Engineering, Mathematics and Computer Science",[],,,
FALSE,EE4715,Array Processing,https://studiegids.tudelft.nl/a101_displayCourse.do?course_id=61614,No,MSc,"Electrical Engineering, Mathematics and Computer Science",[],,,
FALSE,EE4725,Quasi Optical Systems,https://studiegids.tudelft.nl/a101_displayCourse.do?course_id=61723,No,MSc,"Electrical Engineering, Mathematics and Computer Science",[],,,
TRUE,EE4730,High Frequency Wireless Architectures,https://studiegids.tudelft.nl/a101_displayCourse.do?course_id=61722,No,MSc,"Electrical Engineering, Mathematics and Computer Science",,,,
FALSE,EE4736,Introduction Imaging Sensors,https://studiegids.tudelft.nl/a101_displayCourse.do?course_id=63058,No,MSc,"Electrical Engineering, Mathematics and Computer Science",[],,,
FALSE,EE4740,Data Compression: Entropy and Sparsity Perspectives,https://studiegids.tudelft.nl/a101_displayCourse.do?course_id=63091,No,MSc,"Electrical Engineering, Mathematics and Computer Science",[],,,
FALSE,EE4745,Superconducting Astronomical Instrumentation,https://studiegids.tudelft.nl/a101_displayCourse.do?course_id=63059,No,MSc,"Electrical Engineering, Mathematics and Computer Science",[],,,
TRUE,EE4750,Tensor Networks for Green AI and Signal Processing,https://studiegids.tudelft.nl/a101_displayCourse.do?course_id=63090,Yes,MSc,"Electrical Engineering, Mathematics and Computer Science",[],,,
FALSE,EE4C01,Profile Orientation and Academic Skills,https://studiegids.tudelft.nl/a101_displayCourse.do?course_id=61019,No,MSc,"Electrical Engineering, Mathematics and Computer Science",[],,,
FALSE,EE4C03,Statistical Digital Signal Processing and Modeling,https://studiegids.tudelft.nl/a101_displayCourse.do?course_id=61025,No,MSc,"Electrical Engineering, Mathematics and Computer Science",[],,,
FALSE,EE4C04,Control System Design,https://studiegids.tudelft.nl/a101_displayCourse.do?course_id=61662,No,MSc,"Electrical Engineering, Mathematics and Computer Science",[],,,
FALSE,EE4C05,Electromagnetics,https://studiegids.tudelft.nl/a101_displayCourse.do?course_id=61663,No,MSc,"Electrical Engineering, Mathematics and Computer Science",[],,,
FALSE,EE4C06,Networking,https://studiegids.tudelft.nl/a101_displayCourse.do?course_id=61577,No,MSc,"Electrical Engineering, Mathematics and Computer Science",[],,,
FALSE,EE4C08,Measurement and Instrumentation,https://studiegids.tudelft.nl/a101_displayCourse.do?course_id=61042,No,MSc,"Electrical Engineering, Mathematics and Computer Science",[],,,
FALSE,EE4C10,Analog Circuit Design Fundamentals,https://studiegids.tudelft.nl/a101_displayCourse.do?course_id=61029,No,MSc,"Electrical Engineering, Mathematics and Computer Science",[],,,
FALSE,EE4C11,Systems Engineering,https://studiegids.tudelft.nl/a101_displayCourse.do?course_id=63089,No,MSc,"Electrical Engineering, Mathematics and Computer Science",[],,,
FALSE,EE4C12,Machine Learning for Electrical Engineering,https://studiegids.tudelft.nl/a101_displayCourse.do?course_id=63039,No,MSc,"Electrical Engineering, Mathematics and Computer Science",[],,,
FALSE,EE5010,Internship 10-15 ECTS,https://studiegids.tudelft.nl/a101_displayCourse.do?course_id=61733,No,MSc,"Electrical Engineering, Mathematics and Computer Science",[],,,
FALSE,EE5015,Internship EWEM,https://studiegids.tudelft.nl/a101_displayCourse.do?course_id=61737,No,MSc,"Electrical Engineering, Mathematics and Computer Science",[],,,
FALSE,EE5020,Sensor Signal and Data Processing,https://studiegids.tudelft.nl/a101_displayCourse.do?course_id=61729,No,MSc,"Electrical Engineering, Mathematics and Computer Science",[],,,
FALSE,ES5000,Final Project,https://studiegids.tudelft.nl/a101_displayCourse.do?course_id=63638,No,MSc,"Electrical Engineering, Mathematics and Computer Science",[],,,
FALSE,ET3033TU,Circuit Analysis,https://studiegids.tudelft.nl/a101_displayCourse.do?course_id=61138,No,BSc,"Electrical Engineering, Mathematics and Computer Science",[],,,
TRUE,ET3034TU,Solar Energy,https://studiegids.tudelft.nl/a101_displayCourse.do?course_id=61141,Yes,BSc,"Electrical Engineering, Mathematics and Computer Science","[7, 13]",,,
FALSE,ET3604LR,Electronic Circuits,https://studiegids.tudelft.nl/a101_displayCourse.do?course_id=61823,No,BSc,"Electrical Engineering, Mathematics and Computer Science",[],,,
FALSE,ET4030,Error Correcting Codes,https://studiegids.tudelft.nl/a101_displayCourse.do?course_id=61532,No,MSc,"Electrical Engineering, Mathematics and Computer Science",[],,,
FALSE,ET4034,Telecom Business Architectures and Models,https://studiegids.tudelft.nl/a101_displayCourse.do?course_id=61650,No,MSc,"Electrical Engineering, Mathematics and Computer Science",[],,,
FALSE,ET4103,High Voltage Technology,https://studiegids.tudelft.nl/a101_displayCourse.do?course_id=61665,No,MSc,"Electrical Engineering, Mathematics and Computer Science",[],,,
FALSE,ET4107,Power Systems Analysis II,https://studiegids.tudelft.nl/a101_displayCourse.do?course_id=61675,No,MSc,"Electrical Engineering, Mathematics and Computer Science",[],,,
FALSE,ET4108,Transients in Power Systems,https://studiegids.tudelft.nl/a101_displayCourse.do?course_id=61667,No,MSc,"Electrical Engineering, Mathematics and Computer Science",[],,,
FALSE,ET4113,Power System Dynamics,https://studiegids.tudelft.nl/a101_displayCourse.do?course_id=61676,No,MSc,"Electrical Engineering, Mathematics and Computer Science",[],,,
FALSE,ET4114,Power System Grounding and Protection,https://studiegids.tudelft.nl/a101_displayCourse.do?course_id=61677,No,MSc,"Electrical Engineering, Mathematics and Computer Science",[],,,
FALSE,ET4116,Power Electronics,https://studiegids.tudelft.nl/a101_displayCourse.do?course_id=61678,No,MSc,"Electrical Engineering, Mathematics and Computer Science",[],,,
FALSE,ET4117,Electrical Machines and Drives,https://studiegids.tudelft.nl/a101_displayCourse.do?course_id=60886,No,MSc,"Electrical Engineering, Mathematics and Computer Science",[],,,
TRUE,ET4119,Electronic Power Conversion,https://studiegids.tudelft.nl/a101_displayCourse.do?course_id=61666,No,MSc,"Electrical Engineering, Mathematics and Computer Science","[7, 9, 11]",,,
FALSE,ET4121,A.C. Machines,https://studiegids.tudelft.nl/a101_displayCourse.do?course_id=61679,No,MSc,"Electrical Engineering, Mathematics and Computer Science",[],,,
FALSE,ET4127,Themes in Biomedical Electronics,https://studiegids.tudelft.nl/a101_displayCourse.do?course_id=61037,No,MSc,"Electrical Engineering, Mathematics and Computer Science",[],,,
FALSE,ET4130,Bioelectricity,https://studiegids.tudelft.nl/a101_displayCourse.do?course_id=61041,No,MSc,"Electrical Engineering, Mathematics and Computer Science",[],,,
FALSE,ET4145,Power Electronic Components,https://studiegids.tudelft.nl/a101_displayCourse.do?course_id=61674,No,MSc,"Electrical Engineering, Mathematics and Computer Science",[],,,
FALSE,ET4169,Radar I: From Basic Principles to Applications,https://studiegids.tudelft.nl/a101_displayCourse.do?course_id=60637,No,MSc,"Electrical Engineering, Mathematics and Computer Science",[],,,
FALSE,ET4173,"Introduction to UWB technology, systems and applications",https://studiegids.tudelft.nl/a101_displayCourse.do?course_id=61705,No,MSc,"Electrical Engineering, Mathematics and Computer Science",[],,,
FALSE,ET4175,Radar II: Theory and System Design,https://studiegids.tudelft.nl/a101_displayCourse.do?course_id=61730,No,MSc,"Electrical Engineering, Mathematics and Computer Science",[],,,
FALSE,ET4252,Analog Integrated Circuit Design,https://studiegids.tudelft.nl/a101_displayCourse.do?course_id=61020,No,MSc,"Electrical Engineering, Mathematics and Computer Science",[],,,
FALSE,ET4257,Sensors and Actuators,https://studiegids.tudelft.nl/a101_displayCourse.do?course_id=60896,No,MSc,"Electrical Engineering, Mathematics and Computer Science",[],,,
FALSE,ET4260,Microsystem Integration,https://studiegids.tudelft.nl/a101_displayCourse.do?course_id=60887,No,MSc,"Electrical Engineering, Mathematics and Computer Science",[],,,
FALSE,ET4277,Microelectronics Reliability,https://studiegids.tudelft.nl/a101_displayCourse.do?course_id=60897,No,MSc,"Electrical Engineering, Mathematics and Computer Science",[],,,
FALSE,ET4278,Over-Sampled Data Converters,https://studiegids.tudelft.nl/a101_displayCourse.do?course_id=61702,No,MSc,"Electrical Engineering, Mathematics and Computer Science",[],,,
FALSE,ET4289,Integrated Circuits and MEMS Technology,https://studiegids.tudelft.nl/a101_displayCourse.do?course_id=60888,No,MSc,"Electrical Engineering, Mathematics and Computer Science",[],,,
FALSE,ET4291,Control of Electrical Drives,https://studiegids.tudelft.nl/a101_displayCourse.do?course_id=61680,No,MSc,"Electrical Engineering, Mathematics and Computer Science",[],,,
FALSE,ET4291SET,Digital modelling of electric powertrain,https://studiegids.tudelft.nl/a101_displayCourse.do?course_id=61880,No,MSc,"Electrical Engineering, Mathematics and Computer Science",[],,,
FALSE,ET4300,Master Thesis,https://studiegids.tudelft.nl/a101_displayCourse.do?course_id=61692,No,MSc,"Electrical Engineering, Mathematics and Computer Science",[],,,
FALSE,ET4351,Digital VLSI Systems on Chip,https://studiegids.tudelft.nl/a101_displayCourse.do?course_id=61699,No,MSc,"Electrical Engineering, Mathematics and Computer Science",[],,,
FALSE,ET4358,Fundamentals of Wireless Communications,https://studiegids.tudelft.nl/a101_displayCourse.do?course_id=61719,No,MSc,"Electrical Engineering, Mathematics and Computer Science",[],,,
FALSE,ET4362,High Speed Digital Design for Embedded Systems,https://studiegids.tudelft.nl/a101_displayCourse.do?course_id=61715,No,MSc,"Electrical Engineering, Mathematics and Computer Science",[],,,
FALSE,ET4369,Nyquist-Rate Data Converters,https://studiegids.tudelft.nl/a101_displayCourse.do?course_id=61711,No,MSc,"Electrical Engineering, Mathematics and Computer Science",[],,,
FALSE,ET4371,Mixed-mode Wireless transceivers,https://studiegids.tudelft.nl/a101_displayCourse.do?course_id=61710,No,MSc,"Electrical Engineering, Mathematics and Computer Science",[],,,
TRUE,ET4376,Photovoltaic Basics,https://studiegids.tudelft.nl/a101_displayCourse.do?course_id=61090,Yes,MSc,"Electrical Engineering, Mathematics and Computer Science","[7, 9, 11, 13]",,,
TRUE,ET4377,Photovoltaic Technologies,https://studiegids.tudelft.nl/a101_displayCourse.do?course_id=61091,Yes,MSc,"Electrical Engineering, Mathematics and Computer Science","[7, 9, 11, 13]",,,
TRUE,ET4378,Photovoltaic Systems,https://studiegids.tudelft.nl/a101_displayCourse.do?course_id=61682,Yes,MSc,"Electrical Engineering, Mathematics and Computer Science","[7, 9, 11]",,,
TRUE,ET4379,Photovoltaic Lab Course,https://studiegids.tudelft.nl/a101_displayCourse.do?course_id=61687,No,MSc,"Electrical Engineering, Mathematics and Computer Science","[7, 9, 13]",,,
FALSE,ET4382,Power conversion techniques in CMOS technology,https://studiegids.tudelft.nl/a101_displayCourse.do?course_id=61709,No,MSc,"Electrical Engineering, Mathematics and Computer Science",[],,,
FALSE,ET4386,Estimation and Detection,https://studiegids.tudelft.nl/a101_displayCourse.do?course_id=61021,No,MSc,"Electrical Engineering, Mathematics and Computer Science",[],,,
FALSE,ET4391,Advanced Microelectronics packaging,https://studiegids.tudelft.nl/a101_displayCourse.do?course_id=60898,No,MSc,"Electrical Engineering, Mathematics and Computer Science",[],,,
FALSE,ET4399,Extra Project (max. 15EC),https://studiegids.tudelft.nl/a101_displayCourse.do?course_id=61026,No,MSc,"Electrical Engineering, Mathematics and Computer Science",[],,,
FALSE,ET4icp,IC-Technology Lab,https://studiegids.tudelft.nl/a101_displayCourse.do?course_id=61713,No,MSc,"Electrical Engineering, Mathematics and Computer Science",[],,,
FALSE,ET8011MSC,Structured Electronic Design Laboratory,https://studiegids.tudelft.nl/a101_displayCourse.do?course_id=61700,No,MSc,"Electrical Engineering, Mathematics and Computer Science",[],,,
FALSE,ET8020,High Voltage Testing and Diagnostics,https://studiegids.tudelft.nl/a101_displayCourse.do?course_id=61681,No,MSc,"Electrical Engineering, Mathematics and Computer Science",[],,,
FALSE,IFEEMCS4250,Statistical Learning for Engineers,https://studiegids.tudelft.nl/a101_displayCourse.do?course_id=62719,No,BSc,"Electrical Engineering, Mathematics and Computer Science",[],,,
FALSE,IFEEMCS520200,Interdisciplinary Advanced Artificial Intelligence Project,https://studiegids.tudelft.nl/a101_displayCourse.do?course_id=63121,No,BSc,"Electrical Engineering, Mathematics and Computer Science",[],,,
FALSE,IN4049TU,Introduction to High Performance Computing,https://studiegids.tudelft.nl/a101_displayCourse.do?course_id=61521,No,MSc,"Electrical Engineering, Mathematics and Computer Science",[],,,
FALSE,IN4089,Data Visualization,https://studiegids.tudelft.nl/a101_displayCourse.do?course_id=60642,No,MSc,"Electrical Engineering, Mathematics and Computer Science",[],,,
FALSE,IN4150,Distributed Algorithms,https://studiegids.tudelft.nl/a101_displayCourse.do?course_id=61571,No,MSc,"Electrical Engineering, Mathematics and Computer Science",[],,,
FALSE,IN4191,Security and Cryptography,https://studiegids.tudelft.nl/a101_displayCourse.do?course_id=61572,No,MSc,"Electrical Engineering, Mathematics and Computer Science",[],,,
FALSE,IN4252,Web Science & Engineering,https://studiegids.tudelft.nl/a101_displayCourse.do?course_id=60628,No,MSc,"Electrical Engineering, Mathematics and Computer Science",[],,,
FALSE,IN4254,Smart Phone Sensing,https://studiegids.tudelft.nl/a101_displayCourse.do?course_id=61605,No,MSc,"Electrical Engineering, Mathematics and Computer Science",[],,,
FALSE,IN4302TU,Building Serious Games,https://studiegids.tudelft.nl/a101_displayCourse.do?course_id=60615,No,BSc,"Electrical Engineering, Mathematics and Computer Science",[],,,
FALSE,IN4307,Medical Visualization,https://studiegids.tudelft.nl/a101_displayCourse.do?course_id=61048,No,MSc,"Electrical Engineering, Mathematics and Computer Science",[],,,
FALSE,IN4314,Seminar Selected Topics in Multimedia Computing,https://studiegids.tudelft.nl/a101_displayCourse.do?course_id=61618,No,MSc,"Electrical Engineering, Mathematics and Computer Science",[],,,
FALSE,IN4315,Software Architecture,https://studiegids.tudelft.nl/a101_displayCourse.do?course_id=61567,No,MSc,"Electrical Engineering, Mathematics and Computer Science",[],,,
TRUE,IN4325,Information Retrieval,https://studiegids.tudelft.nl/a101_displayCourse.do?course_id=60616,No,MSc,"Electrical Engineering, Mathematics and Computer Science",,,,
FALSE,IN4341,Performance Analysis,https://studiegids.tudelft.nl/a101_displayCourse.do?course_id=61580,No,MSc,"Electrical Engineering, Mathematics and Computer Science",[],,,
FALSE,IN4344,Advanced Algorithms,https://studiegids.tudelft.nl/a101_displayCourse.do?course_id=61574,No,MSc,"Electrical Engineering, Mathematics and Computer Science",[],,,
FALSE,IN4350,Embedded Computer Architectures 2,https://studiegids.tudelft.nl/a101_displayCourse.do?course_id=63733,No,MSc,"Electrical Engineering, Mathematics and Computer Science",[],,,
TRUE,SET3013,Renewable Energy,https://studiegids.tudelft.nl/a101_displayCourse.do?course_id=61094,Yes,MSc,"Electrical Engineering, Mathematics and Computer Science","[7, 9, 13]",,,
TRUE,SET3055,Economics and Regulations of Sustainable Energy Systems,https://studiegids.tudelft.nl/a101_displayCourse.do?course_id=61095,Yes,MSc,"Electrical Engineering, Mathematics and Computer Science","[7, 9, 11]",,,
TRUE,SET3060,Energy Systems Optimization,https://studiegids.tudelft.nl/a101_displayCourse.do?course_id=61869,Yes,MSc,"Electrical Engineering, Mathematics and Computer Science","[7, 9, 13]",,,
TRUE,SET3065,Intelligent Electrical Power Grids,https://studiegids.tudelft.nl/a101_displayCourse.do?course_id=61689,Yes,MSc,"Electrical Engineering, Mathematics and Computer Science","[7, 9, 11]",,,
TRUE,SET3070,Thermochemistry of Biomass Conversion,https://studiegids.tudelft.nl/a101_displayCourse.do?course_id=60871,Yes,MSc,"Electrical Engineering, Mathematics and Computer Science","[7, 9, 12, 13]",,,
TRUE,SET3080,The Necessity of Storage Technology,https://studiegids.tudelft.nl/a101_displayCourse.do?course_id=61872,Yes,MSc,"Electrical Engineering, Mathematics and Computer Science","[7, 9, 11]",,,
TRUE,SET3085,Hydrogen Technology,https://studiegids.tudelft.nl/a101_displayCourse.do?course_id=61873,Yes,MSc,"Electrical Engineering, Mathematics and Computer Science","[7, 9, 13]",,,
TRUE,SET3095,Electronic Power Conversion,https://studiegids.tudelft.nl/a101_displayCourse.do?course_id=61874,Yes,MSc,"Electrical Engineering, Mathematics and Computer Science","[7, 9, 13]",,,
TRUE,SET3100,Electric vehicle and charging technology,https://studiegids.tudelft.nl/a101_displayCourse.do?course_id=61686,Yes,MSc,"Electrical Engineering, Mathematics and Computer Science","[7, 9, 11, 13]",,,
TRUE,SET3311,Green Chemistry and Sustainable Technology,https://studiegids.tudelft.nl/a101_displayCourse.do?course_id=61876,Yes,MSc,"Electrical Engineering, Mathematics and Computer Science","[9, 12, 13]",,,
FALSE,SET3815-M,Matlab Fundamentals,https://studiegids.tudelft.nl/a101_displayCourse.do?course_id=61867,No,MSc,"Electrical Engineering, Mathematics and Computer Science",[],,,
TRUE,SET3815-Pr,System Integration Project,https://studiegids.tudelft.nl/a101_displayCourse.do?course_id=61868,Yes,MSc,"Electrical Engineering, Mathematics and Computer Science","[7, 9, 11, 12]",,,
TRUE,SET3822,Internship SET,https://studiegids.tudelft.nl/a101_displayCourse.do?course_id=61881,Yes,MSc,"Electrical Engineering, Mathematics and Computer Science","[7, 9, 11, 13]",,,
FALSE,SET3901,Graduation Project,https://studiegids.tudelft.nl/a101_displayCourse.do?course_id=61870,No,MSc,"Electrical Engineering, Mathematics and Computer Science",[],,,
TRUE,SET3995,Direct Use of Geothermal Energy,https://studiegids.tudelft.nl/a101_displayCourse.do?course_id=63214,Yes,MSc,"Electrical Engineering, Mathematics and Computer Science","[7, 9, 13]",,,
FALSE,TI1520AM,Algorithms and Data Structures,https://studiegids.tudelft.nl/a101_displayCourse.do?course_id=61749,No,BSc,"Electrical Engineering, Mathematics and Computer Science",[],,,
FALSE,TI3105TU,Intermediate Python Programming,https://studiegids.tudelft.nl/a101_displayCourse.do?course_id=61136,No,BSc,"Electrical Engineering, Mathematics and Computer Science",[],,,
FALSE,TI3111TU,Algorithms and Data Structures,https://studiegids.tudelft.nl/a101_displayCourse.do?course_id=61845,No,BSc,"Electrical Engineering, Mathematics and Computer Science",[],,,
FALSE,TI3115TU,Software Engineering Methods,https://studiegids.tudelft.nl/a101_displayCourse.do?course_id=61132,No,BSc,"Electrical Engineering, Mathematics and Computer Science",[],,,
TRUE,TI3140TU,Introduction to Responsible AI Engineering,https://studiegids.tudelft.nl/a101_displayCourse.do?course_id=61852,Yes,Minor,"Electrical Engineering, Mathematics and Computer Science","[4, 9, 16]",,,
FALSE,TI3145TU,Machine Learning and Introduction to AI,https://studiegids.tudelft.nl/a101_displayCourse.do?course_id=61850,No,Minor,"Electrical Engineering, Mathematics and Computer Science",[],,,
FALSE,TI3150TU,Capstone Applied AI project,https://studiegids.tudelft.nl/a101_displayCourse.do?course_id=61851,No,Minor,"Electrical Engineering, Mathematics and Computer Science",[],,,
FALSE,TW3720TU,Object Oriented Scientific Programming C++,https://studiegids.tudelft.nl/a101_displayCourse.do?course_id=60844,No,BSc,"Electrical Engineering, Mathematics and Computer Science",[],,,
FALSE,WI1402LR,Calculus II,https://studiegids.tudelft.nl/a101_displayCourse.do?course_id=62236,No,BSc,"Electrical Engineering, Mathematics and Computer Science",[],,,
FALSE,WI1403LR,Linear Algebra,https://studiegids.tudelft.nl/a101_displayCourse.do?course_id=62237,No,BSc,"Electrical Engineering, Mathematics and Computer Science",[],,,
FALSE,WI1421LR,Calculus I,https://studiegids.tudelft.nl/a101_displayCourse.do?course_id=62238,No,BSc,"Electrical Engineering, Mathematics and Computer Science",[],,,
FALSE,WI2056LR,Systems Theory,https://studiegids.tudelft.nl/a101_displayCourse.do?course_id=62311,No,BSc,"Electrical Engineering, Mathematics and Computer Science",[],,,
FALSE,WI2180LR-I,Differential equations,https://studiegids.tudelft.nl/a101_displayCourse.do?course_id=62262,No,BSc,"Electrical Engineering, Mathematics and Computer Science",[],,,
FALSE,WI2180LR-II,Probability and Statistics,https://studiegids.tudelft.nl/a101_displayCourse.do?course_id=62263,No,BSc,"Electrical Engineering, Mathematics and Computer Science",[],,,
FALSE,WI3150TU,Partial Differential Equations A,https://studiegids.tudelft.nl/a101_displayCourse.do?course_id=61807,No,BSc,"Electrical Engineering, Mathematics and Computer Science",[],,,
FALSE,WI3151TU,Partial Differential Equations B,https://studiegids.tudelft.nl/a101_displayCourse.do?course_id=61808,No,BSc,"Electrical Engineering, Mathematics and Computer Science",[],,,
FALSE,WI4006,Special Functions and Representation Theory,https://studiegids.tudelft.nl/a101_displayCourse.do?course_id=61546,No,MSc,"Electrical Engineering, Mathematics and Computer Science",[],,,
FALSE,WI4011-17,Computational Fluid Dynamics,https://studiegids.tudelft.nl/a101_displayCourse.do?course_id=61516,No,MSc,"Electrical Engineering, Mathematics and Computer Science",[],,,
FALSE,WI4014TU,Numerical Analysis,https://studiegids.tudelft.nl/a101_displayCourse.do?course_id=60872,No,MSc,"Electrical Engineering, Mathematics and Computer Science",[],,,
FALSE,WI4019-SP,Non-linear Differential Equations,https://studiegids.tudelft.nl/a101_displayCourse.do?course_id=60873,No,MSc,"Electrical Engineering, Mathematics and Computer Science",[],,,
FALSE,WI4046,Spectral Theory of Linear Operators,https://studiegids.tudelft.nl/a101_displayCourse.do?course_id=61549,No,MSc,"Electrical Engineering, Mathematics and Computer Science",[],,,
FALSE,WI4050,Uncertainty and Sensitivity Analysis,https://studiegids.tudelft.nl/a101_displayCourse.do?course_id=61537,No,MSc,"Electrical Engineering, Mathematics and Computer Science",[],,,
FALSE,WI4052,Risk Analysis,https://studiegids.tudelft.nl/a101_displayCourse.do?course_id=61526,No,MSc,"Electrical Engineering, Mathematics and Computer Science",[],,,
FALSE,WI4062TU,"Transport, Routing and Scheduling",https://studiegids.tudelft.nl/a101_displayCourse.do?course_id=61002,No,MSc,"Electrical Engineering, Mathematics and Computer Science",[],,,
FALSE,WI4079,Financial Mathematics,https://studiegids.tudelft.nl/a101_displayCourse.do?course_id=61523,No,MSc,"Electrical Engineering, Mathematics and Computer Science",[],,,
FALSE,WI4138,Decision Theory/Expert Judgment,https://studiegids.tudelft.nl/a101_displayCourse.do?course_id=61538,No,MSc,"Electrical Engineering, Mathematics and Computer Science",[],,,
FALSE,WI4154,Computational Finance,https://studiegids.tudelft.nl/a101_displayCourse.do?course_id=61522,No,MSc,"Electrical Engineering, Mathematics and Computer Science",[],,,
FALSE,WI4156(TU),Game theory,https://studiegids.tudelft.nl/a101_displayCourse.do?course_id=61259,No,MSc,"Electrical Engineering, Mathematics and Computer Science",[],,,
FALSE,WI4201,Scientific Computing,https://studiegids.tudelft.nl/a101_displayCourse.do?course_id=61003,No,MSc,"Electrical Engineering, Mathematics and Computer Science",[],,,
FALSE,WI4203,Applied Functional Analysis,https://studiegids.tudelft.nl/a101_displayCourse.do?course_id=61540,No,MSc,"Electrical Engineering, Mathematics and Computer Science",[],,,
FALSE,WI4204,Advanced Modeling,https://studiegids.tudelft.nl/a101_displayCourse.do?course_id=61514,No,MSc,"Electrical Engineering, Mathematics and Computer Science",[],,,
FALSE,WI4205,Applied Finite Elements,https://studiegids.tudelft.nl/a101_displayCourse.do?course_id=61513,No,MSc,"Electrical Engineering, Mathematics and Computer Science",[],,,
FALSE,WI4207,Continuous Optimization,https://studiegids.tudelft.nl/a101_displayCourse.do?course_id=61517,No,MSc,"Electrical Engineering, Mathematics and Computer Science",[],,,
FALSE,WI4209,Systems and Control,https://studiegids.tudelft.nl/a101_displayCourse.do?course_id=61520,No,MSc,"Electrical Engineering, Mathematics and Computer Science",[],,,
FALSE,WI4211,Advanced Topics in Analysis,https://studiegids.tudelft.nl/a101_displayCourse.do?course_id=61550,No,MSc,"Electrical Engineering, Mathematics and Computer Science",[],,,
FALSE,WI4212,Advanced Numerical Methods,https://studiegids.tudelft.nl/a101_displayCourse.do?course_id=61004,No,MSc,"Electrical Engineering, Mathematics and Computer Science",[],,,
FALSE,WI4221,Control of Discrete-Time Stochastic Systems,https://studiegids.tudelft.nl/a101_displayCourse.do?course_id=61005,No,MSc,"Electrical Engineering, Mathematics and Computer Science",[],,,
FALSE,WI4224,Special topics in Financial Engineering,https://studiegids.tudelft.nl/a101_displayCourse.do?course_id=61528,No,MSc,"Electrical Engineering, Mathematics and Computer Science",[],,,
FALSE,WI4226,Advanced System Theory,https://studiegids.tudelft.nl/a101_displayCourse.do?course_id=61006,No,MSc,"Electrical Engineering, Mathematics and Computer Science",[],,,
FALSE,WI4227-14,Discrete Optimisation,https://studiegids.tudelft.nl/a101_displayCourse.do?course_id=60612,No,MSc,"Electrical Engineering, Mathematics and Computer Science",[],,,
FALSE,WI4230,Time Series & Extreme Value Theory,https://studiegids.tudelft.nl/a101_displayCourse.do?course_id=61525,No,MSc,"Electrical Engineering, Mathematics and Computer Science",[],,,
FALSE,WI4260TU,Scientific Programming for Engineers,https://studiegids.tudelft.nl/a101_displayCourse.do?course_id=61007,No,BSc,"Electrical Engineering, Mathematics and Computer Science",[],,,
FALSE,WI4410,Advanced Discrete Optimization,https://studiegids.tudelft.nl/a101_displayCourse.do?course_id=61529,No,MSc,"Electrical Engineering, Mathematics and Computer Science",[],,,
FALSE,WI4425,Financial Markets Theory,https://studiegids.tudelft.nl/a101_displayCourse.do?course_id=61249,No,MSc,"Electrical Engineering, Mathematics and Computer Science",[],,,
FALSE,WI4430,"Martingales, Brownian Motion",https://studiegids.tudelft.nl/a101_displayCourse.do?course_id=61512,No,MSc,"Electrical Engineering, Mathematics and Computer Science",[],,,
FALSE,WI4450,Special Topics in Computational Science and Engineering,https://studiegids.tudelft.nl/a101_displayCourse.do?course_id=61518,No,MSc,"Electrical Engineering, Mathematics and Computer Science",[],,,
FALSE,WI4455,Statistical Inference,https://studiegids.tudelft.nl/a101_displayCourse.do?course_id=61533,No,MSc,"Electrical Engineering, Mathematics and Computer Science",[],,,
FALSE,WI4465,Advanced Topics in Probability,https://studiegids.tudelft.nl/a101_displayCourse.do?course_id=61534,No,MSc,"Electrical Engineering, Mathematics and Computer Science",[],,,
FALSE,WI4475,Data Assimilation,https://studiegids.tudelft.nl/a101_displayCourse.do?course_id=61515,No,MSc,"Electrical Engineering, Mathematics and Computer Science",[],,,
FALSE,WI4480,Internet Seminar on Evolution Equations,https://studiegids.tudelft.nl/a101_displayCourse.do?course_id=61547,No,MSc,"Electrical Engineering, Mathematics and Computer Science",[],,,
FALSE,WI4485,Harmonic Analysis,https://studiegids.tudelft.nl/a101_displayCourse.do?course_id=61548,No,MSc,"Electrical Engineering, Mathematics and Computer Science",[],,,
FALSE,WI4505,Quantitative Risk Management,https://studiegids.tudelft.nl/a101_displayCourse.do?course_id=61524,No,MSc,"Electrical Engineering, Mathematics and Computer Science",[],,,
FALSE,WI4515,Relaxations and Heuristics,https://studiegids.tudelft.nl/a101_displayCourse.do?course_id=61530,No,MSc,"Electrical Engineering, Mathematics and Computer Science",[],,,
FALSE,WI4520,Nonlinear Analysis and Partial Differential Equations,https://studiegids.tudelft.nl/a101_displayCourse.do?course_id=61544,No,MSc,"Electrical Engineering, Mathematics and Computer Science",[],,,
FALSE,WI4525TU,Monte Carlo Simulation and Stochastic Processes,https://studiegids.tudelft.nl/a101_displayCourse.do?course_id=61731,No,BSc,"Electrical Engineering, Mathematics and Computer Science",[],,,
FALSE,WI4614,Stochastic Simulation,https://studiegids.tudelft.nl/a101_displayCourse.do?course_id=61527,No,MSc,"Electrical Engineering, Mathematics and Computer Science",[],,,
FALSE,WI4615,Stochastic Calculus,https://studiegids.tudelft.nl/a101_displayCourse.do?course_id=61536,No,MSc,"Electrical Engineering, Mathematics and Computer Science",[],,,
FALSE,WI4620,Semidefinite Optimization,https://studiegids.tudelft.nl/a101_displayCourse.do?course_id=63246,No,MSc,"Electrical Engineering, Mathematics and Computer Science",[],,,
FALSE,WI4630,Statistical Learning,https://studiegids.tudelft.nl/a101_displayCourse.do?course_id=61511,No,MSc,"Electrical Engineering, Mathematics and Computer Science",[],,,
FALSE,WI4635,Linear Algebra and Optimization for Machine Learning,https://studiegids.tudelft.nl/a101_displayCourse.do?course_id=61519,No,MSc,"Electrical Engineering, Mathematics and Computer Science",[],,,
FALSE,WI4640,High-dimensional Probability,https://studiegids.tudelft.nl/a101_displayCourse.do?course_id=61539,No,MSc,"Electrical Engineering, Mathematics and Computer Science",[],,,
FALSE,WI4645,Introduction to Quantum Information and Computing,https://studiegids.tudelft.nl/a101_displayCourse.do?course_id=61510,No,MSc,"Electrical Engineering, Mathematics and Computer Science",[],,,
FALSE,WI4650,Applied Quantum Algorithms,https://studiegids.tudelft.nl/a101_displayCourse.do?course_id=61553,No,MSc,"Electrical Engineering, Mathematics and Computer Science",[],,,
FALSE,WI4655,Perturbation and Variational Methods for Partial Differential Equations,https://studiegids.tudelft.nl/a101_displayCourse.do?course_id=61509,No,MSc,"Electrical Engineering, Mathematics and Computer Science",[],,,
FALSE,WI4660,Dynamical Systems and Chaos,https://studiegids.tudelft.nl/a101_displayCourse.do?course_id=61545,No,MSc,"Electrical Engineering, Mathematics and Computer Science",[],,,
FALSE,WI4665,Advanced Topics in Statistics,https://studiegids.tudelft.nl/a101_displayCourse.do?course_id=61535,No,MSc,"Electrical Engineering, Mathematics and Computer Science",[],,,
FALSE,WI4670,Extremal Combinatorics,https://studiegids.tudelft.nl/a101_displayCourse.do?course_id=61531,No,MSc,"Electrical Engineering, Mathematics and Computer Science",[],,,
FALSE,WI4675,Introduction to Financial Mathematics,https://studiegids.tudelft.nl/a101_displayCourse.do?course_id=61508,No,MSc,"Electrical Engineering, Mathematics and Computer Science",[],,,
FALSE,WI4771TU,Object Oriented Scientific Programming with C++,https://studiegids.tudelft.nl/a101_displayCourse.do?course_id=61254,No,BSc,"Electrical Engineering, Mathematics and Computer Science",[],,,
FALSE,WI5005,Thesis Project,https://studiegids.tudelft.nl/a101_displayCourse.do?course_id=61562,No,MSc,"Electrical Engineering, Mathematics and Computer Science",[],,,
FALSE,WI5005EXT,"Thesis Project (Extern, with additional internship optional)",https://studiegids.tudelft.nl/a101_displayCourse.do?course_id=61563,No,MSc,"Electrical Engineering, Mathematics and Computer Science",[],,,
FALSE,WI5012,Internship 12 EC,https://studiegids.tudelft.nl/a101_displayCourse.do?course_id=61555,No,MSc,"Electrical Engineering, Mathematics and Computer Science",[],,,
FALSE,WI5118,Internship 18 EC,https://studiegids.tudelft.nl/a101_displayCourse.do?course_id=61556,No,MSc,"Electrical Engineering, Mathematics and Computer Science",[],,,
FALSE,AESB1120-15,Principles of Chemistry & Thermodynamics,https://studiegids.tudelft.nl/a101_displayCourse.do?course_id=62052,No,BSc,Civil Engineering and Geosciences,[],,,
FALSE,AESB1130-21,Geology 1: Basics,https://studiegids.tudelft.nl/a101_displayCourse.do?course_id=62041,No,BSc,Civil Engineering and Geosciences,[],,,
FALSE,AESB1211,Mathematics 1,https://studiegids.tudelft.nl/a101_displayCourse.do?course_id=62062,No,BSc,Civil Engineering and Geosciences,[],,,
FALSE,AESB1213,Probability and Statistics,https://studiegids.tudelft.nl/a101_displayCourse.do?course_id=62067,No,BSc,Civil Engineering and Geosciences,[],,,
FALSE,AESB1230,Geology 2: North West Europe,https://studiegids.tudelft.nl/a101_displayCourse.do?course_id=62055,No,BSc,Civil Engineering and Geosciences,[],,,
TRUE,AESB1243,Grand Challenges and Applied Earth Sciences,https://studiegids.tudelft.nl/a101_displayCourse.do?course_id=63153,Yes,BSc,Civil Engineering and Geosciences,"[4, 9, 11, 12, 13, 15]",,,
FALSE,AESB1320-17,Mechanics,https://studiegids.tudelft.nl/a101_displayCourse.do?course_id=62061,No,BSc,Civil Engineering and Geosciences,[],,,
FALSE,AESB1411,Linear Algebra,https://studiegids.tudelft.nl/a101_displayCourse.do?course_id=63013,No,BSc,Civil Engineering and Geosciences,[],,,
FALSE,AESB1420-17,Electricity and Magnetism,https://studiegids.tudelft.nl/a101_displayCourse.do?course_id=62060,No,BSc,Civil Engineering and Geosciences,[],,,
FALSE,AESB1430-14,Geology 3: geological systems and excursion,https://studiegids.tudelft.nl/a101_displayCourse.do?course_id=62057,No,BSc,Civil Engineering and Geosciences,[],,,
FALSE,AESB1440-21,Methodology of Geophysics and Remote Sensing,https://studiegids.tudelft.nl/a101_displayCourse.do?course_id=62047,No,BSc,Civil Engineering and Geosciences,[],,,
FALSE,AESB2110-21,Mathematics 4: Differential Equations,https://studiegids.tudelft.nl/a101_displayCourse.do?course_id=62080,No,BSc,Civil Engineering and Geosciences,[],,,
FALSE,AESB2122,Signals and Systems with Python,https://studiegids.tudelft.nl/a101_displayCourse.do?course_id=62097,No,BSc,Civil Engineering and Geosciences,[],,,
FALSE,AESB2140-21,Geophysical Methods for Subsurface Characterization,https://studiegids.tudelft.nl/a101_displayCourse.do?course_id=62077,No,BSc,Civil Engineering and Geosciences,[],,,
FALSE,AESB2210-18,Mathematics 5,https://studiegids.tudelft.nl/a101_displayCourse.do?course_id=62093,No,BSc,Civil Engineering and Geosciences,[],,,
FALSE,AESB2220-20,Chemical Thermodynamics,https://studiegids.tudelft.nl/a101_displayCourse.do?course_id=62101,No,BSc,Civil Engineering and Geosciences,[],,,
FALSE,AESB2230,Sedimentology & Reservoir Geology,https://studiegids.tudelft.nl/a101_displayCourse.do?course_id=62085,No,BSc,Civil Engineering and Geosciences,[],,,
FALSE,AESB2320,Physical Transport Phenomena,https://studiegids.tudelft.nl/a101_displayCourse.do?course_id=62081,No,BSc,Civil Engineering and Geosciences,[],,,
FALSE,AESB2330,Soil Mechanics,https://studiegids.tudelft.nl/a101_displayCourse.do?course_id=62092,No,BSc,Civil Engineering and Geosciences,[],,,
FALSE,AESB2342,Rock Mechanics,https://studiegids.tudelft.nl/a101_displayCourse.do?course_id=63154,No,BSc,Civil Engineering and Geosciences,[],,,
TRUE,AESB3110,Geo-resources 1.0: past and present,https://studiegids.tudelft.nl/a101_displayCourse.do?course_id=62204,Yes,Minor,Civil Engineering and Geosciences,"[9, 11, 12, 13, 15]",,,
FALSE,AESB3111,Political economy of geo-resources,https://studiegids.tudelft.nl/a101_displayCourse.do?course_id=62205,No,Minor,Civil Engineering and Geosciences,[],,,
TRUE,AESB3113,Group project: future of geo-resources,https://studiegids.tudelft.nl/a101_displayCourse.do?course_id=62206,Yes,Minor,Civil Engineering and Geosciences,"[7, 9, 11, 12, 13]",,,
TRUE,AESB3114,Geo-resources 2.0: towards the future,https://studiegids.tudelft.nl/a101_displayCourse.do?course_id=62203,Yes,Minor,Civil Engineering and Geosciences,"[7, 9, 12, 13]",,,
TRUE,AESM1001,"Earth System, Natural Resources and Climate",https://studiegids.tudelft.nl/a101_displayCourse.do?course_id=63156,Yes,MSc,Civil Engineering and Geosciences,"[7, 13, 15]",,,
FALSE,AESM1002,Dynamics of Solids and Fluids,https://studiegids.tudelft.nl/a101_displayCourse.do?course_id=63157,No,MSc,Civil Engineering and Geosciences,[],,,
TRUE,AESM2001,Physical Principles of Earth System Observation,https://studiegids.tudelft.nl/a101_displayCourse.do?course_id=63158,No,MSc,Civil Engineering and Geosciences,"[9, 13, 15]",,,
TRUE,AESM3001,Atmosphere Dynamics and Air-Sea Coupling,https://studiegids.tudelft.nl/a101_displayCourse.do?course_id=63159,No,MSc,Civil Engineering and Geosciences,"[13, 14]",,,
FALSE,AESM3002,Earth Observation Technologies,https://studiegids.tudelft.nl/a101_displayCourse.do?course_id=63160,No,MSc,Civil Engineering and Geosciences,[],,,
TRUE,AESM3003,Geo-Energy Engineering Applications,https://studiegids.tudelft.nl/a101_displayCourse.do?course_id=63161,Yes,MSc,Civil Engineering and Geosciences,"[7, 9, 13]",,,
FALSE,AESM3004,Economic and Structural Geology,https://studiegids.tudelft.nl/a101_displayCourse.do?course_id=63162,No,MSc,Civil Engineering and Geosciences,[],,,
TRUE,AESM301A,Climate Physics,https://studiegids.tudelft.nl/a101_displayCourse.do?course_id=63163,Yes,MSc,Civil Engineering and Geosciences,"[7, 13, 15]",,,
TRUE,AESM302A,Geo-Data Analysis and Geodesy,https://studiegids.tudelft.nl/a101_displayCourse.do?course_id=63164,Yes,MSc,Civiele Techniek en Geowetenschappen,[],,,
FALSE,AESM303A,Geo-Data and Geo-Informatics,https://studiegids.tudelft.nl/a101_displayCourse.do?course_id=63165,No,MSc,Civil Engineering and Geosciences,[],,,
FALSE,AESM304A,Flow and Simulation of Subsurface Processes,https://studiegids.tudelft.nl/a101_displayCourse.do?course_id=63166,No,MSc,Civil Engineering and Geosciences,[],,,
FALSE,AESM305A,Characterisation of the Subsurface,https://studiegids.tudelft.nl/a101_displayCourse.do?course_id=63167,No,MSc,Civil Engineering and Geosciences,[],,,
TRUE,AESM306A,Extraction Processes and Consequences of Raw Materials,https://studiegids.tudelft.nl/a101_displayCourse.do?course_id=63168,Yes,MSc,Civil Engineering and Geosciences,"[12, 15]",,,
FALSE,AESM307A,Earth Deformation Processes Across Scales,https://studiegids.tudelft.nl/a101_displayCourse.do?course_id=63169,No,MSc,Civil Engineering and Geosciences,[],,,
TRUE,AESM308A,Climate Modelling and Remote Sensing,https://studiegids.tudelft.nl/a101_displayCourse.do?course_id=63170,Yes,MSc,Civil Engineering and Geosciences,"[13, 15]",,,
TRUE,AESM309A,Climate Change and Dynamic Landforms,https://studiegids.tudelft.nl/a101_displayCourse.do?course_id=63171,Yes,MSc,Civil Engineering and Geosciences,"[13, 15]",,,
TRUE,AESM401B,Climate and Weather B-module,https://studiegids.tudelft.nl/a101_displayCourse.do?course_id=63172,Yes,MSc,Civil Engineering and Geosciences,"[13, 15]",,,
TRUE,AESM402B,Earth Observation B-module,https://studiegids.tudelft.nl/a101_displayCourse.do?course_id=63173,Yes,MSc,Civil Engineering and Geosciences,"[13, 15]",,,
TRUE,AESM403B,Geo-Energy B-module,https://studiegids.tudelft.nl/a101_displayCourse.do?course_id=63174,Yes,MSc,Civil Engineering and Geosciences,"[7, 9, 11, 13]",,,
TRUE,AESM404B,Geo-resources B-module,https://studiegids.tudelft.nl/a101_displayCourse.do?course_id=63175,Yes,MSc,Civil Engineering and Geosciences,"[9, 12, 13, 15]",,,
FALSE,CEGM1000,"Modelling, Uncertainty and Data for Engineers",https://studiegids.tudelft.nl/a101_displayCourse.do?course_id=63155,No,MSc,Civil Engineering and Geosciences,[],,,
FALSE,CIE4130,Probabilistic Design,https://studiegids.tudelft.nl/a101_displayCourse.do?course_id=60967,No,MSc,Civil Engineering and Geosciences,[],,,
FALSE,CIE4140,Structural Dynamics,https://studiegids.tudelft.nl/a101_displayCourse.do?course_id=60906,No,MSc,Civil Engineering and Geosciences,[],,,
FALSE,CIE4320,Vibration-based Monitoring and Identification,https://studiegids.tudelft.nl/a101_displayCourse.do?course_id=60962,No,MSc,Civil Engineering and Geosciences,[],,,
FALSE,CIE4325,Ocean Waves,https://studiegids.tudelft.nl/a101_displayCourse.do?course_id=60969,No,MSc,Civil Engineering and Geosciences,[],,,
TRUE,CIE4510-20,Climate Change: Science and Ethics,https://studiegids.tudelft.nl/a101_displayCourse.do?course_id=60641,Yes,MSc,Civil Engineering and Geosciences,[13],,,
FALSE,CIE4522-15,GPS for Civil Engineering and Geosciences,https://studiegids.tudelft.nl/a101_displayCourse.do?course_id=60629,No,MSc,Civil Engineering and Geosciences,[],,,
TRUE,CIE4601,Physics of the Earth and Atmosphere,https://studiegids.tudelft.nl/a101_displayCourse.do?course_id=60638,Yes,MSc,Civil Engineering and Geosciences,"[13, 14, 15]",,,
TRUE,CIE4602,Cryosphere: Remote Sensing and Modelling,https://studiegids.tudelft.nl/a101_displayCourse.do?course_id=60630,Yes,MSc,Civil Engineering and Geosciences,"[13, 14, 15]",,,
FALSE,CIE4603-16,Geo-signal Analysis,https://studiegids.tudelft.nl/a101_displayCourse.do?course_id=60618,No,MSc,Civil Engineering and Geosciences,[],,,
FALSE,CIE4606,Geodesy and Remote Sensing,https://studiegids.tudelft.nl/a101_displayCourse.do?course_id=60632,No,MSc,Civil Engineering and Geosciences,[],,,
TRUE,CIE4607,Ocean topography and sea-level change,https://studiegids.tudelft.nl/a101_displayCourse.do?course_id=60633,No,MSc,Civil Engineering and Geosciences,"[13, 14]",,,
TRUE,CIE4609,Geodesy and natural hazards,https://studiegids.tudelft.nl/a101_displayCourse.do?course_id=60619,Yes,MSc,Civil Engineering and Geosciences,[11],,,
FALSE,CIE4611,Geo-measurement processing,https://studiegids.tudelft.nl/a101_displayCourse.do?course_id=60634,No,MSc,Civil Engineering and Geosciences,[],,,
FALSE,CIE4615,Geoscience and Remote Sensing fieldwork,https://studiegids.tudelft.nl/a101_displayCourse.do?course_id=60636,No,MSc,Civil Engineering and Geosciences,[],,,
FALSE,CIE4616,Remote Sensing and Big Data,https://studiegids.tudelft.nl/a101_displayCourse.do?course_id=63459,No,MSc,Civil Engineering and Geosciences,[],,,
FALSE,CIE5123,Introduction to the Finite Element Method,https://studiegids.tudelft.nl/a101_displayCourse.do?course_id=60907,No,MSc,Civil Engineering and Geosciences,[],,,
FALSE,CIE5142,Computational Methods in Non-Linear Solid Mechanic,https://studiegids.tudelft.nl/a101_displayCourse.do?course_id=63621,No,MSc,Civil Engineering and Geosciences,[],,,
FALSE,CIE5145,Random Vibrations,https://studiegids.tudelft.nl/a101_displayCourse.do?course_id=60908,No,MSc,Civil Engineering and Geosciences,[],,,
TRUE,CIE5401,GIS & Remote Sensing for Water Resources,https://studiegids.tudelft.nl/a101_displayCourse.do?course_id=60622,Yes,MSc,Civil Engineering and Geosciences,"[6, 9, 11, 13, 15]",,,
TRUE,CIE5817,Assessment of Transport Infrastructure and Systems,https://studiegids.tudelft.nl/a101_displayCourse.do?course_id=60623,Yes,MSc,Civil Engineering and Geosciences,"[9, 11]",,,
FALSE,CIE5981,Forms of Collaboration in Civil Engineering,https://studiegids.tudelft.nl/a101_displayCourse.do?course_id=61933,No,MSc,Civil Engineering and Geosciences,[],,,
FALSE,CIEM0000,Interdisciplinary Mechanics and Design for CE,https://studiegids.tudelft.nl/a101_displayCourse.do?course_id=63234,No,MSc,Civil Engineering and Geosciences,[],,,
TRUE,CIEM1000,Base: Fundamentals of Construction Materials,https://studiegids.tudelft.nl/a101_displayCourse.do?course_id=63746,Yes,MSc,Civil Engineering and Geosciences,"[1, 3, 4, 5, 7, 8]",,,
FALSE,CIEM1110,Measuring and Modelling Construction Material Behaviour,https://studiegids.tudelft.nl/a101_displayCourse.do?course_id=63747,No,MSc,Civil Engineering and Geosciences,[],,,
FALSE,CIEM1210,Construction Materials Research,https://studiegids.tudelft.nl/a101_displayCourse.do?course_id=63748,No,MSc,Civil Engineering and Geosciences,[],,,
TRUE,CIEM1220,Design and Engineering of Construction Materials,https://studiegids.tudelft.nl/a101_displayCourse.do?course_id=63749,Yes,MSc,Civil Engineering and Geosciences,"[9, 11, 12]",,,
FALSE,CIEM2000,Base: Geotechnical Engineering,https://studiegids.tudelft.nl/a101_displayCourse.do?course_id=63766,No,MSc,Civil Engineering and Geosciences,[],,,
FALSE,CIEM2110,Geotechnical Modelling,https://studiegids.tudelft.nl/a101_displayCourse.do?course_id=63237,No,MSc,Civil Engineering and Geosciences,[],,,
FALSE,CIEM2210,Geotechnical Structures,https://studiegids.tudelft.nl/a101_displayCourse.do?course_id=63750,No,MSc,Civil Engineering and Geosciences,[],,,
FALSE,CIEM2220,Advanced Soil Mechanics,https://studiegids.tudelft.nl/a101_displayCourse.do?course_id=63767,No,MSc,Civil Engineering and Geosciences,[],,,
FALSE,CIEM2230,Delta Geotechnics,https://studiegids.tudelft.nl/a101_displayCourse.do?course_id=63751,No,MSc,Civil Engineering and Geosciences,[],,,
TRUE,CIEM3000,Base: Hydraulic Engineering Fundamentals and Environments Part I,https://studiegids.tudelft.nl/a101_displayCourse.do?course_id=63786,No,MSc,Civil Engineering and Geosciences,"[6, 14, 15]",,,
TRUE,CIEM3110,Hydraulic Engineering Fundamentals and Evironments Part II,https://studiegids.tudelft.nl/a101_displayCourse.do?course_id=63789,No,MSc,Civil Engineering and Geosciences,[14],,,
TRUE,CIEM3210,Coastal Engineering,https://studiegids.tudelft.nl/a101_displayCourse.do?course_id=63752,No,MSc,Civil Engineering and Geosciences,[14],,,
TRUE,CIEM3220,River Engineering,https://studiegids.tudelft.nl/a101_displayCourse.do?course_id=63753,No,MSc,Civil Engineering and Geosciences,"[6, 9, 11, 13, 15]",,,
TRUE,CIEM3230,Advanced Design of Ports and Waterways Systems and Interventions,https://studiegids.tudelft.nl/a101_displayCourse.do?course_id=63754,Yes,MSc,Civil Engineering and Geosciences,"[9, 11, 13]",,,
FALSE,CIEM4000,Base: Hydraulic and Offshore Structures,https://studiegids.tudelft.nl/a101_displayCourse.do?course_id=63785,No,MSc,Civil Engineering and Geosciences,[],,,
FALSE,CIEM4110,Hydraulic Structures,https://studiegids.tudelft.nl/a101_displayCourse.do?course_id=63768,No,MSc,Civil Engineering and Geosciences,[],,,
TRUE,CIEM4120,Offshore Structures,https://studiegids.tudelft.nl/a101_displayCourse.do?course_id=63769,No,MSc,Civil Engineering and Geosciences,"[9, 11, 12, 13, 14, 15]",,,
TRUE,CIEM4210,Marine Renewables,https://studiegids.tudelft.nl/a101_displayCourse.do?course_id=63755,Yes,MSc,Civil Engineering and Geosciences,"[7, 9, 13, 14]",,,
TRUE,CIEM4220,"Dams, Dikes and Breakwaters",https://studiegids.tudelft.nl/a101_displayCourse.do?course_id=63756,No,MSc,Civil Engineering and Geosciences,"[6, 9, 11, 13]",,,
TRUE,CIEM4230,Floating and Submerged Structures,https://studiegids.tudelft.nl/a101_displayCourse.do?course_id=63757,No,MSc,Civil Engineering and Geosciences,"[9, 11, 14]",,,
TRUE,CIEM5000,Base: Structural Engineering,https://studiegids.tudelft.nl/a101_displayCourse.do?course_id=63787,Yes,MSc,Civil Engineering and Geosciences,"[9, 11, 12]",,,
FALSE,CIEM5110,Structural Mechanics and Dynamics,https://studiegids.tudelft.nl/a101_displayCourse.do?course_id=63758,No,MSc,Civil Engineering and Geosciences,[],,,
TRUE,CIEM5120,Design of Structural Components,https://studiegids.tudelft.nl/a101_displayCourse.do?course_id=63759,Yes,MSc,Civil Engineering and Geosciences,"[9, 11, 12]",,,
TRUE,CIEM5130,Design of Civil Structures and Infrastructures,https://studiegids.tudelft.nl/a101_displayCourse.do?course_id=63760,Yes,MSc,Civil Engineering and Geosciences,"[9, 11]",,,
FALSE,CIEM5210,Applied Mechanics of Structures,https://studiegids.tudelft.nl/a101_displayCourse.do?course_id=63761,No,MSc,Civil Engineering and Geosciences,[],,,
FALSE,CIEM5220,Applied Dynamics of Structures,https://studiegids.tudelft.nl/a101_displayCourse.do?course_id=63800,No,MSc,Civil Engineering and Geosciences,[],,,
FALSE,CIEM5230,Concrete Structures,https://studiegids.tudelft.nl/a101_displayCourse.do?course_id=63790,No,MSc,Civil Engineering and Geosciences,[],,,
FALSE,CIEM5240,Steel and Composite Structures,https://studiegids.tudelft.nl/a101_displayCourse.do?course_id=63801,No,MSc,Civil Engineering and Geosciences,[],,,
TRUE,CIEM5250,Building Engineering,https://studiegids.tudelft.nl/a101_displayCourse.do?course_id=63770,Yes,MSc,Civil Engineering and Geosciences,"[9, 11, 12]",,,
TRUE,CIEM5260,Transportation Infrastructures,https://studiegids.tudelft.nl/a101_displayCourse.do?course_id=63762,Yes,MSc,Civil Engineering and Geosciences,"[9, 11, 13]",,,
TRUE,CIEM6000,Base: Traffic and Transport Engineering,https://studiegids.tudelft.nl/a101_displayCourse.do?course_id=63788,No,MSc,Civil Engineering and Geosciences,"[3, 9, 11]",,,
FALSE,CIEM6110,Methods in Traffic and Transport Engineering,https://studiegids.tudelft.nl/a101_displayCourse.do?course_id=63764,No,MSc,Civil Engineering and Geosciences,[],,,
TRUE,CIEM6210,Transport Networks and Systems,https://studiegids.tudelft.nl/a101_displayCourse.do?course_id=63765,Yes,MSc,Civil Engineering and Geosciences,"[9, 11]",,,
TRUE,CIEM6220,Road Traffic Systems,https://studiegids.tudelft.nl/a101_displayCourse.do?course_id=63235,Yes,MSc,Civil Engineering and Geosciences,"[3, 9, 11]",,,
TRUE,CIEM6230,Public Transport and Railway Systems,https://studiegids.tudelft.nl/a101_displayCourse.do?course_id=63236,Yes,MSc,Civil Engineering and Geosciences,"[9, 11, 13]",,,
TRUE,CIEM6240,Road and Railway Engineering,https://studiegids.tudelft.nl/a101_displayCourse.do?course_id=63763,Yes,MSc,Civil Engineering and Geosciences,"[9, 11]",,,
TRUE,CIEQ6002,Transport Modelling,https://studiegids.tudelft.nl/a101_displayCourse.do?course_id=63771,Yes,MSc,Civil Engineering and Geosciences,"[9, 11, 13]",,,
TRUE,CIEQ6003,Traffic Modelling and Management,https://studiegids.tudelft.nl/a101_displayCourse.do?course_id=63773,Yes,MSc,Civil Engineering and Geosciences,[],,,
FALSE,CIEQ6211,Advanced Transport Modelling,https://studiegids.tudelft.nl/a101_displayCourse.do?course_id=63774,No,MSc,Civil Engineering and Geosciences,[],,,
TRUE,CIEQ6212,"Urban Regions, Transport and Economics",https://studiegids.tudelft.nl/a101_displayCourse.do?course_id=63775,No,MSc,Civil Engineering and Geosciences,[11],,,
TRUE,CIEQ6213,Analysis and Modelling of Freight and Logistics Systems,https://studiegids.tudelft.nl/a101_displayCourse.do?course_id=63781,Yes,MSc,Civil Engineering and Geosciences,"[9, 11]",,,
FALSE,CIEQ6221,Active Modes: Traffic and Transport,https://studiegids.tudelft.nl/a101_displayCourse.do?course_id=63779,No,MSc,Civil Engineering and Geosciences,[],,,
TRUE,CIEQ6222,Traffic Safety,https://studiegids.tudelft.nl/a101_displayCourse.do?course_id=63777,No,MSc,Civil Engineering and Geosciences,"[3, 9, 11]",,,
FALSE,CIEQ6223,Intelligent Vehicles for Safe and Efficient Traffic: Design and Assessment,https://studiegids.tudelft.nl/a101_displayCourse.do?course_id=63776,No,MSc,Civil Engineering and Geosciences,[],,,
FALSE,CIEQ6224,Advanced Urban and Motorway Traffic Flow Modelling and Control,https://studiegids.tudelft.nl/a101_displayCourse.do?course_id=63778,No,MSc,Civil Engineering and Geosciences,[],,,
TRUE,CIEQ6231,Public Transport System and Supply Planning and Operations,https://studiegids.tudelft.nl/a101_displayCourse.do?course_id=63772,Yes,MSc,Civil Engineering and Geosciences,"[11, 13]",,,
TRUE,CIEQ6232,Public Transport Demand and Network Planning and Operations,https://studiegids.tudelft.nl/a101_displayCourse.do?course_id=63782,Yes,MSc,Civil Engineering and Geosciences,[11],,,
TRUE,CIEQ6233,Railway Operations and Control,https://studiegids.tudelft.nl/a101_displayCourse.do?course_id=63780,No,MSc,Civil Engineering and Geosciences,"[9, 11]",,,
FALSE,CME1201,Collaborative Design and Engineering,https://studiegids.tudelft.nl/a101_displayCourse.do?course_id=61908,No,MSc,Civil Engineering and Geosciences,[],,,
FALSE,CME2000,Master Thesis,https://studiegids.tudelft.nl/a101_displayCourse.do?course_id=63624,No,MSc,Civil Engineering and Geosciences,[],,,
FALSE,CME2001,"Master Thesis, Preparation",https://studiegids.tudelft.nl/a101_displayCourse.do?course_id=63625,No,MSc,Civil Engineering and Geosciences,[],,,
FALSE,CME2100-11,Research Internship,https://studiegids.tudelft.nl/a101_displayCourse.do?course_id=61919,No,MSc,Civil Engineering and Geosciences,[],,,
TRUE,CME2201,Dynamic Control of Projects,https://studiegids.tudelft.nl/a101_displayCourse.do?course_id=61929,Yes,MSc,Civil Engineering and Geosciences,[],,,
TRUE,CME2300,Financial Engineering,https://studiegids.tudelft.nl/a101_displayCourse.do?course_id=61911,Yes,MSc,Civil Engineering and Geosciences,[],,,
FALSE,CME4000,Project Management,https://studiegids.tudelft.nl/a101_displayCourse.do?course_id=61913,No,MSc,Civil Engineering and Geosciences,[],,,
FALSE,CME4100,Process Management,https://studiegids.tudelft.nl/a101_displayCourse.do?course_id=61930,No,MSc,Civil Engineering and Geosciences,[],,,
TRUE,CME4120,Information Systems for the Construction Industry,https://studiegids.tudelft.nl/a101_displayCourse.do?course_id=63145,Yes,MSc,Civil Engineering and Geosciences,"[9, 11]",,,
FALSE,CME4150,Managing Uncertainty and Data,https://studiegids.tudelft.nl/a101_displayCourse.do?course_id=63146,No,MSc,Civil Engineering and Geosciences,[],,,
FALSE,CME4170,Construction Technology,https://studiegids.tudelft.nl/a101_displayCourse.do?course_id=63622,No,MSc,Civil Engineering and Geosciences,[],,,
FALSE,CME4200,Intercultural Relations and Diversity Competence,https://studiegids.tudelft.nl/a101_displayCourse.do?course_id=61912,No,MSc,Civil Engineering and Geosciences,[],,,
TRUE,CME4300,Engineering Asset Management,https://studiegids.tudelft.nl/a101_displayCourse.do?course_id=61910,No,MSc,Civil Engineering and Geosciences,"[9, 11, 12]",,,
TRUE,CME4400,Entrepreneurial Engineering,https://studiegids.tudelft.nl/a101_displayCourse.do?course_id=61934,Yes,MSc,Civil Engineering and Geosciences,[],,,
FALSE,CME4481,Systems Engineering Design,https://studiegids.tudelft.nl/a101_displayCourse.do?course_id=63147,No,MSc,Civil Engineering and Geosciences,[],,,
FALSE,CME4500,Engineering Systems Optimisation,https://studiegids.tudelft.nl/a101_displayCourse.do?course_id=61928,No,MSc,Civil Engineering and Geosciences,[],,,
TRUE,CME4600,Leadership and Strategic Management,https://studiegids.tudelft.nl/a101_displayCourse.do?course_id=61931,Yes,MSc,Civil Engineering and Geosciences,[],,,
FALSE,CME4701,Construction Management Systems,https://studiegids.tudelft.nl/a101_displayCourse.do?course_id=63148,No,MSc,Civil Engineering and Geosciences,[],,,
FALSE,CME4800,Procurement of Complex Public Projects,https://studiegids.tudelft.nl/a101_displayCourse.do?course_id=63149,No,MSc,Civil Engineering and Geosciences,[],,,
FALSE,CME4900,Open Design Contractor Project,https://studiegids.tudelft.nl/a101_displayCourse.do?course_id=62836,No,MSc,Civil Engineering and Geosciences,[],,,
FALSE,CME4950,CME Research and Development Project,https://studiegids.tudelft.nl/a101_displayCourse.do?course_id=63150,No,MSc,Civil Engineering and Geosciences,[],,,
FALSE,CME5020,Research Methodology for P&P/D&I,https://studiegids.tudelft.nl/a101_displayCourse.do?course_id=63151,No,MSc,Civil Engineering and Geosciences,[],,,
FALSE,CME5030,Research and Development Methods for E&S,https://studiegids.tudelft.nl/a101_displayCourse.do?course_id=63152,No,MSc,Civil Engineering and Geosciences,[],,,
FALSE,CME5100,CME Master Thesis Preparation,https://studiegids.tudelft.nl/a101_displayCourse.do?course_id=61935,No,MSc,Civil Engineering and Geosciences,[],,,
FALSE,CME5200,CME Master Thesis,https://studiegids.tudelft.nl/a101_displayCourse.do?course_id=61936,No,MSc,Civil Engineering and Geosciences,[],,,
FALSE,CT3080LR,Landside accessibility of Airports,https://studiegids.tudelft.nl/a101_displayCourse.do?course_id=62285,No,Minor,Civil Engineering and Geosciences,[],,,
FALSE,CT3101,Project Management Basics,https://studiegids.tudelft.nl/a101_displayCourse.do?course_id=62158,No,Minor,Civil Engineering and Geosciences,[],,,
TRUE,CT3533,Earth Observation,https://studiegids.tudelft.nl/a101_displayCourse.do?course_id=63202,Yes,Minor,Civil Engineering and Geosciences,"[13, 15]",,,
FALSE,CTB1000-D1,Werkboek,https://studiegids.tudelft.nl/a101_displayCourse.do?course_id=61956,No,BSc,Civiele Techniek en Geowetenschappen,[],,,
FALSE,CTB1000-D2,Tekenen en planning,https://studiegids.tudelft.nl/a101_displayCourse.do?course_id=61954,No,BSc,Civiele Techniek en Geowetenschappen,[],,,
FALSE,CTB1000-D3,Diverse software,https://studiegids.tudelft.nl/a101_displayCourse.do?course_id=61957,No,BSc,Civiele Techniek en Geowetenschappen,[],,,
FALSE,CTB1000-D4,CAD/BIM/BEM,https://studiegids.tudelft.nl/a101_displayCourse.do?course_id=61955,No,BSc,Civiele Techniek en Geowetenschappen,[],,,
FALSE,CTB1001-16,Analyse,https://studiegids.tudelft.nl/a101_displayCourse.do?course_id=61945,No,BSc,Civiele Techniek en Geowetenschappen,[],,,
FALSE,CTB1002,Lineaire Algebra,https://studiegids.tudelft.nl/a101_displayCourse.do?course_id=61949,No,BSc,Civiele Techniek en Geowetenschappen,[],,,
FALSE,CTB1110-17,Constructiemechanica 1,https://studiegids.tudelft.nl/a101_displayCourse.do?course_id=61958,No,BSc,Civiele Techniek en Geowetenschappen,[],,,
TRUE,CTB1120-17,Inleiding Civiele en Milieu Techniek,https://studiegids.tudelft.nl/a101_displayCourse.do?course_id=61961,Yes,BSc,Civiele Techniek en Geowetenschappen,"[6, 9, 11]",,,
FALSE,CTB1210,Dynamica & Modelvorming,https://studiegids.tudelft.nl/a101_displayCourse.do?course_id=61939,No,BSc,Civiele Techniek en Geowetenschappen,[],,,
TRUE,CTB1220-17,Integraal Ontwerp en Beheer,https://studiegids.tudelft.nl/a101_displayCourse.do?course_id=61968,Yes,BSc,Civiele Techniek en Geowetenschappen,[],,,
FALSE,CTB1310,Constructiemechanica 2,https://studiegids.tudelft.nl/a101_displayCourse.do?course_id=61952,No,BSc,Civiele Techniek en Geowetenschappen,[],,,
TRUE,CTB1320-17,Construction Materials and Sustainability,https://studiegids.tudelft.nl/a101_displayCourse.do?course_id=61974,Yes,BSc,Civil Engineering and Geosciences,"[9, 11, 12, 13]",,,
FALSE,CTB1410-20,Ontwerpen van Constructies en Funderingen 1,https://studiegids.tudelft.nl/a101_displayCourse.do?course_id=61941,No,BSc,Civiele Techniek en Geowetenschappen,[],,,
TRUE,CTB1420-17,Transport en Planning,https://studiegids.tudelft.nl/a101_displayCourse.do?course_id=61902,Yes,BSc,Civiele Techniek en Geowetenschappen,"[9, 11]",,,
FALSE,CTB2000-20-D1a,Programmeren 1,https://studiegids.tudelft.nl/a101_displayCourse.do?course_id=61982,No,BSc,Civiele Techniek en Geowetenschappen,[],,,
FALSE,CTB2000-20-D1b,Vloeistofmechanica practicum,https://studiegids.tudelft.nl/a101_displayCourse.do?course_id=61983,No,BSc,Civiele Techniek en Geowetenschappen,[],,,
FALSE,CTB2000-20-D2a,Programmeren 2,https://studiegids.tudelft.nl/a101_displayCourse.do?course_id=61984,No,BSc,Civiele Techniek en Geowetenschappen,[],,,
FALSE,CTB2000-20-D2b,Materiaalkunde practicum,https://studiegids.tudelft.nl/a101_displayCourse.do?course_id=61985,No,BSc,Civiele Techniek en Geowetenschappen,[],,,
FALSE,CTB2000-20-D3a,Programmeren 3,https://studiegids.tudelft.nl/a101_displayCourse.do?course_id=61986,No,BSc,Civiele Techniek en Geowetenschappen,[],,,
FALSE,CTB2000-20-D3b,Grondmechanica practicum,https://studiegids.tudelft.nl/a101_displayCourse.do?course_id=61987,No,BSc,Civiele Techniek en Geowetenschappen,[],,,
FALSE,CTB2000-20-D4a,Programmeren 4,https://studiegids.tudelft.nl/a101_displayCourse.do?course_id=61988,No,BSc,Civiele Techniek en Geowetenschappen,[],,,
FALSE,CTB2000-20-D4b,Numerieke wiskunde practicum,https://studiegids.tudelft.nl/a101_displayCourse.do?course_id=61989,No,BSc,Civiele Techniek en Geowetenschappen,[],,,
FALSE,CTB2105,Differentiaalvergelijkingen,https://studiegids.tudelft.nl/a101_displayCourse.do?course_id=61980,No,BSc,Civiele Techniek en Geowetenschappen,[],,,
FALSE,CTB2110,Vloeistofmechanica,https://studiegids.tudelft.nl/a101_displayCourse.do?course_id=61993,No,BSc,Civiele Techniek en Geowetenschappen,[],,,
TRUE,CTB2121,Stedelijk Water en Milieutechniek,https://studiegids.tudelft.nl/a101_displayCourse.do?course_id=62017,Yes,BSc,Civiele Techniek en Geowetenschappen,"[6, 11]",,,
FALSE,CTB2200,Kansrekening & Statistiek,https://studiegids.tudelft.nl/a101_displayCourse.do?course_id=61196,No,BSc,Civiele Techniek en Geowetenschappen,[],,,
FALSE,CTB2210,Constructiemechanica 3,https://studiegids.tudelft.nl/a101_displayCourse.do?course_id=61994,No,BSc,Civiele Techniek en Geowetenschappen,[],,,
FALSE,CTB2220-14,Concrete and Steel Structures,https://studiegids.tudelft.nl/a101_displayCourse.do?course_id=61996,No,BSc,Civil Engineering and Geosciences,[],,,
FALSE,CTB2300,Dynamics of Systems,https://studiegids.tudelft.nl/a101_displayCourse.do?course_id=61995,No,BSc,Civil Engineering and Geosciences,[],,,
TRUE,CTB2310,Soil Mechanics,https://studiegids.tudelft.nl/a101_displayCourse.do?course_id=62001,Yes,BSc,Civil Engineering and Geosciences,[],,,
TRUE,CTB2320-17,Ontwerpen van Constructies en Funderingen 2,https://studiegids.tudelft.nl/a101_displayCourse.do?course_id=62002,Yes,BSc,Civiele Techniek en Geowetenschappen,[],,,
FALSE,CTB2400,Numerieke Wiskunde,https://studiegids.tudelft.nl/a101_displayCourse.do?course_id=61937,No,BSc,Civiele Techniek en Geowetenschappen,[],,,
TRUE,CTB2410,Waterbouwkunde,https://studiegids.tudelft.nl/a101_displayCourse.do?course_id=61992,Yes,BSc,Civiele Techniek en Geowetenschappen,"[6, 7, 9, 13, 14, 15]",,,
TRUE,CTB2420-17,Hydrologie,https://studiegids.tudelft.nl/a101_displayCourse.do?course_id=62008,Yes,BSc,Civiele Techniek en Geowetenschappen,"[6, 9, 11, 13, 15]",,,
FALSE,CTB3000-16,Bachelor Thesis,https://studiegids.tudelft.nl/a101_displayCourse.do?course_id=62026,No,BSc,Civil Engineering and Geosciences,[],,,
FALSE,CTB3310,Surveying and Mapping,https://studiegids.tudelft.nl/a101_displayCourse.do?course_id=62020,No,BSc,Civil Engineering and Geosciences,[],,,
TRUE,CTB3320,Weg- en Railbouwkunde,https://studiegids.tudelft.nl/a101_displayCourse.do?course_id=62023,Yes,BSc,Civiele Techniek en Geowetenschappen,[],,,
TRUE,ENVM1000,Principles of Environmental Engineering,https://studiegids.tudelft.nl/a101_displayCourse.do?course_id=63822,Yes,MSc,Civil Engineering and Geosciences,"[3, 6, 12, 13, 15]",,,
TRUE,ENVM1100,Fundamentals of RW and E,https://studiegids.tudelft.nl/a101_displayCourse.do?course_id=63823,Yes,MSc,Civil Engineering and Geosciences,"[12, 13, 15]",,,
TRUE,ENVM1200,Resource Engineering,https://studiegids.tudelft.nl/a101_displayCourse.do?course_id=63825,Yes,MSc,Civil Engineering and Geosciences,"[12, 13]",,,
TRUE,ENVM1300,Waste Processing Technologies,https://studiegids.tudelft.nl/a101_displayCourse.do?course_id=63827,Yes,MSc,Civil Engineering and Geosciences,"[12, 13]",,,
TRUE,ENVM1301,Reactive Resources and Wastes,https://studiegids.tudelft.nl/a101_displayCourse.do?course_id=63828,Yes,MSc,Civil Engineering and Geosciences,"[6, 11, 12, 13, 15]",,,
TRUE,ENVM1400,"Quality, Quantity and Design, Information and Advice",https://studiegids.tudelft.nl/a101_displayCourse.do?course_id=63824,Yes,MSc,Civil Engineering and Geosciences,"[6, 9, 11, 12, 13, 15]",,,
TRUE,ENVM1500,Water Quality and Principles of Environmental Engineering,https://studiegids.tudelft.nl/a101_displayCourse.do?course_id=63837,Yes,MSc,Civil Engineering and Geosciences,"[6, 9, 12, 14]",,,
TRUE,ENVM1501,Design and Modeling of Urban Water Infrastructure Systems,https://studiegids.tudelft.nl/a101_displayCourse.do?course_id=63826,Yes,MSc,Civil Engineering and Geosciences,"[6, 11]",,,
TRUE,ENVM1502,River Basin Hydrology and Water Management,https://studiegids.tudelft.nl/a101_displayCourse.do?course_id=63829,Yes,MSc,Civil Engineering and Geosciences,"[6, 13, 15]",,,
TRUE,ENVM1600,Water Treatment Technologies,https://studiegids.tudelft.nl/a101_displayCourse.do?course_id=63830,No,MSc,Civil Engineering and Geosciences,"[6, 9, 12]",,,
TRUE,ENVM1601,"Operation, Control, Management and Adoption of Urban Water Infrastructure Systems",https://studiegids.tudelft.nl/a101_displayCourse.do?course_id=63831,Yes,MSc,Civil Engineering and Geosciences,"[6, 9, 11, 12, 13]",,,
TRUE,ENVM1602,Regional Hydrology,https://studiegids.tudelft.nl/a101_displayCourse.do?course_id=63836,Yes,MSc,Civil Engineering and Geosciences,"[6, 14, 15]",,,
TRUE,ENVM1603,Water Resources Engineering and Management,https://studiegids.tudelft.nl/a101_displayCourse.do?course_id=63832,Yes,MSc,Civil Engineering and Geosciences,"[6, 9, 11]",,,
TRUE,ENVM1700,Fundamentals of AEE,https://studiegids.tudelft.nl/a101_displayCourse.do?course_id=63833,Yes,MSc,Civil Engineering and Geosciences,"[11, 13, 15]",,,
TRUE,ENVM1800,Atmospheric Measurements and Modelling,https://studiegids.tudelft.nl/a101_displayCourse.do?course_id=63834,Yes,MSc,Civil Engineering and Geosciences,"[11, 13]",,,
TRUE,ENVM1900,Grand Challenges in AEE,https://studiegids.tudelft.nl/a101_displayCourse.do?course_id=63835,Yes,MSc,Civil Engineering and Geosciences,"[3, 7, 11, 13]",,,
TRUE,TA3077,Research Project Applied Earth Sciences,https://studiegids.tudelft.nl/a101_displayCourse.do?course_id=62202,No,Minor,Civil Engineering and Geosciences,,,,
FALSE,TIL4020-20,TIL Research Project,https://studiegids.tudelft.nl/a101_displayCourse.do?course_id=63652,No,MSc,Civil Engineering and Geosciences,[],,,
FALSE,TIL4030-20,TIL Research and Design Methods,https://studiegids.tudelft.nl/a101_displayCourse.do?course_id=63641,No,MSc,Civil Engineering and Geosciences,[],,,
FALSE,TIL5050-20,TIL Design Project,https://studiegids.tudelft.nl/a101_displayCourse.do?course_id=63653,No,MSc,Civil Engineering and Geosciences,[],,,
FALSE,TIL5060,TIL Thesis,https://studiegids.tudelft.nl/a101_displayCourse.do?course_id=63656,No,MSc,Civil Engineering and Geosciences,[],,,
FALSE,TIL6020,TIL Scientific Assignment,https://studiegids.tudelft.nl/a101_displayCourse.do?course_id=63647,No,MSc,Civil Engineering and Geosciences,[],,,
FALSE,TIL6022,TIL Python Programming,https://studiegids.tudelft.nl/a101_displayCourse.do?course_id=63797,No,MSc,Civil Engineering and Geosciences,[],,,
TRUE,TUD4040-10EC,Joint Interdisciplinary Project,https://studiegids.tudelft.nl/a101_displayCourse.do?course_id=61923,Yes,MSc,Civil Engineering and Geosciences,"[9, 11, 17]",,,
TRUE,AR0049,Urban Geography,https://studiegids.tudelft.nl/a101_displayCourse.do?course_id=60388,Yes,MSc,Architecture and the Built Environment,[11],,,
FALSE,AR0051,Online Digital Portfolio,https://studiegids.tudelft.nl/a101_displayCourse.do?course_id=60382,No,BSc,Architecture and the Built Environment,[],,,
TRUE,"AR0089 (for U, LA, MBE students only)","Design in Process, Process in Design",https://studiegids.tudelft.nl/a101_displayCourse.do?course_id=60390,Yes,MSc,Architecture and the Built Environment,"[11, 9]",,,
TRUE,AR0095,"Social Inequality in the City, Diversity and Design",https://studiegids.tudelft.nl/a101_displayCourse.do?course_id=60386,No,MSc,Architecture and the Built Environment,"[10, 11]",,,
TRUE,AR0097,"Climate proof sustainable renovation: energy use, envir impact, health and comfort, life-cycle cost",https://studiegids.tudelft.nl/a101_displayCourse.do?course_id=60389,Yes,MSc,Architecture and the Built Environment,"[7, 11, 12, 13]",,,
TRUE,AR0106,Architectural Ethnography,https://studiegids.tudelft.nl/a101_displayCourse.do?course_id=60361,Yes,MSc,Architecture and the Built Environment,"[11, 12, 13, 15]",,,
TRUE,AR0107,Housing Studies: An open intersectional Archive,https://studiegids.tudelft.nl/a101_displayCourse.do?course_id=60379,Yes,MSc,Architecture and the Built Environment,"[5, 11]",,,
TRUE,AR0108,"Mastermind: CRASH (Conservation, Reuse, Architecture, Sustainability and Heritage)",https://studiegids.tudelft.nl/a101_displayCourse.do?course_id=60380,Yes,MSc,Architecture and the Built Environment,"[11, 12, 13, 15]",,,
TRUE,AR0109,City of Innovations Project,https://studiegids.tudelft.nl/a101_displayCourse.do?course_id=60362,Yes,MSc,Architecture and the Built Environment,"[11, 9]",,,
FALSE,AR0110,"Adaptive Strategies Past, Present, Future: Topics in the History of Architecture and Urban Planning",https://studiegids.tudelft.nl/a101_displayCourse.do?course_id=60381,No,MSc,Architecture and the Built Environment,[],,,
FALSE,AR0113,Tools of the Architect,https://studiegids.tudelft.nl/a101_displayCourse.do?course_id=60363,No,MSc,Architecture and the Built Environment,[],,,
FALSE,AR0114,"Architectural Translations: Drawing, Recoding, Tectonic",https://studiegids.tudelft.nl/a101_displayCourse.do?course_id=60364,No,MSc,Architecture and the Built Environment,[],,,
FALSE,AR0117,Didactic coaching skills for architecture and the built environment,https://studiegids.tudelft.nl/a101_displayCourse.do?course_id=60360,No,MSc,Bouwkunde,[],,,
FALSE,AR0118,Experiments in Drawing Theory,https://studiegids.tudelft.nl/a101_displayCourse.do?course_id=60378,No,MSc,Architecture and the Built Environment,[],,,
FALSE,AR0119,Figures,https://studiegids.tudelft.nl/a101_displayCourse.do?course_id=60413,No,MSc,Architecture and the Built Environment,[],,,
FALSE,AR0121,Analytical Models,https://studiegids.tudelft.nl/a101_displayCourse.do?course_id=60407,No,MSc,Architecture and the Built Environment,[],,,
FALSE,AR0122,1:1 Interactive Architecture Prototypes Workshop,https://studiegids.tudelft.nl/a101_displayCourse.do?course_id=60402,No,MSc,Architecture and the Built Environment,[],,,
FALSE,AR0126,Bridge Design,https://studiegids.tudelft.nl/a101_displayCourse.do?course_id=60396,No,MSc,Architecture and the Built Environment,[],,,
FALSE,AR0131,Entrepreneurship in Architecture and the Built Environment,https://studiegids.tudelft.nl/a101_displayCourse.do?course_id=60370,No,MSc,Architecture and the Built Environment,[],,,
TRUE,AR0132,Zero-Energy Design,https://studiegids.tudelft.nl/a101_displayCourse.do?course_id=60397,Yes,MSc,Architecture and the Built Environment,"[7, 9, 11, 12, 13]",,,
TRUE,AR0133,Technoledge Glass Structures,https://studiegids.tudelft.nl/a101_displayCourse.do?course_id=60514,Yes,MSc,Architecture and the Built Environment,"[9, 11, 12]",,,
TRUE,AR0136,Making,https://studiegids.tudelft.nl/a101_displayCourse.do?course_id=60409,Yes,MSc,Architecture and the Built Environment,[],,,
FALSE,AR0137,Technoledge Health and Comfort,https://studiegids.tudelft.nl/a101_displayCourse.do?course_id=60516,No,MSc,Architecture and the Built Environment,[],,,
FALSE,AR0138,Technoledge Design Informatics,https://studiegids.tudelft.nl/a101_displayCourse.do?course_id=60517,No,MSc,Architecture and the Built Environment,[],,,
TRUE,AR0139,MEGA,https://studiegids.tudelft.nl/a101_displayCourse.do?course_id=60398,Yes,MSc,Architecture and the Built Environment,[],,,
FALSE,AR0141,"CSI  Heritage (Conservation, Survey, Investigation of the Built Heritage)",https://studiegids.tudelft.nl/a101_displayCourse.do?course_id=60408,No,MSc,Architecture and the Built Environment,[],,,
FALSE,AR0142,EXTREME technology,https://studiegids.tudelft.nl/a101_displayCourse.do?course_id=60403,No,MSc,Architecture and the Built Environment,[],,,
TRUE,AR0143,Sustainability project - design and elaboration,https://studiegids.tudelft.nl/a101_displayCourse.do?course_id=60399,Yes,MSc,Architecture and the Built Environment,"[11, 13]",,,
TRUE,AR0144,BK-Launch studio,https://studiegids.tudelft.nl/a101_displayCourse.do?course_id=60416,Yes,MSc,Architecture and the Built Environment,"[7, 9, 11, 12, 13]",,,
TRUE,AR0145,Circular Product Design,https://studiegids.tudelft.nl/a101_displayCourse.do?course_id=60518,Yes,MSc,Architecture and the Built Environment,"[9, 11, 12]",,,
TRUE,AR0149,ON SITE: Landscape architectonic explorations,https://studiegids.tudelft.nl/a101_displayCourse.do?course_id=60391,No,MSc,Architecture and the Built Environment,"[11, 15]",,,
TRUE,AR0167,Architecture and Urban Design,https://studiegids.tudelft.nl/a101_displayCourse.do?course_id=60371,No,MSc,Architecture and the Built Environment,[11],,,
FALSE,AR0168,"People, Movement and Public Space",https://studiegids.tudelft.nl/a101_displayCourse.do?course_id=60335,No,MSc,Architecture and the Built Environment,[],,,
FALSE,AR0169,Materialisation: The Future Envelope,https://studiegids.tudelft.nl/a101_displayCourse.do?course_id=60336,No,MSc,Architecture and the Built Environment,[],,,
TRUE,AR0171,Geo-design for a Circular Economy in Urban Region,https://studiegids.tudelft.nl/a101_displayCourse.do?course_id=60337,Yes,MSc,Architecture and the Built Environment,"[11, 12, 13]",,,
TRUE,AR0172,Globalisation - Research on the Urban Impact,https://studiegids.tudelft.nl/a101_displayCourse.do?course_id=60338,Yes,MSc,Architecture and the Built Environment,[11],,,
TRUE,AR0173,Globalisation Free Choice,https://studiegids.tudelft.nl/a101_displayCourse.do?course_id=60333,Yes,MSc,Architecture and the Built Environment,"[11, 16]",,,
FALSE,AR0175,Campus Utopias,https://studiegids.tudelft.nl/a101_displayCourse.do?course_id=60339,No,MSc,Architecture and the Built Environment,[],,,
TRUE,AR0177,The Why Factory MSc2 Design Studio,https://studiegids.tudelft.nl/a101_displayCourse.do?course_id=60372,Yes,MSc,Architecture and the Built Environment,[],,,
FALSE,AR0179,Value Capturing,https://studiegids.tudelft.nl/a101_displayCourse.do?course_id=60340,No,MSc,Architecture and the Built Environment,[],,,
FALSE,AR0185,Research Methods 3,https://studiegids.tudelft.nl/a101_displayCourse.do?course_id=60341,No,MSc,Architecture and the Built Environment,[],,,
FALSE,AR0187,Transition Landscapes,https://studiegids.tudelft.nl/a101_displayCourse.do?course_id=60342,No,MSc,Architecture and the Built Environment,[],,,
FALSE,AR0194,Bucky Lab A,https://studiegids.tudelft.nl/a101_displayCourse.do?course_id=60410,No,MSc,Architecture and the Built Environment,[],,,
FALSE,AR0195,Urbanism Elective Studio,https://studiegids.tudelft.nl/a101_displayCourse.do?course_id=60343,No,MSc,Architecture and the Built Environment,[],,,
FALSE,AR0196,Urbanism Elective Seminar,https://studiegids.tudelft.nl/a101_displayCourse.do?course_id=60344,No,MSc,Architecture and the Built Environment,[],,,
FALSE,AR0202,Computational Intelligence for Integrated Design,https://studiegids.tudelft.nl/a101_displayCourse.do?course_id=62967,No,MSc,Architecture and the Built Environment,[],,,
TRUE,AR0203,Eco-friendly Material Choices,https://studiegids.tudelft.nl/a101_displayCourse.do?course_id=62968,Yes,MSc,Architecture and the Built Environment,"[12, 13]",,,
FALSE,AR0215,Form & Inspiration,https://studiegids.tudelft.nl/a101_displayCourse.do?course_id=60350,No,MSc,Architecture and the Built Environment,[],,,
TRUE,AR0216,Towards an inclusive living environment,https://studiegids.tudelft.nl/a101_displayCourse.do?course_id=60349,No,MSc,Architecture and the Built Environment,[11],,,
TRUE,AR0226,MSc2 Studio Elective Urban and Infrastructure (Re)development Game,https://studiegids.tudelft.nl/a101_displayCourse.do?course_id=60345,No,MSc,Architecture and the Built Environment,[11],,,
TRUE,AR0227,Infrastructure and Environment Design,https://studiegids.tudelft.nl/a101_displayCourse.do?course_id=60346,Yes,MSc,Architecture and the Built Environment,"[9, 11, 13]",,,
TRUE,AR0228,Infrastructure and Enivronment Method Module,https://studiegids.tudelft.nl/a101_displayCourse.do?course_id=60347,Yes,MSc,Architecture and the Built Environment,[11],,,
FALSE,AR0682,Heritage and Architecture Design Studio: Research and Architectural Design,https://studiegids.tudelft.nl/a101_displayCourse.do?course_id=60351,No,MSc,Architecture and the Built Environment,[],,,
FALSE,AR071,Workshops Faculty of Architecture and the Built Environment,https://studiegids.tudelft.nl/a101_displayCourse.do?course_id=60479,No,MSc,Architecture and the Built Environment,[],,,
FALSE,AR0771,Beyond 3D Computer Visualisation,https://studiegids.tudelft.nl/a101_displayCourse.do?course_id=60383,No,MSc,Architecture and the Built Environment,[],,,
FALSE,AR0796,Ornamatics,https://studiegids.tudelft.nl/a101_displayCourse.do?course_id=60352,No,MSc,Architecture and the Built Environment,[],,,
FALSE,AR0805,An Archeology of Digital Design,https://studiegids.tudelft.nl/a101_displayCourse.do?course_id=62839,No,BSc,Architecture and the Built Environment,[],,,
FALSE,AR0815,Idiosyncratic Infrastructures II,https://studiegids.tudelft.nl/a101_displayCourse.do?course_id=62838,No,BSc,Architecture and the Built Environment,[],,,
FALSE,AR0825,Building Stories: The Heteronomy of Urban Design,https://studiegids.tudelft.nl/a101_displayCourse.do?course_id=62837,No,BSc,Architecture and the Built Environment,[],,,
TRUE,AR0835,Social Sustainability in Human Habitats,https://studiegids.tudelft.nl/a101_displayCourse.do?course_id=62848,Yes,BSc,Architecture and the Built Environment,[11],,,
FALSE,AR0897,Van Gezel tot Meester,https://studiegids.tudelft.nl/a101_displayCourse.do?course_id=60373,No,MSc,Bouwkunde,[],,,
FALSE,AR1A061,Delft Lectures on Architectural Design and Research Methods,https://studiegids.tudelft.nl/a101_displayCourse.do?course_id=60476,No,MSc,Architecture and the Built Environment,[],,,
FALSE,AR1A066,Delft Lectures on Architectural History and Theory,https://studiegids.tudelft.nl/a101_displayCourse.do?course_id=60477,No,MSc,Architecture and the Built Environment,[],,,
TRUE,AR1A080,Building Engineering Studios,https://studiegids.tudelft.nl/a101_displayCourse.do?course_id=60478,Yes,MSc,Architecture and the Built Environment,"[11, 13]",,,
TRUE,AR1AD014,Fundamentals of Housing Design,https://studiegids.tudelft.nl/a101_displayCourse.do?course_id=60475,Yes,MSc,Architecture and the Built Environment,[],,,
TRUE,AR1AE011,EXTREME architecture,https://studiegids.tudelft.nl/a101_displayCourse.do?course_id=60489,Yes,MSc,Architecture and the Built Environment,[],,,
TRUE,AR1AH010,Heritage and Architecture Design Studio: Architectonic Design,https://studiegids.tudelft.nl/a101_displayCourse.do?course_id=60497,Yes,MSc,Architecture and the Built Environment,"[11, 12, 13]",,,
FALSE,AR1AI013,Interiors Buildings Cities MSc1 Design Project,https://studiegids.tudelft.nl/a101_displayCourse.do?course_id=60500,No,MSc,Architecture and the Built Environment,[],,,
TRUE,AR1AP012,Public Building Design Studio,https://studiegids.tudelft.nl/a101_displayCourse.do?course_id=60491,Yes,MSc,Architecture and the Built Environment,"[11, 13]",,,
TRUE,AR1B011,Bucky Lab Design,https://studiegids.tudelft.nl/a101_displayCourse.do?course_id=60511,No,MSc,Architecture and the Built Environment,"[9, 11]",,,
TRUE,AR1B022,Climate Design,https://studiegids.tudelft.nl/a101_displayCourse.do?course_id=62963,Yes,MSc,Architecture and the Built Environment,"[7, 11, 13]",,,
TRUE,AR1B023,Sustainable Architectural Materials and Structures,https://studiegids.tudelft.nl/a101_displayCourse.do?course_id=62964,Yes,MSc,Architecture and the Built Environment,"[9, 11, 12]",,,
TRUE,AR1B024,Introduction to Computational Design,https://studiegids.tudelft.nl/a101_displayCourse.do?course_id=62965,Yes,MSc,Architecture and the Built Environment,[],,,
FALSE,AR1B032,Research and Methodology,https://studiegids.tudelft.nl/a101_displayCourse.do?course_id=62966,No,MSc,Architecture and the Built Environment,[],,,
TRUE,AR1BO010,Borders and Territories Design Studio,https://studiegids.tudelft.nl/a101_displayCourse.do?course_id=60504,Yes,MSc,Architecture and the Built Environment,[],,,
FALSE,AR1CP011,Complex Projects Design Studio,https://studiegids.tudelft.nl/a101_displayCourse.do?course_id=60493,No,MSc,Architecture and the Built Environment,[],,,
TRUE,AR1DC010,Architectural Design Crossovers Studio,https://studiegids.tudelft.nl/a101_displayCourse.do?course_id=60487,Yes,MSc,Architecture and the Built Environment,[],,,
TRUE,AR1FO010,"Form, Structure and Aesthetics",https://studiegids.tudelft.nl/a101_displayCourse.do?course_id=60486,Yes,MSc,Architecture and the Built Environment,[11],,,
TRUE,AR1LA011,Architecture and Landscape: Design Studio,https://studiegids.tudelft.nl/a101_displayCourse.do?course_id=60538,No,MSc,Architecture and the Built Environment,[15],,,
TRUE,AR1LA021,"Architecture and Landscape: Theory, Method and Critical Thinking",https://studiegids.tudelft.nl/a101_displayCourse.do?course_id=60540,Yes,MSc,Architecture and the Built Environment,[],,,
TRUE,AR1LA051,Dutch Landscape: Design Studio,https://studiegids.tudelft.nl/a101_displayCourse.do?course_id=60539,Yes,MSc,Architecture and the Built Environment,[15],,,
TRUE,AR1LA061,"Dutch Landscape: Theory, Method and Critical Thinking",https://studiegids.tudelft.nl/a101_displayCourse.do?course_id=60541,Yes,MSc,Architecture and the Built Environment,[15],,,
FALSE,AR1MBE015,Research Methods 1,https://studiegids.tudelft.nl/a101_displayCourse.do?course_id=60525,No,MSc,Architecture and the Built Environment,[],,,
FALSE,AR1MBE020,Design and Construction Management,https://studiegids.tudelft.nl/a101_displayCourse.do?course_id=60523,No,MSc,Architecture and the Built Environment,[],,,
FALSE,AR1MBE025,Building Economics,https://studiegids.tudelft.nl/a101_displayCourse.do?course_id=60524,No,MSc,Architecture and the Built Environment,[],,,
TRUE,AR1MBE030,Real Estate Management,https://studiegids.tudelft.nl/a101_displayCourse.do?course_id=60526,Yes,MSc,Architecture and the Built Environment,[11],,,
FALSE,AR1MET011,Ways of Doing,https://studiegids.tudelft.nl/a101_displayCourse.do?course_id=60495,No,MSc,Architecture and the Built Environment,[],,,
TRUE,AR1TWF011,The Why Factory MSc1 Design Studio,https://studiegids.tudelft.nl/a101_displayCourse.do?course_id=60502,Yes,MSc,Architecture and the Built Environment,[],,,
TRUE,AR1U090,RandD Studio: Analysis and Design of Urban Form,https://studiegids.tudelft.nl/a101_displayCourse.do?course_id=60549,Yes,MSc,Architecture and the Built Environment,[],,,
TRUE,AR1U100,RandD Studio: Designing Urban Environments,https://studiegids.tudelft.nl/a101_displayCourse.do?course_id=60548,Yes,MSc,Architecture and the Built Environment,"[11, 13, 15]",,,
TRUE,AR1U121,History and Theory of Urbanism,https://studiegids.tudelft.nl/a101_displayCourse.do?course_id=60550,Yes,MSc,Architecture and the Built Environment,[],,,
TRUE,AR1U131,Sustainable Urban Engineering of Territory,https://studiegids.tudelft.nl/a101_displayCourse.do?course_id=60551,Yes,MSc,Architecture and the Built Environment,"[11, 13, 15]",,,
TRUE,AR1UA010,Urban Architecture MSc 1 Design studio,https://studiegids.tudelft.nl/a101_displayCourse.do?course_id=60506,Yes,MSc,Architecture and the Built Environment,[],,,
FALSE,AR2A011,Architectural History Thesis,https://studiegids.tudelft.nl/a101_displayCourse.do?course_id=60480,No,MSc,Architecture and the Built Environment,[],,,
FALSE,AR2AA010,Architectural Research and Design Seminar,https://studiegids.tudelft.nl/a101_displayCourse.do?course_id=60393,No,MSc,Architecture and the Built Environment,[],,,
FALSE,AR2AA015,Architectural Design Studio,https://studiegids.tudelft.nl/a101_displayCourse.do?course_id=60401,No,MSc,Architecture and the Built Environment,[],,,
TRUE,AR2AD012,MSc2 Dwelling design studio 'Global Housing',https://studiegids.tudelft.nl/a101_displayCourse.do?course_id=60353,No,MSc,Architecture and the Built Environment,"[11, 12]",,,
FALSE,AR2AI011,Interiors Buildings Cities MSc2 Design Project,https://studiegids.tudelft.nl/a101_displayCourse.do?course_id=60374,No,MSc,Architecture and the Built Environment,[],,,
TRUE,AR2AP010,MSc2 Public Building Design Studio Multiplicity and Identity,https://studiegids.tudelft.nl/a101_displayCourse.do?course_id=60366,Yes,MSc,Architecture and the Built Environment,"[11, 12]",,,
TRUE,AR2AP031,Public Building Seminar Aesthetics of Sustainable Design,https://studiegids.tudelft.nl/a101_displayCourse.do?course_id=60375,Yes,MSc,Architecture and the Built Environment,"[11, 12, 13, 15]",,,
FALSE,AR2AP041,Public Building Seminar Composition and Perception,https://studiegids.tudelft.nl/a101_displayCourse.do?course_id=60354,No,MSc,Architecture and the Built Environment,[],,,
FALSE,AR2AT021,Architectural Technicities Design Studio,https://studiegids.tudelft.nl/a101_displayCourse.do?course_id=60355,No,MSc,Architecture and the Built Environment,[],,,
FALSE,AR2AT031,Architecture Theory Thesis Seminar - Thinking/Reading/Writing,https://studiegids.tudelft.nl/a101_displayCourse.do?course_id=60481,No,MSc,Architecture and the Built Environment,[],,,
FALSE,AR2AT041,Architecture and Philosophy Lecture Seminar,https://studiegids.tudelft.nl/a101_displayCourse.do?course_id=60356,No,MSc,Architecture and the Built Environment,[],,,
FALSE,AR2BO010,Borders and Territories International Design Studio,https://studiegids.tudelft.nl/a101_displayCourse.do?course_id=60359,No,MSc,Architecture and the Built Environment,[],,,
FALSE,AR2CP011,MSc2 Complex Projects Design and Research Studio,https://studiegids.tudelft.nl/a101_displayCourse.do?course_id=60376,No,MSc,Architecture and the Built Environment,[],,,
FALSE,AR2DC010,Architectural Design Crossovers Studio,https://studiegids.tudelft.nl/a101_displayCourse.do?course_id=60365,No,MSc,Architecture and the Built Environment,[],,,
FALSE,AR2FO010,The Delta Shelter,https://studiegids.tudelft.nl/a101_displayCourse.do?course_id=60357,No,MSc,Architecture and the Built Environment,[],,,
TRUE,AR2FST010,Studio 'High-Rise Culture',https://studiegids.tudelft.nl/a101_displayCourse.do?course_id=60405,Yes,MSc,Architecture and the Built Environment,[11],,,
TRUE,AR2HA011,"Building Green: Past, Present, Future",https://studiegids.tudelft.nl/a101_displayCourse.do?course_id=60358,Yes,MSc,Architecture and the Built Environment,"[11, 12, 13, 15]",,,
TRUE,AR2LA021,"Urban Landscape: Theory, Method and Critical Thinking",https://studiegids.tudelft.nl/a101_displayCourse.do?course_id=60542,Yes,MSc,Architecture and the Built Environment,"[11, 15]",,,
FALSE,AR2MBE011,Building Law,https://studiegids.tudelft.nl/a101_displayCourse.do?course_id=60529,No,MSc,Architecture and the Built Environment,[],,,
FALSE,AR2MBE015,Redesign of Complex Projects,https://studiegids.tudelft.nl/a101_displayCourse.do?course_id=60530,No,MSc,Architecture and the Built Environment,[],,,
FALSE,AR2MBE021,Building Information Management,https://studiegids.tudelft.nl/a101_displayCourse.do?course_id=60528,No,MSc,Architecture and the Built Environment,[],,,
TRUE,AR2MBE025,Urban and Infrastructure (Re)development Game,https://studiegids.tudelft.nl/a101_displayCourse.do?course_id=60531,No,MSc,Architecture and the Built Environment,[11],,,
FALSE,AR2MET011,Designing with Others,https://studiegids.tudelft.nl/a101_displayCourse.do?course_id=60377,No,MSc,Architecture and the Built Environment,[],,,
TRUE,AR2U086,RandD Studio: Spatial Strategies for the Global Metropolis,https://studiegids.tudelft.nl/a101_displayCourse.do?course_id=60552,Yes,MSc,Architecture and the Built Environment,[11],,,
FALSE,AR2U088,Research and Design Methodology for Urbanism,https://studiegids.tudelft.nl/a101_displayCourse.do?course_id=60553,No,MSc,Architecture and the Built Environment,[],,,
FALSE,AR2UA010,The Living City,https://studiegids.tudelft.nl/a101_displayCourse.do?course_id=60368,No,MSc,Architecture and the Built Environment,[],,,
TRUE,AR2UA020,Urban Architecture MSc2 design studio,https://studiegids.tudelft.nl/a101_displayCourse.do?course_id=60369,Yes,MSc,Architecture and the Built Environment,[],,,
FALSE,AR3A010,Research Plan,https://studiegids.tudelft.nl/a101_displayCourse.do?course_id=60483,No,MSc,Architecture and the Built Environment,[],,,
TRUE,AR3AD100,Advanced Housing Design,https://studiegids.tudelft.nl/a101_displayCourse.do?course_id=60482,Yes,MSc,Architecture and the Built Environment,"[11, 12]",,,
TRUE,AR3AD105,Dwelling Graduation Studio: Global Housing,https://studiegids.tudelft.nl/a101_displayCourse.do?course_id=60484,Yes,MSc,Architecture and the Built Environment,"[1, 11]",,,
TRUE,AR3AD110,Dwelling Graduation Studio: Designing for Care in an Inclusive Environment,https://studiegids.tudelft.nl/a101_displayCourse.do?course_id=60485,No,MSc,Architecture and the Built Environment,"[3, 11]",,,
TRUE,AR3AE100,Architectural Engineering Graduation Studio,https://studiegids.tudelft.nl/a101_displayCourse.do?course_id=60490,Yes,MSc,Architecture and the Built Environment,"[11, 12, 13, 15]",,,
TRUE,AR3AH105,Graduation Studio Adapting 20th century Heritage,https://studiegids.tudelft.nl/a101_displayCourse.do?course_id=60498,Yes,MSc,Architecture and the Built Environment,"[11, 12, 13, 15]",,,
TRUE,AR3AH115,Graduation Studio Revitalising Heritage,https://studiegids.tudelft.nl/a101_displayCourse.do?course_id=60499,Yes,MSc,Architecture and the Built Environment,[],,,
TRUE,AR3AI100,Interiors Buildings Cities Graduation Project,https://studiegids.tudelft.nl/a101_displayCourse.do?course_id=60501,Yes,MSc,Architecture and the Built Environment,"[11, 12, 13]",,,
TRUE,AR3AP100,Public Building Graduation Studio,https://studiegids.tudelft.nl/a101_displayCourse.do?course_id=60492,Yes,MSc,Architecture and the Built Environment,"[11, 12, 13]",,,
TRUE,AR3B012,CORE,https://studiegids.tudelft.nl/a101_displayCourse.do?course_id=63842,Yes,MSc,Architecture and the Built Environment,"[9, 11, 12]",,,
TRUE,AR3B015,User-centred Sustainability Studio,https://studiegids.tudelft.nl/a101_displayCourse.do?course_id=60521,Yes,MSc,Architecture and the Built Environment,"[11, 13]",,,
TRUE,AR3BO100,Borders and Territories Graduation Studio,https://studiegids.tudelft.nl/a101_displayCourse.do?course_id=60505,Yes,MSc,Architecture and the Built Environment,"[11, 13, 16]",,,
TRUE,AR3CP100,Complex Projects Graduation Studio,https://studiegids.tudelft.nl/a101_displayCourse.do?course_id=60494,Yes,MSc,Architecture and the Built Environment,[],,,
TRUE,AR3CS021,Seminar Cross Domain City of the Future,https://studiegids.tudelft.nl/a101_displayCourse.do?course_id=60535,Yes,MSc,Architecture and the Built Environment,"[11, 13, 7, 9, 12]",,,
FALSE,AR3CS081,Graduation Cross Domain City of the Future,https://studiegids.tudelft.nl/a101_displayCourse.do?course_id=60536,No,MSc,Architecture and the Built Environment,[],,,
FALSE,AR3CS100,Graduation Studio Cross Domain City of the Future,https://studiegids.tudelft.nl/a101_displayCourse.do?course_id=60509,No,MSc,Architecture and the Built Environment,[],,,
TRUE,AR3DC100,Architectural Design Crossovers Graduation Studio,https://studiegids.tudelft.nl/a101_displayCourse.do?course_id=60488,Yes,MSc,Architecture and the Built Environment,[],,,
FALSE,AR3EX115,Explore Lab Graduation,https://studiegids.tudelft.nl/a101_displayCourse.do?course_id=60508,No,MSc,Architecture and the Built Environment,[],,,
FALSE,AR3LA011,Landscape Architecture Analysis and Visualisation,https://studiegids.tudelft.nl/a101_displayCourse.do?course_id=60544,No,MSc,Architecture and the Built Environment,[],,,
FALSE,AR3LA020,Research Methodology in Landscape Architecture,https://studiegids.tudelft.nl/a101_displayCourse.do?course_id=60545,No,MSc,Architecture and the Built Environment,[],,,
TRUE,AR3LA031,Graduation Studio Landscape Architecture: Flowscapes,https://studiegids.tudelft.nl/a101_displayCourse.do?course_id=60546,Yes,MSc,Architecture and the Built Environment,"[11, 13, 15]",,,
FALSE,AR3MBE010,Research Methods 2,https://studiegids.tudelft.nl/a101_displayCourse.do?course_id=60533,No,MSc,Architecture and the Built Environment,[],,,
FALSE,AR3MBE100,MSc 3 Graduation Laboratory Management in the Built Environment,https://studiegids.tudelft.nl/a101_displayCourse.do?course_id=60532,No,MSc,Architecture and the Built Environment,[],,,
TRUE,AR3MET105,A Matter of Scale,https://studiegids.tudelft.nl/a101_displayCourse.do?course_id=60496,Yes,MSc,Architecture and the Built Environment,[],,,
TRUE,AR3RE100,Resilient Rotterdam Graduation Studio - Veldacademie,https://studiegids.tudelft.nl/a101_displayCourse.do?course_id=60510,Yes,MSc,Architecture and the Built Environment,[11],,,
FALSE,AR3U105,Graduation Orientation,https://studiegids.tudelft.nl/a101_displayCourse.do?course_id=60554,No,MSc,Architecture and the Built Environment,[],,,
FALSE,AR3U110,Graduation Exploration,https://studiegids.tudelft.nl/a101_displayCourse.do?course_id=60555,No,MSc,Architecture and the Built Environment,[],,,
FALSE,AR3U115,Graduation Lab Urbanism,https://studiegids.tudelft.nl/a101_displayCourse.do?course_id=60556,No,MSc,Architecture and the Built Environment,[],,,
FALSE,AR3U120,Graduation (P)repa(i)ration,https://studiegids.tudelft.nl/a101_displayCourse.do?course_id=60557,No,MSc,Architecture and the Built Environment,[],,,
FALSE,AR3UA100,Urban Architecture Graduation Studio,https://studiegids.tudelft.nl/a101_displayCourse.do?course_id=60507,No,MSc,Architecture and the Built Environment,[],,,
TRUE,AR4B025,Building Technology Graduation Studio,https://studiegids.tudelft.nl/a101_displayCourse.do?course_id=60522,Yes,MSc,Architecture and the Built Environment,"[11, 13]",,,
FALSE,AR4CS030,Cross Domain City of the Future,https://studiegids.tudelft.nl/a101_displayCourse.do?course_id=60537,No,MSc,Architecture and the Built Environment,[],,,
TRUE,AR4LA010,Graduation Studio Landscape Architecture: Flowscapes,https://studiegids.tudelft.nl/a101_displayCourse.do?course_id=60547,Yes,MSc,Architecture and the Built Environment,"[11, 13, 15]",,,
FALSE,AR4R010,MSc 4 Graduation Laboratory Management in the Built Environment,https://studiegids.tudelft.nl/a101_displayCourse.do?course_id=60534,No,MSc,Architecture and the Built Environment,[],,,
FALSE,AR4U010,Graduation Lab Urbanism,https://studiegids.tudelft.nl/a101_displayCourse.do?course_id=60558,No,MSc,Architecture and the Built Environment,[],,,
FALSE,AR8003TU,Legal and Governance,https://studiegids.tudelft.nl/a101_displayCourse.do?course_id=60406,No,MSc,Architecture and the Built Environment,[],,,
FALSE,ARB106,The Berlage Sessions,https://studiegids.tudelft.nl/a101_displayCourse.do?course_id=60384,No,BSc,Architecture and the Built Environment,[],,,
FALSE,BK1GR1,"Grondslagen 1 Huis, Tuin en Landschap",https://studiegids.tudelft.nl/a101_displayCourse.do?course_id=60418,No,BSc,Bouwkunde,[],,,
TRUE,BK1ON1,Ontwerpen 1 Huis en Verankering in het Landschap,https://studiegids.tudelft.nl/a101_displayCourse.do?course_id=60417,Yes,BSc,Bouwkunde,"[11, 12, 13]",,,
FALSE,BK1OV1,Overdracht en Vorm 1 Ruimte en Vorm,https://studiegids.tudelft.nl/a101_displayCourse.do?course_id=60419,No,BSc,Bouwkunde,[],,,
TRUE,BK1TE1,Technologie 1 Technisch Wetenschappelijke Fundamenten I,https://studiegids.tudelft.nl/a101_displayCourse.do?course_id=60420,Yes,BSc,Bouwkunde,"[7, 9, 11, 13]",,,
FALSE,BK1TE2,Technologie 2 Materiaal en Constructie,https://studiegids.tudelft.nl/a101_displayCourse.do?course_id=60421,No,BSc,Bouwkunde,[],,,
FALSE,BK2AC1,Academische Vaardigheden 1 Bouwkunde als Wetenschappelijke Discipline,https://studiegids.tudelft.nl/a101_displayCourse.do?course_id=60423,No,BSc,Bouwkunde,[],,,
FALSE,BK2GR2,Grondslagen 2 Openbare Ruimte en Publiek Gebouw,https://studiegids.tudelft.nl/a101_displayCourse.do?course_id=60424,No,BSc,Bouwkunde,[],,,
FALSE,BK2ON2,Ontwerpen 2 Ontwerp en Engineering,https://studiegids.tudelft.nl/a101_displayCourse.do?course_id=60425,No,BSc,Bouwkunde,[],,,
FALSE,BK2OV2,Overdracht en Vorm 2 Structuur en Detail,https://studiegids.tudelft.nl/a101_displayCourse.do?course_id=60426,No,BSc,Bouwkunde,[],,,
TRUE,BK2TE3,Technologie 3 Technisch Wetenschappelijke Fundamenten II,https://studiegids.tudelft.nl/a101_displayCourse.do?course_id=60422,Yes,BSc,Bouwkunde,"[7, 9, 11, 12]",,,
FALSE,BK3GR3,"Grondslagen 3 Wonen, Gebouw en Omgeving",https://studiegids.tudelft.nl/a101_displayCourse.do?course_id=60427,No,BSc,Bouwkunde,[],,,
TRUE,BK3MA1,"Maatschappij, Proces en Praktijk 1 Planning en Programma",https://studiegids.tudelft.nl/a101_displayCourse.do?course_id=60428,Yes,BSc,Bouwkunde,"[11, 12]",,,
TRUE,BK3ON3,Ontwerpen 3 Stad en Openbare Ruimte,https://studiegids.tudelft.nl/a101_displayCourse.do?course_id=60429,No,BSc,Bouwkunde,"[11, 15]",,,
FALSE,BK3OV3,Overdracht en Vorm 3 Parametrisch Ontwerpen: Ontwerpanalyse en -optimalisatie,https://studiegids.tudelft.nl/a101_displayCourse.do?course_id=60430,No,BSc,Bouwkunde,[],,,
TRUE,BK3TE4,Technologie 4 Constructie en Klimaatontwerp,https://studiegids.tudelft.nl/a101_displayCourse.do?course_id=60431,Yes,BSc,Bouwkunde,"[11, 13]",,,
FALSE,BK4AC2,Academische Vaardigheden 2 Empirische Onderzoekstechnieken voor Bouwkunde,https://studiegids.tudelft.nl/a101_displayCourse.do?course_id=60432,No,BSc,Bouwkunde,[],,,
FALSE,BK4GR4,Grondslagen 4 De Europese Metropool,https://studiegids.tudelft.nl/a101_displayCourse.do?course_id=60433,No,BSc,Bouwkunde,[],,,
TRUE,BK4MA2,"Maatschappij, Proces en Praktijk 2 Ontwerp en Bouwmanagement",https://studiegids.tudelft.nl/a101_displayCourse.do?course_id=60434,Yes,BSc,Bouwkunde,[],,,
TRUE,BK4ON4,Ontwerpen 4 Woongebouw en Woonomgeving,https://studiegids.tudelft.nl/a101_displayCourse.do?course_id=60436,Yes,BSc,Bouwkunde,[11],,,
TRUE,BK4TE5,Technologie 5 Woningbouwtechnologie,https://studiegids.tudelft.nl/a101_displayCourse.do?course_id=60435,Yes,BSc,Bouwkunde,"[11, 12, 13]",,,
FALSE,BK5STA,Stage Architecture,https://studiegids.tudelft.nl/a101_displayCourse.do?course_id=60440,No,Minor,Bouwkunde,[],,,
FALSE,BK5STB,Stage Bouwtechnologie,https://studiegids.tudelft.nl/a101_displayCourse.do?course_id=60445,No,Minor,Bouwkunde,[],,,
FALSE,BK5STPO,Stage: Persoonlijke Ontwikkeling,https://studiegids.tudelft.nl/a101_displayCourse.do?course_id=60444,No,Minor,Bouwkunde,[],,,
FALSE,BK5STR,Stage Management in the Built Environment,https://studiegids.tudelft.nl/a101_displayCourse.do?course_id=60441,No,Minor,Bouwkunde,[],,,
FALSE,BK5STU,Stage Stedenbouwkunde,https://studiegids.tudelft.nl/a101_displayCourse.do?course_id=60446,No,Minor,Bouwkunde,[],,,
FALSE,BK5STVA,Stageverslag Architecture,https://studiegids.tudelft.nl/a101_displayCourse.do?course_id=60442,No,Minor,Bouwkunde,[],,,
FALSE,BK5STVB,Stageverslag Bouwtechnologie,https://studiegids.tudelft.nl/a101_displayCourse.do?course_id=60447,No,Minor,Bouwkunde,[],,,
FALSE,BK5STVR,"Stageverslag, Management in the Built Environment",https://studiegids.tudelft.nl/a101_displayCourse.do?course_id=60443,No,Minor,Bouwkunde,[],,,
FALSE,BK5STVU,Stageverslag Stedenbouwkunde,https://studiegids.tudelft.nl/a101_displayCourse.do?course_id=60448,No,Minor,Bouwkunde,[],,,
FALSE,BK6AC3,Academische Vaardigheden 3 Ontwerpreflectie,https://studiegids.tudelft.nl/a101_displayCourse.do?course_id=60471,No,BSc,Bouwkunde,[],,,
TRUE,BK6MA3,"Maatschappij, Proces en Praktijk 3 Beheer en (Her)Ontwikkeling",https://studiegids.tudelft.nl/a101_displayCourse.do?course_id=60472,Yes,BSc,Bouwkunde,"[11, 12]",,,
FALSE,BK6ON5,Ontwerpen 5 Gebieds(her)ontwikkeling in het Metropolitane Landschap,https://studiegids.tudelft.nl/a101_displayCourse.do?course_id=60473,No,BSc,Bouwkunde,[],,,
TRUE,BK6ON6,Ontwerpen 6 Gebouw en Techniek,https://studiegids.tudelft.nl/a101_displayCourse.do?course_id=60474,Yes,BSc,Bouwkunde,"[11, 12, 13, 15]",,,
FALSE,BK7064,Spaces of Display 1,https://studiegids.tudelft.nl/a101_displayCourse.do?course_id=60459,No,Minor,Architecture and the Built Environment,[],,,
FALSE,BK7065,Spaces of Display 2,https://studiegids.tudelft.nl/a101_displayCourse.do?course_id=60461,No,Minor,Architecture and the Built Environment,[],,,
FALSE,BK7066,Tools for Spaces of Display 1,https://studiegids.tudelft.nl/a101_displayCourse.do?course_id=60460,No,Minor,Architecture and the Built Environment,[],,,
FALSE,BK7067,Tools for Spaces of Display 2,https://studiegids.tudelft.nl/a101_displayCourse.do?course_id=60462,No,Minor,Architecture and the Built Environment,[],,,
TRUE,BK7083,Computational Design Studio,https://studiegids.tudelft.nl/a101_displayCourse.do?course_id=60453,Yes,Minor,Architecture and the Built Environment,"[11, 13]",,,
FALSE,BK7084,Computational Simulations,https://studiegids.tudelft.nl/a101_displayCourse.do?course_id=60452,No,Minor,Architecture and the Built Environment,[],,,
FALSE,BK7140,Presenting Project Facts,https://studiegids.tudelft.nl/a101_displayCourse.do?course_id=60454,No,Minor,Architecture and the Built Environment,[],,,
FALSE,BK7141,Presenting Project Visions,https://studiegids.tudelft.nl/a101_displayCourse.do?course_id=60455,No,Minor,Architecture and the Built Environment,[],,,
FALSE,BK7142,Presenting Project Prospects,https://studiegids.tudelft.nl/a101_displayCourse.do?course_id=60456,No,Minor,Architecture and the Built Environment,[],,,
TRUE,BK7215,Basic techniques for sustainable urban design,https://studiegids.tudelft.nl/a101_displayCourse.do?course_id=60470,Yes,Minor,Architecture and the Built Environment,"[11, 13, 15]",,,
TRUE,BK7225,City and Public Space: Sustainable Urban Design,https://studiegids.tudelft.nl/a101_displayCourse.do?course_id=60469,Yes,Minor,Architecture and the Built Environment,"[11, 13]",,,
TRUE,BK7460-13,Archineering 1,https://studiegids.tudelft.nl/a101_displayCourse.do?course_id=60457,Yes,BSc,Architecture and the Built Environment,[],,,
TRUE,BK7461,Archineering 2,https://studiegids.tudelft.nl/a101_displayCourse.do?course_id=60458,Yes,Minor,Architecture and the Built Environment,[],,,
FALSE,BK7470,CMSI Lecture Series and Review Paper,https://studiegids.tudelft.nl/a101_displayCourse.do?course_id=60449,No,Minor,Architecture and the Built Environment,[],,,
TRUE,BK7471,CMSI Collaborative Project: Tackling Spatial Inequality,https://studiegids.tudelft.nl/a101_displayCourse.do?course_id=60450,Yes,Minor,Architecture and the Built Environment,"[10, 11]",,,
TRUE,BK7472,CMSI Engaging with Practice of Spatial Inequality,https://studiegids.tudelft.nl/a101_displayCourse.do?course_id=60451,Yes,Minor,Architecture and the Built Environment,"[10, 11]",,,
TRUE,BK7550,Landscape and Transition,https://studiegids.tudelft.nl/a101_displayCourse.do?course_id=60463,No,Minor,Architecture and the Built Environment,"[11, 15]",,,
FALSE,BK7551,History of Dutch Cities and Landscapes,https://studiegids.tudelft.nl/a101_displayCourse.do?course_id=60464,No,Minor,Architecture and the Built Environment,[],,,
FALSE,BK7552,Heritage: Theory and Practice,https://studiegids.tudelft.nl/a101_displayCourse.do?course_id=60467,No,Minor,Architecture and the Built Environment,[],,,
TRUE,BK7553,Architecture and Re-use,https://studiegids.tudelft.nl/a101_displayCourse.do?course_id=60468,Yes,Minor,Architecture and the Built Environment,"[11, 12, 15]",,,
FALSE,BK7554,History of Dutch architecture and art,https://studiegids.tudelft.nl/a101_displayCourse.do?course_id=60466,No,Minor,Architecture and the Built Environment,[],,,
FALSE,BK7555,City and Transformation,https://studiegids.tudelft.nl/a101_displayCourse.do?course_id=60465,No,Minor,Architecture and the Built Environment,[],,,
TRUE,BK7940,"(Re)imagining Port Cities: Understanding Space, Society and Culture Q1",https://studiegids.tudelft.nl/a101_displayCourse.do?course_id=63053,Yes,Minor,Architecture and the Built Environment,"[11, 13]",,,
TRUE,BK7941,"(Re)imagining Port Cities: Understanding Space, Society and Culture Q2",https://studiegids.tudelft.nl/a101_displayCourse.do?course_id=63054,Yes,Minor,Architecture and the Built Environment,"[11, 13]",,,
FALSE,BK7942,Culture & Understanding,https://studiegids.tudelft.nl/a101_displayCourse.do?course_id=63055,No,Minor,Architecture and the Built Environment,[],,,
FALSE,BK7943,Design & Remodelling,https://studiegids.tudelft.nl/a101_displayCourse.do?course_id=63056,No,Minor,Architecture and the Built Environment,[],,,
TRUE,BK7944,Spatial Computing for Digital Twinning,https://studiegids.tudelft.nl/a101_displayCourse.do?course_id=63057,Yes,Minor,Architecture and the Built Environment,"[11, 13]",,,
FALSE,GEO1000,Python Programming for Geomatics,https://studiegids.tudelft.nl/a101_displayCourse.do?course_id=60387,No,MSc,Architecture and the Built Environment,[],,,
FALSE,GEO1001,Sensing Technologies,https://studiegids.tudelft.nl/a101_displayCourse.do?course_id=60596,No,MSc,Architecture and the Built Environment,[],,,
FALSE,GEO1002,Geographical Information Systems (GIS) and Cartography,https://studiegids.tudelft.nl/a101_displayCourse.do?course_id=60411,No,MSc,Architecture and the Built Environment,[],,,
FALSE,GEO1003,Positioning and Location Awareness,https://studiegids.tudelft.nl/a101_displayCourse.do?course_id=60597,No,MSc,Architecture and the Built Environment,[],,,
FALSE,GEO1004,3D Modelling of the Built Environment,https://studiegids.tudelft.nl/a101_displayCourse.do?course_id=60601,No,MSc,Architecture and the Built Environment,[],,,
FALSE,GEO1006,Geo Database Management Systems,https://studiegids.tudelft.nl/a101_displayCourse.do?course_id=60598,No,MSc,Architecture and the Built Environment,[],,,
FALSE,GEO1007,Geoweb Technology,https://studiegids.tudelft.nl/a101_displayCourse.do?course_id=60603,No,MSc,Architecture and the Built Environment,[],,,
FALSE,GEO1009,Geo-information Governance,https://studiegids.tudelft.nl/a101_displayCourse.do?course_id=60602,No,MSc,Architecture and the Built Environment,[],,,
TRUE,GEO1015,Digital Terrain Modelling,https://studiegids.tudelft.nl/a101_displayCourse.do?course_id=60599,Yes,MSc,Architecture and the Built Environment,[],,,
FALSE,GEO1016,Photogrammetry and 3D Computer Vision,https://studiegids.tudelft.nl/a101_displayCourse.do?course_id=60600,No,MSc,Architecture and the Built Environment,[],,,
FALSE,GEO1101,Synthesis Project,https://studiegids.tudelft.nl/a101_displayCourse.do?course_id=60604,No,MSc,Architecture and the Built Environment,[],,,
FALSE,GEO2011,Thesis Preparation,https://studiegids.tudelft.nl/a101_displayCourse.do?course_id=60605,No,MSc,Architecture and the Built Environment,[],,,
FALSE,GEO2020,Thesis,https://studiegids.tudelft.nl/a101_displayCourse.do?course_id=60606,No,MSc,Architecture and the Built Environment,[],,,
FALSE,GEO5010,Research Assignment,https://studiegids.tudelft.nl/a101_displayCourse.do?course_id=60608,No,MSc,Architecture and the Built Environment,[],,,
TRUE,GEO5012,Land Administration,https://studiegids.tudelft.nl/a101_displayCourse.do?course_id=60610,Yes,MSc,Architecture and the Built Environment,"[11, 16]",,,
TRUE,GEO5014,Geomatics as support for energy applications,https://studiegids.tudelft.nl/a101_displayCourse.do?course_id=60400,Yes,MSc,Architecture and the Built Environment,"[7, 9, 11]",,,
TRUE,GEO5015,Modelling wind and dispersion in urban environments,https://studiegids.tudelft.nl/a101_displayCourse.do?course_id=60404,Yes,MSc,Architecture and the Built Environment,"[7, 11, 13]",,,
FALSE,GEO5016,Geomatics in practice,https://studiegids.tudelft.nl/a101_displayCourse.do?course_id=60609,No,MSc,Architecture and the Built Environment,[],,,
FALSE,GEO5017,Machine Learning for the Built Environment,https://studiegids.tudelft.nl/a101_displayCourse.do?course_id=60607,No,MSc,Architecture and the Built Environment,[],,,
TRUE,GEO5018,Ethics for the Data-driven City,https://studiegids.tudelft.nl/a101_displayCourse.do?course_id=60412,No,MSc,Architecture and the Built Environment,"[9, 11, 16]",,,
FALSE,4051ALACH,Algemene en Anorganische Chemie,https://studiegids.tudelft.nl/a101_displayCourse.do?course_id=62855,No,BSc,Technische Natuurwetenschappen,[],,,
FALSE,4051CALC1,Calculus 1,https://studiegids.tudelft.nl/a101_displayCourse.do?course_id=62856,No,BSc,Technische Natuurwetenschappen,[],,,
FALSE,4051CALC2,Calculus 2,https://studiegids.tudelft.nl/a101_displayCourse.do?course_id=62854,No,BSc,Technische Natuurwetenschappen,[],,,
FALSE,4051CHAN3,Chemische Analysemethoden,https://studiegids.tudelft.nl/a101_displayCourse.do?course_id=62859,No,BSc,Technische Natuurwetenschappen,[],,,
FALSE,4051CHTHE,Chemische Thermodynamica (CTD),https://studiegids.tudelft.nl/a101_displayCourse.do?course_id=62852,No,BSc,Technische Natuurwetenschappen,[],,,
FALSE,4051INCHE,Anorganische Chemie,https://studiegids.tudelft.nl/a101_displayCourse.do?course_id=62849,No,BSc,Technische Natuurwetenschappen,[],,,
FALSE,4051IPTEC,Inleiding Procestechnologie,https://studiegids.tudelft.nl/a101_displayCourse.do?course_id=62850,No,BSc,Technische Natuurwetenschappen,[],,,
FALSE,4051LEON1,Leren onderzoeken 1 (LO1),https://studiegids.tudelft.nl/a101_displayCourse.do?course_id=62853,No,BSc,Technische Natuurwetenschappen,[],,,
FALSE,4051OCSTR,Organische Chemie en Structuuranalyse,https://studiegids.tudelft.nl/a101_displayCourse.do?course_id=62858,No,BSc,Technische Natuurwetenschappen,[],,,
FALSE,4051PRBVA,Practicum Basisvaardigheden (PBV),https://studiegids.tudelft.nl/a101_displayCourse.do?course_id=62851,No,BSc,Technische Natuurwetenschappen,[],,,
FALSE,4051QCHFY,Quantum Chemie en Fysica,https://studiegids.tudelft.nl/a101_displayCourse.do?course_id=62857,No,BSc,Technische Natuurwetenschappen,[],,,
FALSE,4052BIOC6,Biochemie,https://studiegids.tudelft.nl/a101_displayCourse.do?course_id=62862,No,BSc,Technische Natuurwetenschappen,[],,,
FALSE,4052BMOCH,Biomolecular Chemistry (BMC),https://studiegids.tudelft.nl/a101_displayCourse.do?course_id=62873,No,BSc,Technische Natuurwetenschappen,[],,,
TRUE,4052CHBIO,Chemical Biotechnology (CBT),https://studiegids.tudelft.nl/a101_displayCourse.do?course_id=62875,No,BSc,Applied Sciences,"[7, 9, 12, 13]",,,
FALSE,4052CHFVS,Chemie en fysica van vaste stoffen,https://studiegids.tudelft.nl/a101_displayCourse.do?course_id=62867,No,BSc,Technische Natuurwetenschappen,[],,,
FALSE,4052CHREK,Chemical Reactor Engineering,https://studiegids.tudelft.nl/a101_displayCourse.do?course_id=62880,No,BSc,Applied Sciences,[],,,
TRUE,4052ENRV6,"Energie, recycling en veiligheid",https://studiegids.tudelft.nl/a101_displayCourse.do?course_id=62861,Yes,BSc,Technische Natuurwetenschappen,"[7, 9, 12, 13]",,,
FALSE,4052FYSC6,Fysiologische chemie,https://studiegids.tudelft.nl/a101_displayCourse.do?course_id=62871,No,BSc,Technische Natuurwetenschappen,[],,,
FALSE,4052FYSCK,Fysische Chemie en Kinetiek (FCK),https://studiegids.tudelft.nl/a101_displayCourse.do?course_id=62866,No,BSc,Technische Natuurwetenschappen,[],,,
FALSE,4052FYSTR,Physical Transport Phenomena (FTV),https://studiegids.tudelft.nl/a101_displayCourse.do?course_id=62870,No,BSc,Applied Sciences,[],,,
FALSE,4052KATAL,Katalyse (KAT),https://studiegids.tudelft.nl/a101_displayCourse.do?course_id=62865,No,BSc,Technische Natuurwetenschappen,[],,,
FALSE,4052LADIF,Lineaire algebra en differentiaalvergelijkingen,https://studiegids.tudelft.nl/a101_displayCourse.do?course_id=62868,No,BSc,Technische Natuurwetenschappen,[],,,
FALSE,4052LEON2,Research Project 2,https://studiegids.tudelft.nl/a101_displayCourse.do?course_id=62860,No,BSc,Applied Sciences,[],,,
FALSE,4052LEON3,Chemisch productontwerp,https://studiegids.tudelft.nl/a101_displayCourse.do?course_id=62876,No,BSc,Technische Natuurwetenschappen,[],,,
FALSE,4052LEON4,Bachelor Thesis Project,https://studiegids.tudelft.nl/a101_displayCourse.do?course_id=62878,No,BSc,Applied Sciences,[],,,
FALSE,4052NUMT3,Numerieke Technieken,https://studiegids.tudelft.nl/a101_displayCourse.do?course_id=63616,No,BSc,Technische Natuurwetenschappen,[],,,
FALSE,4052ORGC2,Organische Chemie 2 (OC 2),https://studiegids.tudelft.nl/a101_displayCourse.do?course_id=62872,No,BSc,Technische Natuurwetenschappen,[],,,
FALSE,4052SCHTE,Scheidingstechnologie,https://studiegids.tudelft.nl/a101_displayCourse.do?course_id=62874,No,BSc,Technische Natuurwetenschappen,[],,,
FALSE,4052STAME,Statistische Methoden (STM),https://studiegids.tudelft.nl/a101_displayCourse.do?course_id=62863,No,BSc,Technische Natuurwetenschappen,[],,,
FALSE,4052STEVM,Structuur en eigenschappen van materialen,https://studiegids.tudelft.nl/a101_displayCourse.do?course_id=62864,No,BSc,Technische Natuurwetenschappen,[],,,
FALSE,4052STTS6,Statistische thermodynamica / Spectroscopie,https://studiegids.tudelft.nl/a101_displayCourse.do?course_id=63617,No,BSc,Technische Natuurwetenschappen,[],,,
FALSE,4052THECH,Theoretische Chemie 1,https://studiegids.tudelft.nl/a101_displayCourse.do?course_id=62869,No,BSc,Technische Natuurwetenschappen,[],,,
FALSE,AP3001,Mathematical Methods for Physics,https://studiegids.tudelft.nl/a101_displayCourse.do?course_id=62670,No,MSc,Applied Sciences,[],,,
FALSE,AP3001-CA,MMP Complex Analysis,https://studiegids.tudelft.nl/a101_displayCourse.do?course_id=62671,No,MSc,Applied Sciences,[],,,
FALSE,AP3001-FE,MMP Finite Elements,https://studiegids.tudelft.nl/a101_displayCourse.do?course_id=62672,No,MSc,Applied Sciences,[],,,
FALSE,AP3001-PDE,MMP Partial Differential Equations,https://studiegids.tudelft.nl/a101_displayCourse.do?course_id=62673,No,MSc,Applied Sciences,[],,,
FALSE,AP3021,Advanced Statistical Mechanics,https://studiegids.tudelft.nl/a101_displayCourse.do?course_id=62677,No,MSc,Applied Sciences,[],,,
FALSE,AP3032,Continuum Physics,https://studiegids.tudelft.nl/a101_displayCourse.do?course_id=62308,No,MSc,Applied Sciences,[],,,
FALSE,AP3051,Advanced Quantum Mechanics,https://studiegids.tudelft.nl/a101_displayCourse.do?course_id=62678,No,MSc,Applied Sciences,[],,,
FALSE,AP3061,"Acoustic, Elastic and Electromagnetic Waves",https://studiegids.tudelft.nl/a101_displayCourse.do?course_id=62698,No,MSc,Applied Sciences,[],,,
FALSE,AP3071,Advanced Electrodynamics,https://studiegids.tudelft.nl/a101_displayCourse.do?course_id=62679,No,MSc,Applied Sciences,[],,,
FALSE,AP3082,Computational Physics,https://studiegids.tudelft.nl/a101_displayCourse.do?course_id=62684,No,MSc,Applied Sciences,[],,,
FALSE,AP3091,Elementary Particles,https://studiegids.tudelft.nl/a101_displayCourse.do?course_id=62704,No,MSc,Applied Sciences,[],,,
FALSE,AP3101,The Interpretation of Quantum Mechanics,https://studiegids.tudelft.nl/a101_displayCourse.do?course_id=62712,No,MSc,Applied Sciences,[],,,
FALSE,AP3113,Quantum Optics,https://studiegids.tudelft.nl/a101_displayCourse.do?course_id=63033,No,MSc,Applied Sciences,[],,,
FALSE,AP3122,Advanced Optical Imaging,https://studiegids.tudelft.nl/a101_displayCourse.do?course_id=60921,No,MSc,Applied Sciences,[],,,
FALSE,AP3132,Advanced Digital Image Processing,https://studiegids.tudelft.nl/a101_displayCourse.do?course_id=60996,No,MSc,Applied Sciences,[],,,
TRUE,AP3141,Environmental Physics,https://studiegids.tudelft.nl/a101_displayCourse.do?course_id=62685,Yes,MSc,Applied Sciences,"[7, 9, 11, 13]",,,
FALSE,AP3152,Optics for Lithography,https://studiegids.tudelft.nl/a101_displayCourse.do?course_id=62703,No,MSc,Applied Sciences,[],,,
TRUE,AP3162,Physics of Biological Systems: Mathematical Modelling in Systems Biology,https://studiegids.tudelft.nl/a101_displayCourse.do?course_id=62699,No,MSc,Applied Sciences,[3],,,
FALSE,AP3171,Advanced Physical Transport Phenomena,https://studiegids.tudelft.nl/a101_displayCourse.do?course_id=62689,No,MSc,Applied Sciences,[],,,
FALSE,AP3181,Applied Multiphase Flows,https://studiegids.tudelft.nl/a101_displayCourse.do?course_id=62690,No,MSc,Applied Sciences,[],,,
FALSE,AP3211,Advanced Solid State Physics,https://studiegids.tudelft.nl/a101_displayCourse.do?course_id=62686,No,MSc,Applied Sciences,[],,,
FALSE,AP3222,Nanotechnology,https://studiegids.tudelft.nl/a101_displayCourse.do?course_id=62706,No,MSc,Applied Sciences,[],,,
FALSE,AP3232,Medical Imaging Signals and Systems,https://studiegids.tudelft.nl/a101_displayCourse.do?course_id=61043,No,MSc,Applied Sciences,[],,,
FALSE,AP3243,Lasers and Photodetectors,https://studiegids.tudelft.nl/a101_displayCourse.do?course_id=63071,No,MSc,Applied Sciences,[],,,
FALSE,AP3252,Electron Microscopy Characterization of the Nanoscale,https://studiegids.tudelft.nl/a101_displayCourse.do?course_id=62707,No,MSc,Applied Sciences,[],,,
FALSE,AP3261,Mesoscopic Physics,https://studiegids.tudelft.nl/a101_displayCourse.do?course_id=62714,No,MSc,Applied Sciences,[],,,
FALSE,AP3271,Molecular Electronics,https://studiegids.tudelft.nl/a101_displayCourse.do?course_id=62687,No,MSc,Applied Sciences,[],,,
FALSE,AP3281,Quantum Transport,https://studiegids.tudelft.nl/a101_displayCourse.do?course_id=62715,No,MSc,Applied Sciences,[],,,
FALSE,AP3303,Applications of Quantum Mechanics,https://studiegids.tudelft.nl/a101_displayCourse.do?course_id=62716,No,MSc,Applied Sciences,[],,,
FALSE,AP3311,"Neutrons, X-Rays and Positrons for Studying Microscopic Structures and Dynamics",https://studiegids.tudelft.nl/a101_displayCourse.do?course_id=61891,No,MSc,Applied Sciences,[],,,
TRUE,AP3333,Physics of Energy Materials,https://studiegids.tudelft.nl/a101_displayCourse.do?course_id=62680,Yes,MSc,Applied Sciences,"[7, 9, 13]",,,
FALSE,AP3341,Nuclear Reactor Physics,https://studiegids.tudelft.nl/a101_displayCourse.do?course_id=62681,No,MSc,Applied Sciences,[],,,
TRUE,AP3352,Introduction to Nuclear Science and Engineering,https://studiegids.tudelft.nl/a101_displayCourse.do?course_id=62682,No,MSc,Applied Sciences,"[7, 9, 11, 13]",,,
TRUE,AP3371,Radiological Health Physics,https://studiegids.tudelft.nl/a101_displayCourse.do?course_id=61044,No,MSc,Applied Sciences,[3],,,
FALSE,AP3382,Advanced Photonics,https://studiegids.tudelft.nl/a101_displayCourse.do?course_id=60997,No,MSc,Applied Sciences,[],,,
FALSE,AP3391,Geometrical Optics,https://studiegids.tudelft.nl/a101_displayCourse.do?course_id=60922,No,MSc,Applied Sciences,[],,,
FALSE,AP3401,Introduction to Charged Particle Optics,https://studiegids.tudelft.nl/a101_displayCourse.do?course_id=60920,No,MSc,Applied Sciences,[],,,
FALSE,AP3421,Fundamentals of Quantum Information,https://studiegids.tudelft.nl/a101_displayCourse.do?course_id=61576,No,MSc,Applied Sciences,[],,,
FALSE,AP3421-PR,Quantum Information Project,https://studiegids.tudelft.nl/a101_displayCourse.do?course_id=61718,No,MSc,Applied Sciences,[],,,
FALSE,AP3432,Quantum Hardware 1 - Theoretical Concepts,https://studiegids.tudelft.nl/a101_displayCourse.do?course_id=61624,No,MSc,Applied Sciences,[],,,
FALSE,AP3442,Quantum Hardware 2 - Experimental State of the Art,https://studiegids.tudelft.nl/a101_displayCourse.do?course_id=61625,No,MSc,Applied Sciences,[],,,
FALSE,AP3472,Modelling of Superconducting Devices,https://studiegids.tudelft.nl/a101_displayCourse.do?course_id=62710,No,MSc,Applied Sciences,[],,,
FALSE,AP3511,Biophysics,https://studiegids.tudelft.nl/a101_displayCourse.do?course_id=62700,No,MSc,Applied Sciences,[],,,
FALSE,AP3531,Acoustical Imaging,https://studiegids.tudelft.nl/a101_displayCourse.do?course_id=61046,No,MSc,Applied Sciences,[],,,
FALSE,AP3551,Computational Multiphase Flow,https://studiegids.tudelft.nl/a101_displayCourse.do?course_id=62691,No,MSc,Applied Sciences,[],,,
TRUE,AP3563,Water in the Atmosphere,https://studiegids.tudelft.nl/a101_displayCourse.do?course_id=63640,Yes,MSc,Applied Sciences,"[13, 14, 15]",,,
FALSE,AP3582,Medical Physics of Photon and Proton Therapy,https://studiegids.tudelft.nl/a101_displayCourse.do?course_id=61045,No,MSc,Applied Sciences,[],,,
FALSE,AP3652,Electronics for Physicists,https://studiegids.tudelft.nl/a101_displayCourse.do?course_id=62708,No,MSc,Applied Sciences,[],,,
FALSE,AP3663,Special Topics in Quantum Technology,https://studiegids.tudelft.nl/a101_displayCourse.do?course_id=61552,No,MSc,Applied Sciences,[],,,
FALSE,AP3681,Fairy tales of theoretical physics,https://studiegids.tudelft.nl/a101_displayCourse.do?course_id=62711,No,MSc,Applied Sciences,[],,,
FALSE,AP3701,Submm and terahertz physics and applications,https://studiegids.tudelft.nl/a101_displayCourse.do?course_id=62709,No,MSc,Applied Sciences,[],,,
FALSE,AP3831,Systems Engineering for Physicists,https://studiegids.tudelft.nl/a101_displayCourse.do?course_id=62994,No,MSc,Applied Sciences,[],,,
FALSE,AP3841,Systems Engineering Company Project,https://studiegids.tudelft.nl/a101_displayCourse.do?course_id=62721,No,MSc,Applied Sciences,[],,,
FALSE,AP3902,Master Thesis Applied Physics,https://studiegids.tudelft.nl/a101_displayCourse.do?course_id=62674,No,MSc,Applied Sciences,[],,,
FALSE,AP3902-MTP,Master Thesis Project,https://studiegids.tudelft.nl/a101_displayCourse.do?course_id=62675,No,MSc,Applied Sciences,[],,,
FALSE,AP3902-PMT,Preparation for the Master Thesis,https://studiegids.tudelft.nl/a101_displayCourse.do?course_id=62676,No,MSc,Applied Sciences,[],,,
FALSE,AP3911,Work Placement (Internship),https://studiegids.tudelft.nl/a101_displayCourse.do?course_id=62720,No,MSc,Applied Sciences,[],,,
FALSE,AS1011HPM,Applied Sciences Company Project,https://studiegids.tudelft.nl/a101_displayCourse.do?course_id=62744,No,MSc,Applied Sciences,[],,,
FALSE,AS1021HPM,Applied Sciences Honours Classes,https://studiegids.tudelft.nl/a101_displayCourse.do?course_id=62745,No,MSc,Applied Sciences,[],,,
FALSE,AS1031HPM,Applied Sciences Research Project (9-15 EC),https://studiegids.tudelft.nl/a101_displayCourse.do?course_id=62746,No,MSc,Applied Sciences,[],,,
FALSE,AS3111,ATHENS,https://studiegids.tudelft.nl/a101_displayCourse.do?course_id=62722,No,MSc,Applied Sciences,[],,,
FALSE,AS3121,Scientific Writing and Argumentation,https://studiegids.tudelft.nl/a101_displayCourse.do?course_id=62723,No,MSc,Applied Sciences,[],,,
FALSE,AS3131,"Art, Empathy & Ethics",https://studiegids.tudelft.nl/a101_displayCourse.do?course_id=62724,No,MSc,Applied Sciences,[],,,
FALSE,CH3013,Interfaces and Particles,https://studiegids.tudelft.nl/a101_displayCourse.do?course_id=63134,No,MSc,Applied Sciences,[],,,
FALSE,CH3044A,"Process, Dynamics and Control (PD&C)",https://studiegids.tudelft.nl/a101_displayCourse.do?course_id=63140,No,MSc,Applied Sciences,[],,,
FALSE,CH3051,Applied Transport Phenomena (ATP),https://studiegids.tudelft.nl/a101_displayCourse.do?course_id=63143,No,MSc,Applied Sciences,[],,,
FALSE,CH3061,Multiphase Reactor Engineering,https://studiegids.tudelft.nl/a101_displayCourse.do?course_id=60867,No,MSc,Applied Sciences,[],,,
FALSE,CH3073,"Separation Processes, Design and Operation (SPDO)",https://studiegids.tudelft.nl/a101_displayCourse.do?course_id=62945,No,MSc,Applied Sciences,[],,,
FALSE,CH3082,Chemical Technology,https://studiegids.tudelft.nl/a101_displayCourse.do?course_id=62947,No,MSc,Applied Sciences,[],,,
TRUE,CH3101,Heterogeneous Catalysis for Chemical Engineers,https://studiegids.tudelft.nl/a101_displayCourse.do?course_id=62943,Yes,MSc,Applied Sciences,"[9, 12]",,,
FALSE,CH3133,Computational Practicum,https://studiegids.tudelft.nl/a101_displayCourse.do?course_id=63133,No,MSc,Applied Sciences,[],,,
FALSE,CH3143,Advanced Thermodynamics,https://studiegids.tudelft.nl/a101_displayCourse.do?course_id=63131,No,MSc,Applied Sciences,[],,,
FALSE,CH3153,Molecular Transport Phenomena,https://studiegids.tudelft.nl/a101_displayCourse.do?course_id=63138,No,MSc,Applied Sciences,[],,,
FALSE,CH3175,Solid State Materials,https://studiegids.tudelft.nl/a101_displayCourse.do?course_id=63144,No,MSc,Applied Sciences,[],,,
TRUE,CH3222,Energy Storage in Batteries,https://studiegids.tudelft.nl/a101_displayCourse.do?course_id=61875,Yes,MSc,Applied Sciences,"[7, 9, 13]",,,
FALSE,CH3373,Soft Materials Engineering,https://studiegids.tudelft.nl/a101_displayCourse.do?course_id=63141,No,MSc,Applied Sciences,[],,,
TRUE,CH3382,Molecular Engineering of Soft Materials in Health Care,https://studiegids.tudelft.nl/a101_displayCourse.do?course_id=63139,No,MSc,Applied Sciences,"[3, 9, 12]",,,
FALSE,CH3421,Computational Transport Phenomena,https://studiegids.tudelft.nl/a101_displayCourse.do?course_id=62694,No,MSc,Applied Sciences,[],,,
TRUE,CH3513,Electrochemistry for Renewable Energy,https://studiegids.tudelft.nl/a101_displayCourse.do?course_id=61893,Yes,MSc,Applied Sciences,"[7, 9, 13]",,,
FALSE,CH3531,Functional Ceramics,https://studiegids.tudelft.nl/a101_displayCourse.do?course_id=61053,No,MSc,Applied Sciences,[],,,
FALSE,CH3542,Inorganic Materials,https://studiegids.tudelft.nl/a101_displayCourse.do?course_id=62940,No,MSc,Applied Sciences,[],,,
TRUE,CH3564,Particle Technology for Health and Energy,https://studiegids.tudelft.nl/a101_displayCourse.do?course_id=63784,Yes,MSc,Applied Sciences,"[7, 9, 12]",,,
TRUE,CH3622,Process Intensification (PI),https://studiegids.tudelft.nl/a101_displayCourse.do?course_id=62946,Yes,MSc,Applied Sciences,"[9, 12]",,,
TRUE,CH3632,Chemistry and Physics of Solar Cells,https://studiegids.tudelft.nl/a101_displayCourse.do?course_id=62683,Yes,MSc,Applied Sciences,"[7, 9, 11]",,,
FALSE,CH3672,Computational Materials Science,https://studiegids.tudelft.nl/a101_displayCourse.do?course_id=60869,No,MSc,Applied Sciences,[],,,
FALSE,CH3682A,Reactor & Kinetics (R&K),https://studiegids.tudelft.nl/a101_displayCourse.do?course_id=63142,No,MSc,Applied Sciences,[],,,
FALSE,CH3702,Industrial Internship,https://studiegids.tudelft.nl/a101_displayCourse.do?course_id=62937,No,MSc,Applied Sciences,[],,,
FALSE,CH3763,Nuclear Medicine,https://studiegids.tudelft.nl/a101_displayCourse.do?course_id=61047,No,MSc,Applied Sciences,[],,,
FALSE,CH3765,Advanced Materials Characterisation,https://studiegids.tudelft.nl/a101_displayCourse.do?course_id=63129,No,MSc,Applied Sciences,[],,,
FALSE,CH3771,Nuclear Chemistry,https://studiegids.tudelft.nl/a101_displayCourse.do?course_id=62701,No,MSc,Applied Sciences,[],,,
FALSE,CH3783,Materials Chemistry for The Nuclear Fuel Cycle,https://studiegids.tudelft.nl/a101_displayCourse.do?course_id=61084,No,MSc,Applied Sciences,[],,,
TRUE,CH3803,Product & Process Design,https://studiegids.tudelft.nl/a101_displayCourse.do?course_id=63736,Yes,MSc,Applied Sciences,"[9, 12]",,,
FALSE,CH3843,Design Project,https://studiegids.tudelft.nl/a101_displayCourse.do?course_id=62935,No,MSc,Applied Sciences,[],,,
TRUE,CH3921,Sustainable Polymer Materials,https://studiegids.tudelft.nl/a101_displayCourse.do?course_id=63720,Yes,MSc,Applied Sciences,"[9, 12, 13, 14, 15]",,,
FALSE,,Polymer Science,https://studiegids.tudelft.nl/a101_displayCourse.do?course_id=60895,No,MSc,Applied Sciences,[],,,
FALSE,LB1045,Organische Chemie 1,https://studiegids.tudelft.nl/a101_displayCourse.do?course_id=62595,No,BSc,Technische Natuurwetenschappen,[],,,
FALSE,LB1053,Celbiologie & Biochemie: een introductie,https://studiegids.tudelft.nl/a101_displayCourse.do?course_id=62594,No,BSc,Technische Natuurwetenschappen,[],,,
FALSE,LB1211,Statistics,https://studiegids.tudelft.nl/a101_displayCourse.do?course_id=62610,No,BSc,Applied Sciences,[],,,
FALSE,LB1231,Life Sciences,https://studiegids.tudelft.nl/a101_displayCourse.do?course_id=62593,No,BSc,Technische Natuurwetenschappen,[],,,
FALSE,LB1251,Kwantitatieve Moleculaire Biologie,https://studiegids.tudelft.nl/a101_displayCourse.do?course_id=62591,No,BSc,Technische Natuurwetenschappen,[],,,
FALSE,LB1260,Introduction to Algorithmics and Programming using Python,https://studiegids.tudelft.nl/a101_displayCourse.do?course_id=62588,No,BSc,Applied Sciences,[],,,
FALSE,LB1261,Thermodynamica van Levensprocessen,https://studiegids.tudelft.nl/a101_displayCourse.do?course_id=62590,No,BSc,Technische Natuurwetenschappen,[],,,
TRUE,LB1270,Biotechnologie en Maatschappij,https://studiegids.tudelft.nl/a101_displayCourse.do?course_id=62589,Yes,BSc,Technische Natuurwetenschappen,[],,,
FALSE,LB1280,"Biotechnology, practical basics",https://studiegids.tudelft.nl/a101_displayCourse.do?course_id=62587,No,BSc,Applied Sciences,[],,,
FALSE,LB1300,Calculus 1 (incl. aansluitmodule),https://studiegids.tudelft.nl/a101_displayCourse.do?course_id=62597,No,BSc,Technische Natuurwetenschappen,[],,,
FALSE,LB1305,Calculus 2,https://studiegids.tudelft.nl/a101_displayCourse.do?course_id=62598,No,BSc,Technische Natuurwetenschappen,[],,,
FALSE,LB1310,Calculus 3,https://studiegids.tudelft.nl/a101_displayCourse.do?course_id=62599,No,BSc,Applied Sciences,[],,,
TRUE,LB1512TU,"Biotechnologie, Theorie",https://studiegids.tudelft.nl/a101_displayCourse.do?course_id=62592,Yes,BSc,Technische Natuurwetenschappen,"[9, 12]",,,
FALSE,LB2031,Moleculaire Celbiologie & Immunologie,https://studiegids.tudelft.nl/a101_displayCourse.do?course_id=62606,No,BSc,Technische Natuurwetenschappen,[],,,
FALSE,LB2041,Moleculaire Genetica & Gentechnologie,https://studiegids.tudelft.nl/a101_displayCourse.do?course_id=62607,No,BSc,Technische Natuurwetenschappen,[],,,
FALSE,LB2055,Moleculaire Fysica,https://studiegids.tudelft.nl/a101_displayCourse.do?course_id=62600,No,BSc,Technische Natuurwetenschappen,[],,,
FALSE,LB2261,Statistische thermodynamica,https://studiegids.tudelft.nl/a101_displayCourse.do?course_id=62608,No,BSc,Technische Natuurwetenschappen,[],,,
FALSE,LB2291,Bio-informatics,https://studiegids.tudelft.nl/a101_displayCourse.do?course_id=62614,No,BSc,Applied Sciences,[],,,
FALSE,LB2301,Organische Chemie 2,https://studiegids.tudelft.nl/a101_displayCourse.do?course_id=62603,No,BSc,Technische Natuurwetenschappen,[],,,
FALSE,LB2311,Chemische Biologie,https://studiegids.tudelft.nl/a101_displayCourse.do?course_id=62602,No,BSc,Technische Natuurwetenschappen,[],,,
FALSE,LB2505-P,Bachelor Research Project,https://studiegids.tudelft.nl/a101_displayCourse.do?course_id=62612,No,BSc,Applied Sciences,[],,,
FALSE,LB2512,Biochemie 2,https://studiegids.tudelft.nl/a101_displayCourse.do?course_id=62596,No,BSc,Technische Natuurwetenschappen,[],,,
TRUE,LB2532,Transportverschijnselen in de Life Sciences,https://studiegids.tudelft.nl/a101_displayCourse.do?course_id=62609,Yes,BSc,Technische Natuurwetenschappen,[],,,
TRUE,LB2611,Ontwerpen van Duurzame Biotechnologische Processen,https://studiegids.tudelft.nl/a101_displayCourse.do?course_id=62613,Yes,BSc,Technische Natuurwetenschappen,"[9, 12]",,,
TRUE,LB2630,Moleculaire Analytische Methoden,https://studiegids.tudelft.nl/a101_displayCourse.do?course_id=62611,Yes,BSc,Technische Natuurwetenschappen,[],,,
TRUE,LB2763,Microbiële Fysiologie,https://studiegids.tudelft.nl/a101_displayCourse.do?course_id=62605,Yes,BSc,Technische Natuurwetenschappen,[],,,
FALSE,LB2771,Metabolic Engineering,https://studiegids.tudelft.nl/a101_displayCourse.do?course_id=62601,No,BSc,Technische Natuurwetenschappen,[],,,
FALSE,LB2791-p,Practicals Microbial biotechnology,https://studiegids.tudelft.nl/a101_displayCourse.do?course_id=62604,No,BSc,Applied Sciences,[],,,
TRUE,LM3311,Green Chemistry and Sustainable Technology,https://studiegids.tudelft.nl/a101_displayCourse.do?course_id=62779,Yes,MSc,Applied Sciences,"[7, 9, 12, 13]",,,
FALSE,LM3331,Modelling and Computation for Life Science & Technology,https://studiegids.tudelft.nl/a101_displayCourse.do?course_id=62787,No,MSc,Applied Sciences,[],,,
FALSE,LM3341,Microbial Omics,https://studiegids.tudelft.nl/a101_displayCourse.do?course_id=62786,No,MSc,Applied Sciences,[],,,
FALSE,LM3351,Topics in Biotechnology  theory,https://studiegids.tudelft.nl/a101_displayCourse.do?course_id=62790,No,MSc,Applied Sciences,[],,,
FALSE,LM3356,Topics in Biotechnology  practical,https://studiegids.tudelft.nl/a101_displayCourse.do?course_id=62791,No,MSc,Applied Sciences,[],,,
TRUE,LM3432,Analysis of Metabolic Networks,https://studiegids.tudelft.nl/a101_displayCourse.do?course_id=62796,No,MSc,Applied Sciences,"[3, 7, 9, 12, 13]",,,
FALSE,LM3434,Advanced Protein Chemistry and Analysis,https://studiegids.tudelft.nl/a101_displayCourse.do?course_id=62798,No,MSc,Applied Sciences,[],,,
FALSE,LM3442,Metabolic Reprogramming,https://studiegids.tudelft.nl/a101_displayCourse.do?course_id=62776,No,MSc,Applied Sciences,[],,,
FALSE,LM3451,Bioprocess Integration,https://studiegids.tudelft.nl/a101_displayCourse.do?course_id=62788,No,MSc,Applied Sciences,[],,,
TRUE,LM3561,"Ethical, Legal and Social Issues in Biotechnology",https://studiegids.tudelft.nl/a101_displayCourse.do?course_id=62771,No,MSc,Applied Sciences,"[3, 9, 12]",,,
FALSE,LM3581NB,Metabolic Systems Biology,https://studiegids.tudelft.nl/a101_displayCourse.do?course_id=62789,No,MSc,Applied Sciences,[],,,
FALSE,LM3601,Molecular Biotechnology & Genomics,https://studiegids.tudelft.nl/a101_displayCourse.do?course_id=62778,No,MSc,Applied Sciences,[],,,
TRUE,LM3611,Microbial Community Engineering,https://studiegids.tudelft.nl/a101_displayCourse.do?course_id=62777,No,MSc,Applied Sciences,"[6, 7, 9, 12, 13, 15]",,,
FALSE,LM3691,iGem,https://studiegids.tudelft.nl/a101_displayCourse.do?course_id=62718,No,MSc,Applied Sciences,[],,,
FALSE,LM3701,Advanced Enzymology,https://studiegids.tudelft.nl/a101_displayCourse.do?course_id=62772,No,MSc,Applied Sciences,[],,,
FALSE,LM3731,Advanced Biocatalysis,https://studiegids.tudelft.nl/a101_displayCourse.do?course_id=62797,No,MSc,Applied Sciences,[],,,
TRUE,LM3741,Fermentation Technology & Environmental Biotechnology,https://studiegids.tudelft.nl/a101_displayCourse.do?course_id=61884,Yes,MSc,Applied Sciences,"[6, 9, 12, 13]",,,
FALSE,LM3751,Transport & Separation,https://studiegids.tudelft.nl/a101_displayCourse.do?course_id=62773,No,MSc,Applied Sciences,[],,,
FALSE,LM3771,Protein Engineering,https://studiegids.tudelft.nl/a101_displayCourse.do?course_id=62775,No,MSc,Applied Sciences,[],,,
FALSE,LM3803,Company internship,https://studiegids.tudelft.nl/a101_displayCourse.do?course_id=62794,No,MSc,Applied Sciences,[],,,
FALSE,LM3804,Non-industrial Internship project,https://studiegids.tudelft.nl/a101_displayCourse.do?course_id=62795,No,MSc,Applied Sciences,[],,,
FALSE,LM3822,Design,https://studiegids.tudelft.nl/a101_displayCourse.do?course_id=62785,No,MSc,Applied Sciences,[],,,
FALSE,LM3901,Master Thesisproject,https://studiegids.tudelft.nl/a101_displayCourse.do?course_id=62793,No,MSc,Applied Sciences,[],,,
FALSE,NB1012,Biochemistry,https://studiegids.tudelft.nl/a101_displayCourse.do?course_id=62623,No,BSc,Applied Sciences,[],,,
FALSE,NB1016,Molecular Biology,https://studiegids.tudelft.nl/a101_displayCourse.do?course_id=62624,No,BSc,Applied Sciences,[],,,
FALSE,NB1022,Genetics,https://studiegids.tudelft.nl/a101_displayCourse.do?course_id=62628,No,BSc,Applied Sciences,[],,,
FALSE,NB1031,Introduction to studying Nanobiology,https://studiegids.tudelft.nl/a101_displayCourse.do?course_id=62622,No,BSc,Applied Sciences,[],,,
FALSE,NB1052,Journal Club 1,https://studiegids.tudelft.nl/a101_displayCourse.do?course_id=62617,No,BSc,Applied Sciences,[],,,
FALSE,NB1072,Physical Biology of the Cell 1,https://studiegids.tudelft.nl/a101_displayCourse.do?course_id=62618,No,BSc,Applied Sciences,[],,,
FALSE,NB1102,Chemistry 1,https://studiegids.tudelft.nl/a101_displayCourse.do?course_id=62626,No,BSc,Applied Sciences,[],,,
FALSE,NB1110,Chemistry 2,https://studiegids.tudelft.nl/a101_displayCourse.do?course_id=62627,No,BSc,Applied Sciences,[],,,
FALSE,NB1120,Biomolecular Programming,https://studiegids.tudelft.nl/a101_displayCourse.do?course_id=62625,No,BSc,Applied Sciences,[],,,
FALSE,NB1132,Biophysics,https://studiegids.tudelft.nl/a101_displayCourse.do?course_id=62619,No,BSc,Applied Sciences,[],,,
FALSE,NB1140,Physics 1a,https://studiegids.tudelft.nl/a101_displayCourse.do?course_id=62620,No,BSc,Applied Sciences,[],,,
FALSE,NB1143,Physics 1B,https://studiegids.tudelft.nl/a101_displayCourse.do?course_id=62621,No,BSc,Applied Sciences,[],,,
FALSE,NB1150,Lab Course Track A-1,https://studiegids.tudelft.nl/a101_displayCourse.do?course_id=62633,No,BSc,Applied Sciences,[],,,
FALSE,,Lab Course Track A-2,https://studiegids.tudelft.nl/a101_displayCourse.do?course_id=62615,No,BSc,Applied Sciences,[],,,
FALSE,NB1163,Lab Course Track B-1,https://studiegids.tudelft.nl/a101_displayCourse.do?course_id=62616,No,BSc,Applied Sciences,[],,,
FALSE,,Lab Course Track B-2,https://studiegids.tudelft.nl/a101_displayCourse.do?course_id=62634,No,BSc,Applied Sciences,[],,,
FALSE,NB1201,Analysis 1,https://studiegids.tudelft.nl/a101_displayCourse.do?course_id=63839,No,BSc,Applied Sciences,[],,,
FALSE,NB1206,Analysis 2,https://studiegids.tudelft.nl/a101_displayCourse.do?course_id=63840,No,BSc,Applied Sciences,[],,,
FALSE,NB1211,Analysis 3,https://studiegids.tudelft.nl/a101_displayCourse.do?course_id=63841,No,BSc,Applied Sciences,[],,,
FALSE,NB1230,Linear Algebra,https://studiegids.tudelft.nl/a101_displayCourse.do?course_id=62629,No,BSc,Applied Sciences,[],,,
TRUE,NB2011,Thermodynamics and Transport,https://studiegids.tudelft.nl/a101_displayCourse.do?course_id=62647,No,BSc,Applied Sciences,"[7, 9, 12]",,,
FALSE,NB2032,Evolutionary Developmental Biology,https://studiegids.tudelft.nl/a101_displayCourse.do?course_id=62639,No,BSc,Applied Sciences,[],,,
FALSE,NB2041,Optics and Microscopy,https://studiegids.tudelft.nl/a101_displayCourse.do?course_id=62648,No,BSc,Applied Sciences,[],,,
FALSE,NB2046,Microscopy / Nanoscopy practice,https://studiegids.tudelft.nl/a101_displayCourse.do?course_id=62641,No,BSc,Applied Sciences,[],,,
FALSE,NB2081,Nanotechnology,https://studiegids.tudelft.nl/a101_displayCourse.do?course_id=62651,No,BSc,Applied Sciences,[],,,
FALSE,NB2121,Image Analysis,https://studiegids.tudelft.nl/a101_displayCourse.do?course_id=62645,No,BSc,Applied Sciences,[],,,
FALSE,NB2141,Physics 2,https://studiegids.tudelft.nl/a101_displayCourse.do?course_id=62644,No,BSc,Applied Sciences,[],,,
FALSE,NB2151,Journal Club,https://studiegids.tudelft.nl/a101_displayCourse.do?course_id=62646,No,BSc,Applied Sciences,[],,,
FALSE,NB2161,Bioinformatics,https://studiegids.tudelft.nl/a101_displayCourse.do?course_id=62650,No,BSc,Applied Sciences,[],,,
FALSE,NB2171,Statistics,https://studiegids.tudelft.nl/a101_displayCourse.do?course_id=62638,No,BSc,Applied Sciences,[],,,
FALSE,NB2181,Computational Science,https://studiegids.tudelft.nl/a101_displayCourse.do?course_id=62637,No,BSc,Applied Sciences,[],,,
FALSE,NB2191,Differential equations,https://studiegids.tudelft.nl/a101_displayCourse.do?course_id=62636,No,BSc,Applied Sciences,[],,,
FALSE,NB2214,Electronic Instrumentation,https://studiegids.tudelft.nl/a101_displayCourse.do?course_id=62840,No,BSc,Applied Sciences,[],,,
FALSE,NB2220,Statistical Physics,https://studiegids.tudelft.nl/a101_displayCourse.do?course_id=62635,No,BSc,Applied Sciences,[],,,
FALSE,NB2230,Biomolecular Structure and Function,https://studiegids.tudelft.nl/a101_displayCourse.do?course_id=62834,No,BSc,Applied Sciences,[],,,
FALSE,NB3000,Bachelor Thesis Project,https://studiegids.tudelft.nl/a101_displayCourse.do?course_id=62652,No,BSc,Applied Sciences,[],,,
FALSE,NB3011,Nanomedicine,https://studiegids.tudelft.nl/a101_displayCourse.do?course_id=62659,No,BSc,Applied Sciences,[],,,
FALSE,NB3014,Computational Neuroscience,https://studiegids.tudelft.nl/a101_displayCourse.do?course_id=62661,No,BSc,Applied Sciences,[],,,
FALSE,NB3015,A primer in Neuroscience,https://studiegids.tudelft.nl/a101_displayCourse.do?course_id=62662,No,BSc,Applied Sciences,[],,,
FALSE,NB3016,High Speed Scientific Computing,https://studiegids.tudelft.nl/a101_displayCourse.do?course_id=62658,No,BSc,Applied Sciences,[],,,
FALSE,NB3017,Quantum mechanics for Nanobiology 1,https://studiegids.tudelft.nl/a101_displayCourse.do?course_id=62663,No,BSc,Applied Sciences,[],,,
FALSE,NB3018,Quantum mechanics for Nanobiology 2,https://studiegids.tudelft.nl/a101_displayCourse.do?course_id=62657,No,BSc,Applied Sciences,[],,,
FALSE,NB3019,Molecular Motors,https://studiegids.tudelft.nl/a101_displayCourse.do?course_id=62654,No,BSc,Applied Sciences,[],,,
FALSE,NB3020,Genomics Technology in Breast Cancer Research,https://studiegids.tudelft.nl/a101_displayCourse.do?course_id=62656,No,BSc,Applied Sciences,[],,,
FALSE,NB3021,Optics and its application in Nanobiology,https://studiegids.tudelft.nl/a101_displayCourse.do?course_id=62664,No,BSc,Applied Sciences,[],,,
FALSE,NB3022,Epigenetics,https://studiegids.tudelft.nl/a101_displayCourse.do?course_id=62655,No,BSc,Applied Sciences,[],,,
FALSE,NB3023,Human Complex Genetics,https://studiegids.tudelft.nl/a101_displayCourse.do?course_id=63035,No,BSc,Applied Sciences,[],,,
FALSE,NB3024,Advanced Math Topics,https://studiegids.tudelft.nl/a101_displayCourse.do?course_id=63014,No,BSc,Applied Sciences,[],,,
FALSE,NB4011,Analytical Mechanics,https://studiegids.tudelft.nl/a101_displayCourse.do?course_id=62763,No,MSc,Applied Sciences,[],,,
FALSE,NB4012,Stochastic Processes with Applications,https://studiegids.tudelft.nl/a101_displayCourse.do?course_id=62764,No,MSc,Applied Sciences,[],,,
FALSE,NB4020,High-Resolution Imaging,https://studiegids.tudelft.nl/a101_displayCourse.do?course_id=61049,No,MSc,Applied Sciences,[],,,
FALSE,NB4030,Engineering Genetic Information,https://studiegids.tudelft.nl/a101_displayCourse.do?course_id=62755,No,MSc,Applied Sciences,[],,,
TRUE,NB4040,Biology of Cancer,https://studiegids.tudelft.nl/a101_displayCourse.do?course_id=62756,No,MSc,Applied Sciences,[3],,,
FALSE,NB4050,Modeling Dynamical Systems,https://studiegids.tudelft.nl/a101_displayCourse.do?course_id=62757,No,MSc,Applied Sciences,[],,,
FALSE,NB4070,Soft Matter,https://studiegids.tudelft.nl/a101_displayCourse.do?course_id=62702,No,MSc,Applied Sciences,[],,,
FALSE,NB4080,Protein Quality Control Mechanisms,https://studiegids.tudelft.nl/a101_displayCourse.do?course_id=62782,No,MSc,Applied Sciences,[],,,
FALSE,NB4090,Stem Cells,https://studiegids.tudelft.nl/a101_displayCourse.do?course_id=62767,No,MSc,Applied Sciences,[],,,
FALSE,NB4100,Nuclear Architecture,https://studiegids.tudelft.nl/a101_displayCourse.do?course_id=62783,No,MSc,Applied Sciences,[],,,
FALSE,NB4110,Geometry of Physics,https://studiegids.tudelft.nl/a101_displayCourse.do?course_id=62768,No,MSc,Applied Sciences,[],,,
TRUE,NB4120,Biological Networks; a data driven approach to discovery and understanding,https://studiegids.tudelft.nl/a101_displayCourse.do?course_id=62769,No,MSc,Applied Sciences,"[3, 9, 12]",,,
FALSE,NB4150,The Origin and Synthesis of Life,https://studiegids.tudelft.nl/a101_displayCourse.do?course_id=62697,No,MSc,Applied Sciences,[],,,
FALSE,NB4160,Engineering of living systems,https://studiegids.tudelft.nl/a101_displayCourse.do?course_id=62696,No,MSc,Applied Sciences,[],,,
FALSE,NB4165,Molecular Virology & Immunology,https://studiegids.tudelft.nl/a101_displayCourse.do?course_id=62784,No,MSc,Applied Sciences,[],,,
FALSE,NB4510,Proposal Development Part 1,https://studiegids.tudelft.nl/a101_displayCourse.do?course_id=62833,No,MSc,Applied Sciences,[],,,
FALSE,NB4520,Proposal Development Part 2,https://studiegids.tudelft.nl/a101_displayCourse.do?course_id=62842,No,MSc,Applied Sciences,[],,,
FALSE,NB5015,Seminars,https://studiegids.tudelft.nl/a101_displayCourse.do?course_id=62765,No,MSc,Applied Sciences,[],,,
FALSE,NB5020,Literature Review Report,https://studiegids.tudelft.nl/a101_displayCourse.do?course_id=62759,No,MSc,Applied Sciences,[],,,
FALSE,NB5030,Project Proposal Writing,https://studiegids.tudelft.nl/a101_displayCourse.do?course_id=62760,No,MSc,Applied Sciences,[],,,
FALSE,NB5040,Research Presentation,https://studiegids.tudelft.nl/a101_displayCourse.do?course_id=62761,No,MSc,Applied Sciences,[],,,
FALSE,NB5900,Master End Project Nanobiology,https://studiegids.tudelft.nl/a101_displayCourse.do?course_id=62762,No,MSc,Applied Sciences,[],,,
FALSE,NB5910,Independent Research,https://studiegids.tudelft.nl/a101_displayCourse.do?course_id=63248,No,MSc,Applied Sciences,[],,,
FALSE,NB5942,Master End Project Nanobiology,https://studiegids.tudelft.nl/a101_displayCourse.do?course_id=63249,No,MSc,Applied Sciences,[],,,
FALSE,SL3012,Personal Professional Development,https://studiegids.tudelft.nl/a101_displayCourse.do?course_id=62734,No,MSc,Technische Natuurwetenschappen,[],,,
FALSE,SL3021,C-lab,https://studiegids.tudelft.nl/a101_displayCourse.do?course_id=62805,No,MSc,Applied Sciences,[],,,
FALSE,SL3051,Introduction to Communication Science,https://studiegids.tudelft.nl/a101_displayCourse.do?course_id=62800,No,MSc,Applied Sciences,[],,,
FALSE,SL3061,Introduction to Science Communication,https://studiegids.tudelft.nl/a101_displayCourse.do?course_id=62801,No,MSc,Applied Sciences,[],,,
FALSE,SL3081,Personal Professional Development - CDI,https://studiegids.tudelft.nl/a101_displayCourse.do?course_id=62808,No,MSc,Applied Sciences,[],,,
FALSE,SL3111,Research Methods in Social Sciences 1,https://studiegids.tudelft.nl/a101_displayCourse.do?course_id=62806,No,MSc,Applied Sciences,[],,,
FALSE,SL3221,Communication Policy and Strategy,https://studiegids.tudelft.nl/a101_displayCourse.do?course_id=62804,No,MSc,Applied Sciences,[],,,
TRUE,SL3232,Wicked Innovation,https://studiegids.tudelft.nl/a101_displayCourse.do?course_id=63098,Yes,MSc,Applied Sciences,[],,,
FALSE,SL3252,Science Communication Coiling,https://studiegids.tudelft.nl/a101_displayCourse.do?course_id=63093,No,MSc,Applied Sciences,[],,,
FALSE,SL3462,Onderwijskunde,https://studiegids.tudelft.nl/a101_displayCourse.do?course_id=62729,No,MSc,Technische Natuurwetenschappen,[],,,
FALSE,SL3502,Afstudeeronderzoek Educatie,https://studiegids.tudelft.nl/a101_displayCourse.do?course_id=62951,No,MSc,Technische Natuurwetenschappen,[],,,
FALSE,SL3512,CDI Internship,https://studiegids.tudelft.nl/a101_displayCourse.do?course_id=63094,No,MSc,Applied Sciences,[],,,
FALSE,SL3522,CDI thesis 1-year programme,https://studiegids.tudelft.nl/a101_displayCourse.do?course_id=63095,No,MSc,Applied Sciences,[],,,
FALSE,SL3531,Research Methods in Social Sciences 2,https://studiegids.tudelft.nl/a101_displayCourse.do?course_id=62807,No,MSc,Applied Sciences,[],,,
FALSE,SL3542,CDI thesis 2-year programme,https://studiegids.tudelft.nl/a101_displayCourse.do?course_id=63096,No,MSc,Applied Sciences,[],,,
FALSE,SL3551,Advanced Science Communication,https://studiegids.tudelft.nl/a101_displayCourse.do?course_id=62961,No,MSc,Applied Sciences,[],,,
FALSE,SL3582,CDI thesis 3-year programme,https://studiegids.tudelft.nl/a101_displayCourse.do?course_id=63097,No,MSc,Applied Sciences,[],,,
FALSE,SL3611,Science Journalism Extensive Course,https://studiegids.tudelft.nl/a101_displayCourse.do?course_id=62799,No,MSc,Applied Sciences,[],,,
FALSE,SL4201,Inleiding beta-didactiek,https://studiegids.tudelft.nl/a101_displayCourse.do?course_id=62730,No,MSc,Technische Natuurwetenschappen,[],,,
FALSE,SL4202,Professionele Leergemeenschap,https://studiegids.tudelft.nl/a101_displayCourse.do?course_id=62727,No,MSc,Technische Natuurwetenschappen,[],,,
FALSE,SL4210,Vakdidactiek Basis Informatica,https://studiegids.tudelft.nl/a101_displayCourse.do?course_id=62917,No,MSc,Technische Natuurwetenschappen,[],,,
FALSE,SL4215,Schoolpracticum Basis Informatica,https://studiegids.tudelft.nl/a101_displayCourse.do?course_id=62918,No,MSc,Technische Natuurwetenschappen,[],,,
FALSE,SL4220,Vakdidactiek Basis Natuurkunde,https://studiegids.tudelft.nl/a101_displayCourse.do?course_id=62726,No,MSc,Technische Natuurwetenschappen,[],,,
FALSE,SL4225,Schoolpracticum Basis Natuurkunde,https://studiegids.tudelft.nl/a101_displayCourse.do?course_id=62728,No,MSc,Technische Natuurwetenschappen,[],,,
FALSE,SL4230,Vakdidactiek Basis Scheikunde,https://studiegids.tudelft.nl/a101_displayCourse.do?course_id=62810,No,MSc,Technische Natuurwetenschappen,[],,,
FALSE,SL4235,Schoolpracticum Basis Scheikunde,https://studiegids.tudelft.nl/a101_displayCourse.do?course_id=62811,No,MSc,Technische Natuurwetenschappen,[],,,
FALSE,SL4240,Vakdidactiek Basis Techniek,https://studiegids.tudelft.nl/a101_displayCourse.do?course_id=62919,No,MSc,Technische Natuurwetenschappen,[],,,
FALSE,SL4245,Schoolpracticum Basis Techniek,https://studiegids.tudelft.nl/a101_displayCourse.do?course_id=62920,No,MSc,Technische Natuurwetenschappen,[],,,
FALSE,SL4250,Vakdidactiek Basis Wiskunde,https://studiegids.tudelft.nl/a101_displayCourse.do?course_id=62915,No,MSc,Technische Natuurwetenschappen,[],,,
FALSE,SL4255,Schoolpracticum Basis Wiskunde,https://studiegids.tudelft.nl/a101_displayCourse.do?course_id=62916,No,MSc,Technische Natuurwetenschappen,[],,,
FALSE,SL4300,Onderzoek en Ontwerp in het Onderwijs,https://studiegids.tudelft.nl/a101_displayCourse.do?course_id=62731,No,MSc,Technische Natuurwetenschappen,[],,,
FALSE,SL4310,Vakdidactiek Verdieping Informatica,https://studiegids.tudelft.nl/a101_displayCourse.do?course_id=62954,No,MSc,Technische Natuurwetenschappen,[],,,
FALSE,SL4315,Schoolpracticum Verdieping Informatica,https://studiegids.tudelft.nl/a101_displayCourse.do?course_id=62955,No,MSc,Technische Natuurwetenschappen,[],,,
FALSE,SL4320,Vakdidactiek Verdieping Natuurkunde,https://studiegids.tudelft.nl/a101_displayCourse.do?course_id=62733,No,MSc,Technische Natuurwetenschappen,[],,,
FALSE,SL4325,Schoolpracticum Verdieping Natuurkunde,https://studiegids.tudelft.nl/a101_displayCourse.do?course_id=62732,No,MSc,Technische Natuurwetenschappen,[],,,
FALSE,SL4330,Vakdidactiek Verdieping Scheikunde,https://studiegids.tudelft.nl/a101_displayCourse.do?course_id=62812,No,MSc,Technische Natuurwetenschappen,[],,,
FALSE,SL4335,Schoolpracticum Verdieping Scheikunde,https://studiegids.tudelft.nl/a101_displayCourse.do?course_id=62813,No,MSc,Technische Natuurwetenschappen,[],,,
FALSE,SL4340,Vakdidactiek Verdieping Ontwerpen,https://studiegids.tudelft.nl/a101_displayCourse.do?course_id=62957,No,MSc,Technische Natuurwetenschappen,[],,,
FALSE,SL4345,Schoolpracticum Verdieping Ontwerpen,https://studiegids.tudelft.nl/a101_displayCourse.do?course_id=62958,No,MSc,Technische Natuurwetenschappen,[],,,
FALSE,SL4355,Schoolpracticum Verdieping Wiskunde,https://studiegids.tudelft.nl/a101_displayCourse.do?course_id=62953,No,MSc,Technische Natuurwetenschappen,[],,,
TRUE,TN1003,Design Engineering voor Fysici,https://studiegids.tudelft.nl/a101_displayCourse.do?course_id=62571,Yes,BSc,Technische Natuurwetenschappen,[],,,
FALSE,TN1101,Technology Management,https://studiegids.tudelft.nl/a101_displayCourse.do?course_id=62570,No,BSc,Applied Sciences,[],,,
FALSE,TN1142WI,Lineaire algebra deel 1,https://studiegids.tudelft.nl/a101_displayCourse.do?course_id=63069,No,BSc,Technische Natuurwetenschappen,[],,,
FALSE,TN1201,Thermodynamica,https://studiegids.tudelft.nl/a101_displayCourse.do?course_id=61780,No,BSc,Technische Natuurwetenschappen,[],,,
FALSE,TN1302,"Inleiding Mechanica, Golven en Optica",https://studiegids.tudelft.nl/a101_displayCourse.do?course_id=61785,No,BSc,Technische Natuurwetenschappen,[],,,
FALSE,TN1322,Inleiding Elektriciteit en Magnetisme,https://studiegids.tudelft.nl/a101_displayCourse.do?course_id=61787,No,BSc,Technische Natuurwetenschappen,[],,,
FALSE,TN1401WI,Analyse voor TNW 1,https://studiegids.tudelft.nl/a101_displayCourse.do?course_id=62572,No,BSc,Technische Natuurwetenschappen,[],,,
FALSE,TN1402WI,Analyse voor TNW 2,https://studiegids.tudelft.nl/a101_displayCourse.do?course_id=62569,No,BSc,Technische Natuurwetenschappen,[],,,
FALSE,TN1405-P,Inleidend Practicum,https://studiegids.tudelft.nl/a101_displayCourse.do?course_id=61778,No,BSc,Technische Natuurwetenschappen,[],,,
FALSE,TN1410WI,Voortgezette analyse,https://studiegids.tudelft.nl/a101_displayCourse.do?course_id=63067,No,BSc,Technische Natuurwetenschappen,[],,,
FALSE,,Mechanics and Theory of Relativity,https://studiegids.tudelft.nl/a101_displayCourse.do?course_id=61748,No,BSc,Applied Sciences,[],,,
FALSE,TN1612TU,Mechanica en relativiteitstheorie,https://studiegids.tudelft.nl/a101_displayCourse.do?course_id=61781,No,BSc,Technische Natuurwetenschappen,[],,,
FALSE,TN1651,Introduction to Biophysics,https://studiegids.tudelft.nl/a101_displayCourse.do?course_id=61788,No,BSc,Applied Sciences,[],,,
FALSE,TN1851,Nucleaire Wetenschap en Technologie,https://studiegids.tudelft.nl/a101_displayCourse.do?course_id=61789,No,BSc,Technische Natuurwetenschappen,[],,,
FALSE,TN1851,Nucleaire Wetenschap en Technologie,https://studiegids.tudelft.nl/a101_displayCourse.do?course_id=61789,No,BSc,Technische Natuurwetenschappen,[],,,
TRUE,TN2003,Design Engineering voor Fysici 2,https://studiegids.tudelft.nl/a101_displayCourse.do?course_id=62573,Yes,BSc,Technische Natuurwetenschappen,"[9, 12]",,,
FALSE,TN2054,Elektromagnetisme,https://studiegids.tudelft.nl/a101_displayCourse.do?course_id=61779,No,BSc,Technische Natuurwetenschappen,[],,,
FALSE,TN2211,Elektronische instrumentatie,https://studiegids.tudelft.nl/a101_displayCourse.do?course_id=61806,No,BSc,Technische Natuurwetenschappen,[],,,
FALSE,TN2244WI,Lineaire Algebra en Differentiaalvergelijkingen,https://studiegids.tudelft.nl/a101_displayCourse.do?course_id=62574,No,BSc,Technische Natuurwetenschappen,[],,,
FALSE,TN2304,Quantum Mechanics 1,https://studiegids.tudelft.nl/a101_displayCourse.do?course_id=61791,No,BSc,Applied Sciences,[],,,
FALSE,TN2305,Quantum Mechanics for the minor,https://studiegids.tudelft.nl/a101_displayCourse.do?course_id=62902,No,BSc,Applied Sciences,[],,,
FALSE,TN2306,Quantum Engineering and Applications,https://studiegids.tudelft.nl/a101_displayCourse.do?course_id=62905,No,BSc,Applied Sciences,[],,,
FALSE,TN2321,Klassieke Mechanica,https://studiegids.tudelft.nl/a101_displayCourse.do?course_id=61794,No,BSc,Technische Natuurwetenschappen,[],,,
FALSE,TN2345,Inleiding golven,https://studiegids.tudelft.nl/a101_displayCourse.do?course_id=61793,No,BSc,Technische Natuurwetenschappen,[],,,
FALSE,TN2412,Kwantummechanica 3,https://studiegids.tudelft.nl/a101_displayCourse.do?course_id=61803,No,BSc,Technische Natuurwetenschappen,[],,,
FALSE,TN2421,Optics,https://studiegids.tudelft.nl/a101_displayCourse.do?course_id=61804,No,BSc,Applied Sciences,[],,,
FALSE,TN2513,Computational Science,https://studiegids.tudelft.nl/a101_displayCourse.do?course_id=62577,No,BSc,Applied Sciences,[],,,
FALSE,TN2545,Systems and Signals,https://studiegids.tudelft.nl/a101_displayCourse.do?course_id=61796,No,BSc,Applied Sciences,[],,,
FALSE,TN2612,Theory of Relativity,https://studiegids.tudelft.nl/a101_displayCourse.do?course_id=62752,No,Minor,Applied Sciences,[],,,
FALSE,TN2625,Statistical Physics for the minor,https://studiegids.tudelft.nl/a101_displayCourse.do?course_id=62903,No,BSc,Applied Sciences,[],,,
FALSE,TN2626,Statistische Fysica,https://studiegids.tudelft.nl/a101_displayCourse.do?course_id=61799,No,BSc,Technische Natuurwetenschappen,[],,,
TRUE,TN2786,Fysische Transportverschijnselen,https://studiegids.tudelft.nl/a101_displayCourse.do?course_id=61800,Yes,BSc,Technische Natuurwetenschappen,[],,,
FALSE,TN2811,Introduction to Elementary Particle Physics,https://studiegids.tudelft.nl/a101_displayCourse.do?course_id=61790,No,BSc,Applied Sciences,[],,,
FALSE,TN2844,Solid State Physics,https://studiegids.tudelft.nl/a101_displayCourse.do?course_id=61805,No,BSc,Applied Sciences,[],,,
FALSE,TN2953-P,Research Laboratory,https://studiegids.tudelft.nl/a101_displayCourse.do?course_id=62575,No,BSc,Applied Sciences,[],,,
FALSE,TN2983,Bachelor eindproject,https://studiegids.tudelft.nl/a101_displayCourse.do?course_id=62578,No,BSc,Technische Natuurwetenschappen,[],,,
FALSE,TN2985,Introduction to Methods in Physics,https://studiegids.tudelft.nl/a101_displayCourse.do?course_id=62901,No,BSc,Applied Sciences,[],,,
FALSE,TN2986,Mathematical Methods for Modern Physics,https://studiegids.tudelft.nl/a101_displayCourse.do?course_id=62751,No,BSc,Applied Sciences,[],,,
FALSE,TN2994,Experimental and Integrating Final Project,https://studiegids.tudelft.nl/a101_displayCourse.do?course_id=62904,No,BSc,Applied Sciences,[],,,
FALSE,TN3104WI,Statistiek,https://studiegids.tudelft.nl/a101_displayCourse.do?course_id=63068,No,BSc,Technische Natuurwetenschappen,[],,,
FALSE,TN3105,Mathematics for Quantum Physics,https://studiegids.tudelft.nl/a101_displayCourse.do?course_id=62909,No,BSc,Applied Sciences,[],,,
FALSE,TN3126,Information and Computation,https://studiegids.tudelft.nl/a101_displayCourse.do?course_id=62912,No,BSc,Applied Sciences,[],,,
FALSE,TN3136,Quantum Physics,https://studiegids.tudelft.nl/a101_displayCourse.do?course_id=62914,No,BSc,Applied Sciences,[],,,
FALSE,TN3145,Quantum Communication and Computation,https://studiegids.tudelft.nl/a101_displayCourse.do?course_id=62910,No,BSc,Applied Sciences,[],,,
FALSE,TN3156,Quantum Sensing and Measurement,https://studiegids.tudelft.nl/a101_displayCourse.do?course_id=62906,No,BSc,Applied Sciences,[],,,
FALSE,TN3166,Solid-State Quantum Bits,https://studiegids.tudelft.nl/a101_displayCourse.do?course_id=62907,No,BSc,Applied Sciences,[],,,
FALSE,TN3166-A,Semiconductor Quantum Bits,https://studiegids.tudelft.nl/a101_displayCourse.do?course_id=62908,No,BSc,Applied Sciences,[],,,
FALSE,TN3166-B,Superconductor Quantum Bits,https://studiegids.tudelft.nl/a101_displayCourse.do?course_id=62913,No,BSc,Applied Sciences,[],,,
FALSE,TN3175,Quantum Engineering Group Project,https://studiegids.tudelft.nl/a101_displayCourse.do?course_id=62911,No,BSc,Applied Sciences,[],,,
TRUE,AE1108-I,Aerospace Materials,https://studiegids.tudelft.nl/a101_displayCourse.do?course_id=62224,Yes,BSc,Aerospace Engineering,"[9, 12, 13]",,,
FALSE,AE1108-II,Aerospace Mechanics of Materials,https://studiegids.tudelft.nl/a101_displayCourse.do?course_id=62223,No,BSc,Aerospace Engineering,[],,,
FALSE,AE1110-I,Introduction to Aerospace Engineering I,https://studiegids.tudelft.nl/a101_displayCourse.do?course_id=62227,No,BSc,Aerospace Engineering,[],,,
FALSE,AE1110-II,Introduction to Aerospace Engineering II,https://studiegids.tudelft.nl/a101_displayCourse.do?course_id=62216,No,BSc,Aerospace Engineering,[],,,
FALSE,AE1111-I,Exploring Aerospace Engineering,https://studiegids.tudelft.nl/a101_displayCourse.do?course_id=62225,No,BSc,Aerospace Engineering,[],,,
FALSE,AE1111-II,Engineering Drawing,https://studiegids.tudelft.nl/a101_displayCourse.do?course_id=62235,No,BSc,Aerospace Engineering,[],,,
FALSE,AE1130-I,Statics,https://studiegids.tudelft.nl/a101_displayCourse.do?course_id=62217,No,BSc,Aerospace Engineering,[],,,
FALSE,AE1130-II,Dynamics,https://studiegids.tudelft.nl/a101_displayCourse.do?course_id=62228,No,BSc,Aerospace Engineering,[],,,
FALSE,AE1205,Programming & Scientific Computing in Python for AE1,https://studiegids.tudelft.nl/a101_displayCourse.do?course_id=62232,No,BSc,Aerospace Engineering,[],,,
FALSE,AE1222-I,Design & Construction,https://studiegids.tudelft.nl/a101_displayCourse.do?course_id=62220,No,BSc,Aerospace Engineering,[],,,
FALSE,AE1222-II,Aerospace Design & Systems Engineering Elements,https://studiegids.tudelft.nl/a101_displayCourse.do?course_id=62230,No,BSc,Aerospace Engineering,[],,,
FALSE,AE1241,Physics,https://studiegids.tudelft.nl/a101_displayCourse.do?course_id=63079,No,BSc,Aerospace Engineering,[],,,
FALSE,AE2111,Aerospace System Design,https://studiegids.tudelft.nl/a101_displayCourse.do?course_id=62242,No,BSc,Aerospace Engineering,[],,,
FALSE,AE2130-I,Aerodynamics I,https://studiegids.tudelft.nl/a101_displayCourse.do?course_id=62244,No,BSc,Aerospace Engineering,[],,,
FALSE,AE2130-II,Low Speed Wind Tunnel Test,https://studiegids.tudelft.nl/a101_displayCourse.do?course_id=62256,No,BSc,Aerospace Engineering,[],,,
FALSE,AE2135-I,Structural Analysis & Design,https://studiegids.tudelft.nl/a101_displayCourse.do?course_id=62246,No,BSc,Aerospace Engineering,[],,,
FALSE,AE2135-II,Vibrations,https://studiegids.tudelft.nl/a101_displayCourse.do?course_id=62258,No,BSc,Aerospace Engineering,[],,,
FALSE,AE2220-I,Applied Numerical Analysis,https://studiegids.tudelft.nl/a101_displayCourse.do?course_id=62239,No,BSc,Aerospace Engineering,[],,,
FALSE,AE2220-II,Computational Modelling,https://studiegids.tudelft.nl/a101_displayCourse.do?course_id=62241,No,BSc,Aerospace Engineering,[],,,
FALSE,AE2224-I,"Test, Analysis & Simulation",https://studiegids.tudelft.nl/a101_displayCourse.do?course_id=63619,No,BSc,Aerospace Engineering,[],,,
FALSE,AE2230-I,Flight & Orbital Mechanics,https://studiegids.tudelft.nl/a101_displayCourse.do?course_id=62250,No,BSc,Aerospace Engineering,[],,,
FALSE,AE2230-II,Propulsion & Power,https://studiegids.tudelft.nl/a101_displayCourse.do?course_id=62251,No,BSc,Aerospace Engineering,[],,,
FALSE,AE2235-I,Aerospace Systems & Control Theory,https://studiegids.tudelft.nl/a101_displayCourse.do?course_id=62253,No,BSc,Aerospace Engineering,[],,,
FALSE,AE2235-II,Signal Analysis and Telecommunication Principles,https://studiegids.tudelft.nl/a101_displayCourse.do?course_id=62260,No,BSc,Aerospace Engineering,[],,,
TRUE,AE3200,Design Synthesis,https://studiegids.tudelft.nl/a101_displayCourse.do?course_id=62268,Yes,BSc,Aerospace Engineering,[],,,
FALSE,AE3211-I,Systems Engineering & Aerospace Design,https://studiegids.tudelft.nl/a101_displayCourse.do?course_id=62264,No,BSc,Aerospace Engineering,[],,,
TRUE,AE3211-II,Production of Aerospace Systems,https://studiegids.tudelft.nl/a101_displayCourse.do?course_id=62270,No,BSc,Aerospace Engineering,"[9, 12]",,,
FALSE,AE3212-I,"Aerospace Flight Dynamics & Simulation, including Flight Test",https://studiegids.tudelft.nl/a101_displayCourse.do?course_id=62267,No,BSc,Aerospace Engineering,[],,,
FALSE,AE3212-II,"Simulation, Verification & Validation",https://studiegids.tudelft.nl/a101_displayCourse.do?course_id=62266,No,BSc,Aerospace Engineering,[],,,
TRUE,AE3501-19,Air Transportation,https://studiegids.tudelft.nl/a101_displayCourse.do?course_id=62282,Yes,Minor,Aerospace Engineering,"[9, 11, 13]",,,
TRUE,AE3502-14,"Airport Planning, Design and Operations",https://studiegids.tudelft.nl/a101_displayCourse.do?course_id=62283,Yes,Minor,Aerospace Engineering,[],,,
FALSE,AE3503,Strategic Planning for Airport Systems,https://studiegids.tudelft.nl/a101_displayCourse.do?course_id=62284,No,Minor,Aerospace Engineering,[],,,
FALSE,AE3512-20,Asset Management,https://studiegids.tudelft.nl/a101_displayCourse.do?course_id=62281,No,Minor,Aerospace Engineering,[],,,
TRUE,AE3513,Integratieopdracht,https://studiegids.tudelft.nl/a101_displayCourse.do?course_id=62278,No,Minor,Aerospace Engineering,"[7, 13, 14]",,,
TRUE,AE3515,Basics of Aeroacoustics for Wind Energy,https://studiegids.tudelft.nl/a101_displayCourse.do?course_id=62279,Yes,Minor,Aerospace Engineering,"[7, 9, 11]",,,
TRUE,AE3516A,Fundamentals of Wind Energy I,https://studiegids.tudelft.nl/a101_displayCourse.do?course_id=61146,No,Minor,Aerospace Engineering,"[7, 9, 13]",,,
TRUE,AE3516B,Fundamentals of Wind Energy II,https://studiegids.tudelft.nl/a101_displayCourse.do?course_id=62277,No,Minor,Aerospace Engineering,"[7, 9, 13]",,,
FALSE,AE3522UL,Fundamentals of Astronomy,https://studiegids.tudelft.nl/a101_displayCourse.do?course_id=63080,No,Minor,Aerospace Engineering,[],,,
FALSE,AE3523,Planetary Sciences,https://studiegids.tudelft.nl/a101_displayCourse.do?course_id=63081,No,Minor,Aerospace Engineering,[],,,
FALSE,AE3524,Spacecraft Design and Astrodynamics,https://studiegids.tudelft.nl/a101_displayCourse.do?course_id=63082,No,Minor,Aerospace Engineering,[],,,
FALSE,AE3526,Project Design and Analysis,https://studiegids.tudelft.nl/a101_displayCourse.do?course_id=63086,No,Minor,Aerospace Engineering,[],,,
FALSE,AE3527UL,Scientific Case Study,https://studiegids.tudelft.nl/a101_displayCourse.do?course_id=63085,No,Minor,Aerospace Engineering,[],,,
FALSE,AE3528,Engineering Case Study,https://studiegids.tudelft.nl/a101_displayCourse.do?course_id=63084,No,Minor,Aerospace Engineering,[],,,
FALSE,AE3529,Space Instrumentation,https://studiegids.tudelft.nl/a101_displayCourse.do?course_id=63087,No,Minor,Aerospace Engineering,[],,,
TRUE,AE4006,Sustainability in Engineering,https://studiegids.tudelft.nl/a101_displayCourse.do?course_id=63250,Yes,MSc,Aerospace Engineering,"[4, 9, 11, 12]",,,
TRUE,AE4010,Research Methodologies,https://studiegids.tudelft.nl/a101_displayCourse.do?course_id=62287,Yes,MSc,Aerospace Engineering,[],,,
FALSE,AE4115,Experimental Simulations,https://studiegids.tudelft.nl/a101_displayCourse.do?course_id=62289,No,MSc,Aerospace Engineering,[],,,
FALSE,AE4117,Fluid-Structure Interaction,https://studiegids.tudelft.nl/a101_displayCourse.do?course_id=60864,No,MSc,Aerospace Engineering,[],,,
FALSE,AE4120,Viscous Flows,https://studiegids.tudelft.nl/a101_displayCourse.do?course_id=62290,No,MSc,Aerospace Engineering,[],,,
TRUE,AE4130-22,Aircraft Aerodynamics,https://studiegids.tudelft.nl/a101_displayCourse.do?course_id=63110,Yes,MSc,Aerospace Engineering,"[9, 11]",,,
FALSE,AE4135,Rotor / wake Aerodynamics,https://studiegids.tudelft.nl/a101_displayCourse.do?course_id=62296,No,MSc,Aerospace Engineering,[],,,
FALSE,AE4136-22,CFD 2: Discretization techniques,https://studiegids.tudelft.nl/a101_displayCourse.do?course_id=63020,No,MSc,Aerospace Engineering,[],,,
FALSE,AE4138-18,CFD 4: Uncertainty Quantification,https://studiegids.tudelft.nl/a101_displayCourse.do?course_id=62307,No,MSc,Aerospace Engineering,[],,,
FALSE,AE4139,CFD 3: Large Eddy Simulation,https://studiegids.tudelft.nl/a101_displayCourse.do?course_id=62306,No,MSc,Aerospace Engineering,[],,,
FALSE,AE4140,Gas Dynamics,https://studiegids.tudelft.nl/a101_displayCourse.do?course_id=60862,No,MSc,Aerospace Engineering,[],,,
FALSE,AE4143,Hypersonic Aerodynamics,https://studiegids.tudelft.nl/a101_displayCourse.do?course_id=62302,No,MSc,Aerospace Engineering,[],,,
FALSE,AE4180,Flow Measurement Techniques,https://studiegids.tudelft.nl/a101_displayCourse.do?course_id=62292,No,MSc,Aerospace Engineering,[],,,
FALSE,AE4185,Fluid Flow Data Processing and Visualization,https://studiegids.tudelft.nl/a101_displayCourse.do?course_id=63018,No,MSc,Aerospace Engineering,[],,,
FALSE,AE4202,CFD for Aerospace Engineers,https://studiegids.tudelft.nl/a101_displayCourse.do?course_id=61896,No,MSc,Aerospace Engineering,[],,,
FALSE,AE4204,Knowledge Based Engineering,https://studiegids.tudelft.nl/a101_displayCourse.do?course_id=62372,No,MSc,Aerospace Engineering,[],,,
FALSE,AE4205,MDO for Aerospace Applications,https://studiegids.tudelft.nl/a101_displayCourse.do?course_id=61895,No,MSc,Aerospace Engineering,[],,,
FALSE,AE4206,Turbomachinery,https://studiegids.tudelft.nl/a101_displayCourse.do?course_id=62373,No,MSc,Aerospace Engineering,[],,,
TRUE,AE4238,Aero Engine Technology,https://studiegids.tudelft.nl/a101_displayCourse.do?course_id=62324,Yes,MSc,Aerospace Engineering,"[7, 9, 13]",,,
FALSE,AE4240,Advanced Aircraft Design I,https://studiegids.tudelft.nl/a101_displayCourse.do?course_id=62299,No,MSc,Aerospace Engineering,[],,,
FALSE,AE4260A,Fundamental of Aeroacoustics,https://studiegids.tudelft.nl/a101_displayCourse.do?course_id=62305,No,MSc,Aerospace Engineering,[],,,
FALSE,AE4260B,Experimental Applications of Aeroacoustics,https://studiegids.tudelft.nl/a101_displayCourse.do?course_id=62304,No,MSc,Aerospace Engineering,[],,,
FALSE,AE4261,Internal Flows,https://studiegids.tudelft.nl/a101_displayCourse.do?course_id=62374,No,MSc,Aerospace Engineering,[],,,
FALSE,AE4262,Combustion for propulsion and power technologies,https://studiegids.tudelft.nl/a101_displayCourse.do?course_id=61882,No,MSc,Aerospace Engineering,[],,,
FALSE,AE4263,"Modeling, Simulation and Application of Propulsion and Power Systems",https://studiegids.tudelft.nl/a101_displayCourse.do?course_id=60966,No,MSc,Aerospace Engineering,[],,,
FALSE,AE4270,Control and Operations Project,https://studiegids.tudelft.nl/a101_displayCourse.do?course_id=62325,No,MSc,Aerospace Engineering,[],,,
FALSE,AE4301,Automatic Flight Control System Design,https://studiegids.tudelft.nl/a101_displayCourse.do?course_id=60983,No,MSc,Aerospace Engineering,[],,,
FALSE,AE4301P,Exercise Automatic Flight Control System Design,https://studiegids.tudelft.nl/a101_displayCourse.do?course_id=62315,No,MSc,Aerospace Engineering,[],,,
FALSE,AE4302,Avionics and Operations,https://studiegids.tudelft.nl/a101_displayCourse.do?course_id=62313,No,MSc,Aerospace Engineering,[],,,
FALSE,AE4304,Stochastic Aerospace Systems,https://studiegids.tudelft.nl/a101_displayCourse.do?course_id=62316,No,MSc,Aerospace Engineering,[],,,
FALSE,AE4304P,Stochastic Aerospace Systems Practical,https://studiegids.tudelft.nl/a101_displayCourse.do?course_id=62317,No,MSc,Aerospace Engineering,[],,,
FALSE,AE4311,Nonlinear and Adaptive Flight Control,https://studiegids.tudelft.nl/a101_displayCourse.do?course_id=62326,No,MSc,Aerospace Engineering,[],,,
FALSE,AE4313-20,Spacecraft Attitude Dynamics and Control,https://studiegids.tudelft.nl/a101_displayCourse.do?course_id=61009,No,MSc,Aerospace Engineering,[],,,
FALSE,AE4314-21,"Helicopter Performance, Stability and Control",https://studiegids.tudelft.nl/a101_displayCourse.do?course_id=61008,No,MSc,Aerospace Engineering,[],,,
FALSE,AE4316,Aerospace Human-Machine Systems,https://studiegids.tudelft.nl/a101_displayCourse.do?course_id=61252,No,MSc,Aerospace Engineering,[],,,
FALSE,AE4316P,Advanced Topics in Aerospace Human-Machine Systems,https://studiegids.tudelft.nl/a101_displayCourse.do?course_id=62322,No,MSc,Aerospace Engineering,[],,,
FALSE,AE4317,Autonomous Flight of Micro Air Vehicles,https://studiegids.tudelft.nl/a101_displayCourse.do?course_id=61255,No,MSc,Aerospace Engineering,[],,,
FALSE,AE4320,System Identification of Aerospace Vehicles,https://studiegids.tudelft.nl/a101_displayCourse.do?course_id=62327,No,MSc,Aerospace Engineering,[],,,
FALSE,AE4321-15,Air Traffic Management,https://studiegids.tudelft.nl/a101_displayCourse.do?course_id=61241,No,MSc,Aerospace Engineering,[],,,
FALSE,AE4322,Piloted Flight Simulation,https://studiegids.tudelft.nl/a101_displayCourse.do?course_id=62310,No,MSc,Aerospace Engineering,[],,,
FALSE,AE4323,Real-time Distributed Flight and Space Simulation,https://studiegids.tudelft.nl/a101_displayCourse.do?course_id=62330,No,MSc,Aerospace Engineering,[],,,
FALSE,AE4350,Bio-inspired Intelligence and learning for Aerospace Applications,https://studiegids.tudelft.nl/a101_displayCourse.do?course_id=62328,No,MSc,Aerospace Engineering,[],,,
FALSE,AE4351,Robust Flight Control,https://studiegids.tudelft.nl/a101_displayCourse.do?course_id=63021,No,MSc,Aerospace Engineering,[],,,
FALSE,AE4352,Mathematical and human-inspired decision making,https://studiegids.tudelft.nl/a101_displayCourse.do?course_id=63022,No,MSc,Aerospace Engineering,[],,,
FALSE,AE4422-20,Agent-based Modelling and Simulation in Air Transport,https://studiegids.tudelft.nl/a101_displayCourse.do?course_id=62318,No,MSc,Aerospace Engineering,[],,,
FALSE,AE4423-20,Airline Planning and Optimisation,https://studiegids.tudelft.nl/a101_displayCourse.do?course_id=62319,No,MSc,Aerospace Engineering,[],,,
TRUE,AE4431,Aircraft noise and emissions,https://studiegids.tudelft.nl/a101_displayCourse.do?course_id=62301,Yes,MSc,Aerospace Engineering,"[13, 15]",,,
FALSE,AE4439,Sustainable Air Transport Modelling Project,https://studiegids.tudelft.nl/a101_displayCourse.do?course_id=62323,No,MSc,Aerospace Engineering,[],,,
FALSE,AE4441-16,Operations optimisation,https://studiegids.tudelft.nl/a101_displayCourse.do?course_id=62312,No,MSc,Aerospace Engineering,[],,,
FALSE,AE4446,Airport and Cargo Operations,https://studiegids.tudelft.nl/a101_displayCourse.do?course_id=62329,No,MSc,Aerospace Engineering,[],,,
TRUE,AE4462-17,Aircraft Emissions and Climate Effects,https://studiegids.tudelft.nl/a101_displayCourse.do?course_id=62321,Yes,MSc,Aerospace Engineering,[13],,,
TRUE,AE4463P,Advanced Aircraft Noise Modeling and Measurement,https://studiegids.tudelft.nl/a101_displayCourse.do?course_id=62300,No,MSc,Aerospace Engineering,"[9, 11]",,,
FALSE,AE4465,Maintenance Modeling & Analysis,https://studiegids.tudelft.nl/a101_displayCourse.do?course_id=62332,No,MSc,Aerospace Engineering,[],,,
FALSE,AE4499,Space Project,https://studiegids.tudelft.nl/a101_displayCourse.do?course_id=63866,No,MSc,Aerospace Engineering,[],,,
FALSE,AE4866-1,Propagation and Optimisation in Astrodynamics,https://studiegids.tudelft.nl/a101_displayCourse.do?course_id=62346,No,MSc,Aerospace Engineering,[],,,
FALSE,AE4868-1,Numerical Astrodynamics,https://studiegids.tudelft.nl/a101_displayCourse.do?course_id=62347,No,MSc,Aerospace Engineering,[],,,
FALSE,AE4870A,Rocket Motion,https://studiegids.tudelft.nl/a101_displayCourse.do?course_id=62343,No,MSc,Aerospace Engineering,[],,,
FALSE,AE4870B,Re-Entry Systems,https://studiegids.tudelft.nl/a101_displayCourse.do?course_id=62344,No,MSc,Aerospace Engineering,[],,,
FALSE,AE4872,Satellite Orbit Determination,https://studiegids.tudelft.nl/a101_displayCourse.do?course_id=62342,No,MSc,Aerospace Engineering,[],,,
FALSE,AE4874 I,Fundamentals of Astrodynamics,https://studiegids.tudelft.nl/a101_displayCourse.do?course_id=62338,No,MSc,Aerospace Engineering,[],,,
TRUE,AE4876-11,Planetary Sciences II,https://studiegids.tudelft.nl/a101_displayCourse.do?course_id=62345,No,MSc,Aerospace Engineering,[9],,,
FALSE,AE4880,Optical Space Sensors,https://studiegids.tudelft.nl/a101_displayCourse.do?course_id=60918,No,MSc,Aerospace Engineering,[],,,
FALSE,AE4889,Special Topics in Astrodynamics,https://studiegids.tudelft.nl/a101_displayCourse.do?course_id=62349,No,MSc,Aerospace Engineering,[],,,
FALSE,AE4890-11,Planetary Sciences I,https://studiegids.tudelft.nl/a101_displayCourse.do?course_id=62335,No,MSc,Aerospace Engineering,[],,,
TRUE,AE4893,Physics of Planetary Interiors,https://studiegids.tudelft.nl/a101_displayCourse.do?course_id=63023,No,MSc,Aerospace Engineering,"[9, 13]",,,
FALSE,AE4894,Practical Astrodynamics,https://studiegids.tudelft.nl/a101_displayCourse.do?course_id=63024,No,MSc,Aerospace Engineering,[],,,
FALSE,AE4895,Measurement Strategies for Planetary Science Missions,https://studiegids.tudelft.nl/a101_displayCourse.do?course_id=63025,No,MSc,Aerospace Engineering,[],,,
TRUE,AE4ASM001,Design of lightweight structures I: Composites & Metals,https://studiegids.tudelft.nl/a101_displayCourse.do?course_id=61078,Yes,MSc,Aerospace Engineering,[],,,
FALSE,AE4ASM002,Designing Materials with Aerospace Specific Properties,https://studiegids.tudelft.nl/a101_displayCourse.do?course_id=62354,No,MSc,Aerospace Engineering,[],,,
FALSE,AE4ASM003,Linear Modeling (incl. F.E.M),https://studiegids.tudelft.nl/a101_displayCourse.do?course_id=62355,No,MSc,Aerospace Engineering,[],,,
FALSE,AE4ASM004,Manufacturing of Aerospace Structures & Materials,https://studiegids.tudelft.nl/a101_displayCourse.do?course_id=61079,No,MSc,Aerospace Engineering,[],,,
FALSE,AE4ASM005,Fatigue of Structures & Materials,https://studiegids.tudelft.nl/a101_displayCourse.do?course_id=61080,No,MSc,Aerospace Engineering,[],,,
TRUE,AE4ASM101TU-22,Polymer Science,https://studiegids.tudelft.nl/a101_displayCourse.do?course_id=63015,Yes,MSc,Aerospace Engineering,"[9, 12, 13]",,,
FALSE,AE4ASM103,Functional Coatings,https://studiegids.tudelft.nl/a101_displayCourse.do?course_id=60829,No,MSc,Aerospace Engineering,[],,,
FALSE,AE4ASM105,Trinity Exercise,https://studiegids.tudelft.nl/a101_displayCourse.do?course_id=62358,No,MSc,Aerospace Engineering,[],,,
FALSE,AE4ASM106,Stability & Analysis of Structures I,https://studiegids.tudelft.nl/a101_displayCourse.do?course_id=62359,No,MSc,Aerospace Engineering,[],,,
FALSE,AE4ASM108,Experimental Techniques & NDT,https://studiegids.tudelft.nl/a101_displayCourse.do?course_id=62353,No,MSc,Aerospace Engineering,[],,,
FALSE,AE4ASM109,Design & Analysis of Composite Structures I,https://studiegids.tudelft.nl/a101_displayCourse.do?course_id=61077,No,MSc,Aerospace Engineering,[],,,
FALSE,AE4ASM110-22,Polymer Composite Manufacturing,https://studiegids.tudelft.nl/a101_displayCourse.do?course_id=63016,No,MSc,Aerospace Engineering,[],,,
FALSE,AE4ASM503,Sheet Metal Forming,https://studiegids.tudelft.nl/a101_displayCourse.do?course_id=62364,No,MSc,Aerospace Engineering,[],,,
FALSE,AE4ASM504,Structural Integrity and Maintenance,https://studiegids.tudelft.nl/a101_displayCourse.do?course_id=61081,No,MSc,Aerospace Engineering,[],,,
FALSE,AE4ASM505,Non-Linear Modeling (using F.E.M.),https://studiegids.tudelft.nl/a101_displayCourse.do?course_id=62365,No,MSc,Aerospace Engineering,[],,,
FALSE,AE4ASM506,Fundamentals of Aeroelasticity,https://studiegids.tudelft.nl/a101_displayCourse.do?course_id=62298,No,MSc,Aerospace Engineering,[],,,
FALSE,AE4ASM508,Design of Self-healing materials,https://studiegids.tudelft.nl/a101_displayCourse.do?course_id=61082,No,MSc,Aerospace Engineering,[],,,
FALSE,AE4ASM510,Design & Analysis of Composite Structures II,https://studiegids.tudelft.nl/a101_displayCourse.do?course_id=61083,No,MSc,Aerospace Engineering,[],,,
FALSE,AE4ASM511,Stability & Analysis of Structures II,https://studiegids.tudelft.nl/a101_displayCourse.do?course_id=62366,No,MSc,Aerospace Engineering,[],,,
FALSE,AE4ASM513,Forensic Engineering,https://studiegids.tudelft.nl/a101_displayCourse.do?course_id=62367,No,MSc,Aerospace Engineering,[],,,
FALSE,AE4ASM514TU,Continuum Mechanics,https://studiegids.tudelft.nl/a101_displayCourse.do?course_id=62303,No,MSc,Aerospace Engineering,[],,,
FALSE,AE4ASM515-22,Characterization of materials and components,https://studiegids.tudelft.nl/a101_displayCourse.do?course_id=63251,No,MSc,Aerospace Engineering,[],,,
FALSE,AE4ASM516,Material Selection in Mechanical Design,https://studiegids.tudelft.nl/a101_displayCourse.do?course_id=60905,No,MSc,Aerospace Engineering,[],,,
FALSE,AE4ASM517,Aircraft Manufacturing Laboratory,https://studiegids.tudelft.nl/a101_displayCourse.do?course_id=62368,No,MSc,Aerospace Engineering,[],,,
TRUE,AE4ASM520,Industrial Composite Manufacturing,https://studiegids.tudelft.nl/a101_displayCourse.do?course_id=62369,Yes,MSc,Aerospace Engineering,"[9, 12, 13]",,,
TRUE,AE4ASM521,Additive Manufacturing,https://studiegids.tudelft.nl/a101_displayCourse.do?course_id=62362,Yes,MSc,Aerospace Engineering,"[9, 12]",,,
FALSE,AE4ASM522,Applied Aircraft Aeroelasticity,https://studiegids.tudelft.nl/a101_displayCourse.do?course_id=62363,No,MSc,Aerospace Engineering,[],,,
FALSE,AE4ASM523,Design of Spacecraft and Launcher Structures,https://studiegids.tudelft.nl/a101_displayCourse.do?course_id=62360,No,MSc,Aerospace Engineering,[],,,
FALSE,AE4ASM524,Spacecraft Structures Development,https://studiegids.tudelft.nl/a101_displayCourse.do?course_id=62361,No,MSc,Aerospace Engineering,[],,,
FALSE,AE4ASM525,Materials for Space,https://studiegids.tudelft.nl/a101_displayCourse.do?course_id=62370,No,MSc,Aerospace Engineering,[],,,
FALSE,AE4ASM526,Spacecraft Thermal Design,https://studiegids.tudelft.nl/a101_displayCourse.do?course_id=63738,No,MSc,Aerospace Engineering,[],,,
FALSE,AE4S01,Thermal Rocket Propulsion,https://studiegids.tudelft.nl/a101_displayCourse.do?course_id=62336,No,MSc,Aerospace Engineering,[],,,
FALSE,AE4S01P,Exercise Thermal Rocket Propulsion,https://studiegids.tudelft.nl/a101_displayCourse.do?course_id=62340,No,MSc,Aerospace Engineering,[],,,
FALSE,AE4S07,Micropropulsion,https://studiegids.tudelft.nl/a101_displayCourse.do?course_id=62334,No,MSc,Aerospace Engineering,[],,,
FALSE,AE4S10,Microsat Engineering,https://studiegids.tudelft.nl/a101_displayCourse.do?course_id=62337,No,MSc,Aerospace Engineering,[],,,
FALSE,AE4S12,Space Systems Engineering,https://studiegids.tudelft.nl/a101_displayCourse.do?course_id=60919,No,MSc,Aerospace Engineering,[],,,
FALSE,AE4S15,Space Embedded Systems,https://studiegids.tudelft.nl/a101_displayCourse.do?course_id=62341,No,MSc,Aerospace Engineering,[],,,
FALSE,AE4S52-21,Collaborative Space System Design Project,https://studiegids.tudelft.nl/a101_displayCourse.do?course_id=62350,No,MSc,Aerospace Engineering,[],,,
TRUE,AE4T40,Airborne Wind Energy,https://studiegids.tudelft.nl/a101_displayCourse.do?course_id=61894,No,MSc,Aerospace Engineering,"[7, 9, 13]",,,
TRUE,AE4W02TU,Introduction to Wind Turbines: Physics and Technology,https://studiegids.tudelft.nl/a101_displayCourse.do?course_id=60978,No,MSc,Aerospace Engineering,"[7, 9, 13]",,,
TRUE,AE4W09,Wind Turbine Design,https://studiegids.tudelft.nl/a101_displayCourse.do?course_id=60984,No,MSc,Aerospace Engineering,"[7, 9, 13]",,,
TRUE,AE4W13,Site Conditions for Wind Turbine Design,https://studiegids.tudelft.nl/a101_displayCourse.do?course_id=61877,No,MSc,Aerospace Engineering,"[7, 13]",,,
FALSE,AE4W21-14,Wind Turbine Aeroelasticity,https://studiegids.tudelft.nl/a101_displayCourse.do?course_id=62297,No,MSc,Aerospace Engineering,[],,,
TRUE,AE4W30,Wind Resource and Wind Farm Yield,https://studiegids.tudelft.nl/a101_displayCourse.do?course_id=61897,No,MSc,Aerospace Engineering,"[7, 9, 13]",,,
TRUE,AE4W31,Floating Offshore Wind Energy,https://studiegids.tudelft.nl/a101_displayCourse.do?course_id=62309,No,MSc,Aerospace Engineering,"[7, 9, 13]",,,
FALSE,AE5051,Internship,https://studiegids.tudelft.nl/a101_displayCourse.do?course_id=63026,No,MSc,Aerospace Engineering,[],,,
FALSE,AE5055,Professional Training,https://studiegids.tudelft.nl/a101_displayCourse.do?course_id=62376,No,MSc,Aerospace Engineering,[],,,
TRUE,AE5122,Thesis Aerodynamics & Wind Energy,https://studiegids.tudelft.nl/a101_displayCourse.do?course_id=63027,No,MSc,Aerospace Engineering,"[7, 9, 13]",,,
FALSE,AE5222,Thesis Flight Performance & Propulsion,https://studiegids.tudelft.nl/a101_displayCourse.do?course_id=63028,No,MSc,Aerospace Engineering,[],,,
FALSE,AE5322,Thesis Control and Operations,https://studiegids.tudelft.nl/a101_displayCourse.do?course_id=63029,No,MSc,Aerospace Engineering,[],,,
FALSE,AE5722,Thesis Aerospace Structures & Materials,https://studiegids.tudelft.nl/a101_displayCourse.do?course_id=63030,No,MSc,Aerospace Engineering,[],,,
FALSE,AE5822,Thesis Space,https://studiegids.tudelft.nl/a101_displayCourse.do?course_id=63031,No,MSc,Aerospace Engineering,[],,,
FALSE,AE5912,Thesis Wind Energy Rotor Design,https://studiegids.tudelft.nl/a101_displayCourse.do?course_id=62375,No,MSc,Aerospace Engineering,[],,,
FALSE,AE4ASM108,Experimental Techniques & NDT,https://studiegids.tudelft.nl/a101_displayCourse.do?course_id=62353,No,MSc,Aerospace Engineering,[],,,
FALSE,AE4ASM109,Design & Analysis of Composite Structures I,https://studiegids.tudelft.nl/a101_displayCourse.do?course_id=61077,No,MSc,Aerospace Engineering,[],,,
FALSE,AE4ASM110-22,Polymer Composite Manufacturing,https://studiegids.tudelft.nl/a101_displayCourse.do?course_id=63016,No,MSc,Aerospace Engineering,[],,,
FALSE,AE4ASM503,Sheet Metal Forming,https://studiegids.tudelft.nl/a101_displayCourse.do?course_id=62364,No,MSc,Aerospace Engineering,[],,,
FALSE,AE4ASM504,Structural Integrity and Maintenance,https://studiegids.tudelft.nl/a101_displayCourse.do?course_id=61081,No,MSc,Aerospace Engineering,[],,,
FALSE,AE4ASM505,Non-Linear Modeling (using F.E.M.),https://studiegids.tudelft.nl/a101_displayCourse.do?course_id=62365,No,MSc,Aerospace Engineering,[],,,
FALSE,AE4ASM506,Fundamentals of Aeroelasticity,https://studiegids.tudelft.nl/a101_displayCourse.do?course_id=62298,No,MSc,Aerospace Engineering,[],,,
FALSE,AE4ASM508,Design of Self-healing materials,https://studiegids.tudelft.nl/a101_displayCourse.do?course_id=61082,No,MSc,Aerospace Engineering,[],,,
FALSE,AE4ASM510,Design & Analysis of Composite Structures II,https://studiegids.tudelft.nl/a101_displayCourse.do?course_id=61083,No,MSc,Aerospace Engineering,[],,,
FALSE,AE4ASM511,Stability & Analysis of Structures II,https://studiegids.tudelft.nl/a101_displayCourse.do?course_id=62366,No,MSc,Aerospace Engineering,[],,,
FALSE,AE4ASM513,Forensic Engineering,https://studiegids.tudelft.nl/a101_displayCourse.do?course_id=62367,No,MSc,Aerospace Engineering,[],,,
FALSE,AE4ASM514TU,Continuum Mechanics,https://studiegids.tudelft.nl/a101_displayCourse.do?course_id=62303,No,MSc,Aerospace Engineering,[],,,
FALSE,AE4ASM515-22,Characterization of materials and components,https://studiegids.tudelft.nl/a101_displayCourse.do?course_id=63251,No,MSc,Aerospace Engineering,[],,,
FALSE,AE4ASM516,Material Selection in Mechanical Design,https://studiegids.tudelft.nl/a101_displayCourse.do?course_id=60905,No,MSc,Aerospace Engineering,[],,,
FALSE,AE4ASM517,Aircraft Manufacturing Laboratory,https://studiegids.tudelft.nl/a101_displayCourse.do?course_id=62368,No,MSc,Aerospace Engineering,[],,,
TRUE,AE4ASM520,Industrial Composite Manufacturing,https://studiegids.tudelft.nl/a101_displayCourse.do?course_id=62369,Yes,MSc,Aerospace Engineering,"[9, 12, 13]",,,
TRUE,AE4ASM521,Additive Manufacturing,https://studiegids.tudelft.nl/a101_displayCourse.do?course_id=62362,Yes,MSc,Aerospace Engineering,"[9, 12]",,,
FALSE,AE4ASM522,Applied Aircraft Aeroelasticity,https://studiegids.tudelft.nl/a101_displayCourse.do?course_id=62363,No,MSc,Aerospace Engineering,[],,,
FALSE,AE4ASM523,Design of Spacecraft and Launcher Structures,https://studiegids.tudelft.nl/a101_displayCourse.do?course_id=62360,No,MSc,Aerospace Engineering,[],,,
FALSE,AE4ASM524,Spacecraft Structures Development,https://studiegids.tudelft.nl/a101_displayCourse.do?course_id=62361,No,MSc,Aerospace Engineering,[],,,
FALSE,AE4ASM525,Materials for Space,https://studiegids.tudelft.nl/a101_displayCourse.do?course_id=62370,No,MSc,Aerospace Engineering,[],,,
FALSE,AE4ASM526,Spacecraft Thermal Design,https://studiegids.tudelft.nl/a101_displayCourse.do?course_id=63738,No,MSc,Aerospace Engineering,[],,,
FALSE,AE4S01,Thermal Rocket Propulsion,https://studiegids.tudelft.nl/a101_displayCourse.do?course_id=62336,No,MSc,Aerospace Engineering,[],,,
FALSE,AE4S01P,Exercise Thermal Rocket Propulsion,https://studiegids.tudelft.nl/a101_displayCourse.do?course_id=62340,No,MSc,Aerospace Engineering,[],,,
FALSE,AE4S07,Micropropulsion,https://studiegids.tudelft.nl/a101_displayCourse.do?course_id=62334,No,MSc,Aerospace Engineering,[],,,
FALSE,AE4S10,Microsat Engineering,https://studiegids.tudelft.nl/a101_displayCourse.do?course_id=62337,No,MSc,Aerospace Engineering,[],,,
FALSE,AE4S12,Space Systems Engineering,https://studiegids.tudelft.nl/a101_displayCourse.do?course_id=60919,No,MSc,Aerospace Engineering,[],,,
FALSE,AE4S15,Space Embedded Systems,https://studiegids.tudelft.nl/a101_displayCourse.do?course_id=62341,No,MSc,Aerospace Engineering,[],,,
FALSE,AE4S52-21,Collaborative Space System Design Project,https://studiegids.tudelft.nl/a101_displayCourse.do?course_id=62350,No,MSc,Aerospace Engineering,[],,,
TRUE,AE4T40,Airborne Wind Energy,https://studiegids.tudelft.nl/a101_displayCourse.do?course_id=61894,No,MSc,Aerospace Engineering,"[7, 9, 13]",,,
TRUE,AE4W02TU,Introduction to Wind Turbines: Physics and Technology,https://studiegids.tudelft.nl/a101_displayCourse.do?course_id=60978,No,MSc,Aerospace Engineering,"[7, 9, 13]",,,
TRUE,AE4W09,Wind Turbine Design,https://studiegids.tudelft.nl/a101_displayCourse.do?course_id=60984,No,MSc,Aerospace Engineering,"[7, 9, 13]",,,
TRUE,AE4W13,Site Conditions for Wind Turbine Design,https://studiegids.tudelft.nl/a101_displayCourse.do?course_id=61877,No,MSc,Aerospace Engineering,"[7, 13]",,,
FALSE,AE4W21-14,Wind Turbine Aeroelasticity,https://studiegids.tudelft.nl/a101_displayCourse.do?course_id=62297,No,MSc,Aerospace Engineering,[],,,
TRUE,AE4W30,Wind Resource and Wind Farm Yield,https://studiegids.tudelft.nl/a101_displayCourse.do?course_id=61897,No,MSc,Aerospace Engineering,"[7, 9, 13]",,,
TRUE,AE4W31,Floating Offshore Wind Energy,https://studiegids.tudelft.nl/a101_displayCourse.do?course_id=62309,No,MSc,Aerospace Engineering,"[7, 9, 13]",,,
FALSE,AE5051,Internship,https://studiegids.tudelft.nl/a101_displayCourse.do?course_id=63026,No,MSc,Aerospace Engineering,[],,,
FALSE,AE5055,Professional Training,https://studiegids.tudelft.nl/a101_displayCourse.do?course_id=62376,No,MSc,Aerospace Engineering,[],,,
TRUE,AE5122,Thesis Aerodynamics & Wind Energy,https://studiegids.tudelft.nl/a101_displayCourse.do?course_id=63027,No,MSc,Aerospace Engineering,"[7, 9, 13]",,,
FALSE,AE5222,Thesis Flight Performance & Propulsion,https://studiegids.tudelft.nl/a101_displayCourse.do?course_id=63028,No,MSc,Aerospace Engineering,[],,,
FALSE,AE5322,Thesis Control and Operations,https://studiegids.tudelft.nl/a101_displayCourse.do?course_id=63029,No,MSc,Aerospace Engineering,[],,,
FALSE,AE5722,Thesis Aerospace Structures & Materials,https://studiegids.tudelft.nl/a101_displayCourse.do?course_id=63030,No,MSc,Aerospace Engineering,[],,,
FALSE,AE5822,Thesis Space,https://studiegids.tudelft.nl/a101_displayCourse.do?course_id=63031,No,MSc,Aerospace Engineering,[],,,
FALSE,AE5912,Thesis Wind Energy Rotor Design,https://studiegids.tudelft.nl/a101_displayCourse.do?course_id=62375,No,MSc,Aerospace Engineering,[],,,
TRUE,UD2010,Technological Expertise in Public Debate,https://studiegids.tudelft.nl/a101_displayCourse.do?course_id=60584,No,MSc,University Corporate Office,"[9, 11, 16]",,,
FALSE,UD2012,Business Leadership for Engineers,https://studiegids.tudelft.nl/a101_displayCourse.do?course_id=60585,No,MSc,University Corporate Office,[],,,