Field name,Course code///Vakcode,Course name///Vaknaam,Link,Sustainable course?///Duurzaam vak?,Level///Niveau,Faculty///Faculteit,SDGs///SDG's
FALSE,1.253.420,Machine Learning,https://studiegids.tudelft.nl/courses/study-guide/educations/22193,No,MSc,External institution,[]
FALSE,4.100.220,Finite Elements in Fluids,https://studiegids.tudelft.nl/courses/study-guide/educations/22194,No,MSc,External institution,[]
FALSE,4051ALACH,General and Inorganic Chemistry,https://studiegids.tudelft.nl/courses/study-guide/educations/16939,No,BSc,Applied Sciences,[]
FALSE,4051CALC1,Calculus 1,https://studiegids.tudelft.nl/courses/study-guide/educations/16940,No,BSc,Applied Sciences,[]
FALSE,4051CALC2,Calculus 2,https://studiegids.tudelft.nl/courses/study-guide/educations/16941,No,BSc,Applied Sciences,[]
FALSE,4051CHAN3,Methods of Chemical Analysis,https://studiegids.tudelft.nl/courses/study-guide/educations/16942,No,BSc,Applied Sciences,[]
FALSE,4051CHTHE,Chemical Thermodynamics,https://studiegids.tudelft.nl/courses/study-guide/educations/16943,No,BSc,Applied Sciences,[]
FALSE,4051INCHE,Inorganic Chemistry,https://studiegids.tudelft.nl/courses/study-guide/educations/16944,No,BSc,Applied Sciences,[]
FALSE,4051IPTEC,Introduction to Process Technology,https://studiegids.tudelft.nl/courses/study-guide/educations/16945,No,BSc,Applied Sciences,[]
TRUE,4051LEON1,Undergraduate Research Project 1,https://studiegids.tudelft.nl/courses/study-guide/educations/16946,Yes,BSc,Applied Sciences,[16]
FALSE,4051ORGC1,Organic Chemistry 1,https://studiegids.tudelft.nl/courses/study-guide/educations/16947,No,BSc,Applied Sciences,[]
FALSE,4051PRBVA,Basic Laboratory Skills Course,https://studiegids.tudelft.nl/courses/study-guide/educations/16948,No,BSc,Applied Sciences,[]
FALSE,4051QCHFY,Quantum Chemistry and Physics,https://studiegids.tudelft.nl/courses/study-guide/educations/16949,No,BSc,Applied Sciences,[]
FALSE,4051STRUA,Structure Elucidation,https://studiegids.tudelft.nl/courses/study-guide/educations/23460,No,BSc,Applied Sciences,[]
FALSE,4052BIOC6,Biochemistry,https://studiegids.tudelft.nl/courses/study-guide/educations/17173,No,BSc,Applied Sciences,[]
FALSE,4052BMOCH,Biomolecular Chemistry,https://studiegids.tudelft.nl/courses/study-guide/educations/17184,No,BSc,Applied Sciences,[]
TRUE,4052CHBIO,Chemical Biotechnology,https://studiegids.tudelft.nl/courses/study-guide/educations/17188,Yes,BSc,Applied Sciences,"[12, 13]"
FALSE,4052CHFVS,Chemistry and Physics of Solid Materials,https://studiegids.tudelft.nl/courses/study-guide/educations/17180,No,BSc,Applied Sciences,[]
FALSE,4052CHREK,Chemical Reactor Engineering,https://studiegids.tudelft.nl/courses/study-guide/educations/17196,No,BSc,Applied Sciences,[]
TRUE,4052ENRV6,"Energy, Recycling and Safety",https://studiegids.tudelft.nl/courses/study-guide/educations/17174,Yes,BSc,Applied Sciences,"[7, 9, 12, 13]"
TRUE,4052FYSC6,Physiological Chemistry,https://studiegids.tudelft.nl/courses/study-guide/educations/17185,Yes,BSc,Applied Sciences,[3]
FALSE,4052FYSCK,Physical Chemistry and Kinetics,https://studiegids.tudelft.nl/courses/study-guide/educations/17175,No,BSc,Applied Sciences,[]
FALSE,4052FYSTR,Physical Transport Phenomena,https://studiegids.tudelft.nl/courses/study-guide/educations/17181,No,BSc,Applied Sciences,[]
TRUE,4052KATAL,Catalysis,https://studiegids.tudelft.nl/courses/study-guide/educations/17176,Yes,BSc,Applied Sciences,[9]
FALSE,4052LADIF,Linear Algebra and Differential Equations,https://studiegids.tudelft.nl/courses/study-guide/educations/17182,No,BSc,Applied Sciences,[]
FALSE,4052LEON2,Research Project 2,https://studiegids.tudelft.nl/courses/study-guide/educations/17177,No,BSc,Applied Sciences,[]
FALSE,4052LEON3,Chemical Product Design,https://studiegids.tudelft.nl/courses/study-guide/educations/17192,No,BSc,Applied Sciences,[]
FALSE,4052LEON4,Bachelor Thesis Project,https://studiegids.tudelft.nl/courses/study-guide/educations/17193,No,BSc,Applied Sciences,[]
FALSE,4052NUMT3,Numerical Techniques,https://studiegids.tudelft.nl/courses/study-guide/educations/17178,No,BSc,Applied Sciences,[]
FALSE,4052ORGC2,Organic Chemistry 2,https://studiegids.tudelft.nl/courses/study-guide/educations/17186,No,BSc,Applied Sciences,[]
FALSE,4052SCHTE,Separation Technology,https://studiegids.tudelft.nl/courses/study-guide/educations/17191,No,BSc,Applied Sciences,[]
FALSE,4052STAME,Statistical Methods,https://studiegids.tudelft.nl/courses/study-guide/educations/17194,No,BSc,Applied Sciences,[]
FALSE,4052STEVM,Structure and Properties of Materials,https://studiegids.tudelft.nl/courses/study-guide/educations/17179,No,BSc,Applied Sciences,[]
FALSE,4052STTS6,Statistical Thermodynamics / Spectroscopy,https://studiegids.tudelft.nl/courses/study-guide/educations/17195,No,BSc,Applied Sciences,[]
FALSE,4052THECH,Theoretical Chemistry,https://studiegids.tudelft.nl/courses/study-guide/educations/17183,No,BSc,Applied Sciences,[]
FALSE,4082LINAN,Linear Analysis,https://studiegids.tudelft.nl/courses/study-guide/educations/17354,No,MSc,External institution,[]
FALSE,4343APQAL,Applied Quantum Algorithms,https://studiegids.tudelft.nl/courses/study-guide/educations/17355,No,MSc,External institution,[]
FALSE,4343INTML,Introduction to Machine Learning,https://studiegids.tudelft.nl/courses/study-guide/educations/17356,No,MSc,External institution,[]
FALSE,4373INTDS,Introduction to Dynamical Systems,https://studiegids.tudelft.nl/courses/study-guide/educations/17357,No,MSc,External institution,[]
FALSE,4373REPTH,Representation Theory,https://studiegids.tudelft.nl/courses/study-guide/educations/17358,No,MSc,External institution,[]
FALSE,4403CMPHAY,Computational Physics A,https://studiegids.tudelft.nl/courses/study-guide/educations/17359,No,MSc,External institution,[]
FALSE,4403CMPHBY,Computational Physics B,https://studiegids.tudelft.nl/courses/study-guide/educations/3775,No,MSc,External institution,[]
FALSE,4403COPH6,Condensed Matter Physics,https://studiegids.tudelft.nl/courses/study-guide/educations/17360,No,MSc,External institution,[]
FALSE,4403EFTH3Y,Effective Field Theory,https://studiegids.tudelft.nl/courses/study-guide/educations/23945,No,MSc,External institution,[]
FALSE,4403PHML3Y,Physics of Machine Learning,https://studiegids.tudelft.nl/courses/study-guide/educations/23944,No,MSc,External institution,[]
FALSE,4403QFTH6Y,Quantum Field Theory,https://studiegids.tudelft.nl/courses/study-guide/educations/23946,No,MSc,External institution,[]
FALSE,4403QOPT6,Quantum Optics,https://studiegids.tudelft.nl/courses/study-guide/educations/17362,No,MSc,External institution,[]
FALSE,4403QUTH6,Quantum Theory,https://studiegids.tudelft.nl/courses/study-guide/educations/17363,No,MSc,External institution,[]
FALSE,4403STPHAY,Statiscal Physics,https://studiegids.tudelft.nl/courses/study-guide/educations/17364,No,MSc,External institution,[]
FALSE,4403TCM06,Theory of Condensed Matter,https://studiegids.tudelft.nl/courses/study-guide/educations/3782,No,MSc,External institution,[]
FALSE,4403TGR64,Theory of General Relativity,https://studiegids.tudelft.nl/courses/study-guide/educations/23478,No,MSc,External institution,[]
TRUE,4413BYGR5,Beyond Growth,https://studiegids.tudelft.nl/courses/study-guide/educations/20247,Yes,MSc,"Technology, Policy and Management","[10, 12, 13]"
TRUE,4413CIRC5,Circular Economy,https://studiegids.tudelft.nl/courses/study-guide/educations/20252,Yes,MSc,"Technology, Policy and Management","[9, 12, 13]"
TRUE,4413EASYS,Earth System Science and Analysis,https://studiegids.tudelft.nl/courses/study-guide/educations/20236,Yes,MSc,"Technology, Policy and Management","[12, 13, 15]"
TRUE,4413EIOAT,Environmental Input-Output Analysis,https://studiegids.tudelft.nl/courses/study-guide/educations/20251,Yes,MSc,"Technology, Policy and Management","[9, 12, 13]"
TRUE,4413GIS20,GIS: Spatial analysis in urban regions,https://studiegids.tudelft.nl/courses/study-guide/educations/20246,Yes,MSc,"Technology, Policy and Management","[9, 11, 12, 13]"
FALSE,4413IECS2Y,Industrial Ecology Capita Selecta Module,https://studiegids.tudelft.nl/courses/study-guide/educations/21291,No,MSc,"Technology, Policy and Management",[]
FALSE,4413IECS3Y,Industrial Ecology Capita Selecta Module,https://studiegids.tudelft.nl/courses/study-guide/educations/21292,No,MSc,"Technology, Policy and Management",[]
FALSE,4413IECS4Y,Industrial Ecology Capita Selecta Module,https://studiegids.tudelft.nl/courses/study-guide/educations/21293,No,MSc,"Technology, Policy and Management",[]
FALSE,4413IECS5Y,Industrial Ecology Capita Selecta Module,https://studiegids.tudelft.nl/courses/study-guide/educations/21294,No,MSc,"Technology, Policy and Management",[]
FALSE,4413IECS6Y,Industrial Ecology Capita Selecta Module,https://studiegids.tudelft.nl/courses/study-guide/educations/21295,No,MSc,"Technology, Policy and Management",[]
TRUE,4413INTPR,Integrated Project: Industrial and Urban Systems,https://studiegids.tudelft.nl/courses/study-guide/educations/20242,Yes,MSc,"Technology, Policy and Management","[6, 7, 9, 11, 12, 13, 17]"
TRUE,4413LCA10,LCA Practice en Reporting,https://studiegids.tudelft.nl/courses/study-guide/educations/20249,Yes,MSc,"Technology, Policy and Management","[9, 12, 13]"
TRUE,4413MAPPT,Methods: Analysing Physical Processes,https://studiegids.tudelft.nl/courses/study-guide/educations/20237,Yes,MSc,"Technology, Policy and Management","[9, 12]"
FALSE,4413MASPL,Methods: Analysing Social Processes,https://studiegids.tudelft.nl/courses/study-guide/educations/20239,No,MSc,"Technology, Policy and Management",[]
TRUE,4413MFA10,Material Flow Analysis,https://studiegids.tudelft.nl/courses/study-guide/educations/21296,Yes,MSc,"Technology, Policy and Management","[9, 11, 12, 13]"
FALSE,4413SDIEL,System Design for Industrial Ecology,https://studiegids.tudelft.nl/courses/study-guide/educations/20240,No,MSc,"Technology, Policy and Management",[]
TRUE,4413SOCMB,Society's Metabolism,https://studiegids.tudelft.nl/courses/study-guide/educations/20238,Yes,MSc,"Technology, Policy and Management","[2, 6, 12, 13]"
FALSE,4413SUAP6,Sustainability Analysis in Python,https://studiegids.tudelft.nl/courses/study-guide/educations/20254,No,MSc,"Technology, Policy and Management",[]
FALSE,4413SUSAP,Sustainability Analysis in Python,https://studiegids.tudelft.nl/courses/study-guide/educations/20255,No,MSc,"Technology, Policy and Management",[]
FALSE,4413SUSCH,Sustainability Challenge,https://studiegids.tudelft.nl/courses/study-guide/educations/20243,No,MSc,"Technology, Policy and Management",[]
TRUE,4413THPC1,Thesis Preparation Course,https://studiegids.tudelft.nl/courses/study-guide/educations/21289,Yes,MSc,"Technology, Policy and Management",[4]
TRUE,4413THPC2,Thesis Preparation Course,https://studiegids.tudelft.nl/courses/study-guide/educations/21290,Yes,MSc,"Technology, Policy and Management",[4]
TRUE,4413TRIGL,"Transitions, Innovation en Governance",https://studiegids.tudelft.nl/courses/study-guide/educations/20241,Yes,MSc,"Technology, Policy and Management","[7, 9, 12, 13, 16, 17]"
TRUE,4413TRP30Y,Thesis Research Project,https://studiegids.tudelft.nl/courses/study-guide/educations/20245,Yes,MSc,"Technology, Policy and Management","[12, 13]"
FALSE,4603BSENI,Entrepreneurship and Innovation,https://studiegids.tudelft.nl/courses/study-guide/educations/17534,No,MSc,Applied Sciences,[]
FALSE,4603BSFT3,Financing Technology Ventures,https://studiegids.tudelft.nl/courses/study-guide/educations/3785,No,MSc,Applied Sciences,[]
FALSE,4603BSLMP,Leading and Managing People,https://studiegids.tudelft.nl/courses/study-guide/educations/17535,No,MSc,Applied Sciences,[]
FALSE,4603BSMA4,Marketing Analytics,https://studiegids.tudelft.nl/courses/study-guide/educations/17536,No,MSc,Applied Sciences,[]
FALSE,4603BSMSX,Management Science,https://studiegids.tudelft.nl/courses/study-guide/educations/17537,No,MSc,Applied Sciences,[]
FALSE,4609COMNW,Complex Networks,https://studiegids.tudelft.nl/courses/study-guide/educations/17365,No,MSc,External institution,[]
FALSE,5.100.017,Geological & Engineering Basics of Final Disposal,https://studiegids.tudelft.nl/courses/study-guide/educations/22186,No,MSc,External institution,[]
FALSE,5.314.570,Geophysical Logging and Log Interpretation,https://studiegids.tudelft.nl/courses/study-guide/educations/22170,No,MSc,External institution,[]
FALSE,5.318.482,Hydrogeophysics,https://studiegids.tudelft.nl/courses/study-guide/educations/22178,No,MSc,External institution,[]
FALSE,5.326.003,Rockphysics Laboratory,https://studiegids.tudelft.nl/courses/study-guide/educations/22169,No,MSc,External institution,[]
FALSE,5.326.004,Scientific Machine Learning,https://studiegids.tudelft.nl/courses/study-guide/educations/22182,No,MSc,External institution,[]
FALSE,5.329.469,Engineering geophysics,https://studiegids.tudelft.nl/courses/study-guide/educations/22179,No,MSc,External institution,[]
FALSE,5.330.255,Seismic Interpretation and Well Integration,https://studiegids.tudelft.nl/courses/study-guide/educations/22196,No,MSc,External institution,[]
FALSE,5.331.439,Data analysis in Geoscience,https://studiegids.tudelft.nl/courses/study-guide/educations/22197,No,MSc,External institution,[]
FALSE,5.331.582.01,Remote Sensing of Geohazards,https://studiegids.tudelft.nl/courses/study-guide/educations/22187,No,MSc,External institution,[]
FALSE,5.331.582.02,Remote Sensing - Advanced Methods,https://studiegids.tudelft.nl/courses/study-guide/educations/22188,No,MSc,External institution,[]
FALSE,5.331.637.01,Rockphysics,https://studiegids.tudelft.nl/courses/study-guide/educations/22168,No,MSc,External institution,[]
FALSE,5.332.383,Underground Excavation,https://studiegids.tudelft.nl/courses/study-guide/educations/22198,No,MSc,External institution,[]
FALSE,5.342.487,Computational Continuum Mechanics,https://studiegids.tudelft.nl/courses/study-guide/educations/22180,No,MSc,External institution,[]
FALSE,5.345.471,Final Disposal and Projects,https://studiegids.tudelft.nl/courses/study-guide/educations/22185,No,MSc,External institution,[]
FALSE,5.349.932,Neotectonics and Earthquake Geology,https://studiegids.tudelft.nl/courses/study-guide/educations/22189,No,MSc,External institution,[]
FALSE,5.350.132,Fieldwork: Geophysical Logging and Log Interpretation,https://studiegids.tudelft.nl/courses/study-guide/educations/22175,No,MSc,External institution,[]
FALSE,5.412.000,Research Module in Applied Geophysics,https://studiegids.tudelft.nl/courses/study-guide/educations/22181,No,MSc,External institution,[]
FALSE,5.412.003,Modeling and Inversion for multi-method Geophysics,https://studiegids.tudelft.nl/courses/study-guide/educations/22177,No,MSc,External institution,[]
FALSE,5000MFS23,5000MFS23 Bootcamp,https://studiegids.tudelft.nl/courses/study-guide/educations/23429,No,BSc,External institution,[]
FALSE,5000MFS24,Frugal Innovation in Practice,https://studiegids.tudelft.nl/courses/study-guide/educations/23430,No,BSc,External institution,[]
FALSE,5000MFS25,Capturing Frugal Innovation,https://studiegids.tudelft.nl/courses/study-guide/educations/23431,No,BSc,External institution,[]
FALSE,651-4079-00L,Reflection Seismology Processing,https://studiegids.tudelft.nl/courses/study-guide/educations/22155,No,MSc,External institution,[]
FALSE,651-4087-01L,Case Studies in Exploration and Environmental Geophysics,https://studiegids.tudelft.nl/courses/study-guide/educations/22161,No,MSc,External institution,[]
FALSE,651-4094-00L,Numerical Modelling for Applied Geophyscics,https://studiegids.tudelft.nl/courses/study-guide/educations/22158,No,MSc,External institution,[]
FALSE,651-4096-00L,Inverse Theory I: Basics,https://studiegids.tudelft.nl/courses/study-guide/educations/22159,No,MSc,External institution,[]
FALSE,651-4096-02L,Inverse Theory II: Applications,https://studiegids.tudelft.nl/courses/study-guide/educations/22162,No,MSc,External institution,[]
FALSE,651-4104-00L,Geophysical Field Work and Processing: Methods,https://studiegids.tudelft.nl/courses/study-guide/educations/22156,No,MSc,External institution,[]
FALSE,651-4106-03L,Geophysical Field Work & Processing: Preparation and Field Work,https://studiegids.tudelft.nl/courses/study-guide/educations/22157,No,MSc,External institution,[]
FALSE,651-4109-00L,Geothermal Energy,https://studiegids.tudelft.nl/courses/study-guide/educations/22163,No,MSc,External institution,[]
FALSE,651-4110-00L,Computational Methods in Seismic Data Analysis and Imaging,https://studiegids.tudelft.nl/courses/study-guide/educations/22164,No,MSc,External institution,[]
FALSE,651-4240-00L,Geofluids,https://studiegids.tudelft.nl/courses/study-guide/educations/22165,No,MSc,External institution,[]
FALSE,701-0106-00L,Mathematics V: Applied Deepening of Mathematics I-III,https://studiegids.tudelft.nl/courses/study-guide/educations/22166,No,MSc,External institution,[]
FALSE,8.118.471,Economics of Technological Diffusion,https://studiegids.tudelft.nl/courses/study-guide/educations/22201,No,MSc,External institution,[]
FALSE,8910PRD01,Instability and (In)securities: A case study of crisis,https://studiegids.tudelft.nl/courses/study-guide/educations/23426,No,BSc,External institution,[]
FALSE,8910PRD02,Disaster Studies,https://studiegids.tudelft.nl/courses/study-guide/educations/23427,No,BSc,External institution,[]
TRUE,8910PRD03,Climate Change as a Political Challenge: Can We Prevent Disaster?,https://studiegids.tudelft.nl/courses/study-guide/educations/23428,Yes,BSc,External institution,[13]
TRUE,AE1108-I,Aerospace Materials,https://studiegids.tudelft.nl/courses/study-guide/educations/20590,Yes,BSc,Aerospace Engineering,[12]
FALSE,AE1108-II,Aerospace Mechanics of Materials,https://studiegids.tudelft.nl/courses/study-guide/educations/20591,No,BSc,Aerospace Engineering,[]
FALSE,AE1110-I,Introduction to Aerospace Engineering I,https://studiegids.tudelft.nl/courses/study-guide/educations/20592,No,BSc,Aerospace Engineering,[]
FALSE,AE1110-II,Introduction to Aerospace Engineering II,https://studiegids.tudelft.nl/courses/study-guide/educations/20593,No,BSc,Aerospace Engineering,[]
FALSE,AE1110-M,Introduction to Aerospace Engineering I,https://studiegids.tudelft.nl/courses/study-guide/educations/3657,No,BSc,Aerospace Engineering,[]
FALSE,AE1111-I,Exploring Aerospace Engineering,https://studiegids.tudelft.nl/courses/study-guide/educations/20594,No,BSc,Aerospace Engineering,[]
FALSE,AE1111-II,Engineering Drawing,https://studiegids.tudelft.nl/courses/study-guide/educations/20595,No,BSc,Aerospace Engineering,[]
FALSE,AE1111-III,Mentor Programme,https://studiegids.tudelft.nl/courses/study-guide/educations/20596,No,BSc,Aerospace Engineering,[]
FALSE,AE1130-I,Statics,https://studiegids.tudelft.nl/courses/study-guide/educations/20597,No,BSc,Aerospace Engineering,[]
FALSE,AE1130-II,Dynamics,https://studiegids.tudelft.nl/courses/study-guide/educations/20598,No,BSc,Aerospace Engineering,[]
FALSE,AE1205,Programming and Scientific Computing in Python for AE1,https://studiegids.tudelft.nl/courses/study-guide/educations/20470,No,BSc,Aerospace Engineering,[]
FALSE,AE1222-I,Design en Construction,https://studiegids.tudelft.nl/courses/study-guide/educations/20599,No,BSc,Aerospace Engineering,[]
TRUE,AE1222-II,Aerospace Design en Systems Engineering Elements,https://studiegids.tudelft.nl/courses/study-guide/educations/20600,Yes,BSc,Aerospace Engineering,[9]
TRUE,AE1241,Physics,https://studiegids.tudelft.nl/courses/study-guide/educations/20601,Yes,BSc,Aerospace Engineering,[13]
FALSE,AE2111-I,Systems Design,https://studiegids.tudelft.nl/courses/study-guide/educations/20602,No,BSc,Aerospace Engineering,[]
FALSE,AE2111-II,Aerospace Design en Systems Engineering Elements,https://studiegids.tudelft.nl/courses/study-guide/educations/20603,No,BSc,Aerospace Engineering,[]
FALSE,AE2130-I,Aerodynamics I,https://studiegids.tudelft.nl/courses/study-guide/educations/20604,No,BSc,Aerospace Engineering,[]
FALSE,AE2130-I S,Aerodynamics I,https://studiegids.tudelft.nl/courses/study-guide/educations/20460,No,BSc,Aerospace Engineering,[]
FALSE,AE2130-II,Low Speed Wind Tunnel Test,https://studiegids.tudelft.nl/courses/study-guide/educations/20605,No,BSc,Aerospace Engineering,[]
FALSE,AE2130-III,Aerodynamics II,https://studiegids.tudelft.nl/courses/study-guide/educations/20606,No,BSc,Aerospace Engineering,[]
FALSE,AE2135-I,Structural Analysis en Design,https://studiegids.tudelft.nl/courses/study-guide/educations/20607,No,BSc,Aerospace Engineering,[]
FALSE,AE2135-I S,Structural Analysis and Design,https://studiegids.tudelft.nl/courses/study-guide/educations/20461,No,BSc,Aerospace Engineering,[]
FALSE,AE2135-II,Vibrations,https://studiegids.tudelft.nl/courses/study-guide/educations/20608,No,BSc,Aerospace Engineering,[]
FALSE,AE2220-I,Applied Numerical Analysis,https://studiegids.tudelft.nl/courses/study-guide/educations/20609,No,BSc,Aerospace Engineering,[]
FALSE,AE2220-II,Computational Modelling,https://studiegids.tudelft.nl/courses/study-guide/educations/20610,No,BSc,Aerospace Engineering,[]
FALSE,AE2220-II S,Computational Modeling,https://studiegids.tudelft.nl/courses/study-guide/educations/20462,No,BSc,Aerospace Engineering,[]
TRUE,AE2224-I,"Test, Analysis en Simulation",https://studiegids.tudelft.nl/courses/study-guide/educations/20611,Yes,BSc,Aerospace Engineering,[4]
TRUE,AE2224-II,Artificial Intelligence for Aerospace Engineering,https://studiegids.tudelft.nl/courses/study-guide/educations/20612,Yes,BSc,Aerospace Engineering,"[13, 16]"
FALSE,AE2230-I,Flight en Orbital Mechanics,https://studiegids.tudelft.nl/courses/study-guide/educations/20613,No,BSc,Aerospace Engineering,[]
FALSE,AE2230-I S,Flight and Orbital Mechanics,https://studiegids.tudelft.nl/courses/study-guide/educations/20463,No,BSc,Aerospace Engineering,[]
TRUE,AE2230-II,Propulsion en Power,https://studiegids.tudelft.nl/courses/study-guide/educations/20614,Yes,BSc,Aerospace Engineering,"[7, 8, 9]"
FALSE,AE2235-I,Aerospace Systems en Control Theory,https://studiegids.tudelft.nl/courses/study-guide/educations/20615,No,BSc,Aerospace Engineering,[]
FALSE,AE2235-II,Signal Analysis and Telecommunication Principles,https://studiegids.tudelft.nl/courses/study-guide/educations/20616,No,BSc,Aerospace Engineering,[]
FALSE,AE3060,Exchange Period BSc,https://studiegids.tudelft.nl/courses/study-guide/educations/24520,No,BSc,Aerospace Engineering,[]
TRUE,AE3200,Design Synthesis,https://studiegids.tudelft.nl/courses/study-guide/educations/20617,Yes,BSc,Aerospace Engineering,"[4, 9, 12, 13]"
FALSE,AE3211-I,Systems Engineering en Aerospace Design,https://studiegids.tudelft.nl/courses/study-guide/educations/20788,No,BSc,Aerospace Engineering,[]
TRUE,AE3211-II,Production of Aerospace Systems,https://studiegids.tudelft.nl/courses/study-guide/educations/20789,Yes,BSc,Aerospace Engineering,"[9, 12, 13]"
FALSE,AE3212-I,"Aerospace Flight Dynamics en Simulation, including Flight Test",https://studiegids.tudelft.nl/courses/study-guide/educations/20790,No,BSc,Aerospace Engineering,[]
FALSE,AE3212-I S,Aerospace Flight Dynamics and Simulation,https://studiegids.tudelft.nl/courses/study-guide/educations/20465,No,BSc,Aerospace Engineering,[]
FALSE,AE3212-II,"Simulation, Verification en Validation",https://studiegids.tudelft.nl/courses/study-guide/educations/20791,No,BSc,Aerospace Engineering,[]
TRUE,AE3501-25,Air Transportation,https://studiegids.tudelft.nl/courses/study-guide/educations/21064,Yes,BSc,Aerospace Engineering,"[9, 12, 13]"
FALSE,AE3502-14,"Airport Planning, Design and Operations",https://studiegids.tudelft.nl/courses/study-guide/educations/20488,No,BSc,Aerospace Engineering,[]
FALSE,AE3503,Strategic Planning for Airport Systems,https://studiegids.tudelft.nl/courses/study-guide/educations/20489,No,BSc,Aerospace Engineering,[]
FALSE,AE3504,Group Assignment Responsible Risk Management for Airport Development,https://studiegids.tudelft.nl/courses/study-guide/educations/21065,No,BSc,Aerospace Engineering,[]
TRUE,AE3512-20,Asset Management,https://studiegids.tudelft.nl/courses/study-guide/educations/20481,Yes,BSc,Aerospace Engineering,"[7, 9, 13]"
TRUE,AE3513,Integration Assignment,https://studiegids.tudelft.nl/courses/study-guide/educations/20482,Yes,BSc,Aerospace Engineering,"[7, 13, 17]"
TRUE,AE3515,Basics of Aeroacoustics for Wind Energy,https://studiegids.tudelft.nl/courses/study-guide/educations/20483,Yes,BSc,Aerospace Engineering,"[7, 9, 13]"
TRUE,AE3516A,Fundamentals of Wind Energy I,https://studiegids.tudelft.nl/courses/study-guide/educations/20484,Yes,BSc,Aerospace Engineering,"[7, 8, 9, 13]"
TRUE,AE3516B,Fundamentals of Wind Energy II,https://studiegids.tudelft.nl/courses/study-guide/educations/20485,Yes,BSc,Aerospace Engineering,"[7, 9, 13]"
FALSE,AE3997,Educational Research Project BSc,https://studiegids.tudelft.nl/courses/study-guide/educations/24522,No,BSc,Aerospace Engineering,[]
TRUE,AE4006E,Sustainability in Engineering,https://studiegids.tudelft.nl/courses/study-guide/educations/20792,Yes,MSc,Aerospace Engineering,"[4, 5, 12, 13, 16, 17]"
TRUE,AE4010,Research Methodologies,https://studiegids.tudelft.nl/courses/study-guide/educations/20794,Yes,MSc,Aerospace Engineering,[4]
FALSE,AE4115-23,Experimental Simulations,https://studiegids.tudelft.nl/courses/study-guide/educations/20635,No,MSc,Aerospace Engineering,[]
FALSE,AE4117,Fluid-Structure Interaction,https://studiegids.tudelft.nl/courses/study-guide/educations/20795,No,MSc,Aerospace Engineering,[]
FALSE,AE4120,Viscous Flows,https://studiegids.tudelft.nl/courses/study-guide/educations/20636,No,MSc,Aerospace Engineering,[]
TRUE,AE4130-22,Aircraft Aerodynamics,https://studiegids.tudelft.nl/courses/study-guide/educations/20637,Yes,MSc,Aerospace Engineering,"[7, 9, 13]"
TRUE,AE4135,Rotor / wake Aerodynamics,https://studiegids.tudelft.nl/courses/study-guide/educations/20638,Yes,MSc,Aerospace Engineering,"[7, 9, 13]"
FALSE,AE4136-24,CFD 2: Discretisation Techniques,https://studiegids.tudelft.nl/courses/study-guide/educations/20639,No,MSc,Aerospace Engineering,[]
FALSE,AE4138-18,CFD 4: Uncertainty Quantification,https://studiegids.tudelft.nl/courses/study-guide/educations/20796,No,MSc,Aerospace Engineering,[]
FALSE,AE4139,CFD 3: Large Eddy Simulation,https://studiegids.tudelft.nl/courses/study-guide/educations/20797,No,MSc,Aerospace Engineering,[]
FALSE,AE4140,Gas Dynamics,https://studiegids.tudelft.nl/courses/study-guide/educations/20640,No,MSc,Aerospace Engineering,[]
FALSE,AE4143,Hypersonic Aerodynamics,https://studiegids.tudelft.nl/courses/study-guide/educations/20798,No,MSc,Aerospace Engineering,[]
FALSE,AE4180,Flow Measurement Techniques,https://studiegids.tudelft.nl/courses/study-guide/educations/20641,No,MSc,Aerospace Engineering,[]
FALSE,AE4185,Fluid Flow Data Processing and Visualization,https://studiegids.tudelft.nl/courses/study-guide/educations/20799,No,MSc,Aerospace Engineering,[]
FALSE,AE4202,CFD for Aerospace Engineers,https://studiegids.tudelft.nl/courses/study-guide/educations/20642,No,MSc,Aerospace Engineering,[]
FALSE,AE4204,Knowledge Based Engineering,https://studiegids.tudelft.nl/courses/study-guide/educations/20753,No,MSc,Aerospace Engineering,[]
FALSE,AE4205,MDO for Aerospace Applications,https://studiegids.tudelft.nl/courses/study-guide/educations/20754,No,MSc,Aerospace Engineering,[]
TRUE,AE4206-24,Turbomachinery,https://studiegids.tudelft.nl/courses/study-guide/educations/20996,Yes,MSc,Aerospace Engineering,[9]
TRUE,AE4238,Aero Engine Technology,https://studiegids.tudelft.nl/courses/study-guide/educations/20755,Yes,MSc,Aerospace Engineering,"[12, 13]"
FALSE,AE4240,Advanced Aircraft Design I,https://studiegids.tudelft.nl/courses/study-guide/educations/20800,No,MSc,Aerospace Engineering,[]
TRUE,AE4260A,Fundamentals of Aeroacoustics,https://studiegids.tudelft.nl/courses/study-guide/educations/20801,Yes,MSc,Aerospace Engineering,[13]
TRUE,AE4260B,Experimental Applications of Aeroacoustics,https://studiegids.tudelft.nl/courses/study-guide/educations/20802,Yes,MSc,Aerospace Engineering,"[9, 13]"
FALSE,AE4261,Internal Flows,https://studiegids.tudelft.nl/courses/study-guide/educations/20999,No,MSc,Aerospace Engineering,[]
TRUE,AE4262,Combustion for Propulsion and Power Technologies,https://studiegids.tudelft.nl/courses/study-guide/educations/20803,Yes,MSc,Aerospace Engineering,"[12, 13]"
FALSE,AE4263,"Modelling, Simulation and Application of Propulsion and Power Systems",https://studiegids.tudelft.nl/courses/study-guide/educations/20768,No,MSc,Aerospace Engineering,[]
FALSE,AE4270,Control and Operations Project,https://studiegids.tudelft.nl/courses/study-guide/educations/20829,No,MSc,Aerospace Engineering,[]
FALSE,AE4301,Automatic Flight Control System Design,https://studiegids.tudelft.nl/courses/study-guide/educations/20658,No,MSc,Aerospace Engineering,[]
FALSE,AE4301P,Exercise Automatic Flight Control System Design,https://studiegids.tudelft.nl/courses/study-guide/educations/20659,No,MSc,Aerospace Engineering,[]
FALSE,AE4302,Avionics and Operations,https://studiegids.tudelft.nl/courses/study-guide/educations/20660,No,MSc,Aerospace Engineering,[]
FALSE,AE4304,Stochastic Aerospace Systems,https://studiegids.tudelft.nl/courses/study-guide/educations/24253,No,MSc,Aerospace Engineering,[]
FALSE,AE4304P,Stochastic Aerospace Systems Practical,https://studiegids.tudelft.nl/courses/study-guide/educations/20661,No,MSc,Aerospace Engineering,[]
FALSE,AE4311,Non-linear and Adaptive Flight Control,https://studiegids.tudelft.nl/courses/study-guide/educations/20830,No,MSc,Aerospace Engineering,[]
FALSE,AE4314-21,"Helicopter Performance, Stability and Control",https://studiegids.tudelft.nl/courses/study-guide/educations/20832,No,MSc,Aerospace Engineering,[]
FALSE,AE4316,Aerospace Human-Machine Systems,https://studiegids.tudelft.nl/courses/study-guide/educations/20662,No,MSc,Aerospace Engineering,[]
FALSE,AE4316P,Advanced Topics in Aerospace Human-Machine Systems,https://studiegids.tudelft.nl/courses/study-guide/educations/20833,No,MSc,Aerospace Engineering,[]
TRUE,AE4317,Autonomous Flight of Micro Air Vehicles,https://studiegids.tudelft.nl/courses/study-guide/educations/20834,Yes,MSc,Aerospace Engineering,[16]
FALSE,AE4320,System Identification of Aerospace Vehicles,https://studiegids.tudelft.nl/courses/study-guide/educations/20835,No,MSc,Aerospace Engineering,[]
FALSE,AE4321-15,Air Traffic Management,https://studiegids.tudelft.nl/courses/study-guide/educations/20836,No,MSc,Aerospace Engineering,[]
FALSE,AE4322-24,Piloted Flight Simulation,https://studiegids.tudelft.nl/courses/study-guide/educations/20663,No,MSc,Aerospace Engineering,[]
FALSE,AE4323,Real-time Distributed Flight and Space Simulation,https://studiegids.tudelft.nl/courses/study-guide/educations/20837,No,MSc,Aerospace Engineering,[]
FALSE,AE4324,Physical Interaction for Aerial and Space Robots,https://studiegids.tudelft.nl/courses/study-guide/educations/20838,No,MSc,Aerospace Engineering,[]
FALSE,AE4350,Bio-inspired Intelligence and learning for Aerospace Applications,https://studiegids.tudelft.nl/courses/study-guide/educations/20839,No,MSc,Aerospace Engineering,[]
FALSE,AE4351,Robust Flight Control,https://studiegids.tudelft.nl/courses/study-guide/educations/20840,No,MSc,Aerospace Engineering,[]
FALSE,AE4352,Mathematical and human-inspired decision,https://studiegids.tudelft.nl/courses/study-guide/educations/20841,No,MSc,Aerospace Engineering,[]
FALSE,AE4353,Artificial Intelligence for Aerospace Control and Operations,https://studiegids.tudelft.nl/courses/study-guide/educations/20664,No,MSc,Aerospace Engineering,[]
FALSE,AE4422-20,Agent-based Modelling and Simulation in Air Transport,https://studiegids.tudelft.nl/courses/study-guide/educations/20842,No,MSc,Aerospace Engineering,[]
FALSE,AE4423-20,Airline Planning and Optimisation,https://studiegids.tudelft.nl/courses/study-guide/educations/20673,No,MSc,Aerospace Engineering,[]
FALSE,AE4431-23,Aircraft noise,https://studiegids.tudelft.nl/courses/study-guide/educations/20674,No,MSc,Aerospace Engineering,[]
FALSE,AE4441-16,Operations Optimisation,https://studiegids.tudelft.nl/courses/study-guide/educations/20665,No,MSc,Aerospace Engineering,[]
FALSE,AE4446,Airport and Cargo Operations,https://studiegids.tudelft.nl/courses/study-guide/educations/20854,No,MSc,Aerospace Engineering,[]
TRUE,AE4462-17,Aircraft Emissions and Climate Effects,https://studiegids.tudelft.nl/courses/study-guide/educations/20666,Yes,MSc,Aerospace Engineering,[13]
TRUE,AE4463P-23,Advanced Aircraft Noise Modelling and Measurement,https://studiegids.tudelft.nl/courses/study-guide/educations/20823,Yes,MSc,Aerospace Engineering,[13]
FALSE,AE4465,Maintenance Modelling and Analysis,https://studiegids.tudelft.nl/courses/study-guide/educations/20856,No,MSc,Aerospace Engineering,[]
FALSE,AE4868-25,Numerical Astrodynamics,https://studiegids.tudelft.nl/courses/study-guide/educations/21173,No,MSc,Aerospace Engineering,[]
FALSE,AE4870A,Rocket Motion,https://studiegids.tudelft.nl/courses/study-guide/educations/20691,No,MSc,Aerospace Engineering,[]
FALSE,AE4870B,Re-Entry Systems,https://studiegids.tudelft.nl/courses/study-guide/educations/20692,No,MSc,Aerospace Engineering,[]
FALSE,AE4872,Satellite Orbit Determination,https://studiegids.tudelft.nl/courses/study-guide/educations/20693,No,MSc,Aerospace Engineering,[]
FALSE,AE4874 I,Fundamentals of Astrodynamics,https://studiegids.tudelft.nl/courses/study-guide/educations/20694,No,MSc,Aerospace Engineering,[]
FALSE,AE4876-24,Planetary Missions,https://studiegids.tudelft.nl/courses/study-guide/educations/20705,No,MSc,Aerospace Engineering,[]
FALSE,AE4889,Special Topics in Astrodynamics,https://studiegids.tudelft.nl/courses/study-guide/educations/20871,No,MSc,Aerospace Engineering,[]
FALSE,AE4890-11,Planetary Exploration,https://studiegids.tudelft.nl/courses/study-guide/educations/20680,No,MSc,Aerospace Engineering,[]
FALSE,AE4893-24,Physics of Planetary Interiors,https://studiegids.tudelft.nl/courses/study-guide/educations/20707,No,MSc,Aerospace Engineering,[]
FALSE,AE4894,Practical Astrodynamics,https://studiegids.tudelft.nl/courses/study-guide/educations/20696,No,MSc,Aerospace Engineering,[]
FALSE,AE4895-25,Measurement Strategies for Planetary Science Missions,https://studiegids.tudelft.nl/courses/study-guide/educations/21171,No,MSc,Aerospace Engineering,[]
FALSE,AE4896,Space instrumentation,https://studiegids.tudelft.nl/courses/study-guide/educations/20681,No,MSc,Aerospace Engineering,[]
FALSE,AE4897-25,Space Engineering Practical,https://studiegids.tudelft.nl/courses/study-guide/educations/21114,No,MSc,Aerospace Engineering,[]
TRUE,AE4898,Space debris tracking and mitigation,https://studiegids.tudelft.nl/courses/study-guide/educations/20874,Yes,MSc,Aerospace Engineering,[13]
FALSE,AE4900,Spacecraft Communications,https://studiegids.tudelft.nl/courses/study-guide/educations/21103,No,MSc,Aerospace Engineering,[]
FALSE,AE4901,Spacecraft Power & Data Handling,https://studiegids.tudelft.nl/courses/study-guide/educations/21104,No,MSc,Aerospace Engineering,[]
FALSE,AE4902,Attitude and Orbit Control,https://studiegids.tudelft.nl/courses/study-guide/educations/21105,No,MSc,Aerospace Engineering,[]
FALSE,AE4903,Space Propulsion,https://studiegids.tudelft.nl/courses/study-guide/educations/21106,No,MSc,Aerospace Engineering,[]
FALSE,AE4904,Space Engineering Detailed Design Project,https://studiegids.tudelft.nl/courses/study-guide/educations/21107,No,MSc,Aerospace Engineering,[]
FALSE,AE4997,Educational Research Project MSc,https://studiegids.tudelft.nl/courses/study-guide/educations/24523,No,MSc,Aerospace Engineering,[]
TRUE,AE4ASM001,Design of Lightweight Structures I: Composites and Metals,https://studiegids.tudelft.nl/courses/study-guide/educations/20713,Yes,MSc,Aerospace Engineering,"[12, 13]"
FALSE,AE4ASM002,Designing Materials with Aerospace Specific Properties,https://studiegids.tudelft.nl/courses/study-guide/educations/20714,No,MSc,Aerospace Engineering,[]
FALSE,AE4ASM003,Linear Modelling (incl. F.E.M),https://studiegids.tudelft.nl/courses/study-guide/educations/20875,No,MSc,Aerospace Engineering,[]
TRUE,AE4ASM004,Manufacturing of Aerospace Structures and Materials,https://studiegids.tudelft.nl/courses/study-guide/educations/20716,Yes,MSc,Aerospace Engineering,[9]
FALSE,AE4ASM005,Fatigue of Structures and Materials,https://studiegids.tudelft.nl/courses/study-guide/educations/20717,No,MSc,Aerospace Engineering,[]
FALSE,AE4ASM101TU-22,Polymer Science,https://studiegids.tudelft.nl/courses/study-guide/educations/20718,No,MSc,Aerospace Engineering,[]
FALSE,AE4ASM103,Functional Coatings,https://studiegids.tudelft.nl/courses/study-guide/educations/20925,No,MSc,Aerospace Engineering,[]
FALSE,AE4ASM105,Trinity Exercise,https://studiegids.tudelft.nl/courses/study-guide/educations/20780,No,MSc,Aerospace Engineering,[]
FALSE,AE4ASM106,Stability and Analysis of Structures I,https://studiegids.tudelft.nl/courses/study-guide/educations/20927,No,MSc,Aerospace Engineering,[]
FALSE,AE4ASM108,Experimental Techniques and NDT,https://studiegids.tudelft.nl/courses/study-guide/educations/20928,No,MSc,Aerospace Engineering,[]
TRUE,AE4ASM109,Mechanics and Structural Health Monitoring of Composite Structures,https://studiegids.tudelft.nl/courses/study-guide/educations/20781,Yes,MSc,Aerospace Engineering,[9]
TRUE,AE4ASM110-22,Polymer Composites Manufacturing,https://studiegids.tudelft.nl/courses/study-guide/educations/20719,Yes,MSc,Aerospace Engineering,"[9, 12, 13]"
FALSE,AE4ASM503,Sheet Metal Forming,https://studiegids.tudelft.nl/courses/study-guide/educations/20930,No,MSc,Aerospace Engineering,[]
FALSE,AE4ASM504,Structural Integrity and Maintenance,https://studiegids.tudelft.nl/courses/study-guide/educations/20931,No,MSc,Aerospace Engineering,[]
FALSE,AE4ASM505,Non-linear Modelling (using F.E.M.),https://studiegids.tudelft.nl/courses/study-guide/educations/20782,No,MSc,Aerospace Engineering,[]
FALSE,AE4ASM506,Fundamentals of Aeroelasticity,https://studiegids.tudelft.nl/courses/study-guide/educations/20804,No,MSc,Aerospace Engineering,[]
FALSE,AE4ASM510,Design and Analysis of Composite Structures,https://studiegids.tudelft.nl/courses/study-guide/educations/21041,No,MSc,Aerospace Engineering,[]
FALSE,AE4ASM511,Stability and Analysis of Structures II,https://studiegids.tudelft.nl/courses/study-guide/educations/21042,No,MSc,Aerospace Engineering,[]
FALSE,AE4ASM514TU,Continuum Mechanics,https://studiegids.tudelft.nl/courses/study-guide/educations/20805,No,MSc,Aerospace Engineering,[]
FALSE,AE4ASM515-22,Characterization of materials and components,https://studiegids.tudelft.nl/courses/study-guide/educations/20720,No,MSc,Aerospace Engineering,[]
TRUE,AE4ASM517,Aircraft Manufacturing Laboratory,https://studiegids.tudelft.nl/courses/study-guide/educations/21011,Yes,MSc,Aerospace Engineering,"[9, 16]"
TRUE,AE4ASM520,Industrial Composite Manufacturing,https://studiegids.tudelft.nl/courses/study-guide/educations/20938,Yes,MSc,Aerospace Engineering,"[7, 9, 12, 13]"
TRUE,AE4ASM521,Additive Manufacturing,https://studiegids.tudelft.nl/courses/study-guide/educations/20721,Yes,MSc,Aerospace Engineering,"[9, 12, 13]"
FALSE,AE4ASM522,Applied Aircraft Aeroelasticity,https://studiegids.tudelft.nl/courses/study-guide/educations/20940,No,MSc,Aerospace Engineering,[]
FALSE,AE4ASM524,Spacecraft Structures Development,https://studiegids.tudelft.nl/courses/study-guide/educations/20876,No,MSc,Aerospace Engineering,[]
FALSE,AE4ASM525,Materials for Space,https://studiegids.tudelft.nl/courses/study-guide/educations/20877,No,MSc,Aerospace Engineering,[]
FALSE,AE4ASM526,Spacecraft Thermal Design,https://studiegids.tudelft.nl/courses/study-guide/educations/20878,No,MSc,Aerospace Engineering,[]
TRUE,AE4ASM527,Spatial AI for Industrial Automation,https://studiegids.tudelft.nl/courses/study-guide/educations/21184,Yes,MSc,Aerospace Engineering,"[9, 17]"
FALSE,AE4S12-23,Space systems engineering,https://studiegids.tudelft.nl/courses/study-guide/educations/20684,No,MSc,Aerospace Engineering,[]
TRUE,AE4T40,Airborne Wind Energy,https://studiegids.tudelft.nl/courses/study-guide/educations/20806,Yes,MSc,Aerospace Engineering,"[7, 9, 13]"
TRUE,AE4W02TU,Introduction to Wind Turbines: Physics and Technology,https://studiegids.tudelft.nl/courses/study-guide/educations/20807,Yes,MSc,Aerospace Engineering,"[7, 9, 13]"
TRUE,AE4W09,Wind Turbine Design,https://studiegids.tudelft.nl/courses/study-guide/educations/20652,Yes,MSc,Aerospace Engineering,"[7, 9, 13]"
TRUE,AE4W13,Site Conditions for Wind Turbine Design,https://studiegids.tudelft.nl/courses/study-guide/educations/20653,Yes,MSc,Aerospace Engineering,[7]
TRUE,AE4W21-14,Wind Turbine Aeroelasticity,https://studiegids.tudelft.nl/courses/study-guide/educations/20808,Yes,MSc,Aerospace Engineering,"[7, 9, 13]"
TRUE,AE4W30,Wind Resource and Wind Farm Yield,https://studiegids.tudelft.nl/courses/study-guide/educations/20809,Yes,MSc,Aerospace Engineering,"[7, 9, 13]"
TRUE,AE4W31,Floating Offshore Wind Energy,https://studiegids.tudelft.nl/courses/study-guide/educations/20810,Yes,MSc,Aerospace Engineering,"[7, 9, 13]"
TRUE,AE5051,Internship,https://studiegids.tudelft.nl/courses/study-guide/educations/20643,Yes,MSc,Aerospace Engineering,[8]
FALSE,AE5060-11,Exchange Period MSc,https://studiegids.tudelft.nl/courses/study-guide/educations/24521,No,MSc,Aerospace Engineering,[]
FALSE,AE5122,Thesis Aerodynamics and Wind Energy,https://studiegids.tudelft.nl/courses/study-guide/educations/20644,No,MSc,Aerospace Engineering,[]
FALSE,AE5222,Thesis Flight Performance and Propulsion,https://studiegids.tudelft.nl/courses/study-guide/educations/20759,No,MSc,Aerospace Engineering,[]
FALSE,AE5322,Thesis Control and Operations,https://studiegids.tudelft.nl/courses/study-guide/educations/20668,No,MSc,Aerospace Engineering,[]
FALSE,AE5722,Thesis Aerospace Structures and Materials,https://studiegids.tudelft.nl/courses/study-guide/educations/20723,No,MSc,Aerospace Engineering,[]
FALSE,AE5822,Thesis Space,https://studiegids.tudelft.nl/courses/study-guide/educations/20687,No,MSc,Aerospace Engineering,[]
FALSE,AESB2110-21,Differential Equations,https://studiegids.tudelft.nl/courses/study-guide/educations/18434,No,BSc,Civil Engineering and Geosciences,[]
FALSE,AESB2122-24,Signals and Systems with Python,https://studiegids.tudelft.nl/courses/study-guide/educations/18435,No,BSc,Civil Engineering and Geosciences,[]
FALSE,AESB2140-21,Geophysical Methods for Subsurface Characterisation,https://studiegids.tudelft.nl/courses/study-guide/educations/18436,No,BSc,Civil Engineering and Geosciences,[]
FALSE,AESB2210-18,Numerical Mathematics,https://studiegids.tudelft.nl/courses/study-guide/educations/18437,No,BSc,Civil Engineering and Geosciences,[]
FALSE,AESB2220-20,Chemical Thermodynamics,https://studiegids.tudelft.nl/courses/study-guide/educations/18438,No,BSc,Civil Engineering and Geosciences,[]
FALSE,AESB2230,Sedimentology and Reservoir Geology,https://studiegids.tudelft.nl/courses/study-guide/educations/18439,No,BSc,Civil Engineering and Geosciences,[]
FALSE,AESB2320-24,Physical Transport Phenomena,https://studiegids.tudelft.nl/courses/study-guide/educations/18440,No,BSc,Civil Engineering and Geosciences,[]
FALSE,AESB2330,Soil Mechanics,https://studiegids.tudelft.nl/courses/study-guide/educations/18441,No,BSc,Civil Engineering and Geosciences,[]
FALSE,AESB2342,Rock Mechanics,https://studiegids.tudelft.nl/courses/study-guide/educations/18442,No,BSc,Civil Engineering and Geosciences,[]
FALSE,AESB2430,Geological Fieldwork: Data Acquisition,https://studiegids.tudelft.nl/courses/study-guide/educations/18443,No,BSc,Civil Engineering and Geosciences,[]
TRUE,AESB2431,Geological Fieldwork: Data Integration,https://studiegids.tudelft.nl/courses/study-guide/educations/18444,Yes,BSc,Civil Engineering and Geosciences,"[9, 15]"
FALSE,AESB2440,Geostatistics and Remote Sensing,https://studiegids.tudelft.nl/courses/study-guide/educations/18445,No,BSc,Civil Engineering and Geosciences,[]
TRUE,AESB3110,Geo-resources 1.0: Past and Present,https://studiegids.tudelft.nl/courses/study-guide/educations/17771,Yes,BSc,Civil Engineering and Geosciences,"[9, 13]"
TRUE,AESB3111,Political Economy of Geo-resources,https://studiegids.tudelft.nl/courses/study-guide/educations/17772,Yes,BSc,Civil Engineering and Geosciences,"[8, 9, 12, 13, 17]"
TRUE,AESB3113,Group Project: Future of Geo-resources,https://studiegids.tudelft.nl/courses/study-guide/educations/17773,Yes,BSc,Civil Engineering and Geosciences,"[7, 8, 9, 13, 17]"
TRUE,AESB3114,Geo-resources 2.0: Towards the Future,https://studiegids.tudelft.nl/courses/study-guide/educations/17774,Yes,BSc,Civil Engineering and Geosciences,"[6, 7, 9, 12, 13, 15, 16, 17]"
TRUE,AESB3340,Mechanics and Transport by Flow in Porous Media,https://studiegids.tudelft.nl/courses/study-guide/educations/18658,Yes,BSc,Civil Engineering and Geosciences,[6]
FALSE,AESB3341-18,Petrophysics and Image Analysis,https://studiegids.tudelft.nl/courses/study-guide/educations/18659,No,BSc,Civil Engineering and Geosciences,[]
TRUE,AESB3343,Mineral Resource Geology and Modelling,https://studiegids.tudelft.nl/courses/study-guide/educations/18660,Yes,BSc,Civil Engineering and Geosciences,"[7, 8, 9, 12, 13]"
TRUE,AESB3344,Climate Impacts and Engineering,https://studiegids.tudelft.nl/courses/study-guide/educations/18661,Yes,BSc,Civil Engineering and Geosciences,"[9, 13]"
FALSE,AESB3400,Bachelor Thesis,https://studiegids.tudelft.nl/courses/study-guide/educations/18662,No,BSc,Civil Engineering and Geosciences,[]
FALSE,AESB3440,Field Exploration Project,https://studiegids.tudelft.nl/courses/study-guide/educations/18663,No,BSc,Civil Engineering and Geosciences,[]
TRUE,AESM1010,"Earth, Climate and Ethics",https://studiegids.tudelft.nl/courses/study-guide/educations/18730,Yes,MSc,Civil Engineering and Geosciences,"[13, 16]"
TRUE,AESM1030,Dynamics of Solids and Fluids,https://studiegids.tudelft.nl/courses/study-guide/educations/18731,Yes,MSc,Civil Engineering and Geosciences,[13]
FALSE,AESM2030,Physical Principles of Earth Observation,https://studiegids.tudelft.nl/courses/study-guide/educations/18732,No,MSc,Civil Engineering and Geosciences,[]
TRUE,AESM2040,Geo-Energy and Geo-Resources in Society,https://studiegids.tudelft.nl/courses/study-guide/educations/21181,Yes,MSc,Civil Engineering and Geosciences,"[7, 9, 13]"
TRUE,AESM3004,Economic and Structural Geology,https://studiegids.tudelft.nl/courses/study-guide/educations/18750,Yes,MSc,Civil Engineering and Geosciences,[9]
TRUE,AESM3010,Climate Modelling and Data Analysis,https://studiegids.tudelft.nl/courses/study-guide/educations/21186,Yes,MSc,Civil Engineering and Geosciences,[13]
TRUE,AESM3020,Data Analysis for Earth Observation,https://studiegids.tudelft.nl/courses/study-guide/educations/18738,Yes,MSc,Civil Engineering and Geosciences,[13]
FALSE,AESM3030,Geo-Energy Engineering Applications,https://studiegids.tudelft.nl/courses/study-guide/educations/18744,No,MSc,Civil Engineering and Geosciences,[]
TRUE,AESM305A-24,Characterisation of the Subsurface,https://studiegids.tudelft.nl/courses/study-guide/educations/18746,Yes,MSc,Civil Engineering and Geosciences,"[9, 13]"
TRUE,AESM306A-24,Extraction Processes and Consequences of Raw Materials,https://studiegids.tudelft.nl/courses/study-guide/educations/18751,Yes,MSc,Civil Engineering and Geosciences,"[9, 12, 13, 17]"
TRUE,AESM310A,Climate Physics,https://studiegids.tudelft.nl/courses/study-guide/educations/18734,Yes,MSc,Civil Engineering and Geosciences,"[7, 13]"
TRUE,AESM315A,Climate and Remote Sensing,https://studiegids.tudelft.nl/courses/study-guide/educations/21188,Yes,MSc,Civil Engineering and Geosciences,[13]
TRUE,AESM320A,Earth Observation Technologies,https://studiegids.tudelft.nl/courses/study-guide/educations/21191,Yes,MSc,Civil Engineering and Geosciences,"[9, 13]"
TRUE,AESM401B-24,Climate and Weather B-module,https://studiegids.tudelft.nl/courses/study-guide/educations/18737,Yes,MSc,Civil Engineering and Geosciences,"[6, 13, 16]"
TRUE,AESM402B-24,Earth Observation B-module,https://studiegids.tudelft.nl/courses/study-guide/educations/18743,Yes,MSc,Civil Engineering and Geosciences,"[13, 16]"
TRUE,AESM403B-24,Geo-Energy B-module,https://studiegids.tudelft.nl/courses/study-guide/educations/18749,Yes,MSc,Civil Engineering and Geosciences,"[7, 9, 13, 16]"
TRUE,AESM404B-24,Geo-resources B-module,https://studiegids.tudelft.nl/courses/study-guide/educations/18752,Yes,MSc,Civil Engineering and Geosciences,"[9, 12, 13, 16]"
TRUE,AESM5120C,Data Assimilation for the Geosciences,https://studiegids.tudelft.nl/courses/study-guide/educations/18754,Yes,MSc,Civil Engineering and Geosciences,[17]
TRUE,AESM5210C,Climate Remote Sensing,https://studiegids.tudelft.nl/courses/study-guide/educations/18755,Yes,MSc,Civil Engineering and Geosciences,"[6, 13]"
TRUE,AESM5220C,Microwave Remote Sensing of the Earth’s Surface,https://studiegids.tudelft.nl/courses/study-guide/educations/18756,Yes,MSc,Civil Engineering and Geosciences,"[13, 14, 15]"
FALSE,AESM5230C,Coastal Remote Sensing,https://studiegids.tudelft.nl/courses/study-guide/educations/18757,No,MSc,Civil Engineering and Geosciences,[]
TRUE,AESM5240C,Applied Space Geodesy,https://studiegids.tudelft.nl/courses/study-guide/educations/18758,Yes,MSc,Civil Engineering and Geosciences,"[7, 8, 9, 11, 13, 17]"
TRUE,AESM5310C,Geo-Energy Integration Project,https://studiegids.tudelft.nl/courses/study-guide/educations/18759,Yes,MSc,Civil Engineering and Geosciences,"[9, 13]"
FALSE,AESM5330C,Advanced Reservoir Simulation,https://studiegids.tudelft.nl/courses/study-guide/educations/18760,No,MSc,Civil Engineering and Geosciences,[]
TRUE,AESM5410C,Occupational Health and Safety Management,https://studiegids.tudelft.nl/courses/study-guide/educations/18761,Yes,MSc,Civil Engineering and Geosciences,[3]
FALSE,AESM5420C,Geo-Resource Research Driven Project,https://studiegids.tudelft.nl/courses/study-guide/educations/18762,No,MSc,Civil Engineering and Geosciences,[]
TRUE,AESM6000,Thesis Preparation,https://studiegids.tudelft.nl/courses/study-guide/educations/18774,Yes,MSc,Civil Engineering and Geosciences,[16]
TRUE,AESM7000,Master Thesis Applied Earth Sciences,https://studiegids.tudelft.nl/courses/study-guide/educations/18775,Yes,MSc,Civil Engineering and Geosciences,"[9, 12, 13, 15]"
FALSE,AESQ304A1,Simulation and Building of Stratigraphy,https://studiegids.tudelft.nl/courses/study-guide/educations/1173,No,MSc,Civil Engineering and Geosciences,[]
FALSE,AESQ304A2,Multiphase Flow in Porous Rock,https://studiegids.tudelft.nl/courses/study-guide/educations/1174,No,MSc,Civil Engineering and Geosciences,[]
FALSE,AESQ304A3,Numerical Methods for Subsurface Geoscience Simulation,https://studiegids.tudelft.nl/courses/study-guide/educations/1175,No,MSc,Civil Engineering and Geosciences,[]
FALSE,AESQ305A2,Geomechanics and Structural Geology,https://studiegids.tudelft.nl/courses/study-guide/educations/1176,No,MSc,Civil Engineering and Geosciences,[]
FALSE,AESQ305A3,Advanced Sedimentary Geology,https://studiegids.tudelft.nl/courses/study-guide/educations/1177,No,MSc,Civil Engineering and Geosciences,[]
FALSE,AESQ401B,From Field Observations to Modeling,https://studiegids.tudelft.nl/courses/study-guide/educations/1178,No,MSc,Civil Engineering and Geosciences,[]
FALSE,AESQ402B2,GRS Fieldwork,https://studiegids.tudelft.nl/courses/study-guide/educations/1179,No,MSc,Civil Engineering and Geosciences,[]
TRUE,AESQ403B1-1,Effects of Subsurface Engineering,https://studiegids.tudelft.nl/courses/study-guide/educations/1180,Yes,MSc,Civil Engineering and Geosciences,"[7, 9, 13, 16]"
TRUE,AESQ403B1-2,Geologic Interpretation of Geophysical Data,https://studiegids.tudelft.nl/courses/study-guide/educations/1181,Yes,MSc,Civil Engineering and Geosciences,[7]
TRUE,AESQ403B1-3,Geophysical Prospecting,https://studiegids.tudelft.nl/courses/study-guide/educations/1182,Yes,MSc,Civil Engineering and Geosciences,[7]
TRUE,AESQ403B1-4,Production Science and Technology,https://studiegids.tudelft.nl/courses/study-guide/educations/1183,Yes,MSc,Civil Engineering and Geosciences,[9]
TRUE,AESQ403B2,Field Lab,https://studiegids.tudelft.nl/courses/study-guide/educations/1184,Yes,MSc,Civil Engineering and Geosciences,"[7, 13]"
FALSE,AM1060,Algebra 1,https://studiegids.tudelft.nl/courses/study-guide/educations/14322,No,BSc,"Electrical Engineering, Mathematics and Computer Science",[]
FALSE,AM2040-TWN,Complex Function Theory,https://studiegids.tudelft.nl/courses/study-guide/educations/14324,No,BSc,"Electrical Engineering, Mathematics and Computer Science",[]
FALSE,AM2050-A TWN,Modelling 2A,https://studiegids.tudelft.nl/courses/study-guide/educations/14337,No,BSc,"Electrical Engineering, Mathematics and Computer Science",[]
FALSE,AM2090,Real Analysis,https://studiegids.tudelft.nl/courses/study-guide/educations/14303,No,BSc,"Electrical Engineering, Mathematics and Computer Science",[]
FALSE,AM3001,Bachelor Project,https://studiegids.tudelft.nl/courses/study-guide/educations/14305,No,BSc,"Electrical Engineering, Mathematics and Computer Science",[]
TRUE,AM3010,AM colloquium,https://studiegids.tudelft.nl/courses/study-guide/educations/14306,Yes,BSc,"Electrical Engineering, Mathematics and Computer Science",[4]
FALSE,AM3510,Mathematical Physical Models,https://studiegids.tudelft.nl/courses/study-guide/educations/14577,No,BSc,"Electrical Engineering, Mathematics and Computer Science",[]
FALSE,AM3530,Numerical Methods 2,https://studiegids.tudelft.nl/courses/study-guide/educations/14578,No,BSc,"Electrical Engineering, Mathematics and Computer Science",[]
FALSE,AM3540,Inverse Problems,https://studiegids.tudelft.nl/courses/study-guide/educations/14579,No,BSc,"Electrical Engineering, Mathematics and Computer Science",[]
FALSE,AM3550,Graph Theory,https://studiegids.tudelft.nl/courses/study-guide/educations/14580,No,BSc,"Electrical Engineering, Mathematics and Computer Science",[]
FALSE,AM3560,Advanced Probability,https://studiegids.tudelft.nl/courses/study-guide/educations/14581,No,BSc,"Electrical Engineering, Mathematics and Computer Science",[]
FALSE,AM3570,Fourier Analysis,https://studiegids.tudelft.nl/courses/study-guide/educations/14582,No,BSc,"Electrical Engineering, Mathematics and Computer Science",[]
FALSE,AM3580,Differential Geometry,https://studiegids.tudelft.nl/courses/study-guide/educations/14583,No,BSc,"Electrical Engineering, Mathematics and Computer Science",[]
FALSE,AM3590,Topology,https://studiegids.tudelft.nl/courses/study-guide/educations/14584,No,BSc,"Electrical Engineering, Mathematics and Computer Science",[]
FALSE,AP3001,Mathematical Methods for Physics,https://studiegids.tudelft.nl/courses/study-guide/educations/17216,No,MSc,Applied Sciences,[]
FALSE,AP3001-CA,Complex Analysis,https://studiegids.tudelft.nl/courses/study-guide/educations/17403,No,MSc,Applied Sciences,[]
FALSE,AP3001-FE,Finite Elements,https://studiegids.tudelft.nl/courses/study-guide/educations/17404,No,MSc,Applied Sciences,[]
FALSE,AP3001-PDE,Partial Differential Equations,https://studiegids.tudelft.nl/courses/study-guide/educations/17405,No,MSc,Applied Sciences,[]
FALSE,AP3021,Advanced Statistical Mechanics,https://studiegids.tudelft.nl/courses/study-guide/educations/17218,No,MSc,Applied Sciences,[]
FALSE,AP3032,Continuum Physics,https://studiegids.tudelft.nl/courses/study-guide/educations/17219,No,MSc,Applied Sciences,[]
FALSE,AP3051,Advanced Quantum Mechanics,https://studiegids.tudelft.nl/courses/study-guide/educations/17220,No,MSc,Applied Sciences,[]
FALSE,AP3061,"Acoustic, Elastic and Electromagnetic Waves",https://studiegids.tudelft.nl/courses/study-guide/educations/17424,No,MSc,Applied Sciences,[]
FALSE,AP3071,Advanced Electrodynamics,https://studiegids.tudelft.nl/courses/study-guide/educations/17221,No,MSc,Applied Sciences,[]
FALSE,AP3082,Computational Physics,https://studiegids.tudelft.nl/courses/study-guide/educations/17227,No,MSc,Applied Sciences,[]
TRUE,AP3091,Elementary Particles,https://studiegids.tudelft.nl/courses/study-guide/educations/17439,Yes,MSc,Applied Sciences,[3]
FALSE,AP3101,The Interpretation of Quantum Mechanics,https://studiegids.tudelft.nl/courses/study-guide/educations/17455,No,MSc,Applied Sciences,[]
FALSE,AP3113,Quantum Optics,https://studiegids.tudelft.nl/courses/study-guide/educations/17440,No,MSc,Applied Sciences,[]
TRUE,AP3122,Advanced Optical Imaging,https://studiegids.tudelft.nl/courses/study-guide/educations/17425,Yes,MSc,Applied Sciences,[3]
FALSE,AP3132,Advanced Digital Image Processing,https://studiegids.tudelft.nl/courses/study-guide/educations/17426,No,MSc,Applied Sciences,[]
TRUE,AP3141,Environmental Physics,https://studiegids.tudelft.nl/courses/study-guide/educations/17408,Yes,MSc,Applied Sciences,"[6, 7, 9, 12, 13]"
TRUE,AP3152,Optics for Lithography,https://studiegids.tudelft.nl/courses/study-guide/educations/17443,Yes,MSc,Applied Sciences,[9]
FALSE,AP3163,Physics of Biological Systems,https://studiegids.tudelft.nl/courses/study-guide/educations/17427,No,MSc,Applied Sciences,[]
FALSE,AP3171,Advanced Physical Transport Phenomena,https://studiegids.tudelft.nl/courses/study-guide/educations/17416,No,MSc,Applied Sciences,[]
TRUE,AP3181,Applied Multiphase Flow,https://studiegids.tudelft.nl/courses/study-guide/educations/17417,Yes,MSc,Applied Sciences,"[11, 13, 14]"
FALSE,AP3211,Advanced Solid State Physics,https://studiegids.tudelft.nl/courses/study-guide/educations/17409,No,MSc,Applied Sciences,[]
TRUE,AP3222,Nanotechnology,https://studiegids.tudelft.nl/courses/study-guide/educations/17444,Yes,MSc,Applied Sciences,[9]
TRUE,AP3232,Medical Imaging Signals and Systems,https://studiegids.tudelft.nl/courses/study-guide/educations/17428,Yes,MSc,Applied Sciences,[3]
FALSE,AP3252,Electron Microscopy Characterisation of the Nanoscale,https://studiegids.tudelft.nl/courses/study-guide/educations/17446,No,MSc,Applied Sciences,[]
FALSE,AP3261,Mesoscopic Physics,https://studiegids.tudelft.nl/courses/study-guide/educations/17460,No,MSc,Applied Sciences,[]
FALSE,AP3281,Quantum Transport,https://studiegids.tudelft.nl/courses/study-guide/educations/17461,No,MSc,Applied Sciences,[]
FALSE,AP3303,Applications of Quantum Mechanics,https://studiegids.tudelft.nl/courses/study-guide/educations/17462,No,MSc,Applied Sciences,[]
FALSE,AP3311,"Neutrons, X-Rays and Positrons for Studying Microscopic Structures and Dynamics",https://studiegids.tudelft.nl/courses/study-guide/educations/17410,No,MSc,Applied Sciences,[]
TRUE,AP3333,Physics of Energy Materials,https://studiegids.tudelft.nl/courses/study-guide/educations/17411,Yes,MSc,Applied Sciences,"[7, 9, 13]"
FALSE,AP3341,Nuclear Reactor Physics,https://studiegids.tudelft.nl/courses/study-guide/educations/17412,No,MSc,Applied Sciences,[]
TRUE,AP3353,"Nuclear Science, Technology and Applications",https://studiegids.tudelft.nl/courses/study-guide/educations/21313,Yes,MSc,Applied Sciences,"[3, 7, 9]"
TRUE,AP3362,From Semiconductors to Solar Cells,https://studiegids.tudelft.nl/courses/study-guide/educations/21314,Yes,MSc,Applied Sciences,"[7, 9, 13]"
TRUE,AP3371,Radiological Health Physics,https://studiegids.tudelft.nl/courses/study-guide/educations/17430,Yes,MSc,Applied Sciences,[3]
FALSE,AP3383,Modern Optics: Theory and Applications,https://studiegids.tudelft.nl/courses/study-guide/educations/21324,No,MSc,Applied Sciences,[]
FALSE,AP3391,Geometrical Optics,https://studiegids.tudelft.nl/courses/study-guide/educations/17450,No,MSc,Applied Sciences,[]
TRUE,AP3402,Physics of Electron Microscopy Instrumentation,https://studiegids.tudelft.nl/courses/study-guide/educations/21325,Yes,MSc,Applied Sciences,[9]
FALSE,AP3412,Experimental Techniques in Optics,https://studiegids.tudelft.nl/courses/study-guide/educations/17452,No,MSc,Applied Sciences,[]
FALSE,AP3433,Theoretical Concepts of Quantum Hardware,https://studiegids.tudelft.nl/courses/study-guide/educations/21326,No,MSc,Applied Sciences,[]
FALSE,AP3443,Experimental State-of-the-Art in Quantum Hardware,https://studiegids.tudelft.nl/courses/study-guide/educations/21327,No,MSc,Applied Sciences,[]
FALSE,AP3452,Quantum Error Correction,https://studiegids.tudelft.nl/courses/study-guide/educations/17466,No,MSc,Applied Sciences,[]
FALSE,AP3472,Modelling of Superconducting Devices,https://studiegids.tudelft.nl/courses/study-guide/educations/17467,No,MSc,Applied Sciences,[]
TRUE,AP3531,Acoustical Imaging,https://studiegids.tudelft.nl/courses/study-guide/educations/17431,Yes,MSc,Applied Sciences,[3]
FALSE,AP3551,Computational Multiphase Flow,https://studiegids.tudelft.nl/courses/study-guide/educations/17418,No,MSc,Applied Sciences,[]
TRUE,AP3563,Water in the Atmosphere,https://studiegids.tudelft.nl/courses/study-guide/educations/17419,Yes,MSc,Applied Sciences,[13]
TRUE,AP3582,Medical Physics of Photon and Proton Therapy,https://studiegids.tudelft.nl/courses/study-guide/educations/17432,Yes,MSc,Applied Sciences,[3]
FALSE,AP3652,Electronics for Physicists,https://studiegids.tudelft.nl/courses/study-guide/educations/17228,No,MSc,Applied Sciences,[]
FALSE,AP3681,Fairy Tales of Theoretical Physics,https://studiegids.tudelft.nl/courses/study-guide/educations/17229,No,MSc,Applied Sciences,[]
FALSE,AP3751,Artificial Intelligence for Physicists,https://studiegids.tudelft.nl/courses/study-guide/educations/17230,No,MSc,Applied Sciences,[]
FALSE,AP3832,Systems Engineering for Physicists,https://studiegids.tudelft.nl/courses/study-guide/educations/17231,No,MSc,Applied Sciences,[]
FALSE,AP3841,Systems Engineering Company Project,https://studiegids.tudelft.nl/courses/study-guide/educations/17470,No,MSc,Applied Sciences,[]
FALSE,AP3902,Master Thesis Applied Physics,https://studiegids.tudelft.nl/courses/study-guide/educations/23674,No,MSc,Applied Sciences,[]
FALSE,AP3902-MTP,Master Thesis Project,https://studiegids.tudelft.nl/courses/study-guide/educations/23676,No,MSc,Applied Sciences,[]
FALSE,AP3902-PMT,Preparation for the Master Thesis,https://studiegids.tudelft.nl/courses/study-guide/educations/23675,No,MSc,Applied Sciences,[]
FALSE,AP3903,Master Thesis Applied Physics,https://studiegids.tudelft.nl/courses/study-guide/educations/17217,No,MSc,Applied Sciences,[]
FALSE,AP3903-MTP,Master Thesis Project,https://studiegids.tudelft.nl/courses/study-guide/educations/17406,No,MSc,Applied Sciences,[]
FALSE,AP3903-PMT,Preparation for the Master Thesis,https://studiegids.tudelft.nl/courses/study-guide/educations/17407,No,MSc,Applied Sciences,[]
FALSE,AP3911,Work Placement (Internship),https://studiegids.tudelft.nl/courses/study-guide/educations/23672,No,MSc,Applied Sciences,[]
TRUE,AP3912,Internship Applied Physics,https://studiegids.tudelft.nl/courses/study-guide/educations/17471,Yes,MSc,Applied Sciences,[16]
TRUE,AP3932,Academic Skills - Is a PhD something for you?,https://studiegids.tudelft.nl/courses/study-guide/educations/17236,Yes,MSc,Applied Sciences,[4]
TRUE,AP3945,Academic Research Project,https://studiegids.tudelft.nl/courses/study-guide/educations/17237,Yes,MSc,Applied Sciences,[4]
FALSE,AP3991,Research Project,https://studiegids.tudelft.nl/courses/study-guide/educations/3860,No,MSc,Applied Sciences,[]
TRUE,AR0095,"Social Inequality in the City, Diversity and Design",https://studiegids.tudelft.nl/courses/study-guide/educations/10611,Yes,MSc,Architecture and the Built Environment,"[8, 10, 11, 17]"
FALSE,AR0106,Architectural Ethnography,https://studiegids.tudelft.nl/courses/study-guide/educations/11047,No,MSc,Architecture and the Built Environment,[]
TRUE,AR0107,Housing Studies: An Open Intersectional Archive,https://studiegids.tudelft.nl/courses/study-guide/educations/11048,Yes,MSc,Architecture and the Built Environment,"[4, 5, 8, 10]"
TRUE,AR0108,"Mastermind: CRASH (Conservation, Re-use, Architecture, Sustainability and Heritage)",https://studiegids.tudelft.nl/courses/study-guide/educations/11049,Yes,MSc,Architecture and the Built Environment,"[11, 12, 13]"
TRUE,AR0109,City of Innovations Project,https://studiegids.tudelft.nl/courses/study-guide/educations/11050,Yes,MSc,Architecture and the Built Environment,"[4, 9, 11, 12, 13, 17]"
FALSE,AR0110,"Adaptive Strategies Past, Present, Future: Topics in the History of Architecture and Urban Planning",https://studiegids.tudelft.nl/courses/study-guide/educations/11051,No,MSc,Architecture and the Built Environment,[]
FALSE,AR0113,Tools of the Architect,https://studiegids.tudelft.nl/courses/study-guide/educations/11052,No,MSc,Architecture and the Built Environment,[]
TRUE,AR0114,"Architectural Translations: Drawing, Recoding, Tectonic",https://studiegids.tudelft.nl/courses/study-guide/educations/11053,Yes,MSc,Architecture and the Built Environment,[4]
FALSE,AR0118,Experiments in Drawing Theory,https://studiegids.tudelft.nl/courses/study-guide/educations/11054,No,MSc,Architecture and the Built Environment,[]
FALSE,AR0119,Figures,https://studiegids.tudelft.nl/courses/study-guide/educations/11055,No,MSc,Architecture and the Built Environment,[]
FALSE,AR0121,Analytical Models,https://studiegids.tudelft.nl/courses/study-guide/educations/11056,No,MSc,Architecture and the Built Environment,[]
TRUE,AR0122,1:1 Interactive Architecture Prototypes Workshop,https://studiegids.tudelft.nl/courses/study-guide/educations/11057,Yes,MSc,Architecture and the Built Environment,[9]
TRUE,AR0126,Bridge Design,https://studiegids.tudelft.nl/courses/study-guide/educations/11058,Yes,MSc,Architecture and the Built Environment,[11]
TRUE,AR0132,Zero-Energy Design,https://studiegids.tudelft.nl/courses/study-guide/educations/11059,Yes,MSc,Architecture and the Built Environment,"[7, 9, 11, 12, 13]"
TRUE,AR0133,Technoledge Glass Structures,https://studiegids.tudelft.nl/courses/study-guide/educations/11060,Yes,MSc,Architecture and the Built Environment,"[9, 12, 13]"
TRUE,AR0134,Technoledge Façade Design,https://studiegids.tudelft.nl/courses/study-guide/educations/11061,Yes,MSc,Architecture and the Built Environment,"[7, 9, 11, 12, 13, 17]"
FALSE,AR0136,Making,https://studiegids.tudelft.nl/courses/study-guide/educations/11062,No,MSc,Architecture and the Built Environment,[]
TRUE,AR0137,Technoledge Health and Comfort,https://studiegids.tudelft.nl/courses/study-guide/educations/11063,Yes,MSc,Architecture and the Built Environment,"[3, 6]"
TRUE,AR0138,Technoledge Design Informatics,https://studiegids.tudelft.nl/courses/study-guide/educations/11064,Yes,MSc,Architecture and the Built Environment,[9]
TRUE,AR0139,MEGA,https://studiegids.tudelft.nl/courses/study-guide/educations/11087,Yes,MSc,Architecture and the Built Environment,"[9, 11, 12, 13, 17]"
FALSE,AR0141,"CSI – Heritage (Conservation, Survey, Investigation of the Built Heritage)",https://studiegids.tudelft.nl/courses/study-guide/educations/11065,No,MSc,Architecture and the Built Environment,[]
TRUE,AR0142,EXTREME Technology,https://studiegids.tudelft.nl/courses/study-guide/educations/11088,Yes,MSc,Architecture and the Built Environment,"[3, 13]"
TRUE,AR0145,Circular Product Design,https://studiegids.tudelft.nl/courses/study-guide/educations/11066,Yes,MSc,Architecture and the Built Environment,"[9, 12, 13]"
TRUE,AR0149,ON SITE: Landscape Architectonic Explorations,https://studiegids.tudelft.nl/courses/study-guide/educations/11089,Yes,MSc,Architecture and the Built Environment,"[9, 11, 12, 13, 15]"
TRUE,AR0167,Architecture and Urban Design,https://studiegids.tudelft.nl/courses/study-guide/educations/11090,Yes,MSc,Architecture and the Built Environment,"[3, 9, 11, 13]"
TRUE,AR0168,"People, Movement and Public Space",https://studiegids.tudelft.nl/courses/study-guide/educations/10613,Yes,MSc,Architecture and the Built Environment,"[4, 11]"
TRUE,AR0169,Materialisation: The Future Envelope,https://studiegids.tudelft.nl/courses/study-guide/educations/11067,Yes,MSc,Architecture and the Built Environment,[9]
FALSE,AR0194,Bucky Lab A,https://studiegids.tudelft.nl/courses/study-guide/educations/11092,No,MSc,Architecture and the Built Environment,[]
TRUE,AR0202,Computational Intelligence for Integrated Design,https://studiegids.tudelft.nl/courses/study-guide/educations/11069,Yes,MSc,Architecture and the Built Environment,[9]
TRUE,AR0203,Eco-friendly Material Choices,https://studiegids.tudelft.nl/courses/study-guide/educations/11070,Yes,MSc,Architecture and the Built Environment,"[9, 11, 12, 13]"
FALSE,AR0215,Form and Inspiration,https://studiegids.tudelft.nl/courses/study-guide/educations/11071,No,MSc,Architecture and the Built Environment,[]
TRUE,AR0216,Towards an inclusive Living Environment,https://studiegids.tudelft.nl/courses/study-guide/educations/11093,Yes,MSc,Architecture and the Built Environment,"[3, 10, 11, 17]"
FALSE,AR0570,Worlding Theories and Concepts,https://studiegids.tudelft.nl/courses/study-guide/educations/11072,No,MSc,Architecture and the Built Environment,[]
TRUE,AR0682,Heritage and Architecture Design Studio: Research and Architectural Design,https://studiegids.tudelft.nl/courses/study-guide/educations/11095,Yes,MSc,Architecture and the Built Environment,"[11, 12, 13]"
TRUE,AR0796,Ornamatics,https://studiegids.tudelft.nl/courses/study-guide/educations/11073,Yes,MSc,Architecture and the Built Environment,[9]
TRUE,AR0805,An Archaeology of Digital Design,https://studiegids.tudelft.nl/courses/study-guide/educations/11074,Yes,MSc,Architecture and the Built Environment,[4]
FALSE,AR0815,Idiosyncratic Infrastructures II,https://studiegids.tudelft.nl/courses/study-guide/educations/11075,No,MSc,Architecture and the Built Environment,[]
FALSE,AR0826,Building Stories,https://studiegids.tudelft.nl/courses/study-guide/educations/12111,No,MSc,Architecture and the Built Environment,[]
FALSE,AR0897,Van Gezel tot Meester,https://studiegids.tudelft.nl/courses/study-guide/educations/11077,No,MSc,Architecture and the Built Environment,[]
FALSE,AR0915,Online Digital Portfolio,https://studiegids.tudelft.nl/courses/study-guide/educations/11079,No,MSc,Architecture and the Built Environment,[]
FALSE,AR0916,Beyond 3D Computer Visualisation,https://studiegids.tudelft.nl/courses/study-guide/educations/11078,No,MSc,Architecture and the Built Environment,[]
TRUE,AR0917,Timber Architecture Design,https://studiegids.tudelft.nl/courses/study-guide/educations/11080,Yes,MSc,Architecture and the Built Environment,"[9, 12, 13]"
TRUE,AR0918,Adaptive Architecture for Public Buildings: Theories and Practices,https://studiegids.tudelft.nl/courses/study-guide/educations/11081,Yes,MSc,Architecture and the Built Environment,"[3, 11, 12]"
TRUE,AR0919,Exteriorless: The Design of the Ordinary,https://studiegids.tudelft.nl/courses/study-guide/educations/11082,Yes,MSc,Architecture and the Built Environment,"[9, 11, 13]"
TRUE,AR1A061,Delft Lectures on Architectural Design and Research Methods,https://studiegids.tudelft.nl/courses/study-guide/educations/10923,Yes,MSc,Architecture and the Built Environment,[4]
FALSE,AR1A066,Delft Lectures on Architectural History and Theory,https://studiegids.tudelft.nl/courses/study-guide/educations/10924,No,MSc,Architecture and the Built Environment,[]
TRUE,AR1A080,Building Engineering Studios,https://studiegids.tudelft.nl/courses/study-guide/educations/10925,Yes,MSc,Architecture and the Built Environment,"[9, 11, 12, 13]"
TRUE,AR1AD014,Fundamentals of Housing Design,https://studiegids.tudelft.nl/courses/study-guide/educations/11032,Yes,MSc,Architecture and the Built Environment,"[9, 11, 13]"
TRUE,AR1AE011,EXTREME Architecture,https://studiegids.tudelft.nl/courses/study-guide/educations/11033,Yes,MSc,Architecture and the Built Environment,"[3, 9, 13]"
TRUE,AR1AH010,Heritage and Architecture Design Studio Architectonic Design,https://studiegids.tudelft.nl/courses/study-guide/educations/11034,Yes,MSc,Architecture and the Built Environment,"[11, 12, 13]"
TRUE,AR1AI013,"Interiors, Buildings and Cities MSc 1 Design Project",https://studiegids.tudelft.nl/courses/study-guide/educations/11035,Yes,MSc,Architecture and the Built Environment,[11]
TRUE,AR1AP012,Public Building Design Studio,https://studiegids.tudelft.nl/courses/study-guide/educations/11036,Yes,MSc,Architecture and the Built Environment,"[7, 9, 11, 12, 13, 17]"
TRUE,AR1B011,Bucky Lab Design,https://studiegids.tudelft.nl/courses/study-guide/educations/10932,Yes,MSc,Architecture and the Built Environment,[9]
TRUE,AR1B022,Climate Design,https://studiegids.tudelft.nl/courses/study-guide/educations/10933,Yes,MSc,Architecture and the Built Environment,"[3, 7, 9, 11, 13]"
TRUE,AR1B023,Sustainable Architectural Materials and Structures,https://studiegids.tudelft.nl/courses/study-guide/educations/10934,Yes,MSc,Architecture and the Built Environment,"[9, 11, 12, 13]"
FALSE,AR1B024,Introduction to Computational Design,https://studiegids.tudelft.nl/courses/study-guide/educations/10935,No,MSc,Architecture and the Built Environment,[]
TRUE,AR1B032,Research and Methodology,https://studiegids.tudelft.nl/courses/study-guide/educations/10936,Yes,MSc,Architecture and the Built Environment,"[4, 16]"
TRUE,AR1BO010,Borders and Territories Design Studio,https://studiegids.tudelft.nl/courses/study-guide/educations/11037,Yes,MSc,Architecture and the Built Environment,"[10, 11, 17]"
TRUE,AR1CP011,Complex Projects Design Studio,https://studiegids.tudelft.nl/courses/study-guide/educations/11038,Yes,MSc,Architecture and the Built Environment,"[4, 6, 9, 11, 13]"
TRUE,AR1DC010,Architectural Design Crossovers Studio,https://studiegids.tudelft.nl/courses/study-guide/educations/11039,Yes,MSc,Architecture and the Built Environment,"[9, 11, 12, 13, 17]"
TRUE,AR1DDS005,"Design, Data and Society MSc1 Design Studio",https://studiegids.tudelft.nl/courses/study-guide/educations/11040,Yes,MSc,Architecture and the Built Environment,"[7, 9, 11, 12, 13, 17]"
TRUE,AR1FO010,"Form, Structure and Aesthetics",https://studiegids.tudelft.nl/courses/study-guide/educations/11041,Yes,MSc,Architecture and the Built Environment,"[9, 11, 12, 13]"
FALSE,AR1LA011,Architecture and Landscape: Design Studio,https://studiegids.tudelft.nl/courses/study-guide/educations/10955,No,MSc,Architecture and the Built Environment,[]
FALSE,AR1LA021,"Architecture and Landscape: Theory, Method and Critical Thinking",https://studiegids.tudelft.nl/courses/study-guide/educations/10956,No,MSc,Architecture and the Built Environment,[]
TRUE,AR1LA051,Dutch Landscape: Design Studio,https://studiegids.tudelft.nl/courses/study-guide/educations/10957,Yes,MSc,Architecture and the Built Environment,"[6, 11, 13, 15]"
TRUE,AR1LA061,"Dutch Landscape: Theory, Method and Critical Thinking",https://studiegids.tudelft.nl/courses/study-guide/educations/10958,Yes,MSc,Architecture and the Built Environment,[6]
TRUE,AR1MBE015,Research Methods 1,https://studiegids.tudelft.nl/courses/study-guide/educations/10942,Yes,MSc,Architecture and the Built Environment,[16]
FALSE,AR1MBE020,Design and Construction Management,https://studiegids.tudelft.nl/courses/study-guide/educations/10943,No,MSc,Architecture and the Built Environment,[]
TRUE,AR1MBE025,Building Economics,https://studiegids.tudelft.nl/courses/study-guide/educations/10944,Yes,MSc,Architecture and the Built Environment,"[9, 11]"
TRUE,AR1MBE030,Real Estate Management,https://studiegids.tudelft.nl/courses/study-guide/educations/10945,Yes,MSc,Architecture and the Built Environment,"[6, 10, 11, 12, 13]"
FALSE,AR1MET015,Situating Architecture,https://studiegids.tudelft.nl/courses/study-guide/educations/11042,No,MSc,Architecture and the Built Environment,[]
TRUE,AR1U090,R and D Studio: Analysis and Design of Urban Form,https://studiegids.tudelft.nl/courses/study-guide/educations/10966,Yes,MSc,Architecture and the Built Environment,"[4, 11, 13]"
TRUE,AR1U100,R and D Studio: Designing Urban Environments,https://studiegids.tudelft.nl/courses/study-guide/educations/10967,Yes,MSc,Architecture and the Built Environment,"[11, 12, 13, 17]"
TRUE,AR1U121,History and Theory of Urbanism,https://studiegids.tudelft.nl/courses/study-guide/educations/10968,Yes,MSc,Architecture and the Built Environment,[11]
TRUE,AR1U131,Sustainable Urban Engineering of Territory,https://studiegids.tudelft.nl/courses/study-guide/educations/10969,Yes,MSc,Architecture and the Built Environment,"[6, 7, 9, 11, 13, 15, 17]"
TRUE,AR1UA010,Urban Architecture MSc 1 Design studio,https://studiegids.tudelft.nl/courses/study-guide/educations/11044,Yes,MSc,Architecture and the Built Environment,"[11, 12, 13, 15]"
TRUE,AR2A011,Architectural History Thesis,https://studiegids.tudelft.nl/courses/study-guide/educations/11045,Yes,MSc,Architecture and the Built Environment,"[4, 11]"
FALSE,AR2AA015,Architectural Design Studio,https://studiegids.tudelft.nl/courses/study-guide/educations/11097,No,MSc,Architecture and the Built Environment,[]
FALSE,AR2AA016,Architectural Design Studio,https://studiegids.tudelft.nl/courses/study-guide/educations/11098,No,MSc,Architecture and the Built Environment,[]
FALSE,AR2AA017,Architectural Design Studio,https://studiegids.tudelft.nl/courses/study-guide/educations/11099,No,MSc,Architecture and the Built Environment,[]
TRUE,AR2AI011,Interiors Buildings Cities MSc2 Design Project,https://studiegids.tudelft.nl/courses/study-guide/educations/11101,Yes,MSc,Architecture and the Built Environment,[11]
TRUE,AR2AP010,MSc2 Public Building Design Studio Multiplicity and Identity,https://studiegids.tudelft.nl/courses/study-guide/educations/11102,Yes,MSc,Architecture and the Built Environment,"[11, 13]"
FALSE,AR2AT021,Architectural Technicities Design Studio,https://studiegids.tudelft.nl/courses/study-guide/educations/11103,No,MSc,Architecture and the Built Environment,[]
TRUE,AR2AT031,Architecture Theory Thesis Seminar - Thinking/Reading/Writing,https://studiegids.tudelft.nl/courses/study-guide/educations/11046,Yes,MSc,Architecture and the Built Environment,[4]
FALSE,AR2AT041,Architecture and Philosophy Lecture Seminar,https://studiegids.tudelft.nl/courses/study-guide/educations/11084,No,MSc,Architecture and the Built Environment,[]
FALSE,AR2BO010,Borders and Territories International Design Studio,https://studiegids.tudelft.nl/courses/study-guide/educations/11104,No,MSc,Architecture and the Built Environment,[]
FALSE,AR2CP011,Complex Projects Design Studio,https://studiegids.tudelft.nl/courses/study-guide/educations/11105,No,MSc,Architecture and the Built Environment,[]
FALSE,AR2DC010,Architectural Design Crossovers Studio,https://studiegids.tudelft.nl/courses/study-guide/educations/11106,No,MSc,Architecture and the Built Environment,[]
FALSE,AR2DS010,AI in Architectural Design,https://studiegids.tudelft.nl/courses/study-guide/educations/12115,No,MSc,Architecture and the Built Environment,[]
TRUE,AR2FO010,The Delta Shelter,https://studiegids.tudelft.nl/courses/study-guide/educations/11108,Yes,MSc,Architecture and the Built Environment,"[13, 15]"
TRUE,AR2FST010,Studio 'High-Rise Culture',https://studiegids.tudelft.nl/courses/study-guide/educations/11109,Yes,MSc,Architecture and the Built Environment,"[9, 11, 13]"
TRUE,AR2GH010,MSc2 Global Housing Design Studio,https://studiegids.tudelft.nl/courses/study-guide/educations/12117,Yes,MSc,Architecture and the Built Environment,"[1, 8, 11, 13]"
TRUE,AR2HA011,"Building Green: Past, Present, Future",https://studiegids.tudelft.nl/courses/study-guide/educations/11085,Yes,MSc,Architecture and the Built Environment,"[11, 12, 13]"
TRUE,AR2HA020,Urban Archipelago,https://studiegids.tudelft.nl/courses/study-guide/educations/11110,Yes,MSc,Architecture and the Built Environment,"[6, 11, 13]"
TRUE,AR2LA011,Urban Landscape: Design Studio,https://studiegids.tudelft.nl/courses/study-guide/educations/10959,Yes,MSc,Architecture and the Built Environment,"[6, 10, 11, 13, 15]"
TRUE,AR2LA021,"Urban Landscape: Theory, Method and Critical Thinking",https://studiegids.tudelft.nl/courses/study-guide/educations/10960,Yes,MSc,Architecture and the Built Environment,"[11, 15]"
TRUE,AR2MBE011,Building Law,https://studiegids.tudelft.nl/courses/study-guide/educations/10946,Yes,MSc,Architecture and the Built Environment,"[9, 11, 17]"
TRUE,AR2MBE030,Urban Development Management,https://studiegids.tudelft.nl/courses/study-guide/educations/10947,Yes,MSc,Architecture and the Built Environment,"[11, 17]"
FALSE,AR2MET011,Designing with Others,https://studiegids.tudelft.nl/courses/study-guide/educations/11111,No,MSc,Architecture and the Built Environment,[]
TRUE,AR2MM002,Play,https://studiegids.tudelft.nl/courses/study-guide/educations/12121,Yes,MSc,Architecture and the Built Environment,[11]
TRUE,AR2U086,R and D Studio: Spatial Strategies for the Global Metropolis,https://studiegids.tudelft.nl/courses/study-guide/educations/10970,Yes,MSc,Architecture and the Built Environment,"[4, 10, 11, 16, 17]"
TRUE,AR2U088,Research and Design Methodology for Urbanism,https://studiegids.tudelft.nl/courses/study-guide/educations/10971,Yes,MSc,Architecture and the Built Environment,"[4, 10, 11, 13]"
TRUE,AR2UA010,The Living City,https://studiegids.tudelft.nl/courses/study-guide/educations/11086,Yes,MSc,Architecture and the Built Environment,[11]
TRUE,AR2UA020,Urban Architecture MSc2 Design Studio,https://studiegids.tudelft.nl/courses/study-guide/educations/11113,Yes,MSc,Architecture and the Built Environment,"[12, 13]"
TRUE,AR3CS021,Seminar Cross Domain City of the Future,https://studiegids.tudelft.nl/courses/study-guide/educations/11309,Yes,MSc,Architecture and the Built Environment,"[3, 11, 12, 13]"
TRUE,AR3MBE010,Research Methods 2,https://studiegids.tudelft.nl/courses/study-guide/educations/10949,Yes,MSc,Architecture and the Built Environment,[4]
FALSE,AR3MBE200,Information Management in the Built Environment,https://studiegids.tudelft.nl/courses/study-guide/educations/12373,No,MSc,Architecture and the Built Environment,[]
TRUE,AR4AD150,Advanced Housing Design Graduation Studio,https://studiegids.tudelft.nl/courses/study-guide/educations/12155,Yes,MSc,Architecture and the Built Environment,"[5, 11, 12, 13]"
TRUE,AR4AD300,Designing for Health and Care Graduation Studio,https://studiegids.tudelft.nl/courses/study-guide/educations/12158,Yes,MSc,Architecture and the Built Environment,[3]
TRUE,AR4AE020,Architectural Engineering Graduation Studio,https://studiegids.tudelft.nl/courses/study-guide/educations/12184,Yes,MSc,Architecture and the Built Environment,"[12, 13, 15]"
TRUE,AR4AH120,Adaptive Reuse of Heritage Graduation Studio,https://studiegids.tudelft.nl/courses/study-guide/educations/12180,Yes,MSc,Architecture and the Built Environment,[11]
TRUE,AR4AH130,Resourceful Reuse of Heritage Graduation Studio,https://studiegids.tudelft.nl/courses/study-guide/educations/12181,Yes,MSc,Architecture and the Built Environment,"[9, 11, 12, 13]"
TRUE,AR4AI130,Interiors Buildings Cities Graduation Studio,https://studiegids.tudelft.nl/courses/study-guide/educations/12164,Yes,MSc,Architecture and the Built Environment,[11]
TRUE,AR4AP120,Public Building Graduation Studio,https://studiegids.tudelft.nl/courses/study-guide/educations/12160,Yes,MSc,Architecture and the Built Environment,"[11, 12, 13]"
TRUE,AR4AW010,Architectural Wood Graduation Studio,https://studiegids.tudelft.nl/courses/study-guide/educations/12182,Yes,MSc,Architecture and the Built Environment,"[3, 9, 11, 13]"
TRUE,AR4B030,Building Technology Graduation Studio,https://studiegids.tudelft.nl/courses/study-guide/educations/12378,Yes,MSc,Architecture and the Built Environment,"[9, 11, 12, 13]"
TRUE,AR4BO100,Borders and Territories Graduation Studio,https://studiegids.tudelft.nl/courses/study-guide/educations/12165,Yes,MSc,Architecture and the Built Environment,"[6, 13]"
TRUE,AR4CFA010,Cross Domain City of the Future Graduation Studio,https://studiegids.tudelft.nl/courses/study-guide/educations/12177,Yes,MSc,Architecture and the Built Environment,"[11, 13]"
TRUE,AR4CFM010,Cross Domain City of the Future Graduation Studio,https://studiegids.tudelft.nl/courses/study-guide/educations/12272,Yes,MSc,Architecture and the Built Environment,"[11, 13]"
TRUE,AR4CFU010,Cross Domain City of the Future Graduation Studio,https://studiegids.tudelft.nl/courses/study-guide/educations/12188,Yes,MSc,Architecture and the Built Environment,"[11, 13]"
TRUE,AR4CP020,Complex Projects Graduation Studio,https://studiegids.tudelft.nl/courses/study-guide/educations/12161,Yes,MSc,Architecture and the Built Environment,[11]
TRUE,AR4DC100,Architectural Design Crossovers Graduation Studio,https://studiegids.tudelft.nl/courses/study-guide/educations/12159,Yes,MSc,Architecture and the Built Environment,"[6, 11, 13]"
FALSE,AR4DDS010,Design Data and Society Graduation Studio,https://studiegids.tudelft.nl/courses/study-guide/educations/12179,No,MSc,Architecture and the Built Environment,[]
TRUE,AR4EA010,EXTREME Graduation Studio,https://studiegids.tudelft.nl/courses/study-guide/educations/12186,Yes,MSc,Architecture and the Built Environment,[13]
TRUE,AR4ETA010,Extra-/Terrestrial Architecture Graduation Studio,https://studiegids.tudelft.nl/courses/study-guide/educations/12162,Yes,MSc,Architecture and the Built Environment,"[9, 13, 17]"
FALSE,AR4EX310,Explore Lab Graduation Studio,https://studiegids.tudelft.nl/courses/study-guide/educations/12176,No,MSc,Architecture and the Built Environment,[]
TRUE,AR4GH010,Global Housing Graduation Studio,https://studiegids.tudelft.nl/courses/study-guide/educations/12157,Yes,MSc,Architecture and the Built Environment,"[1, 3, 5, 10, 11, 16]"
TRUE,AR4LA020,Landscape Architecture Graduation Studio,https://studiegids.tudelft.nl/courses/study-guide/educations/12377,Yes,MSc,Architecture and the Built Environment,"[4, 11, 15]"
FALSE,AR4MBE010,Management in the Built Environment Graduation Studio,https://studiegids.tudelft.nl/courses/study-guide/educations/12271,No,MSc,Architecture and the Built Environment,[]
TRUE,AR4MET110,A Matter of Scale Graduation Studio,https://studiegids.tudelft.nl/courses/study-guide/educations/12163,Yes,MSc,Architecture and the Built Environment,[11]
TRUE,AR4U020,Urbanism Graduation Studio,https://studiegids.tudelft.nl/courses/study-guide/educations/12187,Yes,MSc,Architecture and the Built Environment,"[4, 9, 11, 13, 17]"
TRUE,AR4UA020,Urban Architecture Graduation Studio,https://studiegids.tudelft.nl/courses/study-guide/educations/12166,Yes,MSc,Architecture and the Built Environment,[11]
TRUE,AR8003TU,Legal and Governance,https://studiegids.tudelft.nl/courses/study-guide/educations/10615,Yes,MSc,Architecture and the Built Environment,[16]
FALSE,AR9026HPM,Research Project I Honours Programme Master,https://studiegids.tudelft.nl/courses/study-guide/educations/10692,No,MSc,Architecture and the Built Environment,[]
TRUE,AR9027HPM,Research Project II Honours Programme Master,https://studiegids.tudelft.nl/courses/study-guide/educations/10693,Yes,MSc,Architecture and the Built Environment,[4]
FALSE,ARB101,Project NL,https://studiegids.tudelft.nl/courses/study-guide/educations/10733,No,MSc,Architecture and the Built Environment,[]
TRUE,ARB102,Proseminar,https://studiegids.tudelft.nl/courses/study-guide/educations/10734,Yes,MSc,Architecture and the Built Environment,[11]
FALSE,ARB106,The Berlage Sessions,https://studiegids.tudelft.nl/courses/study-guide/educations/10735,No,MSc,Architecture and the Built Environment,[]
TRUE,ARB107,Research Colloquium,https://studiegids.tudelft.nl/courses/study-guide/educations/10736,Yes,MSc,Architecture and the Built Environment,"[4, 11]"
FALSE,ARB108,Design Master Class,https://studiegids.tudelft.nl/courses/study-guide/educations/10737,No,MSc,Architecture and the Built Environment,[]
TRUE,ARB201,Project Global,https://studiegids.tudelft.nl/courses/study-guide/educations/10738,Yes,MSc,Architecture and the Built Environment,[11]
TRUE,ARB202,Proseminar,https://studiegids.tudelft.nl/courses/study-guide/educations/10739,Yes,MSc,Architecture and the Built Environment,[11]
FALSE,ARB206,The Berlage Sessions,https://studiegids.tudelft.nl/courses/study-guide/educations/10740,No,MSc,Architecture and the Built Environment,[]
FALSE,ARB208,Theory Master Class,https://studiegids.tudelft.nl/courses/study-guide/educations/10741,No,MSc,Architecture and the Built Environment,[]
FALSE,ARB215,Thesis Development,https://studiegids.tudelft.nl/courses/study-guide/educations/10742,No,MSc,Architecture and the Built Environment,[]
FALSE,ARB301,Project Thesis,https://studiegids.tudelft.nl/courses/study-guide/educations/10743,No,MSc,Architecture and the Built Environment,[]
TRUE,ARFW0501,Applied Spatial Analysis for Sustainable Urban Development,https://studiegids.tudelft.nl/courses/study-guide/educations/11166,Yes,MSc,Architecture and the Built Environment,"[4, 9, 11, 17]"
TRUE,ARFW0502,Plantscapes,https://studiegids.tudelft.nl/courses/study-guide/educations/11167,Yes,MSc,Architecture and the Built Environment,"[13, 15]"
TRUE,ARFW0503,Urbidata: Responsible Design for Fair Data Cities,https://studiegids.tudelft.nl/courses/study-guide/educations/11189,Yes,MSc,Architecture and the Built Environment,"[11, 16]"
TRUE,ARFW1001,"Integrated Metabolic Design for Sustainable Neighborhoods, Cities and Regions",https://studiegids.tudelft.nl/courses/study-guide/educations/11169,Yes,MSc,Architecture and the Built Environment,"[11, 13, 17]"
TRUE,ARFW1002,Heritage Landscape Design,https://studiegids.tudelft.nl/courses/study-guide/educations/11170,Yes,MSc,Architecture and the Built Environment,"[11, 17]"
TRUE,ARFW1500,Metropolitan Regions in Times of Environmental and Economic Transitions,https://studiegids.tudelft.nl/courses/study-guide/educations/11114,Yes,MSc,Architecture and the Built Environment,"[4, 8, 9, 10, 11, 13, 17]"
TRUE,ARFW1501,Entrepreneurship in the Built Environment,https://studiegids.tudelft.nl/courses/study-guide/educations/11115,Yes,MSc,Architecture and the Built Environment,"[8, 9, 11]"
TRUE,ARFW1502,"Peri-Urban Transformations: Analysis, Development, Design",https://studiegids.tudelft.nl/courses/study-guide/educations/11182,Yes,MSc,Architecture and the Built Environment,"[9, 11]"
TRUE,ARIT1501,Curatorial Practices and Exhibition Design,https://studiegids.tudelft.nl/courses/study-guide/educations/12126,Yes,MSc,Architecture and the Built Environment,"[4, 17]"
TRUE,ARIT1502,University of Tomorrow Studio (discontinued),https://studiegids.tudelft.nl/courses/study-guide/educations/12134,Yes,MSc,Architecture and the Built Environment,"[4, 17]"
FALSE,ARIT1503,Fieldworks,https://studiegids.tudelft.nl/courses/study-guide/educations/12136,No,MSc,Architecture and the Built Environment,[]
TRUE,ARIT1504,The Travelling Architect,https://studiegids.tudelft.nl/courses/study-guide/educations/12138,Yes,MSc,Architecture and the Built Environment,[17]
TRUE,ARIT1505,Designing for Eco-systems in Transition,https://studiegids.tudelft.nl/courses/study-guide/educations/12139,Yes,MSc,Architecture and the Built Environment,"[13, 17]"
TRUE,ARIT1506,Industrial Design in Architecture,https://studiegids.tudelft.nl/courses/study-guide/educations/12140,Yes,MSc,Architecture and the Built Environment,"[9, 11, 13]"
TRUE,ARIT1507,Creative Robotics in Spatial Design,https://studiegids.tudelft.nl/courses/study-guide/educations/12141,Yes,MSc,Architecture and the Built Environment,[9]
TRUE,ARIT1508,Future Materials,https://studiegids.tudelft.nl/courses/study-guide/educations/12142,Yes,MSc,Architecture and the Built Environment,"[9, 11, 12, 13]"
TRUE,ARIT1509,Architectural Lighting Design,https://studiegids.tudelft.nl/courses/study-guide/educations/12143,Yes,MSc,Architecture and the Built Environment,[12]
TRUE,ARIT1510,Healthy Environments and Communities,https://studiegids.tudelft.nl/courses/study-guide/educations/12145,Yes,MSc,Architecture and the Built Environment,"[3, 11]"
TRUE,ARIT1511,Design for Systemic Change,https://studiegids.tudelft.nl/courses/study-guide/educations/12146,Yes,MSc,Architecture and the Built Environment,"[4, 9, 12, 13, 17]"
TRUE,ARIT1512,Delta Infrastructure and Environment Design/Delta Futures Lab,https://studiegids.tudelft.nl/courses/study-guide/educations/12147,Yes,MSc,Architecture and the Built Environment,"[9, 11, 13, 17]"
TRUE,ARIT1513,Climate Adaptation in Urban Areas,https://studiegids.tudelft.nl/courses/study-guide/educations/12148,Yes,MSc,Architecture and the Built Environment,"[11, 13]"
TRUE,ARIT1514,Co-creating Future Urban Environments,https://studiegids.tudelft.nl/courses/study-guide/educations/12149,Yes,MSc,Architecture and the Built Environment,"[9, 11, 13, 17]"
TRUE,ARIT1515,ECO-campus (discontinued),https://studiegids.tudelft.nl/courses/study-guide/educations/12150,Yes,MSc,Architecture and the Built Environment,"[11, 12, 13, 15, 17]"
TRUE,ARIT1516,Sustainable Finance: Valuation Techniques Going Beyond Monetary Value,https://studiegids.tudelft.nl/courses/study-guide/educations/12151,Yes,MSc,Architecture and the Built Environment,"[12, 13, 17]"
TRUE,ARIT1517,Social Sustainability in Human Habitats,https://studiegids.tudelft.nl/courses/study-guide/educations/12152,Yes,MSc,Architecture and the Built Environment,[11]
TRUE,ARIT1518,Entrepreneurial Engineering and Design for the Built Environment,https://studiegids.tudelft.nl/courses/study-guide/educations/12153,Yes,MSc,Architecture and the Built Environment,"[7, 10, 11, 13, 15, 17]"
TRUE,ARIT1519,Inter- and/or Transdisciplinary Pop-Up,https://studiegids.tudelft.nl/courses/study-guide/educations/12154,Yes,MSc,Architecture and the Built Environment,"[11, 13, 17]"
FALSE,AS1011HPM,Applied Sciences Company Project,https://studiegids.tudelft.nl/courses/study-guide/educations/17526,No,MSc,Applied Sciences,[]
TRUE,AS1021HPM,Applied Sciences Honours Classes,https://studiegids.tudelft.nl/courses/study-guide/educations/17527,Yes,MSc,Applied Sciences,"[9, 12, 13]"
FALSE,AS1031HPM,Applied Sciences Research Project,https://studiegids.tudelft.nl/courses/study-guide/educations/17530,No,MSc,Applied Sciences,[]
FALSE,AS3111,ATHENS,https://studiegids.tudelft.nl/courses/study-guide/educations/17473,No,MSc,Applied Sciences,[]
TRUE,AS3122,"Scientific Writing, Argumentation and Integrity",https://studiegids.tudelft.nl/courses/study-guide/educations/21331,Yes,MSc,Applied Sciences,"[4, 16]"
FALSE,AS3132,"Art, Empathy and Ethics",https://studiegids.tudelft.nl/courses/study-guide/educations/17474,No,MSc,Applied Sciences,[]
TRUE,AS3151,Transdisciplinary Art Science Project,https://studiegids.tudelft.nl/courses/study-guide/educations/17269,Yes,MSc,Applied Sciences,"[13, 17]"
FALSE,AS3161,Coaching for Innovation,https://studiegids.tudelft.nl/courses/study-guide/educations/21332,No,MSc,Applied Sciences,[]
TRUE,BK5STA,Work in Practice: Architecture,https://studiegids.tudelft.nl/courses/study-guide/educations/10695,Yes,BSc,Architecture and the Built Environment,"[4, 9]"
FALSE,BK5STB,Work in Practice: Building Technology,https://studiegids.tudelft.nl/courses/study-guide/educations/10696,No,BSc,Architecture and the Built Environment,[]
TRUE,BK5STPO,Internship: Personal Development,https://studiegids.tudelft.nl/courses/study-guide/educations/10697,Yes,BSc,Architecture and the Built Environment,[4]
TRUE,BK5STR,Work in Practice: Management in the Built Environment,https://studiegids.tudelft.nl/courses/study-guide/educations/10698,Yes,BSc,Architecture and the Built Environment,"[4, 9]"
FALSE,BK5STU,Work in Practice: Urbanism,https://studiegids.tudelft.nl/courses/study-guide/educations/10699,No,BSc,Architecture and the Built Environment,[]
FALSE,BK5STVA,Report Work in Practice: Architecture,https://studiegids.tudelft.nl/courses/study-guide/educations/10700,No,BSc,Architecture and the Built Environment,[]
TRUE,BK5STVB,Report Work in Practice: Building Technology,https://studiegids.tudelft.nl/courses/study-guide/educations/10701,Yes,BSc,Architecture and the Built Environment,"[4, 9]"
TRUE,BK5STVR,Report Work in Practice: Management in the Built Environment,https://studiegids.tudelft.nl/courses/study-guide/educations/10702,Yes,BSc,Architecture and the Built Environment,[4]
TRUE,BK5STVU,Report Work in Practice: Urbanism,https://studiegids.tudelft.nl/courses/study-guide/educations/10703,Yes,BSc,Architecture and the Built Environment,"[4, 11]"
TRUE,BK7064,Spaces of Display 1,https://studiegids.tudelft.nl/courses/study-guide/educations/10714,Yes,BSc,Architecture and the Built Environment,"[4, 11]"
FALSE,BK7065,Spaces of Display 2: Retail and Exhibition Design (Design Project),https://studiegids.tudelft.nl/courses/study-guide/educations/10715,No,BSc,Architecture and the Built Environment,[]
FALSE,BK7066,Tools for Spaces of Display 1,https://studiegids.tudelft.nl/courses/study-guide/educations/10716,No,BSc,Architecture and the Built Environment,[]
FALSE,BK7067,Tools for Spaces of Display 2,https://studiegids.tudelft.nl/courses/study-guide/educations/10717,No,BSc,Architecture and the Built Environment,[]
TRUE,BK7083,Computational Design Studio,https://studiegids.tudelft.nl/courses/study-guide/educations/10707,Yes,BSc,Architecture and the Built Environment,"[9, 11, 12, 13, 17]"
TRUE,BK7084,Computational Simulations,https://studiegids.tudelft.nl/courses/study-guide/educations/10708,Yes,BSc,Architecture and the Built Environment,[11]
FALSE,BK7140,Presenting Project Facts (discontinued),https://studiegids.tudelft.nl/courses/study-guide/educations/10709,No,BSc,Architecture and the Built Environment,[]
FALSE,BK7141,Presenting Project Visions (discontinued),https://studiegids.tudelft.nl/courses/study-guide/educations/10710,No,BSc,Architecture and the Built Environment,[]
FALSE,BK7142,Presenting Project Prospects (discontinued),https://studiegids.tudelft.nl/courses/study-guide/educations/10711,No,BSc,Architecture and the Built Environment,[]
TRUE,BK7215,Basic Techniques for Sustainable Urban Design,https://studiegids.tudelft.nl/courses/study-guide/educations/10724,Yes,BSc,Architecture and the Built Environment,"[6, 7, 9, 11, 13, 15]"
TRUE,BK7460-13,Archineering 1,https://studiegids.tudelft.nl/courses/study-guide/educations/10712,Yes,BSc,Architecture and the Built Environment,"[9, 12, 13]"
TRUE,BK7461,Archineering 2,https://studiegids.tudelft.nl/courses/study-guide/educations/10713,Yes,BSc,Architecture and the Built Environment,"[9, 12, 13, 15]"
TRUE,BK7550,Landscape and Transition,https://studiegids.tudelft.nl/courses/study-guide/educations/10718,Yes,BSc,Architecture and the Built Environment,[11]
TRUE,BK7551,History of Dutch Cities and Landscapes,https://studiegids.tudelft.nl/courses/study-guide/educations/10719,Yes,BSc,Architecture and the Built Environment,[11]
TRUE,BK7552,Heritage: Theory and Practice,https://studiegids.tudelft.nl/courses/study-guide/educations/10720,Yes,BSc,Architecture and the Built Environment,[13]
TRUE,BK7553,Architecture and Re-use,https://studiegids.tudelft.nl/courses/study-guide/educations/10721,Yes,BSc,Architecture and the Built Environment,[11]
FALSE,BK7554,History of Dutch Architecture and Art,https://studiegids.tudelft.nl/courses/study-guide/educations/10722,No,BSc,Architecture and the Built Environment,[]
TRUE,BK7555,City and Transformation,https://studiegids.tudelft.nl/courses/study-guide/educations/10723,Yes,BSc,Architecture and the Built Environment,"[11, 17]"
TRUE,BK7560,Lecture Series and Review Paper (discontinued),https://studiegids.tudelft.nl/courses/study-guide/educations/10704,Yes,BSc,Architecture and the Built Environment,"[3, 4, 10, 11]"
TRUE,BK7565,Design Strategies (discontinued),https://studiegids.tudelft.nl/courses/study-guide/educations/10705,Yes,BSc,Architecture and the Built Environment,"[10, 11]"
TRUE,BK7570,Action Research (discontinued),https://studiegids.tudelft.nl/courses/study-guide/educations/10706,Yes,BSc,Architecture and the Built Environment,"[3, 10, 11]"
TRUE,BK7575,Systems in the City: Sustainable Urban Design,https://studiegids.tudelft.nl/courses/study-guide/educations/10725,Yes,BSc,Architecture and the Built Environment,"[11, 13]"
TRUE,BK7932,Introduction to Integrated Infrastructure Design,https://studiegids.tudelft.nl/courses/study-guide/educations/23415,Yes,BSc,Architecture and the Built Environment,"[6, 9, 11]"
FALSE,BK7933,Idiosyncratic Infrastructures,https://studiegids.tudelft.nl/courses/study-guide/educations/23405,No,BSc,Architecture and the Built Environment,[]
TRUE,BK7934,Design of (Infra-)Structures,https://studiegids.tudelft.nl/courses/study-guide/educations/23407,Yes,BSc,Architecture and the Built Environment,"[9, 11]"
TRUE,BK7935,Environment and Infrastructure: Urban Systems and Landscape,https://studiegids.tudelft.nl/courses/study-guide/educations/23408,Yes,BSc,Architecture and the Built Environment,"[6, 9, 11]"
TRUE,BK7940,"(Re)Imagining Port Cities: Understanding Space, Society and Culture Q1",https://studiegids.tudelft.nl/courses/study-guide/educations/10726,Yes,BSc,Architecture and the Built Environment,"[11, 13]"
TRUE,BK7941,"(Re)Imagining Port Cities: Understanding Space, Society and Culture Q2",https://studiegids.tudelft.nl/courses/study-guide/educations/10727,Yes,BSc,Architecture and the Built Environment,"[11, 13]"
FALSE,BK7942,Culture and Understanding (discontinued),https://studiegids.tudelft.nl/courses/study-guide/educations/10731,No,BSc,Architecture and the Built Environment,[]
FALSE,BK7943,Design and Remodelling (discontinued),https://studiegids.tudelft.nl/courses/study-guide/educations/10732,No,BSc,Architecture and the Built Environment,[]
TRUE,BK7951,Spatial Decision Support Systems (discontinued),https://studiegids.tudelft.nl/courses/study-guide/educations/10728,Yes,BSc,Architecture and the Built Environment,"[7, 9, 11, 13]"
FALSE,BK7952,3D Data Acquisition and Analysis (discontinued),https://studiegids.tudelft.nl/courses/study-guide/educations/10729,No,BSc,Architecture and the Built Environment,[]
TRUE,BK7953,Open Urban Data Governance (discontinued),https://studiegids.tudelft.nl/courses/study-guide/educations/10730,Yes,BSc,Architecture and the Built Environment,"[11, 16, 17]"
TRUE,BKB1GR1,Design Aspects,https://studiegids.tudelft.nl/courses/study-guide/educations/10631,Yes,BSc,Architecture and the Built Environment,[11]
TRUE,BKB1ON1,House and Anchoring in the Landscape,https://studiegids.tudelft.nl/courses/study-guide/educations/10632,Yes,BSc,Architecture and the Built Environment,[11]
TRUE,BKB1TE1,Physics for Architecture and the Built Environment,https://studiegids.tudelft.nl/courses/study-guide/educations/10633,Yes,BSc,Architecture and the Built Environment,"[12, 13]"
TRUE,BKB1WV1,Academic Design,https://studiegids.tudelft.nl/courses/study-guide/educations/10634,Yes,BSc,Architecture and the Built Environment,[4]
TRUE,BKB1WV2,Form and Representation,https://studiegids.tudelft.nl/courses/study-guide/educations/10635,Yes,BSc,Architecture and the Built Environment,[4]
TRUE,BKB2GR2,Configuration,https://studiegids.tudelft.nl/courses/study-guide/educations/10636,Yes,BSc,Architecture and the Built Environment,[11]
TRUE,BKB2ON2,Design and Technology,https://studiegids.tudelft.nl/courses/study-guide/educations/10637,Yes,BSc,Architecture and the Built Environment,"[9, 11, 12, 13]"
TRUE,BKB2TE2,Architectural Materials and Construction,https://studiegids.tudelft.nl/courses/study-guide/educations/10638,Yes,BSc,Architecture and the Built Environment,"[9, 12, 13]"
TRUE,BKB2TE3,Construction and Climate,https://studiegids.tudelft.nl/courses/study-guide/educations/10639,Yes,BSc,Architecture and the Built Environment,"[7, 9, 11, 12, 13]"
FALSE,BKB2WV3,Digital Design Environment,https://studiegids.tudelft.nl/courses/study-guide/educations/10640,No,BSc,Architecture and the Built Environment,[]
TRUE,BKB3MA1,The Resilient Built Environment,https://studiegids.tudelft.nl/courses/study-guide/educations/10641,Yes,BSc,Architecture and the Built Environment,"[3, 10, 11, 13]"
TRUE,BKB3MA2,From Challenge to Reality,https://studiegids.tudelft.nl/courses/study-guide/educations/10642,Yes,BSc,Architecture and the Built Environment,[16]
TRUE,BKB3ON3,City and Public Space,https://studiegids.tudelft.nl/courses/study-guide/educations/10643,Yes,BSc,Architecture and the Built Environment,[11]
TRUE,BKB3TE4,Residential Building Technology,https://studiegids.tudelft.nl/courses/study-guide/educations/10644,Yes,BSc,Architecture and the Built Environment,"[3, 7, 9, 11, 12, 13]"
TRUE,BKB3WV4,Bouwkunde as Science,https://studiegids.tudelft.nl/courses/study-guide/educations/10645,Yes,BSc,Architecture and the Built Environment,[4]
TRUE,BKB4GR3,Idea and Expression,https://studiegids.tudelft.nl/courses/study-guide/educations/10646,Yes,BSc,Architecture and the Built Environment,[11]
TRUE,BKB4GR4,Observing the City,https://studiegids.tudelft.nl/courses/study-guide/educations/10647,Yes,BSc,Architecture and the Built Environment,[11]
TRUE,BKB4MA3,Just Management and Redevelopment,https://studiegids.tudelft.nl/courses/study-guide/educations/10648,Yes,BSc,Architecture and the Built Environment,"[11, 17]"
TRUE,BKB4ON4,Residential Building and Environment,https://studiegids.tudelft.nl/courses/study-guide/educations/10649,Yes,BSc,Architecture and the Built Environment,"[4, 11]"
TRUE,BKB4WV5,Scientific Research and Ethics,https://studiegids.tudelft.nl/courses/study-guide/educations/10650,Yes,BSc,Architecture and the Built Environment,"[4, 16]"
TRUE,BKB6IOP1,Area (Re)development,https://studiegids.tudelft.nl/courses/study-guide/educations/10652,Yes,BSc,Architecture and the Built Environment,"[11, 12, 13, 15]"
TRUE,BKB6IOP2,Public Building,https://studiegids.tudelft.nl/courses/study-guide/educations/10653,Yes,BSc,Architecture and the Built Environment,"[9, 11, 12, 13]"
TRUE,BKB6TE5,Building Technology across Scales,https://studiegids.tudelft.nl/courses/study-guide/educations/10654,Yes,BSc,Architecture and the Built Environment,"[6, 9, 11, 12, 13, 15]"
TRUE,BKB6WV6,The Position of the Bouwkundige,https://studiegids.tudelft.nl/courses/study-guide/educations/10655,Yes,BSc,Architecture and the Built Environment,"[4, 16]"
TRUE,BKBS6ON,Ontwerp en Methoden,https://studiegids.tudelft.nl/courses/study-guide/educations/12109,Yes,BSc,Architecture and the Built Environment,[4]
TRUE,BM3102A,Biomechanics: Anatomy and Control,https://studiegids.tudelft.nl/courses/study-guide/educations/19075,Yes,BSc,Mechanical Engineering,[3]
TRUE,BM3105-18,BME Minor Projects,https://studiegids.tudelft.nl/courses/study-guide/educations/19076,Yes,BSc,Mechanical Engineering,[3]
TRUE,BM3106-18,Orthopedic Biomaterials,https://studiegids.tudelft.nl/courses/study-guide/educations/19077,Yes,BSc,Mechanical Engineering,"[3, 9]"
TRUE,BM3108-23,Medical Imaging,https://studiegids.tudelft.nl/courses/study-guide/educations/19078,Yes,BSc,Mechanical Engineering,[3]
TRUE,BM3110,General Introduction to Biomedical Engineering,https://studiegids.tudelft.nl/courses/study-guide/educations/19079,Yes,BSc,Mechanical Engineering,[3]
TRUE,BM41035,Biomaterials,https://studiegids.tudelft.nl/courses/study-guide/educations/19851,Yes,MSc,Mechanical Engineering,[3]
TRUE,BM41040,Neuromechanics and Motor Control,https://studiegids.tudelft.nl/courses/study-guide/educations/19846,Yes,MSc,Mechanical Engineering,[3]
FALSE,BM41050,Applied Experimental Methods: Medical Instruments,https://studiegids.tudelft.nl/courses/study-guide/educations/19862,No,MSc,Mechanical Engineering,[]
TRUE,BM41055,Anatomy and Physiology,https://studiegids.tudelft.nl/courses/study-guide/educations/19388,Yes,MSc,Mechanical Engineering,[3]
TRUE,BM41070,Medical Device Prototyping,https://studiegids.tudelft.nl/courses/study-guide/educations/19390,Yes,MSc,Mechanical Engineering,"[3, 12]"
TRUE,BM41075,Regenerative Medicine,https://studiegids.tudelft.nl/courses/study-guide/educations/19865,Yes,MSc,Mechanical Engineering,[3]
FALSE,BM41090,Computational Mechanics of Tissues and Cells,https://studiegids.tudelft.nl/courses/study-guide/educations/19847,No,MSc,Mechanical Engineering,[]
FALSE,BM41100,Medical Devices: Designing for CE-marking,https://studiegids.tudelft.nl/courses/study-guide/educations/19867,No,MSc,Mechanical Engineering,[]
TRUE,BM41131,Tissue Biomechanics,https://studiegids.tudelft.nl/courses/study-guide/educations/19848,Yes,MSc,Mechanical Engineering,[3]
TRUE,BM41141,Fundamentals of Biomedical Engineering,https://studiegids.tudelft.nl/courses/study-guide/educations/19386,Yes,MSc,Mechanical Engineering,[4]
TRUE,BM41155,3D Printing,https://studiegids.tudelft.nl/courses/study-guide/educations/19852,Yes,MSc,Mechanical Engineering,[9]
TRUE,BM41170,Physiological Flows and Transport,https://studiegids.tudelft.nl/courses/study-guide/educations/19853,Yes,MSc,Mechanical Engineering,[3]
TRUE,BM41175,Digital Twins in Healthcare,https://studiegids.tudelft.nl/courses/study-guide/educations/19854,Yes,MSc,Mechanical Engineering,[3]
FALSE,BM51007,Professional Development Journey,https://studiegids.tudelft.nl/courses/study-guide/educations/19387,No,MSc,Mechanical Engineering,[]
FALSE,BM51010,BME Literature Research,https://studiegids.tudelft.nl/courses/study-guide/educations/19399,No,MSc,Mechanical Engineering,[]
FALSE,BM51015,BME Research Internship,https://studiegids.tudelft.nl/courses/study-guide/educations/19397,No,MSc,Mechanical Engineering,[]
TRUE,BM51035,BME MSc Thesis,https://studiegids.tudelft.nl/courses/study-guide/educations/19400,Yes,MSc,Mechanical Engineering,[3]
FALSE,CEE5000,Effective Communication for Designers,https://studiegids.tudelft.nl/courses/study-guide/educations/17806,No,Post graduate,Civil Engineering and Geosciences,[]
FALSE,CEE5001,Research Design,https://studiegids.tudelft.nl/courses/study-guide/educations/17807,No,Post graduate,Civil Engineering and Geosciences,[]
FALSE,CEE5002,Integrated Design,https://studiegids.tudelft.nl/courses/study-guide/educations/17808,No,Post graduate,Civil Engineering and Geosciences,[]
FALSE,CEE5003,Asset Management for Designers,https://studiegids.tudelft.nl/courses/study-guide/educations/17809,No,Post graduate,Civil Engineering and Geosciences,[]
FALSE,CEE5004,Risk Management for Designers,https://studiegids.tudelft.nl/courses/study-guide/educations/17810,No,Post graduate,Civil Engineering and Geosciences,[]
FALSE,CEE5005,Group Design Project,https://studiegids.tudelft.nl/courses/study-guide/educations/17811,No,Post graduate,Civil Engineering and Geosciences,[]
TRUE,CEE5006,Individual Design Project,https://studiegids.tudelft.nl/courses/study-guide/educations/17812,Yes,Post graduate,Civil Engineering and Geosciences,"[8, 9]"
TRUE,CEE5007,Techno-Economic Evaluation for Designers,https://studiegids.tudelft.nl/courses/study-guide/educations/17813,Yes,Post graduate,Civil Engineering and Geosciences,"[8, 9]"
FALSE,CEE7001,Research Design,https://studiegids.tudelft.nl/courses/study-guide/educations/21748,No,Post graduate,Civil Engineering and Geosciences,[]
FALSE,CEE7005,Group Design Project,https://studiegids.tudelft.nl/courses/study-guide/educations/21746,No,Post graduate,Civil Engineering and Geosciences,[]
FALSE,CEE7006,Individual Design Project,https://studiegids.tudelft.nl/courses/study-guide/educations/21747,No,Post graduate,Civil Engineering and Geosciences,[]
FALSE,CEGM1000-25,"Modelling, Uncertainty and Data for Engineers",https://studiegids.tudelft.nl/courses/study-guide/educations/18729,No,MSc,Civil Engineering and Geosciences,[]
FALSE,CEGM2000,"Suspensions, Sludges and Soils",https://studiegids.tudelft.nl/courses/study-guide/educations/18765,No,MSc,Civil Engineering and Geosciences,[]
TRUE,CEGM2001,Sustainable Cities,https://studiegids.tudelft.nl/courses/study-guide/educations/18766,Yes,MSc,Civil Engineering and Geosciences,"[3, 6, 11, 13, 15]"
TRUE,CEGM2002,Engineering for Global Development,https://studiegids.tudelft.nl/courses/study-guide/educations/18767,Yes,MSc,Civil Engineering and Geosciences,"[6, 7, 11, 17]"
FALSE,CEGM2003,Data Science and Artificial Intelligence for Engineers,https://studiegids.tudelft.nl/courses/study-guide/educations/18768,No,MSc,Civil Engineering and Geosciences,[]
TRUE,CEGM2004,"Noise and Vibration: Generation, Propagation and Effect on Humans and Environment",https://studiegids.tudelft.nl/courses/study-guide/educations/18769,Yes,MSc,Civil Engineering and Geosciences,"[3, 11, 13, 14]"
TRUE,CEGM2005,Probabilistic Modelling of real-world phenomena through ObseRvations and Elicitation (MORE),https://studiegids.tudelft.nl/courses/study-guide/educations/18770,Yes,MSc,Civil Engineering and Geosciences,"[6, 9, 11, 13]"
TRUE,CEGM2006,"Subsurface Storage for Energy, Water and Climate Applications",https://studiegids.tudelft.nl/courses/study-guide/educations/18771,Yes,MSc,Civil Engineering and Geosciences,"[4, 6, 7, 8, 9, 10, 13]"
TRUE,CEGM2007,Resilient Deltas,https://studiegids.tudelft.nl/courses/study-guide/educations/18772,Yes,MSc,Civil Engineering and Geosciences,"[6, 9, 11, 13, 17]"
TRUE,CEGM2008,Monitoring of Structural Health and Geohazards,https://studiegids.tudelft.nl/courses/study-guide/educations/18773,Yes,MSc,Civil Engineering and Geosciences,"[9, 11]"
TRUE,CEGM2009,Construction Technology & Management,https://studiegids.tudelft.nl/courses/study-guide/educations/21193,Yes,MSc,Civil Engineering and Geosciences,"[6, 9, 12, 13, 17]"
FALSE,CEGM3000,Multidisciplinary Project (MDP),https://studiegids.tudelft.nl/courses/study-guide/educations/18763,No,MSc,Civil Engineering and Geosciences,[]
FALSE,CESE4000,Software Fundamentals,https://studiegids.tudelft.nl/courses/study-guide/educations/14397,No,MSc,"Electrical Engineering, Mathematics and Computer Science",[]
FALSE,CESE4005,Hardware Fundamentals,https://studiegids.tudelft.nl/courses/study-guide/educations/14398,No,MSc,"Electrical Engineering, Mathematics and Computer Science",[]
FALSE,CESE4015,Software Systems,https://studiegids.tudelft.nl/courses/study-guide/educations/14399,No,MSc,"Electrical Engineering, Mathematics and Computer Science",[]
TRUE,CESE4020,Effective and Responsible Engineering,https://studiegids.tudelft.nl/courses/study-guide/educations/14400,Yes,MSc,"Electrical Engineering, Mathematics and Computer Science","[4, 16]"
FALSE,CESE4025,Real-time Systems,https://studiegids.tudelft.nl/courses/study-guide/educations/14401,No,MSc,"Electrical Engineering, Mathematics and Computer Science",[]
FALSE,CESE4030,Embedded Systems Laboratory,https://studiegids.tudelft.nl/courses/study-guide/educations/14402,No,MSc,"Electrical Engineering, Mathematics and Computer Science",[]
FALSE,CESE4035,Computer Arithmetic,https://studiegids.tudelft.nl/courses/study-guide/educations/14719,No,MSc,"Electrical Engineering, Mathematics and Computer Science",[]
FALSE,CESE4040,Processor Design Project,https://studiegids.tudelft.nl/courses/study-guide/educations/14403,No,MSc,"Electrical Engineering, Mathematics and Computer Science",[]
FALSE,CESE4045,High-performance data networking,https://studiegids.tudelft.nl/courses/study-guide/educations/14731,No,MSc,"Electrical Engineering, Mathematics and Computer Science",[]
FALSE,CESE4055,Ad hoc and Sensor Networks,https://studiegids.tudelft.nl/courses/study-guide/educations/14445,No,MSc,"Electrical Engineering, Mathematics and Computer Science",[]
FALSE,CESE4060,Wireless IoT and Local Area Networks,https://studiegids.tudelft.nl/courses/study-guide/educations/14733,No,MSc,"Electrical Engineering, Mathematics and Computer Science",[]
TRUE,CESE4065,Advanced Practical I.o.T. and Seminar,https://studiegids.tudelft.nl/courses/study-guide/educations/14734,Yes,MSc,"Electrical Engineering, Mathematics and Computer Science",[9]
FALSE,CESE4085,Modern Computer Architectures,https://studiegids.tudelft.nl/courses/study-guide/educations/14404,No,MSc,"Electrical Engineering, Mathematics and Computer Science",[]
FALSE,CESE4090,Reconfigurable Computing Design,https://studiegids.tudelft.nl/courses/study-guide/educations/14721,No,MSc,"Electrical Engineering, Mathematics and Computer Science",[]
FALSE,CESE4115,Embedded Computer Architecture 2,https://studiegids.tudelft.nl/courses/study-guide/educations/14722,No,MSc,"Electrical Engineering, Mathematics and Computer Science",[]
FALSE,CESE4120,Smart Phone Sensing,https://studiegids.tudelft.nl/courses/study-guide/educations/14704,No,MSc,"Electrical Engineering, Mathematics and Computer Science",[]
FALSE,CESE4130,Computer Engineering,https://studiegids.tudelft.nl/courses/study-guide/educations/14405,No,MSc,"Electrical Engineering, Mathematics and Computer Science",[]
FALSE,CESE5000,Thesis Project,https://studiegids.tudelft.nl/courses/study-guide/educations/14411,No,MSc,"Electrical Engineering, Mathematics and Computer Science",[]
FALSE,CESE5010,Industry Internship,https://studiegids.tudelft.nl/courses/study-guide/educations/14412,No,MSc,"Electrical Engineering, Mathematics and Computer Science",[]
FALSE,CESE5020,Research Internship (10-15 EC),https://studiegids.tudelft.nl/courses/study-guide/educations/14413,No,MSc,"Electrical Engineering, Mathematics and Computer Science",[]
FALSE,CESE5030,EDA-Based VLSI System and PCB Design,https://studiegids.tudelft.nl/courses/study-guide/educations/21879,No,MSc,"Electrical Engineering, Mathematics and Computer Science",[]
FALSE,CH3013,Interfaces and Particles,https://studiegids.tudelft.nl/courses/study-guide/educations/17245,No,MSc,Applied Sciences,[]
FALSE,CH3044A,Process Dynamics and Control,https://studiegids.tudelft.nl/courses/study-guide/educations/17242,No,MSc,Applied Sciences,[]
FALSE,CH3051,Applied Transport Phenomena,https://studiegids.tudelft.nl/courses/study-guide/educations/17420,No,MSc,Applied Sciences,[]
FALSE,CH3061,Multiphase Reactor Engineering,https://studiegids.tudelft.nl/courses/study-guide/educations/17499,No,MSc,Applied Sciences,[]
FALSE,CH3065,Multiphase Reactor Eng. II - Design Proj,https://studiegids.tudelft.nl/courses/study-guide/educations/17500,No,MSc,Applied Sciences,[]
FALSE,CH3073,"Separation Processes, Design and Operation",https://studiegids.tudelft.nl/courses/study-guide/educations/17270,No,MSc,Applied Sciences,[]
TRUE,CH3085,Chemical Process Technology: Present & Future,https://studiegids.tudelft.nl/courses/study-guide/educations/17485,Yes,MSc,Applied Sciences,"[9, 12, 13]"
TRUE,CH3102,Catalysis for Energy and Circularity,https://studiegids.tudelft.nl/courses/study-guide/educations/17486,Yes,MSc,Applied Sciences,"[7, 9, 12, 13]"
FALSE,CH3112,Artificial Intelligence in (Bio-)Chemical Engineering,https://studiegids.tudelft.nl/courses/study-guide/educations/17501,No,MSc,Applied Sciences,[]
FALSE,CH3133,Computational Practicum,https://studiegids.tudelft.nl/courses/study-guide/educations/17243,No,MSc,Applied Sciences,[]
FALSE,CH3143,Advanced Thermodynamics,https://studiegids.tudelft.nl/courses/study-guide/educations/17247,No,MSc,Applied Sciences,[]
FALSE,CH3153,Molecular Transport Phenomena,https://studiegids.tudelft.nl/courses/study-guide/educations/17421,No,MSc,Applied Sciences,[]
FALSE,CH3175,Solid State Materials,https://studiegids.tudelft.nl/courses/study-guide/educations/17248,No,MSc,Applied Sciences,[]
TRUE,CH3291,International Design Contest,https://studiegids.tudelft.nl/courses/study-guide/educations/24585,Yes,MSc,Applied Sciences,[9]
FALSE,CH3301,Foreign Excursion Tour TG,https://studiegids.tudelft.nl/courses/study-guide/educations/4210,No,MSc,Applied Sciences,[]
TRUE,CH3373,Soft Materials Engineering,https://studiegids.tudelft.nl/courses/study-guide/educations/17249,Yes,MSc,Applied Sciences,"[3, 7, 9]"
FALSE,CH3375,Soft Matter - Analytically Relevant Techniques,https://studiegids.tudelft.nl/courses/study-guide/educations/17272,No,MSc,Applied Sciences,[]
TRUE,CH3382,Molecular Engineering of Soft Materials in Health Care,https://studiegids.tudelft.nl/courses/study-guide/educations/17492,Yes,MSc,Applied Sciences,[3]
FALSE,CH3412,Biological Transport Phenomena,https://studiegids.tudelft.nl/courses/study-guide/educations/17422,No,MSc,Applied Sciences,[]
FALSE,CH3421,Computational Transport Phenomena,https://studiegids.tudelft.nl/courses/study-guide/educations/17423,No,MSc,Applied Sciences,[]
TRUE,CH3513,Electrochemistry for Renewable Energy,https://studiegids.tudelft.nl/courses/study-guide/educations/17490,Yes,MSc,Applied Sciences,"[6, 7, 9, 13]"
TRUE,CH3531,Functional Ceramics,https://studiegids.tudelft.nl/courses/study-guide/educations/17273,Yes,MSc,Applied Sciences,"[7, 9]"
TRUE,CH3543,Inorganic Materials Chemistry for Energy and Circularity,https://studiegids.tudelft.nl/courses/study-guide/educations/17487,Yes,MSc,Applied Sciences,"[7, 9, 12, 13]"
TRUE,CH3564,Particle Technology for Health and Energy,https://studiegids.tudelft.nl/courses/study-guide/educations/17494,Yes,MSc,Applied Sciences,"[3, 7, 9, 12]"
TRUE,CH3622,Process Intensification,https://studiegids.tudelft.nl/courses/study-guide/educations/17491,Yes,MSc,Applied Sciences,"[7, 9, 12, 13]"
FALSE,CH3673,Computational Approaches for Chemistry and Materials,https://studiegids.tudelft.nl/courses/study-guide/educations/17503,No,MSc,Applied Sciences,[]
TRUE,CH3682A,Reactors and Kinetics,https://studiegids.tudelft.nl/courses/study-guide/educations/17250,Yes,MSc,Applied Sciences,[9]
TRUE,CH3702,Industrial Internship,https://studiegids.tudelft.nl/courses/study-guide/educations/17260,Yes,MSc,Applied Sciences,"[8, 9]"
FALSE,CH3715,External Research Project,https://studiegids.tudelft.nl/courses/study-guide/educations/17263,No,MSc,Applied Sciences,[]
FALSE,CH3718,External Research Project,https://studiegids.tudelft.nl/courses/study-guide/educations/21370,No,MSc,Applied Sciences,[]
TRUE,CH3724,Industrial Internship (Extended),https://studiegids.tudelft.nl/courses/study-guide/educations/17261,Yes,MSc,Applied Sciences,"[8, 9]"
TRUE,CH3764,Nuclear Medicine,https://studiegids.tudelft.nl/courses/study-guide/educations/17434,Yes,MSc,Applied Sciences,[3]
FALSE,CH3765,Advanced Materials Characterisation,https://studiegids.tudelft.nl/courses/study-guide/educations/17496,No,MSc,Applied Sciences,[]
FALSE,CH3771,Nuclear Chemistry,https://studiegids.tudelft.nl/courses/study-guide/educations/17435,No,MSc,Applied Sciences,[]
FALSE,CH3783,Materials Chemistry for the Nuclear Fuel Cycle,https://studiegids.tudelft.nl/courses/study-guide/educations/17414,No,MSc,Applied Sciences,[]
TRUE,CH3803,Product and Process Design,https://studiegids.tudelft.nl/courses/study-guide/educations/17256,Yes,MSc,Applied Sciences,[3]
FALSE,CH3843,Design Project,https://studiegids.tudelft.nl/courses/study-guide/educations/17257,No,MSc,Applied Sciences,[]
TRUE,CH3921,Sustainable Polymer Materials,https://studiegids.tudelft.nl/courses/study-guide/educations/17488,Yes,MSc,Applied Sciences,"[9, 12, 13]"
FALSE,CH3924,External Research Project,https://studiegids.tudelft.nl/courses/study-guide/educations/21371,No,MSc,Applied Sciences,[]
FALSE,CH3930,MSc Thesis Work,https://studiegids.tudelft.nl/courses/study-guide/educations/17258,No,MSc,Applied Sciences,[]
FALSE,CH3942,MSc Thesis Work,https://studiegids.tudelft.nl/courses/study-guide/educations/17259,No,MSc,Applied Sciences,[]
FALSE,CH3982,Literature Study,https://studiegids.tudelft.nl/courses/study-guide/educations/17504,No,MSc,Applied Sciences,[]
FALSE,CH3991,Research Project,https://studiegids.tudelft.nl/courses/study-guide/educations/3916,No,MSc,Applied Sciences,[]
FALSE,CIEM0000,Interdisciplinary Mechanics and Design for CE,https://studiegids.tudelft.nl/courses/study-guide/educations/18777,No,MSc,Civil Engineering and Geosciences,[]
FALSE,CIEM0120,Research Internship,https://studiegids.tudelft.nl/courses/study-guide/educations/18845,No,MSc,Civil Engineering and Geosciences,[]
TRUE,CIEM0400,Thesis Preparation,https://studiegids.tudelft.nl/courses/study-guide/educations/18856,Yes,MSc,Civil Engineering and Geosciences,[16]
FALSE,CIEM0500,Master Thesis,https://studiegids.tudelft.nl/courses/study-guide/educations/18857,No,MSc,Civil Engineering and Geosciences,[]
TRUE,CIEM1000-25,Base: Structural & Materials Enigineering,https://studiegids.tudelft.nl/courses/study-guide/educations/21203,Yes,MSc,Civil Engineering and Geosciences,"[9, 11, 12, 13]"
TRUE,CIEM1110,Module A: Modelling and Characterisation,https://studiegids.tudelft.nl/courses/study-guide/educations/18779,Yes,BSc,Civil Engineering and Geosciences,[9]
TRUE,CIEM1230,"Module B1: Technology, Durability, and Performance",https://studiegids.tudelft.nl/courses/study-guide/educations/21205,Yes,MSc,Civil Engineering and Geosciences,"[9, 12]"
TRUE,CIEM1240,"Module B2: Technology, Durability, and Modelling",https://studiegids.tudelft.nl/courses/study-guide/educations/21206,Yes,MSc,Civil Engineering and Geosciences,[9]
FALSE,CIEM1301,Advanced Computation Mechanics,https://studiegids.tudelft.nl/courses/study-guide/educations/18813,No,MSc,Civil Engineering and Geosciences,[]
FALSE,CIEM1302,Forensic Construction Materials Engineering,https://studiegids.tudelft.nl/courses/study-guide/educations/18814,No,MSc,Civil Engineering and Geosciences,[]
TRUE,CIEM1303,Upscaling Techniques in Construction Materials Design and Engineering,https://studiegids.tudelft.nl/courses/study-guide/educations/18815,Yes,MSc,Civil Engineering and Geosciences,[9]
TRUE,CIEM1304,Glass Science and Engineering,https://studiegids.tudelft.nl/courses/study-guide/educations/18816,Yes,MSc,Civil Engineering and Geosciences,"[9, 12, 13]"
TRUE,CIEM2000,Base: Geotechnical Engineering,https://studiegids.tudelft.nl/courses/study-guide/educations/18782,Yes,MSc,Civil Engineering and Geosciences,"[16, 17]"
TRUE,CIEM2110,Module A: Geotechnical modelling,https://studiegids.tudelft.nl/courses/study-guide/educations/18783,Yes,MSc,Civil Engineering and Geosciences,[16]
TRUE,CIEM2210,Geotechnical Design,https://studiegids.tudelft.nl/courses/study-guide/educations/21207,Yes,MSc,Civil Engineering and Geosciences,[16]
FALSE,CIEM2220,Advanced Soil Mechanics,https://studiegids.tudelft.nl/courses/study-guide/educations/18784,No,MSc,Civil Engineering and Geosciences,[]
TRUE,CIEM2230,Delta Geotechnics,https://studiegids.tudelft.nl/courses/study-guide/educations/18785,Yes,MSc,Civil Engineering and Geosciences,[16]
TRUE,CIEM2301,Offshore Geotechnical Engineering,https://studiegids.tudelft.nl/courses/study-guide/educations/18817,Yes,MSc,Civil Engineering and Geosciences,"[7, 9, 13]"
TRUE,CIEM2302,Trenchless Technologies,https://studiegids.tudelft.nl/courses/study-guide/educations/18818,Yes,MSc,Civil Engineering and Geosciences,[9]
TRUE,CIEM2303,Rock Mechanics Applications,https://studiegids.tudelft.nl/courses/study-guide/educations/18819,Yes,MSc,Civil Engineering and Geosciences,[9]
TRUE,CIEM2304,Environmental and Energy Geotechnics,https://studiegids.tudelft.nl/courses/study-guide/educations/18820,Yes,MSc,Civil Engineering and Geosciences,"[7, 9, 13]"
TRUE,CIEM3000-25,Base: Hydraulic Engineering Fundamentals and Environments Part I,https://studiegids.tudelft.nl/courses/study-guide/educations/18786,Yes,MSc,Civil Engineering and Geosciences,"[6, 13, 15]"
TRUE,CIEM3110,Hydraulic Engineering Fundamentals and Environments Part II,https://studiegids.tudelft.nl/courses/study-guide/educations/18787,Yes,MSc,Civil Engineering and Geosciences,"[6, 9, 13]"
TRUE,CIEM3210,Coastal Engineering,https://studiegids.tudelft.nl/courses/study-guide/educations/18788,Yes,MSc,Civil Engineering and Geosciences,"[9, 13]"
TRUE,CIEM3220,River Engineering,https://studiegids.tudelft.nl/courses/study-guide/educations/18789,Yes,MSc,Civil Engineering and Geosciences,"[6, 15, 17]"
TRUE,CIEM3301,Building with Nature,https://studiegids.tudelft.nl/courses/study-guide/educations/18821,Yes,MSc,Civil Engineering and Geosciences,"[13, 14, 15]"
TRUE,CIEM3302,Dredging for Sustainable Infrastructure,https://studiegids.tudelft.nl/courses/study-guide/educations/18822,Yes,MSc,Civil Engineering and Geosciences,"[9, 11, 12, 13]"
FALSE,CIEM3303,Advanced Modelling of Turbulent Flows and Transport,https://studiegids.tudelft.nl/courses/study-guide/educations/18823,No,MSc,Civil Engineering and Geosciences,[]
TRUE,CIEM3304,Physical Oceanography,https://studiegids.tudelft.nl/courses/study-guide/educations/18824,Yes,MSc,Civil Engineering and Geosciences,"[13, 14]"
FALSE,CIEM4000,Base: Hydraulic and Offshore Structures,https://studiegids.tudelft.nl/courses/study-guide/educations/18791,No,MSc,Civil Engineering and Geosciences,[]
TRUE,CIEM4110,Hydraulic Structures,https://studiegids.tudelft.nl/courses/study-guide/educations/18792,Yes,MSc,Civil Engineering and Geosciences,[9]
TRUE,CIEM4120,Offshore Structures,https://studiegids.tudelft.nl/courses/study-guide/educations/18793,Yes,MSc,Civil Engineering and Geosciences,[9]
TRUE,CIEM4210,Marine Renewables,https://studiegids.tudelft.nl/courses/study-guide/educations/18794,Yes,MSc,Civil Engineering and Geosciences,"[7, 9, 13, 16]"
TRUE,CIEM4220,"Dams, Dikes and Breakwaters",https://studiegids.tudelft.nl/courses/study-guide/educations/18795,Yes,MSc,Civil Engineering and Geosciences,"[6, 9, 11, 13, 16]"
TRUE,CIEM4230,Floating and Submerged Structures,https://studiegids.tudelft.nl/courses/study-guide/educations/18796,Yes,MSc,Civil Engineering and Geosciences,"[9, 11, 16]"
TRUE,CIEM4301,Onshore Hydropower,https://studiegids.tudelft.nl/courses/study-guide/educations/18825,Yes,MSc,Civil Engineering and Geosciences,"[7, 9, 13]"
TRUE,CIEM4302,Cold Regions Engineering,https://studiegids.tudelft.nl/courses/study-guide/educations/18826,Yes,MSc,Civil Engineering and Geosciences,[13]
TRUE,CIEM4303,Flood Risk,https://studiegids.tudelft.nl/courses/study-guide/educations/18827,Yes,MSc,Civil Engineering and Geosciences,"[6, 9, 13]"
FALSE,CIEM4304,Hydraulics Fieldwork,https://studiegids.tudelft.nl/courses/study-guide/educations/18828,No,MSc,Civil Engineering and Geosciences,[]
TRUE,CIEM4305,Marine Renewable Technologies,https://studiegids.tudelft.nl/courses/study-guide/educations/21267,Yes,MSc,Civil Engineering and Geosciences,"[7, 9, 13, 17]"
TRUE,CIEM5000,Base: Structural Engineering,https://studiegids.tudelft.nl/courses/study-guide/educations/18797,Yes,MSc,Civil Engineering and Geosciences,"[12, 13]"
FALSE,CIEM5110,Structural Mechanics and Dynamics,https://studiegids.tudelft.nl/courses/study-guide/educations/18798,No,MSc,Civil Engineering and Geosciences,[]
TRUE,CIEM5120,Design of Structural Components,https://studiegids.tudelft.nl/courses/study-guide/educations/18799,Yes,MSc,Civil Engineering and Geosciences,"[9, 12, 13]"
TRUE,CIEM5130,Design of Civil Structures and Infrastructures,https://studiegids.tudelft.nl/courses/study-guide/educations/18800,Yes,MSc,Civil Engineering and Geosciences,"[9, 11, 12, 13, 16]"
FALSE,CIEM5210,Applied Mechanics of Structures,https://studiegids.tudelft.nl/courses/study-guide/educations/18801,No,MSc,Civil Engineering and Geosciences,[]
TRUE,CIEM5220,Applied Dynamics of Structures,https://studiegids.tudelft.nl/courses/study-guide/educations/18802,Yes,MSc,Civil Engineering and Geosciences,"[7, 9, 13]"
TRUE,CIEM5230,Concrete Structures,https://studiegids.tudelft.nl/courses/study-guide/educations/18803,Yes,MSc,Civil Engineering and Geosciences,"[9, 12, 13]"
TRUE,CIEM5240-24,Steel and Composite Structures,https://studiegids.tudelft.nl/courses/study-guide/educations/18804,Yes,MSc,Civil Engineering and Geosciences,"[7, 9, 12, 13, 16]"
TRUE,CIEM5250,Building Engineering,https://studiegids.tudelft.nl/courses/study-guide/educations/18805,Yes,MSc,Civil Engineering and Geosciences,"[9, 11, 12, 13]"
TRUE,CIEM5260,Transportation Infrastructures,https://studiegids.tudelft.nl/courses/study-guide/educations/18806,Yes,MSc,Civil Engineering and Geosciences,"[9, 11, 13]"
FALSE,CIEM5301,Shell Structures,https://studiegids.tudelft.nl/courses/study-guide/educations/18829,No,MSc,Civil Engineering and Geosciences,[]
TRUE,CIEM5304,CO2 Neutral Structures,https://studiegids.tudelft.nl/courses/study-guide/educations/18830,Yes,MSc,Civil Engineering and Geosciences,"[9, 11, 12, 13]"
FALSE,CIEM5305,Fire Safety Design,https://studiegids.tudelft.nl/courses/study-guide/educations/18831,No,MSc,Civil Engineering and Geosciences,[]
TRUE,CIEM5306,Assessment of Existing Concrete Structures,https://studiegids.tudelft.nl/courses/study-guide/educations/18832,Yes,MSc,Civil Engineering and Geosciences,[16]
FALSE,CIEM5307,Forensic Structural Engineering,https://studiegids.tudelft.nl/courses/study-guide/educations/18833,No,MSc,Civil Engineering and Geosciences,[]
TRUE,CIEM5308,Parametric Design and Digital Fabrication,https://studiegids.tudelft.nl/courses/study-guide/educations/18834,Yes,MSc,Civil Engineering and Geosciences,"[9, 17]"
TRUE,CIEM5309,Advanced Building Physics,https://studiegids.tudelft.nl/courses/study-guide/educations/18835,Yes,MSc,Civil Engineering and Geosciences,"[3, 9, 13]"
FALSE,CIEM5310,Contact and Interface Mechanics for Engineering Structures,https://studiegids.tudelft.nl/courses/study-guide/educations/18836,No,MSc,Civil Engineering and Geosciences,[]
TRUE,CIEM5311,Transportation Infrastructures under Extreme Conditions,https://studiegids.tudelft.nl/courses/study-guide/educations/18837,Yes,MSc,Civil Engineering and Geosciences,"[9, 11, 13]"
TRUE,CIEM5312,Emerging Technologies for Transportation Infrastructure,https://studiegids.tudelft.nl/courses/study-guide/educations/18838,Yes,MSc,Civil Engineering and Geosciences,"[7, 9, 11, 12, 13]"
TRUE,CIEM6000,Base: Traffic and Transport Engineering,https://studiegids.tudelft.nl/courses/study-guide/educations/18807,Yes,MSc,Civil Engineering and Geosciences,"[9, 10, 11, 13, 16]"
TRUE,CIEM6110,Methods in Traffic and Transport Engineering,https://studiegids.tudelft.nl/courses/study-guide/educations/18808,Yes,MSc,Civil Engineering and Geosciences,"[9, 11]"
TRUE,CIEM6250,Transport Systems Design,https://studiegids.tudelft.nl/courses/study-guide/educations/21208,Yes,MSc,Civil Engineering and Geosciences,"[9, 11, 12, 13]"
TRUE,CIEM6301,Railway Traffic Management,https://studiegids.tudelft.nl/courses/study-guide/educations/18839,Yes,MSc,Civil Engineering and Geosciences,"[7, 9, 12, 13, 16]"
TRUE,CIEM6302,Advanced Data Science for Traffic and Transportation Engineering,https://studiegids.tudelft.nl/courses/study-guide/educations/18840,Yes,MSc,Civil Engineering and Geosciences,"[9, 11, 17]"
TRUE,CIEM6303,Innovations and Transitions for Sustainable Transport,https://studiegids.tudelft.nl/courses/study-guide/educations/18841,Yes,MSc,Civil Engineering and Geosciences,"[5, 6, 8, 9, 11, 13, 17]"
TRUE,CIEM6304,eXtended Reality for Civil Engineering,https://studiegids.tudelft.nl/courses/study-guide/educations/18842,Yes,MSc,Civil Engineering and Geosciences,[9]
TRUE,CIEM6305,Active Modes: Traffic and Transportation,https://studiegids.tudelft.nl/courses/study-guide/educations/18843,Yes,MSc,Civil Engineering and Geosciences,"[9, 11]"
TRUE,CIEQ1000,Micromechanics and Computational Modelling of Building Materials,https://studiegids.tudelft.nl/courses/study-guide/educations/1280,Yes,MSc,Civil Engineering and Geosciences,[9]
FALSE,CIEQ1004,Concrete - Science and Technology,https://studiegids.tudelft.nl/courses/study-guide/educations/1281,No,MSc,Civil Engineering and Geosciences,[]
FALSE,CIEQ1211,Repair and Maintenance of Construction Materials,https://studiegids.tudelft.nl/courses/study-guide/educations/1282,No,MSc,Civil Engineering and Geosciences,[]
FALSE,CIEQ2001,Consolidation of Soils,https://studiegids.tudelft.nl/courses/study-guide/educations/1283,No,MSc,Civil Engineering and Geosciences,[]
FALSE,CIEQ2003A,Soil-structure Interaction,https://studiegids.tudelft.nl/courses/study-guide/educations/1284,No,MSc,Civil Engineering and Geosciences,[]
FALSE,CIEQ2003B,Deep Excavations,https://studiegids.tudelft.nl/courses/study-guide/educations/1285,No,MSc,Civil Engineering and Geosciences,[]
TRUE,CIEQ2111,Numerical Modelling in Geo-Engineering,https://studiegids.tudelft.nl/courses/study-guide/educations/1286,Yes,MSc,Civil Engineering and Geosciences,"[9, 16]"
TRUE,CIEQ2112,Engineering Geology,https://studiegids.tudelft.nl/courses/study-guide/educations/1287,Yes,MSc,Civil Engineering and Geosciences,[16]
FALSE,CIEQ2211,Risk and Variability in Geo-Engineering,https://studiegids.tudelft.nl/courses/study-guide/educations/1288,No,MSc,Civil Engineering and Geosciences,[]
FALSE,CIEQ2212A,Design of Embankments,https://studiegids.tudelft.nl/courses/study-guide/educations/1289,No,MSc,Civil Engineering and Geosciences,[]
FALSE,CIEQ2212B,Bored and Immersed Tunneling,https://studiegids.tudelft.nl/courses/study-guide/educations/1290,No,MSc,Civil Engineering and Geosciences,[]
FALSE,CIEQ2222,Experimental Methods in Geotechnical Engineering,https://studiegids.tudelft.nl/courses/study-guide/educations/1291,No,MSc,Civil Engineering and Geosciences,[]
FALSE,CIEQ2223,Soil Dynamics,https://studiegids.tudelft.nl/courses/study-guide/educations/1292,No,MSc,Civil Engineering and Geosciences,[]
TRUE,CIEQ3001,Computational Modelling of Flow and Tranport,https://studiegids.tudelft.nl/courses/study-guide/educations/1293,Yes,MSc,Civil Engineering and Geosciences,"[6, 9]"
TRUE,CIEQ3002,Ocean Waves,https://studiegids.tudelft.nl/courses/study-guide/educations/1294,Yes,MSc,Civil Engineering and Geosciences,[14]
TRUE,CIEQ3003,River Dynamics 1,https://studiegids.tudelft.nl/courses/study-guide/educations/1295,Yes,MSc,Civil Engineering and Geosciences,[6]
TRUE,CIEQ3111,Coastal Dynamics 1,https://studiegids.tudelft.nl/courses/study-guide/educations/1296,Yes,MSc,Civil Engineering and Geosciences,[13]
TRUE,CIEQ3112,Ports and Waterways 1,https://studiegids.tudelft.nl/courses/study-guide/educations/18945,Yes,MSc,Civil Engineering and Geosciences,"[6, 9, 11, 12, 13]"
FALSE,CIEQ3211A,Sediment Dynamics,https://studiegids.tudelft.nl/courses/study-guide/educations/1298,No,MSc,Civil Engineering and Geosciences,[]
FALSE,CIEQ3211B,Coastal Dynamics 2,https://studiegids.tudelft.nl/courses/study-guide/educations/1299,No,MSc,Civil Engineering and Geosciences,[]
FALSE,CIEQ3221,River Dynamics 2,https://studiegids.tudelft.nl/courses/study-guide/educations/1300,No,MSc,Civil Engineering and Geosciences,[]
TRUE,CIEQ3231,Ports and Waterways 2,https://studiegids.tudelft.nl/courses/study-guide/educations/1301,Yes,MSc,Civil Engineering and Geosciences,"[9, 11]"
TRUE,CIEQ4112,Hydraulic Structures 2,https://studiegids.tudelft.nl/courses/study-guide/educations/1302,Yes,MSc,Civil Engineering and Geosciences,[9]
FALSE,CIEQ4223,Breakwaters and Closure Dams,https://studiegids.tudelft.nl/courses/study-guide/educations/1303,No,MSc,Civil Engineering and Geosciences,[]
TRUE,CIEQ5001,Prestressed Concrete,https://studiegids.tudelft.nl/courses/study-guide/educations/1304,Yes,MSc,Civil Engineering and Geosciences,"[9, 12]"
TRUE,CIEQ5001A,Timber Structures and Wood Technology,https://studiegids.tudelft.nl/courses/study-guide/educations/1305,Yes,MSc,Civil Engineering and Geosciences,"[9, 12, 13]"
FALSE,CIEQ5002A,Structural Dynamics,https://studiegids.tudelft.nl/courses/study-guide/educations/1306,No,MSc,Civil Engineering and Geosciences,[]
FALSE,CIEQ5002B,Plates and Slabs,https://studiegids.tudelft.nl/courses/study-guide/educations/1307,No,MSc,Civil Engineering and Geosciences,[]
FALSE,CIEQ5002C,Analysis of Slender Structures,https://studiegids.tudelft.nl/courses/study-guide/educations/1308,No,MSc,Civil Engineering and Geosciences,[]
FALSE,CIEQ5112,Introduction to the Finite Element Method,https://studiegids.tudelft.nl/courses/study-guide/educations/1309,No,MSc,Civil Engineering and Geosciences,[]
FALSE,CIEQ5121B,Steel Structures 2,https://studiegids.tudelft.nl/courses/study-guide/educations/1310,No,MSc,Civil Engineering and Geosciences,[]
FALSE,CIEQ5211,Computational Modelling of Structures,https://studiegids.tudelft.nl/courses/study-guide/educations/1311,No,MSc,Civil Engineering and Geosciences,[]
FALSE,CIEQ5213,Plastic Analysis of Structures,https://studiegids.tudelft.nl/courses/study-guide/educations/1312,No,MSc,Civil Engineering and Geosciences,[]
TRUE,CIEQ5221,Structural Response to Earthquakes,https://studiegids.tudelft.nl/courses/study-guide/educations/1313,Yes,MSc,Civil Engineering and Geosciences,[9]
TRUE,CIEQ5222,Random Vibrations,https://studiegids.tudelft.nl/courses/study-guide/educations/1314,Yes,MSc,Civil Engineering and Geosciences,[7]
FALSE,CIEQ5234,Capita Selecta Concrete Structures,https://studiegids.tudelft.nl/courses/study-guide/educations/1315,No,MSc,Civil Engineering and Geosciences,[]
FALSE,CIEQ5235,Concrete Bridges,https://studiegids.tudelft.nl/courses/study-guide/educations/1316,No,MSc,Civil Engineering and Geosciences,[]
TRUE,CIEQ5241A,Steel Structures 3,https://studiegids.tudelft.nl/courses/study-guide/educations/1317,Yes,MSc,Civil Engineering and Geosciences,[9]
FALSE,CIEQ5241B,Fatigue,https://studiegids.tudelft.nl/courses/study-guide/educations/1318,No,MSc,Civil Engineering and Geosciences,[]
TRUE,CIEQ5242,Steel Bridges,https://studiegids.tudelft.nl/courses/study-guide/educations/1319,Yes,MSc,Civil Engineering and Geosciences,"[7, 9, 13]"
FALSE,CIEQ5243A,Capita Selecta Steel and Aluminium Structures,https://studiegids.tudelft.nl/courses/study-guide/educations/1320,No,MSc,Civil Engineering and Geosciences,[]
TRUE,CIEQ5243B,Fibre-Reinforced Polymer (FRP) Structures,https://studiegids.tudelft.nl/courses/study-guide/educations/1321,Yes,MSc,Civil Engineering and Geosciences,[9]
TRUE,CIEQ5251A,Architectural History of Buildings,https://studiegids.tudelft.nl/courses/study-guide/educations/1322,Yes,MSc,Civil Engineering and Geosciences,"[9, 11]"
TRUE,CIEQ5251B,Introduction to Building Physics and Façades,https://studiegids.tudelft.nl/courses/study-guide/educations/1323,Yes,MSc,Civil Engineering and Geosciences,"[7, 9, 12, 13]"
TRUE,CIEQ5252,Building Structures 2,https://studiegids.tudelft.nl/courses/study-guide/educations/1324,Yes,MSc,Civil Engineering and Geosciences,"[9, 11, 12]"
FALSE,CIEQ5253,"Structural Design, Special Structures",https://studiegids.tudelft.nl/courses/study-guide/educations/1325,No,MSc,Civil Engineering and Geosciences,[]
TRUE,CIEQ5261A,Structural Pavement Design,https://studiegids.tudelft.nl/courses/study-guide/educations/1326,Yes,MSc,Civil Engineering and Geosciences,"[9, 16]"
TRUE,CIEQ5261B,Structural Design of Railway Track,https://studiegids.tudelft.nl/courses/study-guide/educations/1327,Yes,MSc,Civil Engineering and Geosciences,[9]
FALSE,CIEQ5262,Road Paving Materials incl. Laboratory Experiment,https://studiegids.tudelft.nl/courses/study-guide/educations/1328,No,MSc,Civil Engineering and Geosciences,[]
TRUE,CIEQ5263,"Production, Construction and Maintenance of Asphalt Concrete Pavements",https://studiegids.tudelft.nl/courses/study-guide/educations/1329,Yes,MSc,Civil Engineering and Geosciences,[9]
TRUE,CIEQ6002,Transport Modelling and Analysis,https://studiegids.tudelft.nl/courses/study-guide/educations/18579,Yes,MSc,Civil Engineering and Geosciences,"[7, 9, 11]"
FALSE,CIEQ6003,Traffic Modelling and Management,https://studiegids.tudelft.nl/courses/study-guide/educations/18923,No,MSc,Civil Engineering and Geosciences,[]
FALSE,CIEQ6111,Empirical Analysis for Transport en Planning,https://studiegids.tudelft.nl/courses/study-guide/educations/1332,No,MSc,Civil Engineering and Geosciences,[]
FALSE,CIEQ6112,Transport Engineering en Optimisation,https://studiegids.tudelft.nl/courses/study-guide/educations/1333,No,MSc,Civil Engineering and Geosciences,[]
FALSE,CIEQ6211,Transport Modelling: Traffic Assignment,https://studiegids.tudelft.nl/courses/study-guide/educations/18935,No,MSc,Civil Engineering and Geosciences,[]
TRUE,CIEQ6212,"Regions, Transport and Networks",https://studiegids.tudelft.nl/courses/study-guide/educations/18922,Yes,MSc,Civil Engineering and Geosciences,"[9, 11]"
TRUE,CIEQ6213,Freight transport networks and systems,https://studiegids.tudelft.nl/courses/study-guide/educations/18929,Yes,MSc,Civil Engineering and Geosciences,"[9, 11, 12, 13]"
TRUE,CIEQ6214,Resilient Transport Systems: Analysis and Interventions,https://studiegids.tudelft.nl/courses/study-guide/educations/1337,Yes,MSc,Civil Engineering and Geosciences,"[9, 11, 12, 13]"
FALSE,CIEQ6221,Active Modes: Traffic and Transport,https://studiegids.tudelft.nl/courses/study-guide/educations/1338,No,MSc,Civil Engineering and Geosciences,[]
FALSE,CIEQ6222,Traffic Safety,https://studiegids.tudelft.nl/courses/study-guide/educations/18939,No,MSc,Civil Engineering and Geosciences,[]
TRUE,CIEQ6223,Intelligent Vehicles for Safe and Efficient Traffic: Design and Assessment,https://studiegids.tudelft.nl/courses/study-guide/educations/18924,Yes,MSc,Civil Engineering and Geosciences,"[9, 11]"
TRUE,CIEQ6224,Urban and motorway Traffic Flow Modelling and Control,https://studiegids.tudelft.nl/courses/study-guide/educations/1341,Yes,MSc,Civil Engineering and Geosciences,"[9, 11]"
TRUE,CIEQ6231,Public Transport System and Supply Planning and Operations,https://studiegids.tudelft.nl/courses/study-guide/educations/18942,Yes,MSc,Civil Engineering and Geosciences,"[9, 10, 11, 13]"
TRUE,CIEQ6232,Public Transport Demand and Network Planning and Operations,https://studiegids.tudelft.nl/courses/study-guide/educations/18927,Yes,MSc,Civil Engineering and Geosciences,"[10, 11, 13]"
TRUE,CIEQ6233,Railway Operations and Control,https://studiegids.tudelft.nl/courses/study-guide/educations/18928,Yes,MSc,Civil Engineering and Geosciences,"[9, 16]"
FALSE,CME1201,Collaborative Design and Engineering,https://studiegids.tudelft.nl/courses/study-guide/educations/18552,No,MSc,Civil Engineering and Geosciences,[]
FALSE,CME2000,Master Thesis,https://studiegids.tudelft.nl/courses/study-guide/educations/18875,No,MSc,Civil Engineering and Geosciences,[]
FALSE,CME2001,"Master Thesis, Preparation",https://studiegids.tudelft.nl/courses/study-guide/educations/18876,No,MSc,Civil Engineering and Geosciences,[]
FALSE,CME2100-11,Research Internship,https://studiegids.tudelft.nl/courses/study-guide/educations/18562,No,MSc,Civil Engineering and Geosciences,[]
TRUE,CME2202,Dynamic Control of Projects,https://studiegids.tudelft.nl/courses/study-guide/educations/18868,Yes,MSc,Civil Engineering and Geosciences,"[9, 11, 12, 13]"
TRUE,CME2300,Financial Engineering,https://studiegids.tudelft.nl/courses/study-guide/educations/18553,Yes,MSc,Civil Engineering and Geosciences,"[12, 13]"
FALSE,CME4001,Project Management,https://studiegids.tudelft.nl/courses/study-guide/educations/18554,No,MSc,Civil Engineering and Geosciences,[]
TRUE,CME4100,Process Management,https://studiegids.tudelft.nl/courses/study-guide/educations/18869,Yes,MSc,Civil Engineering and Geosciences,"[11, 13]"
TRUE,CME4121,Information Systems for the Construction Industry,https://studiegids.tudelft.nl/courses/study-guide/educations/18555,Yes,MSc,Civil Engineering and Geosciences,"[11, 12, 13]"
FALSE,CME4150,Managing Uncertainty and Data,https://studiegids.tudelft.nl/courses/study-guide/educations/18556,No,MSc,Civil Engineering and Geosciences,[]
TRUE,CME4170,Construction Technology,https://studiegids.tudelft.nl/courses/study-guide/educations/19005,Yes,MSc,Civil Engineering and Geosciences,[9]
TRUE,CME4200,Intercultural Relations and Diversity Competence,https://studiegids.tudelft.nl/courses/study-guide/educations/18557,Yes,MSc,Civil Engineering and Geosciences,[5]
TRUE,CME4250,Transformative Design,https://studiegids.tudelft.nl/courses/study-guide/educations/18873,Yes,MSc,Civil Engineering and Geosciences,"[9, 11, 17]"
TRUE,CME4301,Infrastructure Asset Management,https://studiegids.tudelft.nl/courses/study-guide/educations/21308,Yes,MSc,Civil Engineering and Geosciences,"[9, 11, 13]"
TRUE,CME4400,Entrepreneurial Engineering,https://studiegids.tudelft.nl/courses/study-guide/educations/18874,Yes,MSc,Civil Engineering and Geosciences,"[8, 9, 12, 13, 17]"
FALSE,CME4481,Systems Engineering Design,https://studiegids.tudelft.nl/courses/study-guide/educations/18864,No,MSc,Civil Engineering and Geosciences,[]
TRUE,CME4501,Engineering Systems Optimisation,https://studiegids.tudelft.nl/courses/study-guide/educations/18865,Yes,MSc,Civil Engineering and Geosciences,[9]
TRUE,CME4601,Leadership and Strategic Management,https://studiegids.tudelft.nl/courses/study-guide/educations/18870,Yes,MSc,Civil Engineering and Geosciences,"[11, 13]"
TRUE,CME4701,Construction Management Systems,https://studiegids.tudelft.nl/courses/study-guide/educations/18866,Yes,MSc,Civil Engineering and Geosciences,"[9, 11]"
FALSE,CME4800,Procurement of Complex Public Projects and Programmes,https://studiegids.tudelft.nl/courses/study-guide/educations/19006,No,MSc,Civil Engineering and Geosciences,[]
FALSE,CME4850,Forms of Collaboration in Civil Engineering,https://studiegids.tudelft.nl/courses/study-guide/educations/19007,No,MSc,Civil Engineering and Geosciences,[]
TRUE,CME4950,CME Research and Development Project,https://studiegids.tudelft.nl/courses/study-guide/educations/18565,Yes,MSc,Civil Engineering and Geosciences,[16]
FALSE,CME5021,Research and Development Methods for CME,https://studiegids.tudelft.nl/courses/study-guide/educations/21312,No,MSc,Civil Engineering and Geosciences,[]
TRUE,CME5050,Technical Writing,https://studiegids.tudelft.nl/courses/study-guide/educations/17797,Yes,MSc,Civil Engineering and Geosciences,[4]
FALSE,CME5100,CME Master Thesis Preparation,https://studiegids.tudelft.nl/courses/study-guide/educations/18566,No,MSc,Civil Engineering and Geosciences,[]
FALSE,CME5200,CME Master Thesis,https://studiegids.tudelft.nl/courses/study-guide/educations/18567,No,MSc,Civil Engineering and Geosciences,[]
FALSE,CS4090,Quantum Communication and Cryptography,https://studiegids.tudelft.nl/courses/study-guide/educations/14448,No,MSc,"Electrical Engineering, Mathematics and Computer Science",[]
TRUE,CS4145,Crowd Computing,https://studiegids.tudelft.nl/courses/study-guide/educations/14767,Yes,MSc,"Electrical Engineering, Mathematics and Computer Science",[11]
FALSE,CS4150,Systems Security,https://studiegids.tudelft.nl/courses/study-guide/educations/14761,No,MSc,"Electrical Engineering, Mathematics and Computer Science",[]
TRUE,CS4160,Blockchain Engineering,https://studiegids.tudelft.nl/courses/study-guide/educations/14764,Yes,MSc,"Electrical Engineering, Mathematics and Computer Science","[9, 16]"
FALSE,CS4205,Evolutionary Algorithms,https://studiegids.tudelft.nl/courses/study-guide/educations/14752,No,MSc,"Electrical Engineering, Mathematics and Computer Science",[]
FALSE,CS4295,Development and Operation of Distributed Applications,https://studiegids.tudelft.nl/courses/study-guide/educations/14776,No,MSc,"Electrical Engineering, Mathematics and Computer Science",[]
FALSE,CS4380,Privacy Enhancing Technologies,https://studiegids.tudelft.nl/courses/study-guide/educations/14762,No,MSc,"Electrical Engineering, Mathematics and Computer Science",[]
FALSE,CS4410,Category Theory for Programmers,https://studiegids.tudelft.nl/courses/study-guide/educations/14780,No,MSc,"Electrical Engineering, Mathematics and Computer Science",[]
FALSE,CS4430,Network Security,https://studiegids.tudelft.nl/courses/study-guide/educations/14763,No,MSc,"Electrical Engineering, Mathematics and Computer Science",[]
TRUE,CS4500,Responsible Computer Science,https://studiegids.tudelft.nl/courses/study-guide/educations/14744,Yes,MSc,"Electrical Engineering, Mathematics and Computer Science","[4, 5, 10, 16, 17]"
FALSE,CS4505,Software Architecture,https://studiegids.tudelft.nl/courses/study-guide/educations/14745,No,MSc,"Electrical Engineering, Mathematics and Computer Science",[]
FALSE,CS4510,Formal Reasoning about Software,https://studiegids.tudelft.nl/courses/study-guide/educations/14747,No,MSc,"Electrical Engineering, Mathematics and Computer Science",[]
FALSE,CS4515,3D Computer Graphics and Animation,https://studiegids.tudelft.nl/courses/study-guide/educations/14748,No,MSc,"Electrical Engineering, Mathematics and Computer Science",[]
FALSE,CS4520,Security and Cryptography,https://studiegids.tudelft.nl/courses/study-guide/educations/14749,No,MSc,"Electrical Engineering, Mathematics and Computer Science",[]
FALSE,CS4525,Web-Scale Data Management,https://studiegids.tudelft.nl/courses/study-guide/educations/14750,No,MSc,"Electrical Engineering, Mathematics and Computer Science",[]
FALSE,CS4530,Modelling and Problem Solving,https://studiegids.tudelft.nl/courses/study-guide/educations/14753,No,MSc,"Electrical Engineering, Mathematics and Computer Science",[]
FALSE,CS4535,Constraint Solving,https://studiegids.tudelft.nl/courses/study-guide/educations/14754,No,MSc,"Electrical Engineering, Mathematics and Computer Science",[]
FALSE,CS4540,Geometric Data Processing,https://studiegids.tudelft.nl/courses/study-guide/educations/14755,No,MSc,"Electrical Engineering, Mathematics and Computer Science",[]
FALSE,CS4545,Distributed Algorithms,https://studiegids.tudelft.nl/courses/study-guide/educations/14765,No,MSc,"Electrical Engineering, Mathematics and Computer Science",[]
FALSE,CS4550,Distributed Data Systems,https://studiegids.tudelft.nl/courses/study-guide/educations/14766,No,MSc,"Electrical Engineering, Mathematics and Computer Science",[]
FALSE,CS4555,Compiler Construction,https://studiegids.tudelft.nl/courses/study-guide/educations/14773,No,MSc,"Electrical Engineering, Mathematics and Computer Science",[]
FALSE,CS4560,Parallel and Concurrent Programming,https://studiegids.tudelft.nl/courses/study-guide/educations/14774,No,MSc,"Electrical Engineering, Mathematics and Computer Science",[]
FALSE,CS4565,Advanced Functional Programming,https://studiegids.tudelft.nl/courses/study-guide/educations/14775,No,MSc,"Electrical Engineering, Mathematics and Computer Science",[]
FALSE,CS4570,Machine Learning for Software Engineering,https://studiegids.tudelft.nl/courses/study-guide/educations/22013,No,MSc,"Electrical Engineering, Mathematics and Computer Science",[]
TRUE,CS4575,Sustainable Software Engineering,https://studiegids.tudelft.nl/courses/study-guide/educations/14777,Yes,MSc,"Electrical Engineering, Mathematics and Computer Science","[12, 13]"
FALSE,CS4580,Automated Software Testing and Reverse Engineering,https://studiegids.tudelft.nl/courses/study-guide/educations/22717,No,MSc,"Electrical Engineering, Mathematics and Computer Science",[]
FALSE,CS4590,Applied Quantum Algorithms,https://studiegids.tudelft.nl/courses/study-guide/educations/21983,No,MSc,"Electrical Engineering, Mathematics and Computer Science",[]
FALSE,CS4700,Literature Survey,https://studiegids.tudelft.nl/courses/study-guide/educations/14427,No,MSc,"Electrical Engineering, Mathematics and Computer Science",[]
FALSE,CS4705,Research Seminar Computer Graphics,https://studiegids.tudelft.nl/courses/study-guide/educations/14428,No,MSc,"Electrical Engineering, Mathematics and Computer Science",[]
FALSE,CS4710,Research in Cyber Security – Hacking Lab,https://studiegids.tudelft.nl/courses/study-guide/educations/14429,No,MSc,"Electrical Engineering, Mathematics and Computer Science",[]
FALSE,CS4715,Programming Languages Research Seminar,https://studiegids.tudelft.nl/courses/study-guide/educations/14430,No,MSc,"Electrical Engineering, Mathematics and Computer Science",[]
FALSE,CS4720,Research in Software Analysis,https://studiegids.tudelft.nl/courses/study-guide/educations/14431,No,MSc,"Electrical Engineering, Mathematics and Computer Science",[]
FALSE,CS4725,Research Seminar on Scalable Learning Systems,https://studiegids.tudelft.nl/courses/study-guide/educations/14432,No,MSc,"Electrical Engineering, Mathematics and Computer Science",[]
FALSE,CS5000,Thesis Project,https://studiegids.tudelft.nl/courses/study-guide/educations/14441,No,MSc,"Electrical Engineering, Mathematics and Computer Science",[]
TRUE,CSE1000,Mentoring,https://studiegids.tudelft.nl/courses/study-guide/educations/14246,Yes,BSc,"Electrical Engineering, Mathematics and Computer Science",[4]
FALSE,CSE1100,Introduction to Programming,https://studiegids.tudelft.nl/courses/study-guide/educations/14247,No,BSc,"Electrical Engineering, Mathematics and Computer Science",[]
FALSE,CSE1105,Collaborative Software Engineering Project,https://studiegids.tudelft.nl/courses/study-guide/educations/14248,No,BSc,"Electrical Engineering, Mathematics and Computer Science",[]
FALSE,CSE1110,Software Quality and Testing,https://studiegids.tudelft.nl/courses/study-guide/educations/14249,No,BSc,"Electrical Engineering, Mathematics and Computer Science",[]
FALSE,CSE1200,Calculus,https://studiegids.tudelft.nl/courses/study-guide/educations/14250,No,BSc,"Electrical Engineering, Mathematics and Computer Science",[]
FALSE,CSE1205,Linear Algebra,https://studiegids.tudelft.nl/courses/study-guide/educations/14251,No,BSc,"Electrical Engineering, Mathematics and Computer Science",[]
FALSE,CSE1210,Probability Theory and Statistics,https://studiegids.tudelft.nl/courses/study-guide/educations/14252,No,BSc,"Electrical Engineering, Mathematics and Computer Science",[]
FALSE,CSE1300,Reasoning and Logic,https://studiegids.tudelft.nl/courses/study-guide/educations/14253,No,BSc,"Electrical Engineering, Mathematics and Computer Science",[]
FALSE,CSE1305,Algorithms and Data Structures,https://studiegids.tudelft.nl/courses/study-guide/educations/14254,No,BSc,"Electrical Engineering, Mathematics and Computer Science",[]
FALSE,CSE1400,Computer Organisation,https://studiegids.tudelft.nl/courses/study-guide/educations/14255,No,BSc,"Electrical Engineering, Mathematics and Computer Science",[]
TRUE,CSE1405,Computer Networks,https://studiegids.tudelft.nl/courses/study-guide/educations/14256,Yes,BSc,"Electrical Engineering, Mathematics and Computer Science",[16]
FALSE,CSE1500,Web and Database Technology,https://studiegids.tudelft.nl/courses/study-guide/educations/14257,No,BSc,"Electrical Engineering, Mathematics and Computer Science",[]
FALSE,CSE1505,Information and Data Management,https://studiegids.tudelft.nl/courses/study-guide/educations/14258,No,BSc,"Electrical Engineering, Mathematics and Computer Science",[]
FALSE,CSE2000,Software Project,https://studiegids.tudelft.nl/courses/study-guide/educations/14259,No,BSc,"Electrical Engineering, Mathematics and Computer Science",[]
FALSE,CSE2115,Software Engineering Methods,https://studiegids.tudelft.nl/courses/study-guide/educations/14260,No,BSc,"Electrical Engineering, Mathematics and Computer Science",[]
FALSE,CSE2120,Concepts of Programming Languages,https://studiegids.tudelft.nl/courses/study-guide/educations/14261,No,BSc,"Electrical Engineering, Mathematics and Computer Science",[]
FALSE,CSE2215,Computer Graphics,https://studiegids.tudelft.nl/courses/study-guide/educations/14262,No,BSc,"Electrical Engineering, Mathematics and Computer Science",[]
FALSE,CSE2220,Signal Processing,https://studiegids.tudelft.nl/courses/study-guide/educations/14263,No,BSc,"Electrical Engineering, Mathematics and Computer Science",[]
FALSE,CSE2225,Image Processing,https://studiegids.tudelft.nl/courses/study-guide/educations/14264,No,BSc,"Electrical Engineering, Mathematics and Computer Science",[]
FALSE,CSE2230,Multimedia Analysis,https://studiegids.tudelft.nl/courses/study-guide/educations/14265,No,BSc,"Electrical Engineering, Mathematics and Computer Science",[]
FALSE,CSE2310,Algorithm Design,https://studiegids.tudelft.nl/courses/study-guide/educations/14266,No,BSc,"Electrical Engineering, Mathematics and Computer Science",[]
FALSE,CSE2315,"Automata, Computability and Complexity",https://studiegids.tudelft.nl/courses/study-guide/educations/14267,No,BSc,"Electrical Engineering, Mathematics and Computer Science",[]
FALSE,CSE2420,Digital Systems,https://studiegids.tudelft.nl/courses/study-guide/educations/14268,No,BSc,"Electrical Engineering, Mathematics and Computer Science",[]
FALSE,CSE2425,Embedded Software,https://studiegids.tudelft.nl/courses/study-guide/educations/14269,No,BSc,"Electrical Engineering, Mathematics and Computer Science",[]
FALSE,CSE2430,Operating Systems,https://studiegids.tudelft.nl/courses/study-guide/educations/14270,No,BSc,"Electrical Engineering, Mathematics and Computer Science",[]
TRUE,CSE2510,Machine Learning,https://studiegids.tudelft.nl/courses/study-guide/educations/14271,Yes,BSc,"Electrical Engineering, Mathematics and Computer Science",[16]
FALSE,CSE2520,Big Data Processing,https://studiegids.tudelft.nl/courses/study-guide/educations/14272,No,BSc,"Electrical Engineering, Mathematics and Computer Science",[]
TRUE,CSE2525,Data Mining,https://studiegids.tudelft.nl/courses/study-guide/educations/14273,Yes,BSc,"Electrical Engineering, Mathematics and Computer Science",[16]
FALSE,CSE2530,Computational Intelligence,https://studiegids.tudelft.nl/courses/study-guide/educations/14274,No,BSc,"Electrical Engineering, Mathematics and Computer Science",[]
FALSE,CSE3000,Research Project,https://studiegids.tudelft.nl/courses/study-guide/educations/14275,No,BSc,"Electrical Engineering, Mathematics and Computer Science",[]
FALSE,CSE3100,Functional Programming,https://studiegids.tudelft.nl/courses/study-guide/educations/14276,No,BSc,"Electrical Engineering, Mathematics and Computer Science",[]
FALSE,CSE3130,Introduction to Quantum Computer Science,https://studiegids.tudelft.nl/courses/study-guide/educations/14277,No,BSc,"Electrical Engineering, Mathematics and Computer Science",[]
FALSE,CSE3210,Collaborative Artificial Intelligence,https://studiegids.tudelft.nl/courses/study-guide/educations/14278,No,BSc,"Electrical Engineering, Mathematics and Computer Science",[]
FALSE,CSE3220,Computer Security,https://studiegids.tudelft.nl/courses/study-guide/educations/14279,No,BSc,"Electrical Engineering, Mathematics and Computer Science",[]
FALSE,CSE3300,Algorithms for NP-Hard Problems,https://studiegids.tudelft.nl/courses/study-guide/educations/14280,No,BSc,"Electrical Engineering, Mathematics and Computer Science",[]
TRUE,CSE3500,Human Computer Interaction,https://studiegids.tudelft.nl/courses/study-guide/educations/14281,Yes,BSc,"Electrical Engineering, Mathematics and Computer Science",[16]
FALSE,CT1730HBO,Introduction to Geotechnical Engineering,https://studiegids.tudelft.nl/courses/study-guide/educations/18596,No,BSc,Civil Engineering and Geosciences,[]
FALSE,CT2023,Programmeren in Python,https://studiegids.tudelft.nl/courses/study-guide/educations/18615,No,BSc,Civil Engineering and Geosciences,[]
TRUE,CT3016,Project Minor Water Research,https://studiegids.tudelft.nl/courses/study-guide/educations/17734,Yes,BSc,Civil Engineering and Geosciences,[6]
TRUE,CT3080,The Science of Climate Change,https://studiegids.tudelft.nl/courses/study-guide/educations/17750,Yes,BSc,Civil Engineering and Geosciences,[13]
TRUE,CT3080LR,Landside Accessibility of Airports,https://studiegids.tudelft.nl/courses/study-guide/educations/35238,Yes,BSc,Civil Engineering and Geosciences,"[9, 11]"
TRUE,CT3081-24,Climate Change Impact and Adaptation,https://studiegids.tudelft.nl/courses/study-guide/educations/17751,Yes,BSc,Civil Engineering and Geosciences,"[6, 11, 13]"
TRUE,CT3082,Mitigation of Climate Change,https://studiegids.tudelft.nl/courses/study-guide/educations/17752,Yes,BSc,Civil Engineering and Geosciences,"[7, 9, 12, 13]"
TRUE,CT3083-25,Climate Engineering,https://studiegids.tudelft.nl/courses/study-guide/educations/17753,Yes,BSc,Civil Engineering and Geosciences,"[13, 16]"
TRUE,CT3084,Political Economy of Climate Change,https://studiegids.tudelft.nl/courses/study-guide/educations/17754,Yes,BSc,Civil Engineering and Geosciences,"[7, 9, 12, 13, 17]"
TRUE,CT3085,End Project,https://studiegids.tudelft.nl/courses/study-guide/educations/17755,Yes,BSc,Civil Engineering and Geosciences,[13]
FALSE,CT3101,Project Management Basics,https://studiegids.tudelft.nl/courses/study-guide/educations/17740,No,BSc,Civil Engineering and Geosciences,[]
TRUE,CT3102-15,Finance and Legal Aspects of Projects,https://studiegids.tudelft.nl/courses/study-guide/educations/17741,Yes,BSc,Civil Engineering and Geosciences,[6]
TRUE,CT3103,Integration: Technical Project,https://studiegids.tudelft.nl/courses/study-guide/educations/17742,Yes,BSc,Civil Engineering and Geosciences,"[8, 17]"
FALSE,CT3104,Fit-for-Purpose Project management,https://studiegids.tudelft.nl/courses/study-guide/educations/17743,No,BSc,Civil Engineering and Geosciences,[]
TRUE,CT3170-25,Bend and Break Experimentele Recycling,https://studiegids.tudelft.nl/courses/study-guide/educations/21165,Yes,BSc,Civil Engineering and Geosciences,"[9, 12, 13]"
TRUE,CT3200,Infrastructure Planning and Governance,https://studiegids.tudelft.nl/courses/study-guide/educations/17744,Yes,BSc,Civil Engineering and Geosciences,"[9, 10, 11]"
TRUE,CT3201,Interdisciplinary and Collaborative Design Project,https://studiegids.tudelft.nl/courses/study-guide/educations/17745,Yes,BSc,Civil Engineering and Geosciences,"[6, 9, 11, 13, 17]"
TRUE,CT3260-24,Bend and Break Beton,https://studiegids.tudelft.nl/courses/study-guide/educations/17728,Yes,BSc,Civil Engineering and Geosciences,"[9, 12]"
TRUE,CT3270-15,Bend and Break: Form and Force,https://studiegids.tudelft.nl/courses/study-guide/educations/17730,Yes,BSc,Civil Engineering and Geosciences,[9]
FALSE,CT3280-19,Bend and Break Masonry,https://studiegids.tudelft.nl/courses/study-guide/educations/17731,No,BSc,Civil Engineering and Geosciences,[]
FALSE,CT3295-25,Bend and Break Asphalt,https://studiegids.tudelft.nl/courses/study-guide/educations/17732,No,BSc,Civil Engineering and Geosciences,[]
TRUE,CT3296,Research topics minor Bend and Break,https://studiegids.tudelft.nl/courses/study-guide/educations/21166,Yes,BSc,Civil Engineering and Geosciences,[9]
TRUE,CT3367,Introduction to Water and Climate,https://studiegids.tudelft.nl/courses/study-guide/educations/17735,Yes,BSc,Civil Engineering and Geosciences,"[2, 6, 11, 13]"
TRUE,CT3411-16,Waterworks in Practice,https://studiegids.tudelft.nl/courses/study-guide/educations/17736,Yes,BSc,Civil Engineering and Geosciences,"[2, 6]"
TRUE,CT3501,Mobiliteit en Bereikbaarheid,https://studiegids.tudelft.nl/courses/study-guide/educations/17761,Yes,BSc,Civil Engineering and Geosciences,"[3, 11, 13]"
TRUE,CT3502,Het Transportsysteem,https://studiegids.tudelft.nl/courses/study-guide/educations/17762,Yes,BSc,Civil Engineering and Geosciences,"[9, 11, 12, 13]"
TRUE,CT3503,Stad en Transport,https://studiegids.tudelft.nl/courses/study-guide/educations/17763,Yes,BSc,Civil Engineering and Geosciences,"[4, 9, 11]"
TRUE,CT3505-24,Traffic Flows and Management,https://studiegids.tudelft.nl/courses/study-guide/educations/17764,Yes,BSc,Civil Engineering and Geosciences,"[9, 11, 12, 13]"
TRUE,CT3510,Onderzoeksproject Mobiliteit,https://studiegids.tudelft.nl/courses/study-guide/educations/17765,Yes,BSc,Civil Engineering and Geosciences,"[9, 11]"
TRUE,CT3520,Seminars in M&T: Research fields and Trends,https://studiegids.tudelft.nl/courses/study-guide/educations/17766,Yes,BSc,Civil Engineering and Geosciences,"[9, 11, 13]"
TRUE,CT3521,Seminars in M&T: Case Studies,https://studiegids.tudelft.nl/courses/study-guide/educations/17767,Yes,BSc,Civil Engineering and Geosciences,"[4, 9, 11, 13]"
TRUE,CT3601,Exploratory Research Assignment,https://studiegids.tudelft.nl/courses/study-guide/educations/17756,Yes,BSc,Civil Engineering and Geosciences,"[6, 7, 12]"
TRUE,CT3602,"Analysis of the Energy, Materials and Water Cycle in the Linear and Circular Economy",https://studiegids.tudelft.nl/courses/study-guide/educations/17733,Yes,BSc,Civil Engineering and Geosciences,"[6, 7, 9, 12, 13]"
TRUE,CT3603-23,Solid Waste to Secondary Material Resources,https://studiegids.tudelft.nl/courses/study-guide/educations/17758,Yes,BSc,Civil Engineering and Geosciences,"[9, 12, 13]"
TRUE,CT3604-25,Biomass Nutrients and Energy Conversion,https://studiegids.tudelft.nl/courses/study-guide/educations/21717,Yes,BSc,Civil Engineering and Geosciences,"[7, 9, 12, 13, 15]"
TRUE,CTB1000,Construction Site 1,https://studiegids.tudelft.nl/courses/study-guide/educations/18448,Yes,BSc,Civil Engineering and Geosciences,[9]
FALSE,CTB1001-16,Mathematics,https://studiegids.tudelft.nl/courses/study-guide/educations/18449,No,BSc,Civil Engineering and Geosciences,[]
FALSE,CTB1002,Linear Algebra,https://studiegids.tudelft.nl/courses/study-guide/educations/18450,No,BSc,Civil Engineering and Geosciences,[]
FALSE,CTB1110-17,Construction Mechanics 1,https://studiegids.tudelft.nl/courses/study-guide/educations/18451,No,BSc,Civil Engineering and Geosciences,[]
TRUE,CTB1120-17,Introduction to Civil and Environmental Engineering,https://studiegids.tudelft.nl/courses/study-guide/educations/18452,Yes,BSc,Civil Engineering and Geosciences,"[6, 9, 11, 13]"
FALSE,CTB1210,Dynamics and Modelling,https://studiegids.tudelft.nl/courses/study-guide/educations/17747,No,BSc,Civil Engineering and Geosciences,[]
TRUE,CTB1215-25,Clean Watersystems,https://studiegids.tudelft.nl/courses/study-guide/educations/18453,Yes,BSc,Civil Engineering and Geosciences,[6]
TRUE,CTB1220-17,Integrated Design and Control,https://studiegids.tudelft.nl/courses/study-guide/educations/18454,Yes,BSc,Civil Engineering and Geosciences,"[13, 16]"
FALSE,CTB1310,Constructiemechanica 2,https://studiegids.tudelft.nl/courses/study-guide/educations/18455,No,BSc,Civil Engineering and Geosciences,[]
TRUE,CTB1320-24,Construction Materials and Sustainability,https://studiegids.tudelft.nl/courses/study-guide/educations/18456,Yes,BSc,Civil Engineering and Geosciences,"[9, 12, 13]"
TRUE,CTB1410-20,Design of Structures and Foundations 1,https://studiegids.tudelft.nl/courses/study-guide/educations/18457,Yes,BSc,Civil Engineering and Geosciences,"[9, 11, 12, 13]"
TRUE,CTB1420-25,Transport and Planning,https://studiegids.tudelft.nl/courses/study-guide/educations/18458,Yes,BSc,Civil Engineering and Geosciences,"[3, 9, 11, 13, 16]"
FALSE,CTB2000-25,Construction Site 2,https://studiegids.tudelft.nl/courses/study-guide/educations/18459,No,BSc,Civil Engineering and Geosciences,[]
FALSE,CTB2105,Differential Equations,https://studiegids.tudelft.nl/courses/study-guide/educations/18460,No,BSc,Civil Engineering and Geosciences,[]
TRUE,CTB2110,Fluid Mechanics,https://studiegids.tudelft.nl/courses/study-guide/educations/18461,Yes,BSc,Civil Engineering and Geosciences,[6]
FALSE,CTB2200,Probability and Statistics,https://studiegids.tudelft.nl/courses/study-guide/educations/18463,No,BSc,Civil Engineering and Geosciences,[]
FALSE,CTB2210,Construction Mechanics 3,https://studiegids.tudelft.nl/courses/study-guide/educations/18464,No,BSc,Civil Engineering and Geosciences,[]
FALSE,CTB2220-25,Concrete and Steel Structures,https://studiegids.tudelft.nl/courses/study-guide/educations/18465,No,BSc,Civil Engineering and Geosciences,[]
FALSE,CTB2300,Dynamics of Systems,https://studiegids.tudelft.nl/courses/study-guide/educations/18466,No,BSc,Civil Engineering and Geosciences,[]
FALSE,CTB2310,Soil Mechanics,https://studiegids.tudelft.nl/courses/study-guide/educations/18467,No,BSc,Civil Engineering and Geosciences,[]
TRUE,CTB2320-17,Design of Structures and Foundations 2,https://studiegids.tudelft.nl/courses/study-guide/educations/18468,Yes,BSc,Civil Engineering and Geosciences,"[9, 11, 12, 13, 16]"
FALSE,CTB2400,Numerical Maths,https://studiegids.tudelft.nl/courses/study-guide/educations/18469,No,BSc,Civil Engineering and Geosciences,[]
TRUE,CTB2410,Hydraulic Engineering,https://studiegids.tudelft.nl/courses/study-guide/educations/18470,Yes,BSc,Civil Engineering and Geosciences,"[6, 7, 9, 11, 13]"
TRUE,CTB2420-17,Hydrology,https://studiegids.tudelft.nl/courses/study-guide/educations/18471,Yes,BSc,Civil Engineering and Geosciences,"[2, 6, 11, 13]"
TRUE,CTB3000-16,Bachelor Thesis,https://studiegids.tudelft.nl/courses/study-guide/educations/18724,Yes,BSc,Civil Engineering and Geosciences,[16]
TRUE,CTB3310,Surveying and Mapping,https://studiegids.tudelft.nl/courses/study-guide/educations/18725,Yes,BSc,Civil Engineering and Geosciences,"[4, 6, 9, 11]"
TRUE,CTB3311,Climate Impacts and Engineering,https://studiegids.tudelft.nl/courses/study-guide/educations/18969,Yes,BSc,Civil Engineering and Geosciences,"[9, 11, 13]"
TRUE,CTB3320,Road and Railway Design,https://studiegids.tudelft.nl/courses/study-guide/educations/18726,Yes,BSc,Civil Engineering and Geosciences,"[6, 9, 11, 12, 13]"
FALSE,CTB3330,Structural Mechanics 4,https://studiegids.tudelft.nl/courses/study-guide/educations/18975,No,BSc,Civil Engineering and Geosciences,[]
TRUE,CTB3335,Concrete Structures 2,https://studiegids.tudelft.nl/courses/study-guide/educations/18976,Yes,BSc,Civil Engineering and Geosciences,[9]
FALSE,CTB3340-15,Building Structures 1,https://studiegids.tudelft.nl/courses/study-guide/educations/18977,No,BSc,Civil Engineering and Geosciences,[]
TRUE,CTB3350,Open Channel Flow,https://studiegids.tudelft.nl/courses/study-guide/educations/18970,Yes,BSc,Civil Engineering and Geosciences,[6]
TRUE,CTB3355,Hydraulic Structures,https://studiegids.tudelft.nl/courses/study-guide/educations/18979,Yes,BSc,Civil Engineering and Geosciences,"[6, 9]"
TRUE,CTB3360,Water System Analysis,https://studiegids.tudelft.nl/courses/study-guide/educations/18971,Yes,BSc,Civil Engineering and Geosciences,[6]
TRUE,CTB3365-16,Introduction to Water Treatment,https://studiegids.tudelft.nl/courses/study-guide/educations/18972,Yes,BSc,Civil Engineering and Geosciences,[6]
TRUE,CTB3366,Rainfall in the City,https://studiegids.tudelft.nl/courses/study-guide/educations/17739,Yes,BSc,Civil Engineering and Geosciences,"[11, 13]"
TRUE,CTB3370-18,Geometrical Design of Roads and Railways,https://studiegids.tudelft.nl/courses/study-guide/educations/18980,Yes,BSc,Civil Engineering and Geosciences,"[9, 11]"
TRUE,CTB3385,Use of Underground Space,https://studiegids.tudelft.nl/courses/study-guide/educations/18981,Yes,BSc,Civil Engineering and Geosciences,"[9, 11, 13]"
TRUE,CTB3390,Mechanics and Transport by Flow through Porous Media,https://studiegids.tudelft.nl/courses/study-guide/educations/18973,Yes,BSc,Civil Engineering and Geosciences,[6]
TRUE,CTB3415,Water Management Research,https://studiegids.tudelft.nl/courses/study-guide/educations/18974,Yes,BSc,Civil Engineering and Geosciences,[6]
TRUE,CTB3420,Integral Design of Infrastructure,https://studiegids.tudelft.nl/courses/study-guide/educations/18983,Yes,BSc,Civil Engineering and Geosciences,"[9, 11, 12, 13]"
FALSE,CTB3425-17,Monitoring and Stability of Dikes and Embankments,https://studiegids.tudelft.nl/courses/study-guide/educations/18984,No,BSc,Civil Engineering and Geosciences,[]
FALSE,CTS1000,Structural Mechanics,https://studiegids.tudelft.nl/courses/study-guide/educations/21299,No,BSc,Civil Engineering and Geosciences,[]
FALSE,DSAIT4000,Data Management and Engineering,https://studiegids.tudelft.nl/courses/study-guide/educations/14466,No,MSc,"Electrical Engineering, Mathematics and Computer Science",[]
FALSE,DSAIT4005,Machine and Deep Learning,https://studiegids.tudelft.nl/courses/study-guide/educations/14467,No,MSc,"Electrical Engineering, Mathematics and Computer Science",[]
FALSE,DSAIT4010,Probabilistic AI and Reasoning,https://studiegids.tudelft.nl/courses/study-guide/educations/14468,No,MSc,"Electrical Engineering, Mathematics and Computer Science",[]
FALSE,DSAIT4015,Software Engineering and Testing for AI Systems,https://studiegids.tudelft.nl/courses/study-guide/educations/14469,No,MSc,"Electrical Engineering, Mathematics and Computer Science",[]
FALSE,DSAIT4020,Elements of Statistical Learning,https://studiegids.tudelft.nl/courses/study-guide/educations/14771,No,MSc,"Electrical Engineering, Mathematics and Computer Science",[]
FALSE,DSAIT4025,Alternative Learning Strategies,https://studiegids.tudelft.nl/courses/study-guide/educations/14789,No,MSc,"Electrical Engineering, Mathematics and Computer Science",[]
FALSE,DSAIT4030,Generative Modelling,https://studiegids.tudelft.nl/courses/study-guide/educations/14790,No,MSc,"Electrical Engineering, Mathematics and Computer Science",[]
FALSE,DSAIT4035,Algorithms for Sequence-based Bioinformatics,https://studiegids.tudelft.nl/courses/study-guide/educations/14791,No,MSc,"Electrical Engineering, Mathematics and Computer Science",[]
FALSE,DSAIT4040,Algorithms for Network-based Bioinformatics,https://studiegids.tudelft.nl/courses/study-guide/educations/14792,No,MSc,"Electrical Engineering, Mathematics and Computer Science",[]
TRUE,DSAIT4045,Machine Learning in Bioinformatics,https://studiegids.tudelft.nl/courses/study-guide/educations/14793,Yes,MSc,"Electrical Engineering, Mathematics and Computer Science",[3]
FALSE,DSAIT4050,Information Retrieval,https://studiegids.tudelft.nl/courses/study-guide/educations/14768,No,MSc,"Electrical Engineering, Mathematics and Computer Science",[]
FALSE,DSAIT4055,Web Science and Engineering,https://studiegids.tudelft.nl/courses/study-guide/educations/14769,No,MSc,"Electrical Engineering, Mathematics and Computer Science",[]
FALSE,DSAIT4060,Human-centred Machine Perception,https://studiegids.tudelft.nl/courses/study-guide/educations/14797,No,MSc,"Electrical Engineering, Mathematics and Computer Science",[]
TRUE,DSAIT4065,Conversational Agents,https://studiegids.tudelft.nl/courses/study-guide/educations/14772,Yes,MSc,"Electrical Engineering, Mathematics and Computer Science","[3, 4]"
FALSE,DSAIT4070,Designing Human-Centred AI Systems,https://studiegids.tudelft.nl/courses/study-guide/educations/14799,No,MSc,"Electrical Engineering, Mathematics and Computer Science",[]
FALSE,DSAIT4075,Data Visualization,https://studiegids.tudelft.nl/courses/study-guide/educations/14800,No,MSc,"Electrical Engineering, Mathematics and Computer Science",[]
TRUE,DSAIT4080,3D Visualization,https://studiegids.tudelft.nl/courses/study-guide/educations/14801,Yes,MSc,"Electrical Engineering, Mathematics and Computer Science",[3]
FALSE,DSAIT4085,High-Performance Analysis Systems,https://studiegids.tudelft.nl/courses/study-guide/educations/14802,No,MSc,"Electrical Engineering, Mathematics and Computer Science",[]
FALSE,DSAIT4090,Natural Language Processing,https://studiegids.tudelft.nl/courses/study-guide/educations/14803,No,MSc,"Electrical Engineering, Mathematics and Computer Science",[]
FALSE,DSAIT4095,Inclusive Speech Technology,https://studiegids.tudelft.nl/courses/study-guide/educations/14804,No,MSc,"Electrical Engineering, Mathematics and Computer Science",[]
TRUE,DSAIT4100,Natural Language Processing for Society,https://studiegids.tudelft.nl/courses/study-guide/educations/14805,Yes,MSc,"Electrical Engineering, Mathematics and Computer Science","[3, 4, 16]"
FALSE,DSAIT4105,Probabilistic Models and Inference,https://studiegids.tudelft.nl/courses/study-guide/educations/14809,No,MSc,"Electrical Engineering, Mathematics and Computer Science",[]
FALSE,DSAIT4110,Sequential Decision Making,https://studiegids.tudelft.nl/courses/study-guide/educations/14810,No,MSc,"Electrical Engineering, Mathematics and Computer Science",[]
FALSE,DSAIT4115,Deep Reinforcement Learning,https://studiegids.tudelft.nl/courses/study-guide/educations/14811,No,MSc,"Electrical Engineering, Mathematics and Computer Science",[]
TRUE,DSAIT4120,Applied Image Processing,https://studiegids.tudelft.nl/courses/study-guide/educations/14757,Yes,MSc,"Electrical Engineering, Mathematics and Computer Science",[16]
FALSE,DSAIT4125,Computer Vision,https://studiegids.tudelft.nl/courses/study-guide/educations/14816,No,MSc,"Electrical Engineering, Mathematics and Computer Science",[]
FALSE,DSAIT4130,3D Visual Computing,https://studiegids.tudelft.nl/courses/study-guide/educations/14817,No,MSc,"Electrical Engineering, Mathematics and Computer Science",[]
FALSE,DSAIT4200,Empirical Research of Computational Solutions,https://studiegids.tudelft.nl/courses/study-guide/educations/14433,No,MSc,"Electrical Engineering, Mathematics and Computer Science",[]
FALSE,DSAIT4205,Fundamental Research in Machine and Deep Learning,https://studiegids.tudelft.nl/courses/study-guide/educations/14483,No,MSc,"Electrical Engineering, Mathematics and Computer Science",[]
FALSE,DSAIT4210,Research in Web Data and Information Management,https://studiegids.tudelft.nl/courses/study-guide/educations/14434,No,MSc,"Electrical Engineering, Mathematics and Computer Science",[]
FALSE,DSAIT4215,Research in Visual Computing and Visual Data Science,https://studiegids.tudelft.nl/courses/study-guide/educations/14485,No,MSc,"Electrical Engineering, Mathematics and Computer Science",[]
TRUE,DSAIT4220,Research in Intelligent Decision Making,https://studiegids.tudelft.nl/courses/study-guide/educations/14435,Yes,MSc,"Electrical Engineering, Mathematics and Computer Science","[7, 9, 11]"
TRUE,DSAIT4225,Research in Bioinformatics,https://studiegids.tudelft.nl/courses/study-guide/educations/14487,Yes,MSc,"Electrical Engineering, Mathematics and Computer Science",[3]
FALSE,DSAIT4230,Research in Social Signal Processing and Affective Computing,https://studiegids.tudelft.nl/courses/study-guide/educations/14436,No,MSc,"Electrical Engineering, Mathematics and Computer Science",[]
FALSE,DSAIT4235,Research Seminar on Multimedia Computing and Systems,https://studiegids.tudelft.nl/courses/study-guide/educations/14437,No,MSc,"Electrical Engineering, Mathematics and Computer Science",[]
FALSE,DSAIT4300,Formal Methods for Machine Learning,https://studiegids.tudelft.nl/courses/study-guide/educations/14819,No,MSc,"Electrical Engineering, Mathematics and Computer Science",[]
FALSE,DSAIT4305,Graph Machine Learning,https://studiegids.tudelft.nl/courses/study-guide/educations/14820,No,MSc,"Electrical Engineering, Mathematics and Computer Science",[]
FALSE,DSAIT4310,Modeling and Data Analysis in Complex Networks,https://studiegids.tudelft.nl/courses/study-guide/educations/14821,No,MSc,"Electrical Engineering, Mathematics and Computer Science",[]
FALSE,DSAIT4315,Performance Analysis,https://studiegids.tudelft.nl/courses/study-guide/educations/14822,No,MSc,"Electrical Engineering, Mathematics and Computer Science",[]
FALSE,DSAIT4320,Building Serious Games,https://studiegids.tudelft.nl/courses/study-guide/educations/14823,No,MSc,"Electrical Engineering, Mathematics and Computer Science",[]
FALSE,DSAIT4325,Socio-Cognitive Engineering,https://studiegids.tudelft.nl/courses/study-guide/educations/14824,No,MSc,"Electrical Engineering, Mathematics and Computer Science",[]
FALSE,DSAIT4335,Recommender Systems,https://studiegids.tudelft.nl/courses/study-guide/educations/22014,No,MSc,"Electrical Engineering, Mathematics and Computer Science",[]
TRUE,DSAIT4500,Responsible Data Science and AI Engineering,https://studiegids.tudelft.nl/courses/study-guide/educations/14470,Yes,MSc,"Electrical Engineering, Mathematics and Computer Science","[16, 17]"
FALSE,DSAIT5000,Thesis Project,https://studiegids.tudelft.nl/courses/study-guide/educations/14493,No,MSc,"Electrical Engineering, Mathematics and Computer Science",[]
TRUE,ECTB1110A,Exploring the Grand Challenges: Data and Python,https://studiegids.tudelft.nl/courses/study-guide/educations/21132,Yes,BSc,Civil Engineering and Geosciences,"[4, 17]"
TRUE,ECTB1110B,Exploring the Grand Challenges: Application and Skills,https://studiegids.tudelft.nl/courses/study-guide/educations/21133,Yes,BSc,Civil Engineering and Geosciences,"[4, 17]"
TRUE,ECTB1120A,Earth and Climate System - part 1,https://studiegids.tudelft.nl/courses/study-guide/educations/21134,Yes,BSc,Civil Engineering and Geosciences,"[6, 7, 13]"
TRUE,ECTB1120B,Earth and Climate System - part 2,https://studiegids.tudelft.nl/courses/study-guide/educations/21146,Yes,BSc,Civil Engineering and Geosciences,"[6, 7, 13]"
TRUE,ECTB1130A,Mechanics,https://studiegids.tudelft.nl/courses/study-guide/educations/21135,Yes,BSc,Civil Engineering and Geosciences,[13]
TRUE,ECTB1130B,Continuum Mechanics and Thermodynamics,https://studiegids.tudelft.nl/courses/study-guide/educations/21136,Yes,BSc,Civil Engineering and Geosciences,[13]
TRUE,ECTB1140,Calculus,https://studiegids.tudelft.nl/courses/study-guide/educations/18426,Yes,BSc,Civil Engineering and Geosciences,[13]
TRUE,ECTB1210A,"Surface, Water and Atmosphere - part 1",https://studiegids.tudelft.nl/courses/study-guide/educations/21138,Yes,BSc,Civil Engineering and Geosciences,"[6, 13]"
TRUE,ECTB1210B,"Surface, Water and Atmosphere - part 2",https://studiegids.tudelft.nl/courses/study-guide/educations/21147,Yes,BSc,Civil Engineering and Geosciences,"[6, 13]"
FALSE,ECTB1220A,Geodata Fundamentals: Sensing and Statistics,https://studiegids.tudelft.nl/courses/study-guide/educations/21140,No,BSc,Civil Engineering and Geosciences,[]
FALSE,ECTB1220B,Geodata Fundamentals: Applied Statistics with Python,https://studiegids.tudelft.nl/courses/study-guide/educations/21142,No,BSc,Civil Engineering and Geosciences,[]
TRUE,ECTB1230,Chemistry for Earth Sciences,https://studiegids.tudelft.nl/courses/study-guide/educations/21143,Yes,BSc,Civil Engineering and Geosciences,"[6, 12, 13, 15]"
FALSE,ECTB1240,Linear Algebra,https://studiegids.tudelft.nl/courses/study-guide/educations/21144,No,BSc,Civil Engineering and Geosciences,[]
FALSE,ECTB1250,EC&T in the Field,https://studiegids.tudelft.nl/courses/study-guide/educations/21145,No,BSc,Civil Engineering and Geosciences,[]
FALSE,EE1C1,Linear Circuits A,https://studiegids.tudelft.nl/courses/study-guide/educations/14218,No,BSc,"Electrical Engineering, Mathematics and Computer Science",[]
FALSE,EE1C2,Linear Circuits B,https://studiegids.tudelft.nl/courses/study-guide/educations/14219,No,BSc,"Electrical Engineering, Mathematics and Computer Science",[]
FALSE,EE1D1,Digital Systems A,https://studiegids.tudelft.nl/courses/study-guide/educations/14220,No,BSc,"Electrical Engineering, Mathematics and Computer Science",[]
FALSE,EE1D2,Digital Systems B,https://studiegids.tudelft.nl/courses/study-guide/educations/14221,No,BSc,"Electrical Engineering, Mathematics and Computer Science",[]
TRUE,EE1E1,Electrical Energy Fundamentals,https://studiegids.tudelft.nl/courses/study-guide/educations/14222,Yes,BSc,"Electrical Engineering, Mathematics and Computer Science","[7, 9, 13]"
FALSE,EE1G1,Introduction to Electrical Engineering,https://studiegids.tudelft.nl/courses/study-guide/educations/14223,No,BSc,"Electrical Engineering, Mathematics and Computer Science",[]
FALSE,EE1L1,Integrated Project 1,https://studiegids.tudelft.nl/courses/study-guide/educations/14224,No,BSc,"Electrical Engineering, Mathematics and Computer Science",[]
TRUE,EE1L2,Integrated Project 2,https://studiegids.tudelft.nl/courses/study-guide/educations/14225,Yes,BSc,"Electrical Engineering, Mathematics and Computer Science","[9, 16]"
FALSE,EE1M1,Calculus,https://studiegids.tudelft.nl/courses/study-guide/educations/14226,No,BSc,"Electrical Engineering, Mathematics and Computer Science",[]
FALSE,EE1M2,Calculus and Linear Algebra,https://studiegids.tudelft.nl/courses/study-guide/educations/14227,No,BSc,"Electrical Engineering, Mathematics and Computer Science",[]
FALSE,EE1M3,Linear Algebra and Differential Equations,https://studiegids.tudelft.nl/courses/study-guide/educations/14228,No,BSc,"Electrical Engineering, Mathematics and Computer Science",[]
FALSE,EE1P1,Electricity and Magnetism,https://studiegids.tudelft.nl/courses/study-guide/educations/14229,No,BSc,"Electrical Engineering, Mathematics and Computer Science",[]
FALSE,EE2C1,Transistor Circuits,https://studiegids.tudelft.nl/courses/study-guide/educations/14230,No,BSc,"Electrical Engineering, Mathematics and Computer Science",[]
FALSE,EE2C2,Mixed-Signal Circuits and Systems,https://studiegids.tudelft.nl/courses/study-guide/educations/14232,No,BSc,"Electrical Engineering, Mathematics and Computer Science",[]
TRUE,EE2G1,Electrical Engineering for the Next Generation,https://studiegids.tudelft.nl/courses/study-guide/educations/14233,Yes,BSc,"Electrical Engineering, Mathematics and Computer Science","[2, 3, 7, 16]"
TRUE,EE2L1,Integrated Project 3,https://studiegids.tudelft.nl/courses/study-guide/educations/14234,Yes,BSc,"Electrical Engineering, Mathematics and Computer Science","[3, 16]"
FALSE,EE2M1,Probability and statistics,https://studiegids.tudelft.nl/courses/study-guide/educations/14235,No,BSc,"Electrical Engineering, Mathematics and Computer Science",[]
FALSE,EE2P1,Electromagnetics,https://studiegids.tudelft.nl/courses/study-guide/educations/14236,No,BSc,"Electrical Engineering, Mathematics and Computer Science",[]
TRUE,EE2P2,Semiconductor Physics and Devices,https://studiegids.tudelft.nl/courses/study-guide/educations/14237,Yes,BSc,"Electrical Engineering, Mathematics and Computer Science",[9]
FALSE,EE2S1,Signals and Systems,https://studiegids.tudelft.nl/courses/study-guide/educations/14238,No,BSc,"Electrical Engineering, Mathematics and Computer Science",[]
FALSE,EE2S2,Systems and Control,https://studiegids.tudelft.nl/courses/study-guide/educations/14239,No,BSc,"Electrical Engineering, Mathematics and Computer Science",[]
FALSE,EE2T1,Telecommunication and Sensing,https://studiegids.tudelft.nl/courses/study-guide/educations/14240,No,BSc,"Electrical Engineering, Mathematics and Computer Science",[]
FALSE,EE3057TU,Hardware Implementation Project Definition,https://studiegids.tudelft.nl/courses/study-guide/educations/2687,No,BSc,"Electrical Engineering, Mathematics and Computer Science",[]
TRUE,EE3105TU,Sustainable Energy Technologies,https://studiegids.tudelft.nl/courses/study-guide/educations/23314,Yes,BSc,"Electrical Engineering, Mathematics and Computer Science","[6, 7, 9, 13]"
FALSE,EE3115TU,Digital Communication Systems,https://studiegids.tudelft.nl/courses/study-guide/educations/13761,No,BSc,"Electrical Engineering, Mathematics and Computer Science",[]
FALSE,EE3120TU,Guided and Wireless EM Transfer,https://studiegids.tudelft.nl/courses/study-guide/educations/13816,No,BSc,"Electrical Engineering, Mathematics and Computer Science",[]
TRUE,EE3125TU,Power Electronics for Robotics,https://studiegids.tudelft.nl/courses/study-guide/educations/13762,Yes,BSc,"Electrical Engineering, Mathematics and Computer Science","[7, 9, 13]"
TRUE,EE3130TU,Marsrover Project,https://studiegids.tudelft.nl/courses/study-guide/educations/13763,Yes,BSc,"Electrical Engineering, Mathematics and Computer Science","[7, 9]"
FALSE,EE3D1,Computer Architecture and Organisation,https://studiegids.tudelft.nl/courses/study-guide/educations/14243,No,BSc,"Electrical Engineering, Mathematics and Computer Science",[]
TRUE,EE3L1,Bachelor Graduation Project EE,https://studiegids.tudelft.nl/courses/study-guide/educations/21753,Yes,BSc,"Electrical Engineering, Mathematics and Computer Science",[16]
TRUE,EE3L11,Bachelor Graduation Project Electrical Engineering,https://studiegids.tudelft.nl/courses/study-guide/educations/14244,Yes,BSc,"Electrical Engineering, Mathematics and Computer Science","[4, 8, 9, 16]"
FALSE,EE3S1,Signal Processing,https://studiegids.tudelft.nl/courses/study-guide/educations/21738,No,BSc,"Electrical Engineering, Mathematics and Computer Science",[]
FALSE,EE4016,Antenna Systems,https://studiegids.tudelft.nl/courses/study-guide/educations/14897,No,MSc,"Electrical Engineering, Mathematics and Computer Science",[]
TRUE,EE4107,Power Systems Analysis II,https://studiegids.tudelft.nl/courses/study-guide/educations/14855,Yes,MSc,"Electrical Engineering, Mathematics and Computer Science",[9]
TRUE,EE4108,Transients in Power Systems,https://studiegids.tudelft.nl/courses/study-guide/educations/14838,Yes,MSc,"Electrical Engineering, Mathematics and Computer Science",[9]
FALSE,EE4109,Structured Electronic Design,https://studiegids.tudelft.nl/courses/study-guide/educations/14842,No,MSc,"Electrical Engineering, Mathematics and Computer Science",[]
TRUE,EE4111,High-Voltage DC,https://studiegids.tudelft.nl/courses/study-guide/educations/14843,Yes,MSc,"Electrical Engineering, Mathematics and Computer Science","[7, 9]"
FALSE,EE4114,Power System Protection and Grounding,https://studiegids.tudelft.nl/courses/study-guide/educations/14844,No,MSc,"Electrical Engineering, Mathematics and Computer Science",[]
TRUE,EE4116,Power Electronics,https://studiegids.tudelft.nl/courses/study-guide/educations/14857,Yes,MSc,"Electrical Engineering, Mathematics and Computer Science","[7, 9]"
FALSE,EE4173,"Introduction to UWB technology, systems and applications",https://studiegids.tudelft.nl/courses/study-guide/educations/22044,No,MSc,"Electrical Engineering, Mathematics and Computer Science",[]
FALSE,EE4375,Finite Element Modelling for Electrical Energy Applications,https://studiegids.tudelft.nl/courses/study-guide/educations/14845,No,MSc,"Electrical Engineering, Mathematics and Computer Science",[]
TRUE,EE4396,Mobile Networks,https://studiegids.tudelft.nl/courses/study-guide/educations/14960,Yes,MSc,"Electrical Engineering, Mathematics and Computer Science",[9]
FALSE,EE4410,Cyber Security of Power Grids,https://studiegids.tudelft.nl/courses/study-guide/educations/14846,No,MSc,"Electrical Engineering, Mathematics and Computer Science",[]
FALSE,EE4510,Advanced Electromagnetics,https://studiegids.tudelft.nl/courses/study-guide/educations/15259,No,MSc,"Electrical Engineering, Mathematics and Computer Science",[]
TRUE,EE4515,Advanced Power Electronics,https://studiegids.tudelft.nl/courses/study-guide/educations/14847,Yes,MSc,"Electrical Engineering, Mathematics and Computer Science","[7, 9]"
FALSE,EE4520,Analogue CMOS Design I,https://studiegids.tudelft.nl/courses/study-guide/educations/14886,No,MSc,"Electrical Engineering, Mathematics and Computer Science",[]
FALSE,EE4525,Analogue CMOS Design II,https://studiegids.tudelft.nl/courses/study-guide/educations/14899,No,MSc,"Electrical Engineering, Mathematics and Computer Science",[]
FALSE,EE4530,Applied Convex Optimisation,https://studiegids.tudelft.nl/courses/study-guide/educations/14867,No,MSc,"Electrical Engineering, Mathematics and Computer Science",[]
TRUE,EE4536,DC and AC Microgrids,https://studiegids.tudelft.nl/courses/study-guide/educations/14848,Yes,MSc,"Electrical Engineering, Mathematics and Computer Science","[7, 9]"
FALSE,EE4540,Distributed Signal Processing,https://studiegids.tudelft.nl/courses/study-guide/educations/14962,No,MSc,"Electrical Engineering, Mathematics and Computer Science",[]
TRUE,EE4545,Electrical Power Systems of the Future,https://studiegids.tudelft.nl/courses/study-guide/educations/14849,Yes,MSc,"Electrical Engineering, Mathematics and Computer Science","[7, 9, 13]"
TRUE,EE4555,Active Implantable Biomedical Microsystems,https://studiegids.tudelft.nl/courses/study-guide/educations/14893,Yes,MSc,"Electrical Engineering, Mathematics and Computer Science","[3, 16]"
FALSE,EE4565,Propagation and Scattering of EM Waves,https://studiegids.tudelft.nl/courses/study-guide/educations/14946,No,MSc,"Electrical Engineering, Mathematics and Computer Science",[]
FALSE,EE4585,Semiconductor Device Physics,https://studiegids.tudelft.nl/courses/study-guide/educations/14836,No,MSc,"Electrical Engineering, Mathematics and Computer Science",[]
FALSE,EE4595,An Introduction to Wavefield and Magnetic Resonance Imaging,https://studiegids.tudelft.nl/courses/study-guide/educations/14902,No,MSc,"Electrical Engineering, Mathematics and Computer Science",[]
TRUE,EE4605,Integrated Circuits for RF/Wireless Applications,https://studiegids.tudelft.nl/courses/study-guide/educations/14888,Yes,MSc,"Electrical Engineering, Mathematics and Computer Science",[9]
FALSE,EE4610,Digital IC Design I,https://studiegids.tudelft.nl/courses/study-guide/educations/14889,No,MSc,"Electrical Engineering, Mathematics and Computer Science",[]
FALSE,EE4615,Digital IC Design II,https://studiegids.tudelft.nl/courses/study-guide/educations/14903,No,MSc,"Electrical Engineering, Mathematics and Computer Science",[]
FALSE,EE4620,Spectral Domain Methods in Electromagnetics,https://studiegids.tudelft.nl/courses/study-guide/educations/15262,No,MSc,"Electrical Engineering, Mathematics and Computer Science",[]
TRUE,EE4625,High Voltage Cable System,https://studiegids.tudelft.nl/courses/study-guide/educations/14850,Yes,MSc,"Electrical Engineering, Mathematics and Computer Science",[9]
FALSE,EE4630,Telecommunication Network Architectures,https://studiegids.tudelft.nl/courses/study-guide/educations/14966,No,MSc,"Electrical Engineering, Mathematics and Computer Science",[]
TRUE,EE4670,High-Efficiency PV Solar Cells,https://studiegids.tudelft.nl/courses/study-guide/educations/14852,Yes,MSc,"Electrical Engineering, Mathematics and Computer Science","[7, 9, 13]"
TRUE,EE4680,Photovoltaic Modelling,https://studiegids.tudelft.nl/courses/study-guide/educations/14853,Yes,MSc,"Electrical Engineering, Mathematics and Computer Science","[7, 9, 13]"
FALSE,EE4685,"Machine Learning, a Bayesian Perspective",https://studiegids.tudelft.nl/courses/study-guide/educations/14968,No,MSc,"Electrical Engineering, Mathematics and Computer Science",[]
FALSE,EE4690,Hardware Architecture for Artificial Intelligence,https://studiegids.tudelft.nl/courses/study-guide/educations/14904,No,MSc,"Electrical Engineering, Mathematics and Computer Science",[]
FALSE,EE4695,Hardware Dependability,https://studiegids.tudelft.nl/courses/study-guide/educations/15194,No,MSc,"Electrical Engineering, Mathematics and Computer Science",[]
TRUE,EE4705,Solid State Physics,https://studiegids.tudelft.nl/courses/study-guide/educations/14905,Yes,MSc,"Electrical Engineering, Mathematics and Computer Science",[9]
TRUE,EE4710,Solid State Physics with Quantum and Nano Electronics,https://studiegids.tudelft.nl/courses/study-guide/educations/14906,Yes,MSc,"Electrical Engineering, Mathematics and Computer Science",[9]
FALSE,EE4715,Array Processing,https://studiegids.tudelft.nl/courses/study-guide/educations/14455,No,MSc,"Electrical Engineering, Mathematics and Computer Science",[]
FALSE,EE4725,Quasi Optical Systems,https://studiegids.tudelft.nl/courses/study-guide/educations/15263,No,MSc,"Electrical Engineering, Mathematics and Computer Science",[]
FALSE,EE4730,High Frequency Wireless Architectures,https://studiegids.tudelft.nl/courses/study-guide/educations/15264,No,MSc,"Electrical Engineering, Mathematics and Computer Science",[]
FALSE,EE4736,Introduction Imaging Sensors,https://studiegids.tudelft.nl/courses/study-guide/educations/14907,No,MSc,"Electrical Engineering, Mathematics and Computer Science",[]
FALSE,EE4740,Data Compression: Entropy and Sparsity Perspectives,https://studiegids.tudelft.nl/courses/study-guide/educations/14456,No,MSc,"Electrical Engineering, Mathematics and Computer Science",[]
FALSE,EE4745,Superconducting Astronomical Instrumentation,https://studiegids.tudelft.nl/courses/study-guide/educations/14974,No,MSc,"Electrical Engineering, Mathematics and Computer Science",[]
TRUE,EE4750,Tensor Networks for Green AI and Signal Processing,https://studiegids.tudelft.nl/courses/study-guide/educations/15018,Yes,MSc,"Electrical Engineering, Mathematics and Computer Science","[3, 13]"
TRUE,EE4755,Reliable Power Electronic Components and Systems,https://studiegids.tudelft.nl/courses/study-guide/educations/14854,Yes,MSc,"Electrical Engineering, Mathematics and Computer Science",[9]
FALSE,EE4760,Probablistic Sensor Fusion,https://studiegids.tudelft.nl/courses/study-guide/educations/15019,No,MSc,"Electrical Engineering, Mathematics and Computer Science",[]
FALSE,EE4775,Object classification with radar,https://studiegids.tudelft.nl/courses/study-guide/educations/22046,No,MSc,"Electrical Engineering, Mathematics and Computer Science",[]
TRUE,EE4780,Fundamentals of photonic integrated circuits,https://studiegids.tudelft.nl/courses/study-guide/educations/22115,Yes,MSc,"Electrical Engineering, Mathematics and Computer Science",[9]
TRUE,EE4C01,Profile Orientation and Academic Skills,https://studiegids.tudelft.nl/courses/study-guide/educations/14826,Yes,MSc,"Electrical Engineering, Mathematics and Computer Science","[4, 16]"
FALSE,EE4C03,Statistical Digital Signal Processing and Modelling,https://studiegids.tudelft.nl/courses/study-guide/educations/14827,No,MSc,"Electrical Engineering, Mathematics and Computer Science",[]
FALSE,EE4C04,Control System Design,https://studiegids.tudelft.nl/courses/study-guide/educations/14828,No,MSc,"Electrical Engineering, Mathematics and Computer Science",[]
FALSE,EE4C05,Electromagnetics,https://studiegids.tudelft.nl/courses/study-guide/educations/14829,No,MSc,"Electrical Engineering, Mathematics and Computer Science",[]
FALSE,EE4C06,Network Science,https://studiegids.tudelft.nl/courses/study-guide/educations/14457,No,MSc,"Electrical Engineering, Mathematics and Computer Science",[]
FALSE,EE4C08,Measurement and Instrumentation,https://studiegids.tudelft.nl/courses/study-guide/educations/14831,No,MSc,"Electrical Engineering, Mathematics and Computer Science",[]
FALSE,EE4C10,Analogue Circuit Design Fundamentals,https://studiegids.tudelft.nl/courses/study-guide/educations/14832,No,MSc,"Electrical Engineering, Mathematics and Computer Science",[]
FALSE,EE4C11,Systems Engineering,https://studiegids.tudelft.nl/courses/study-guide/educations/14833,No,MSc,"Electrical Engineering, Mathematics and Computer Science",[]
FALSE,EE4C12,Machine Learning for Electrical Engineering Applications,https://studiegids.tudelft.nl/courses/study-guide/educations/14834,No,MSc,"Electrical Engineering, Mathematics and Computer Science",[]
FALSE,EE4C13,Wireless Systems for Electrical Engineering Applications,https://studiegids.tudelft.nl/courses/study-guide/educations/14835,No,MSc,"Electrical Engineering, Mathematics and Computer Science",[]
FALSE,EE5010,Internship 10-15 ECTS,https://studiegids.tudelft.nl/courses/study-guide/educations/15036,No,MSc,"Electrical Engineering, Mathematics and Computer Science",[]
FALSE,EE5020,Sensor Signal and Data Processing,https://studiegids.tudelft.nl/courses/study-guide/educations/14975,No,MSc,"Electrical Engineering, Mathematics and Computer Science",[]
FALSE,EEX01,Introduction to Machine Learning,https://studiegids.tudelft.nl/courses/study-guide/educations/14564,No,BSc,"Electrical Engineering, Mathematics and Computer Science",[]
FALSE,EEX02,Communication Networks and Algorithms,https://studiegids.tudelft.nl/courses/study-guide/educations/14565,No,BSc,"Electrical Engineering, Mathematics and Computer Science",[]
FALSE,EEX03,Microwave Engineering,https://studiegids.tudelft.nl/courses/study-guide/educations/14566,No,BSc,"Electrical Engineering, Mathematics and Computer Science",[]
TRUE,EEX04,Technologies for Energy Transition,https://studiegids.tudelft.nl/courses/study-guide/educations/14567,Yes,BSc,"Electrical Engineering, Mathematics and Computer Science","[7, 9, 13]"
FALSE,EEX05,Chip Design,https://studiegids.tudelft.nl/courses/study-guide/educations/14568,No,BSc,"Electrical Engineering, Mathematics and Computer Science",[]
FALSE,ENVM0121,Extension Research Internship,https://studiegids.tudelft.nl/courses/study-guide/educations/18896,No,MSc,Civil Engineering and Geosciences,[]
TRUE,ENVM1000,Principles of Environmental Engineering,https://studiegids.tudelft.nl/courses/study-guide/educations/18878,Yes,MSc,Civil Engineering and Geosciences,"[3, 6, 13, 16]"
TRUE,ENVM1100,Fundamentals of R and WE,https://studiegids.tudelft.nl/courses/study-guide/educations/18890,Yes,MSc,Civil Engineering and Geosciences,"[6, 9, 12, 13]"
TRUE,ENVM1200-23,Resource Engineering,https://studiegids.tudelft.nl/courses/study-guide/educations/18891,Yes,MSc,Civil Engineering and Geosciences,"[9, 11, 12, 13]"
TRUE,ENVM1300,Waste Processing Technologies,https://studiegids.tudelft.nl/courses/study-guide/educations/18892,Yes,MSc,Civil Engineering and Geosciences,"[9, 11, 12, 13]"
TRUE,ENVM1301,Reactive Resources and Wastes,https://studiegids.tudelft.nl/courses/study-guide/educations/18893,Yes,MSc,Civil Engineering and Geosciences,"[3, 6, 9, 12, 13]"
TRUE,ENVM1401,"Quality, Quantity and Design, Information and Advice",https://studiegids.tudelft.nl/courses/study-guide/educations/18882,Yes,MSc,Civil Engineering and Geosciences,[6]
TRUE,ENVM1500,Water Quality and Principles of Environmental Engineering,https://studiegids.tudelft.nl/courses/study-guide/educations/18883,Yes,MSc,Civil Engineering and Geosciences,"[3, 6]"
TRUE,ENVM1501,Design and Modeling of Urban Water Infrastructure Systems,https://studiegids.tudelft.nl/courses/study-guide/educations/18884,Yes,MSc,Civil Engineering and Geosciences,"[3, 6]"
TRUE,ENVM1502,River Basin Hydrology and Water Management,https://studiegids.tudelft.nl/courses/study-guide/educations/18885,Yes,MSc,Civil Engineering and Geosciences,"[6, 13]"
TRUE,ENVM1600,Water Treatment Technologies,https://studiegids.tudelft.nl/courses/study-guide/educations/18886,Yes,MSc,Civil Engineering and Geosciences,"[3, 6, 11, 12]"
TRUE,ENVM1601,"Operation, Control, Management and Adoption of Urban Water Infrastructure Systems",https://studiegids.tudelft.nl/courses/study-guide/educations/18887,Yes,MSc,Civil Engineering and Geosciences,"[3, 6, 12, 13]"
TRUE,ENVM1602-2,Groundwater modelling,https://studiegids.tudelft.nl/courses/study-guide/educations/18898,Yes,MSc,Civil Engineering and Geosciences,[6]
TRUE,ENVM1602-24,Regional Hydrology,https://studiegids.tudelft.nl/courses/study-guide/educations/18888,Yes,MSc,Civil Engineering and Geosciences,[6]
TRUE,ENVM1603,Water Resources Engineering and Management,https://studiegids.tudelft.nl/courses/study-guide/educations/18889,Yes,MSc,Civil Engineering and Geosciences,"[6, 13, 17]"
TRUE,ENVM1700,Fundamentals of AEE,https://studiegids.tudelft.nl/courses/study-guide/educations/18879,Yes,MSc,Civil Engineering and Geosciences,[3]
TRUE,ENVM1800,Atmospheric Measurements and Modelling,https://studiegids.tudelft.nl/courses/study-guide/educations/18880,Yes,MSc,Civil Engineering and Geosciences,"[9, 11, 16]"
TRUE,ENVM1800-1,Atmospheric Measurement Techniques for Urban Environments,https://studiegids.tudelft.nl/courses/study-guide/educations/18899,Yes,MSc,Civil Engineering and Geosciences,"[11, 13]"
FALSE,ENVM1800-2,Modelling of Urban Flows,https://studiegids.tudelft.nl/courses/study-guide/educations/18900,No,MSc,Civil Engineering and Geosciences,[]
TRUE,ENVM1900,Grand Challenges in AEE,https://studiegids.tudelft.nl/courses/study-guide/educations/18881,Yes,MSc,Civil Engineering and Geosciences,"[3, 7, 11, 13]"
TRUE,ENVM2100,Industry Water,https://studiegids.tudelft.nl/courses/study-guide/educations/18901,Yes,MSc,Civil Engineering and Geosciences,"[6, 7, 9, 12]"
TRUE,ENVM2102,Water and Health,https://studiegids.tudelft.nl/courses/study-guide/educations/18902,Yes,MSc,Civil Engineering and Geosciences,"[3, 6]"
TRUE,ENVM2104-25,Design Nature Based Solutions in Water Management Using Aquatic Ecology and Morphodynamic Principles,https://studiegids.tudelft.nl/courses/study-guide/educations/18903,Yes,MSc,Civil Engineering and Geosciences,"[6, 9, 13]"
TRUE,ENVM2105,Water Law and Organisation,https://studiegids.tudelft.nl/courses/study-guide/educations/18904,Yes,MSc,Civil Engineering and Geosciences,[6]
TRUE,ENVM2106,Engineering and Development,https://studiegids.tudelft.nl/courses/study-guide/educations/18905,Yes,MSc,Civil Engineering and Geosciences,[17]
FALSE,ENVM2204,Capita Selecta ENVM (4),https://studiegids.tudelft.nl/courses/study-guide/educations/21702,No,MSc,Civil Engineering and Geosciences,[]
FALSE,ENVM2205,Capita Selecta ENVM (5),https://studiegids.tudelft.nl/courses/study-guide/educations/21703,No,MSc,Civil Engineering and Geosciences,[]
FALSE,ENVM2206,Capita Selecta ENVM (6),https://studiegids.tudelft.nl/courses/study-guide/educations/21704,No,MSc,Civil Engineering and Geosciences,[]
FALSE,ENVM3000,Internship Environmental Engineering,https://studiegids.tudelft.nl/courses/study-guide/educations/18897,No,MSc,Civil Engineering and Geosciences,[]
TRUE,ENVM4000,Master Thesis Preparation and Portfolio Environmental Engineering,https://studiegids.tudelft.nl/courses/study-guide/educations/18915,Yes,MSc,Civil Engineering and Geosciences,"[4, 16]"
FALSE,ENVM4010,Master Thesis Environmental Engineering,https://studiegids.tudelft.nl/courses/study-guide/educations/18916,No,MSc,Civil Engineering and Geosciences,[]
FALSE,ENVQ1000A,Transport Processes in Environmental Science and Engineering,https://studiegids.tudelft.nl/courses/study-guide/educations/1608,No,MSc,Civil Engineering and Geosciences,[]
TRUE,ENVQ1000C,Integrated Water Management,https://studiegids.tudelft.nl/courses/study-guide/educations/1609,Yes,MSc,Civil Engineering and Geosciences,[6]
FALSE,ENVQ1000C2,Integrated Project: Leapfrog Environmental Degradation,https://studiegids.tudelft.nl/courses/study-guide/educations/1610,No,MSc,Civil Engineering and Geosciences,[]
FALSE,ENVQ1200A,Materials Separation in Waste Processing,https://studiegids.tudelft.nl/courses/study-guide/educations/1611,No,MSc,Civil Engineering and Geosciences,[]
TRUE,ENVQ1400A,Hydrological Processes and Measurements,https://studiegids.tudelft.nl/courses/study-guide/educations/1612,Yes,MSc,Civil Engineering and Geosciences,[6]
TRUE,ENVQ1500A1,Chemical Conversions in Environmental Engineering,https://studiegids.tudelft.nl/courses/study-guide/educations/1613,Yes,MSc,Civil Engineering and Geosciences,[3]
TRUE,ENVQ1500A2,Environmental Biotechnology en Microbiology,https://studiegids.tudelft.nl/courses/study-guide/educations/1614,Yes,MSc,Civil Engineering and Geosciences,[3]
TRUE,ENVQ1502A,"Hydrology of Catchments, Rivers and Landscapes",https://studiegids.tudelft.nl/courses/study-guide/educations/1615,Yes,MSc,Civil Engineering and Geosciences,"[2, 3, 6, 13]"
TRUE,ENVQ1502C,Hydrological Modelling,https://studiegids.tudelft.nl/courses/study-guide/educations/1616,Yes,MSc,Civil Engineering and Geosciences,"[6, 13]"
TRUE,ENVQ1600,Water Treatment,https://studiegids.tudelft.nl/courses/study-guide/educations/1617,Yes,MSc,Civil Engineering and Geosciences,"[3, 6]"
TRUE,ENVQ1600A1,Design of Water Treatment Plants,https://studiegids.tudelft.nl/courses/study-guide/educations/1618,Yes,MSc,Civil Engineering and Geosciences,"[3, 6]"
TRUE,ENVQ1600A2,Water Treatment Research,https://studiegids.tudelft.nl/courses/study-guide/educations/1619,Yes,MSc,Civil Engineering and Geosciences,"[3, 6]"
TRUE,ENVQ1600A3,Conceptual Process Design,https://studiegids.tudelft.nl/courses/study-guide/educations/1620,Yes,MSc,Civil Engineering and Geosciences,[6]
TRUE,ENVQ1601,Urban Water Transport Infrastructure,https://studiegids.tudelft.nl/courses/study-guide/educations/1621,Yes,MSc,Civil Engineering and Geosciences,[6]
TRUE,ENVQ1602C,Hydrological and Ecological Fieldwork in River Systems,https://studiegids.tudelft.nl/courses/study-guide/educations/1623,Yes,MSc,Civil Engineering and Geosciences,[6]
TRUE,ENVQ1603A,"Water Systems, People and Society",https://studiegids.tudelft.nl/courses/study-guide/educations/1624,Yes,MSc,Civil Engineering and Geosciences,[6]
TRUE,ENVQ1603B,Hydroeconomic Modelling,https://studiegids.tudelft.nl/courses/study-guide/educations/1625,Yes,MSc,Civil Engineering and Geosciences,[6]
TRUE,ENVQ1603C,Operational Water Management,https://studiegids.tudelft.nl/courses/study-guide/educations/1626,Yes,MSc,Civil Engineering and Geosciences,[6]
TRUE,ENVQ1700,Air Quality,https://studiegids.tudelft.nl/courses/study-guide/educations/1627,Yes,MSc,Civil Engineering and Geosciences,"[3, 11, 13]"
TRUE,ENVQ1800,Remote Sensing for Environmental Monitoring,https://studiegids.tudelft.nl/courses/study-guide/educations/1628,Yes,MSc,Civil Engineering and Geosciences,[13]
TRUE,ENVQ1900,Urban Climate and Hydrology,https://studiegids.tudelft.nl/courses/study-guide/educations/1629,Yes,MSc,Civil Engineering and Geosciences,[13]
TRUE,EPA111A,Policy Analysis for International Challenges,https://studiegids.tudelft.nl/courses/study-guide/educations/20201,Yes,MSc,"Technology, Policy and Management","[3, 7, 13, 16]"
FALSE,EPA112A,Programming for Data Science,https://studiegids.tudelft.nl/courses/study-guide/educations/20202,No,MSc,"Technology, Policy and Management",[]
FALSE,EPA113A,Political Decision Making,https://studiegids.tudelft.nl/courses/study-guide/educations/20203,No,MSc,"Technology, Policy and Management",[]
FALSE,EPA114A,Oral Presentation,https://studiegids.tudelft.nl/courses/study-guide/educations/20301,No,MSc,"Technology, Policy and Management",[]
FALSE,EPA121A,Actor and Strategy Models,https://studiegids.tudelft.nl/courses/study-guide/educations/20204,No,MSc,"Technology, Policy and Management",[]
TRUE,EPA122A,Spatial Data Science,https://studiegids.tudelft.nl/courses/study-guide/educations/20373,Yes,MSc,"Technology, Policy and Management","[10, 11, 13]"
FALSE,EPA123A,Introduction to TPM Modelling,https://studiegids.tudelft.nl/courses/study-guide/educations/20374,No,MSc,"Technology, Policy and Management",[]
FALSE,EPA131A,Behaviour in Transitions,https://studiegids.tudelft.nl/courses/study-guide/educations/20206,No,MSc,"Technology, Policy and Management",[]
FALSE,EPA132A,Advanced System Dynamics,https://studiegids.tudelft.nl/courses/study-guide/educations/20207,No,MSc,"Technology, Policy and Management",[]
FALSE,EPA133A,Advanced Simulation,https://studiegids.tudelft.nl/courses/study-guide/educations/20208,No,MSc,"Technology, Policy and Management",[]
TRUE,EPA141A,Model-based Decision-Making,https://studiegids.tudelft.nl/courses/study-guide/educations/20209,Yes,MSc,"Technology, Policy and Management","[4, 16, 17]"
TRUE,EPA142A,Ethics of Large System Interventions,https://studiegids.tudelft.nl/courses/study-guide/educations/20210,Yes,MSc,"Technology, Policy and Management","[3, 7, 9, 13]"
TRUE,EPA143A,Macro-economics for Policy Analysis,https://studiegids.tudelft.nl/courses/study-guide/educations/20211,Yes,MSc,"Technology, Policy and Management",[8]
FALSE,EPA221B,Societal Challenge Project,https://studiegids.tudelft.nl/courses/study-guide/educations/21087,No,MSc,"Technology, Policy and Management",[]
FALSE,EPA222A,Preparation Master Thesis,https://studiegids.tudelft.nl/courses/study-guide/educations/20216,No,MSc,"Technology, Policy and Management",[]
FALSE,EPA223A,Academic Writing,https://studiegids.tudelft.nl/courses/study-guide/educations/20302,No,MSc,"Technology, Policy and Management",[]
FALSE,EPA2942,Master Thesis EPA,https://studiegids.tudelft.nl/courses/study-guide/educations/20217,No,MSc,"Technology, Policy and Management",[]
FALSE,ET3033TU,Circuit Analysis,https://studiegids.tudelft.nl/courses/study-guide/educations/13764,No,BSc,"Electrical Engineering, Mathematics and Computer Science",[]
TRUE,ET3034TU,Solar Energy,https://studiegids.tudelft.nl/courses/study-guide/educations/23317,Yes,BSc,"Electrical Engineering, Mathematics and Computer Science","[7, 9, 12, 13]"
FALSE,ET3056TU,Hardware Implementation Project,https://studiegids.tudelft.nl/courses/study-guide/educations/2690,No,BSc,"Electrical Engineering, Mathematics and Computer Science",[]
FALSE,ET3604LR,Electronic Circuits,https://studiegids.tudelft.nl/courses/study-guide/educations/14356,No,BSc,"Electrical Engineering, Mathematics and Computer Science",[]
FALSE,ET3604LRP,Electronic Circuits,https://studiegids.tudelft.nl/courses/study-guide/educations/2424,No,BSc,"Electrical Engineering, Mathematics and Computer Science",[]
FALSE,ET4030,Error Correcting Codes,https://studiegids.tudelft.nl/courses/study-guide/educations/14458,No,MSc,"Electrical Engineering, Mathematics and Computer Science",[]
FALSE,ET4034,Telecom Business Architectures and Models,https://studiegids.tudelft.nl/courses/study-guide/educations/14977,No,MSc,"Electrical Engineering, Mathematics and Computer Science",[]
FALSE,ET4103,High Voltage Technology,https://studiegids.tudelft.nl/courses/study-guide/educations/14837,No,MSc,"Electrical Engineering, Mathematics and Computer Science",[]
TRUE,ET4113,Power Systems Dynamics,https://studiegids.tudelft.nl/courses/study-guide/educations/14856,Yes,MSc,"Electrical Engineering, Mathematics and Computer Science","[9, 13]"
FALSE,ET4117,Electrical Machines and Drives,https://studiegids.tudelft.nl/courses/study-guide/educations/14839,No,MSc,"Electrical Engineering, Mathematics and Computer Science",[]
FALSE,ET4119,Electronic Power Conversion,https://studiegids.tudelft.nl/courses/study-guide/educations/14840,No,MSc,"Electrical Engineering, Mathematics and Computer Science",[]
FALSE,ET4121,AC Machines,https://studiegids.tudelft.nl/courses/study-guide/educations/14858,No,MSc,"Electrical Engineering, Mathematics and Computer Science",[]
TRUE,ET4127,Themes in Biomedical Electronics,https://studiegids.tudelft.nl/courses/study-guide/educations/14908,Yes,MSc,"Electrical Engineering, Mathematics and Computer Science",[3]
TRUE,ET4130,Bioelectricity,https://studiegids.tudelft.nl/courses/study-guide/educations/15226,Yes,MSc,"Electrical Engineering, Mathematics and Computer Science",[3]
FALSE,ET4169,Radar I: From Basic Principles to Applications,https://studiegids.tudelft.nl/courses/study-guide/educations/15268,No,MSc,"Electrical Engineering, Mathematics and Computer Science",[]
FALSE,ET4175,Radar II: Theory and System Design,https://studiegids.tudelft.nl/courses/study-guide/educations/14980,No,MSc,"Electrical Engineering, Mathematics and Computer Science",[]
FALSE,ET4252,Analogue Integrated Circuit Design,https://studiegids.tudelft.nl/courses/study-guide/educations/14910,No,MSc,"Electrical Engineering, Mathematics and Computer Science",[]
FALSE,ET4257,Sensors and Actuators,https://studiegids.tudelft.nl/courses/study-guide/educations/14890,No,MSc,"Electrical Engineering, Mathematics and Computer Science",[]
FALSE,ET4260,Microsystems Design and Modelling,https://studiegids.tudelft.nl/courses/study-guide/educations/14911,No,MSc,"Electrical Engineering, Mathematics and Computer Science",[]
FALSE,ET4277,Microelectronics Reliability,https://studiegids.tudelft.nl/courses/study-guide/educations/14868,No,MSc,"Electrical Engineering, Mathematics and Computer Science",[]
FALSE,ET4278,Over-Sampled Data Converters,https://studiegids.tudelft.nl/courses/study-guide/educations/14913,No,MSc,"Electrical Engineering, Mathematics and Computer Science",[]
FALSE,ET4289,Integrated Circuits and MEMS Technology,https://studiegids.tudelft.nl/courses/study-guide/educations/14891,No,MSc,"Electrical Engineering, Mathematics and Computer Science",[]
FALSE,ET4291,Control of Electrical Drives,https://studiegids.tudelft.nl/courses/study-guide/educations/14859,No,MSc,"Electrical Engineering, Mathematics and Computer Science",[]
TRUE,ET4291SET,Digital Modelling of Electric Powertrain,https://studiegids.tudelft.nl/courses/study-guide/educations/13836,Yes,MSc,"Electrical Engineering, Mathematics and Computer Science",[9]
FALSE,ET4300,Master Thesis EE,https://studiegids.tudelft.nl/courses/study-guide/educations/14874,No,MSc,"Electrical Engineering, Mathematics and Computer Science",[]
FALSE,ET4300-I,Research Project at Industry,https://studiegids.tudelft.nl/courses/study-guide/educations/15037,No,MSc,"Electrical Engineering, Mathematics and Computer Science",[]
FALSE,ET4351,Digital VLSI Systems on Chip,https://studiegids.tudelft.nl/courses/study-guide/educations/14914,No,MSc,"Electrical Engineering, Mathematics and Computer Science",[]
FALSE,ET4358,Fundamentals of Wireless Communications,https://studiegids.tudelft.nl/courses/study-guide/educations/14947,No,MSc,"Electrical Engineering, Mathematics and Computer Science",[]
FALSE,ET4369,Nyquist-Rate Data Converters,https://studiegids.tudelft.nl/courses/study-guide/educations/14916,No,MSc,"Electrical Engineering, Mathematics and Computer Science",[]
FALSE,ET4371,Mixed-mode Wireless transceivers,https://studiegids.tudelft.nl/courses/study-guide/educations/14917,No,MSc,"Electrical Engineering, Mathematics and Computer Science",[]
TRUE,ET4376,Photovoltaic Fundamentals,https://studiegids.tudelft.nl/courses/study-guide/educations/14841,Yes,MSc,"Electrical Engineering, Mathematics and Computer Science","[7, 9, 13]"
TRUE,ET4377,Photovoltaic Technologies,https://studiegids.tudelft.nl/courses/study-guide/educations/14860,Yes,MSc,"Electrical Engineering, Mathematics and Computer Science","[7, 9, 13]"
TRUE,ET4378,Photovoltaic Systems,https://studiegids.tudelft.nl/courses/study-guide/educations/14861,Yes,MSc,"Electrical Engineering, Mathematics and Computer Science","[7, 9, 13]"
TRUE,ET4379,Photovoltaic Lab Course,https://studiegids.tudelft.nl/courses/study-guide/educations/14862,Yes,MSc,"Electrical Engineering, Mathematics and Computer Science","[7, 9, 13]"
TRUE,ET4382,Power Conversion Techniques in CMOS Technology,https://studiegids.tudelft.nl/courses/study-guide/educations/14922,Yes,MSc,"Electrical Engineering, Mathematics and Computer Science","[7, 9]"
FALSE,ET4386,Estimation and Detection,https://studiegids.tudelft.nl/courses/study-guide/educations/14948,No,MSc,"Electrical Engineering, Mathematics and Computer Science",[]
TRUE,ET4391,Advanced Microelectronics Packaging,https://studiegids.tudelft.nl/courses/study-guide/educations/14923,Yes,MSc,"Electrical Engineering, Mathematics and Computer Science",[9]
FALSE,ET4399,Research Project at University (max. 15EC),https://studiegids.tudelft.nl/courses/study-guide/educations/15038,No,MSc,"Electrical Engineering, Mathematics and Computer Science",[]
FALSE,ET4ICP,IC-Technology Lab,https://studiegids.tudelft.nl/courses/study-guide/educations/14924,No,MSc,"Electrical Engineering, Mathematics and Computer Science",[]
FALSE,ET8011MSC,Structured Electronic Design Laboratory,https://studiegids.tudelft.nl/courses/study-guide/educations/14925,No,MSc,"Electrical Engineering, Mathematics and Computer Science",[]
TRUE,ET8020,High Voltage Testing and Diagnostics,https://studiegids.tudelft.nl/courses/study-guide/educations/14863,Yes,MSc,"Electrical Engineering, Mathematics and Computer Science","[7, 8, 9]"
FALSE,EWI3615TU,Computer Science Project,https://studiegids.tudelft.nl/courses/study-guide/educations/14370,No,BSc,"Electrical Engineering, Mathematics and Computer Science",[]
FALSE,GEO1000,Python Programming for Geomatics,https://studiegids.tudelft.nl/courses/study-guide/educations/10677,No,MSc,Architecture and the Built Environment,[]
FALSE,GEO1001,Sensing Technologies,https://studiegids.tudelft.nl/courses/study-guide/educations/10678,No,MSc,Architecture and the Built Environment,[]
TRUE,GEO1002,Geographical Information Systems (GIS) and Cartography,https://studiegids.tudelft.nl/courses/study-guide/educations/10679,Yes,MSc,Architecture and the Built Environment,"[11, 13]"
TRUE,GEO1003,Positioning and Location Awareness,https://studiegids.tudelft.nl/courses/study-guide/educations/10680,Yes,MSc,Architecture and the Built Environment,"[11, 16]"
FALSE,GEO1004,3D Modelling of the Built Environment,https://studiegids.tudelft.nl/courses/study-guide/educations/10683,No,MSc,Architecture and the Built Environment,[]
FALSE,GEO1006,Geo Database Management Systems,https://studiegids.tudelft.nl/courses/study-guide/educations/10681,No,MSc,Architecture and the Built Environment,[]
TRUE,GEO1007,Geoweb Technology,https://studiegids.tudelft.nl/courses/study-guide/educations/10684,Yes,MSc,Architecture and the Built Environment,"[9, 11]"
TRUE,GEO1009,Geo-information Governance,https://studiegids.tudelft.nl/courses/study-guide/educations/10685,Yes,MSc,Architecture and the Built Environment,"[9, 17]"
TRUE,GEO1015,Digital Terrain Modelling,https://studiegids.tudelft.nl/courses/study-guide/educations/10682,Yes,MSc,Architecture and the Built Environment,[13]
FALSE,GEO1016,Photogrammetry and 3D Computer Vision,https://studiegids.tudelft.nl/courses/study-guide/educations/10686,No,MSc,Architecture and the Built Environment,[]
FALSE,GEO2021,Geomatics Graduation Studio,https://studiegids.tudelft.nl/courses/study-guide/educations/12135,No,MSc,Architecture and the Built Environment,[]
FALSE,GEO5010,Research Assignment,https://studiegids.tudelft.nl/courses/study-guide/educations/11190,No,MSc,Architecture and the Built Environment,[]
TRUE,GEO5014,Geomatics as Support for Energy Applications,https://studiegids.tudelft.nl/courses/study-guide/educations/22240,Yes,MSc,Architecture and the Built Environment,"[7, 9, 11, 13]"
TRUE,GEO5016,Geomatics in Practice,https://studiegids.tudelft.nl/courses/study-guide/educations/11194,Yes,MSc,Architecture and the Built Environment,[4]
FALSE,GEO5017,Machine Learning for the Built Environment,https://studiegids.tudelft.nl/courses/study-guide/educations/11195,No,MSc,Architecture and the Built Environment,[]
FALSE,GEO5019,Geomatics Studio,https://studiegids.tudelft.nl/courses/study-guide/educations/12114,No,MSc,Architecture and the Built Environment,[]
FALSE,GEOIT1501,Synthesis project,https://studiegids.tudelft.nl/courses/study-guide/educations/12120,No,MSc,Architecture and the Built Environment,[]
FALSE,ID4190-16,Graduation Project (IPD),https://studiegids.tudelft.nl/courses/study-guide/educations/12636,No,MSc,Industrial Design Engineering,[]
FALSE,ID4290-16,Graduation Project DfI,https://studiegids.tudelft.nl/courses/study-guide/educations/12585,No,MSc,Industrial Design Engineering,[]
FALSE,ID4390-16,Graduation Project (SPD),https://studiegids.tudelft.nl/courses/study-guide/educations/12687,No,MSc,Industrial Design Engineering,[]
FALSE,ID5526,Submitting and Presenting a Paper,https://studiegids.tudelft.nl/courses/study-guide/educations/3019,No,MSc,Industrial Design Engineering,[]
TRUE,ID6101HPM,Master Honours Project (MHP),https://studiegids.tudelft.nl/courses/study-guide/educations/12506,Yes,MSc,Industrial Design Engineering,"[4, 17]"
FALSE,IDEM1000,[start per 2025] Graduation Project DfI,https://studiegids.tudelft.nl/courses/study-guide/educations/12586,No,MSc,Industrial Design Engineering,[]
TRUE,IDEM101,Advanced Service Thinking and Design Practice,https://studiegids.tudelft.nl/courses/study-guide/educations/12426,Yes,MSc,Industrial Design Engineering,[3]
TRUE,IDEM102,Build Your Start-up 1: Idea Validation,https://studiegids.tudelft.nl/courses/study-guide/educations/12427,Yes,MSc,Industrial Design Engineering,"[8, 9]"
TRUE,IDEM103,Build Your Start-up 2: Prototyping,https://studiegids.tudelft.nl/courses/study-guide/educations/12428,Yes,MSc,Industrial Design Engineering,"[8, 9]"
FALSE,IDEM104,Creative Facilitation,https://studiegids.tudelft.nl/courses/study-guide/educations/12429,No,MSc,Industrial Design Engineering,[]
FALSE,IDEM105,Exploring Design Intelligence,https://studiegids.tudelft.nl/courses/study-guide/educations/12430,No,MSc,Industrial Design Engineering,[]
FALSE,IDEM1100,Dare to Design Studio,https://studiegids.tudelft.nl/courses/study-guide/educations/12537,No,MSc,Industrial Design Engineering,[]
TRUE,IDEM1101,Human-Centered Design and Beyond,https://studiegids.tudelft.nl/courses/study-guide/educations/12538,Yes,MSc,Industrial Design Engineering,"[4, 13, 17]"
TRUE,IDEM1102,Consequences of Design,https://studiegids.tudelft.nl/courses/study-guide/educations/12539,Yes,MSc,Industrial Design Engineering,[5]
FALSE,IDEM1103-25,Research to/for/through Design,https://studiegids.tudelft.nl/courses/study-guide/educations/12540,No,MSc,Industrial Design Engineering,[]
FALSE,IDEM1210-25,Multi-Sensory Design Studio,https://studiegids.tudelft.nl/courses/study-guide/educations/12549,No,MSc,Industrial Design Engineering,[]
TRUE,IDEM1211,Design for Emotion and Well-being,https://studiegids.tudelft.nl/courses/study-guide/educations/12541,Yes,MSc,Industrial Design Engineering,[3]
TRUE,IDEM1212-25,Assessment for Impact,https://studiegids.tudelft.nl/courses/study-guide/educations/12542,Yes,MSc,Industrial Design Engineering,[3]
TRUE,IDEM1213-25,Behavioral Design,https://studiegids.tudelft.nl/courses/study-guide/educations/12543,Yes,MSc,Industrial Design Engineering,"[3, 16]"
TRUE,IDEM1221,Social Design,https://studiegids.tudelft.nl/courses/study-guide/educations/12544,Yes,MSc,Industrial Design Engineering,"[1, 10, 15]"
TRUE,IDEM1222,Designing Transformation,https://studiegids.tudelft.nl/courses/study-guide/educations/12545,Yes,MSc,Industrial Design Engineering,"[4, 17]"
FALSE,IDEM1223,Position and Roles of Designers,https://studiegids.tudelft.nl/courses/study-guide/educations/12546,No,MSc,Industrial Design Engineering,[]
FALSE,IDEM1230-25,Speculative Design Studio,https://studiegids.tudelft.nl/courses/study-guide/educations/12550,No,MSc,Industrial Design Engineering,[]
TRUE,IDEM1231,Design Futures,https://studiegids.tudelft.nl/courses/study-guide/educations/12776,Yes,MSc,Industrial Design Engineering,"[13, 17]"
TRUE,IDEM1232,More-than-Human-Design,https://studiegids.tudelft.nl/courses/study-guide/educations/12547,Yes,MSc,Industrial Design Engineering,"[13, 15]"
TRUE,IDEM1233,Design Justice and Emerging Technologies,https://studiegids.tudelft.nl/courses/study-guide/educations/12548,Yes,MSc,Industrial Design Engineering,"[5, 10, 16]"
FALSE,IDEM2000,[start per 2025] Graduation Project IPD,https://studiegids.tudelft.nl/courses/study-guide/educations/12637,No,MSc,Industrial Design Engineering,[]
FALSE,IDEM201,Advanced Visualisation for Communication,https://studiegids.tudelft.nl/courses/study-guide/educations/12431,No,MSc,Industrial Design Engineering,[]
FALSE,IDEM202,Advanced Visualisation for Design,https://studiegids.tudelft.nl/courses/study-guide/educations/12432,No,MSc,Industrial Design Engineering,[]
TRUE,IDEM203,Biomechanics,https://studiegids.tudelft.nl/courses/study-guide/educations/12433,Yes,MSc,Industrial Design Engineering,[3]
FALSE,IDEM204,Child and Play Perspectives,https://studiegids.tudelft.nl/courses/study-guide/educations/12434,No,MSc,Industrial Design Engineering,[]
TRUE,IDEM208,Design in Health: Theory en Practice,https://studiegids.tudelft.nl/courses/study-guide/educations/12437,Yes,MSc,Industrial Design Engineering,"[3, 16]"
TRUE,IDEM210,eHealth Design for a Healthy Society,https://studiegids.tudelft.nl/courses/study-guide/educations/12438,Yes,MSc,Industrial Design Engineering,[3]
TRUE,IDEM2100-25,Products Now Studio,https://studiegids.tudelft.nl/courses/study-guide/educations/12589,Yes,MSc,Industrial Design Engineering,"[9, 12, 13]"
TRUE,IDEM2101,Advanced Product Engineering,https://studiegids.tudelft.nl/courses/study-guide/educations/12590,Yes,MSc,Industrial Design Engineering,"[9, 12, 13]"
FALSE,IDEM2102,Cognitive and Psychological Foundations for Product Design,https://studiegids.tudelft.nl/courses/study-guide/educations/12591,No,MSc,Industrial Design Engineering,[]
TRUE,IDEM2103,Empirical Design Research,https://studiegids.tudelft.nl/courses/study-guide/educations/12592,Yes,MSc,Industrial Design Engineering,[4]
TRUE,IDEM212-25,Food and Eating Design,https://studiegids.tudelft.nl/courses/study-guide/educations/12439,Yes,MSc,Industrial Design Engineering,"[2, 3, 12]"
TRUE,IDEM214,Designing Lifestyles: From Insight to Impact,https://studiegids.tudelft.nl/courses/study-guide/educations/12440,Yes,MSc,Industrial Design Engineering,[4]
TRUE,IDEM215,Lighting Design,https://studiegids.tudelft.nl/courses/study-guide/educations/12441,Yes,MSc,Industrial Design Engineering,"[3, 11, 13]"
FALSE,IDEM216,PerForm the Unseen,https://studiegids.tudelft.nl/courses/study-guide/educations/12442,No,MSc,Industrial Design Engineering,[]
FALSE,IDEM217,Strategic Automotive,https://studiegids.tudelft.nl/courses/study-guide/educations/12443,No,MSc,Industrial Design Engineering,[]
TRUE,IDEM218,Systemic Automotive Design,https://studiegids.tudelft.nl/courses/study-guide/educations/12444,Yes,MSc,Industrial Design Engineering,"[9, 11]"
FALSE,IDEM219,Videography,https://studiegids.tudelft.nl/courses/study-guide/educations/12445,No,MSc,Industrial Design Engineering,[]
FALSE,IDEM220,When Images Remain - The art and science of reading pictures,https://studiegids.tudelft.nl/courses/study-guide/educations/12446,No,MSc,Industrial Design Engineering,[]
TRUE,IDEM2200,Product Futures Studio,https://studiegids.tudelft.nl/courses/study-guide/educations/12602,Yes,MSc,Industrial Design Engineering,"[9, 12, 13]"
TRUE,IDEM221,Making and Prototyping Skills,https://studiegids.tudelft.nl/courses/study-guide/educations/12447,Yes,MSc,Industrial Design Engineering,[4]
FALSE,IDEM2211,AI Products and Services,https://studiegids.tudelft.nl/courses/study-guide/educations/12593,No,MSc,Industrial Design Engineering,[]
TRUE,IDEM2212,Intelligent Industrial Systems,https://studiegids.tudelft.nl/courses/study-guide/educations/12594,Yes,MSc,Industrial Design Engineering,"[3, 7, 8, 9]"
FALSE,IDEM2213,Data-Centric Design for Connected Products,https://studiegids.tudelft.nl/courses/study-guide/educations/12595,No,MSc,Industrial Design Engineering,[]
TRUE,IDEM2221,Strategic Integration of Sustainability in Design,https://studiegids.tudelft.nl/courses/study-guide/educations/12596,Yes,MSc,Industrial Design Engineering,"[9, 12, 13]"
TRUE,IDEM2222,Life Cycle Assessment Methods,https://studiegids.tudelft.nl/courses/study-guide/educations/12597,Yes,MSc,Industrial Design Engineering,"[9, 12, 13]"
TRUE,IDEM2223-25,Design Approaches for Sustainability,https://studiegids.tudelft.nl/courses/study-guide/educations/12598,Yes,MSc,Industrial Design Engineering,"[12, 13]"
TRUE,IDEM2231,Material Driven Design,https://studiegids.tudelft.nl/courses/study-guide/educations/12599,Yes,MSc,Industrial Design Engineering,"[12, 13]"
FALSE,IDEM2232,Computational Design,https://studiegids.tudelft.nl/courses/study-guide/educations/12600,No,MSc,Industrial Design Engineering,[]
TRUE,IDEM2233,Fundamentals of Biodesign,https://studiegids.tudelft.nl/courses/study-guide/educations/12601,Yes,MSc,Industrial Design Engineering,"[9, 12, 15, 16]"
FALSE,IDEM3000,[start per 2025] Graduation Project SPD,https://studiegids.tudelft.nl/courses/study-guide/educations/12688,No,MSc,Industrial Design Engineering,[]
TRUE,IDEM301,Animated Materials,https://studiegids.tudelft.nl/courses/study-guide/educations/12448,Yes,MSc,Industrial Design Engineering,"[12, 13, 15]"
TRUE,IDEM303,Computational Fabrication and MetaMaterials,https://studiegids.tudelft.nl/courses/study-guide/educations/12449,Yes,MSc,Industrial Design Engineering,[9]
TRUE,IDEM305-25,Designing Responsible AI,https://studiegids.tudelft.nl/courses/study-guide/educations/12451,Yes,MSc,Industrial Design Engineering,"[3, 16]"
FALSE,IDEM307,Generative AI and Design,https://studiegids.tudelft.nl/courses/study-guide/educations/12452,No,MSc,Industrial Design Engineering,[]
TRUE,IDEM308,Graduation Launchpad,https://studiegids.tudelft.nl/courses/study-guide/educations/12453,Yes,MSc,Industrial Design Engineering,[4]
TRUE,IDEM309,Repair and Recycling!,https://studiegids.tudelft.nl/courses/study-guide/educations/12454,Yes,MSc,Industrial Design Engineering,"[9, 12, 13]"
FALSE,IDEM3100-25,Strategic Design Studio,https://studiegids.tudelft.nl/courses/study-guide/educations/12640,No,MSc,Industrial Design Engineering,[]
FALSE,IDEM3101,Foresight and Backcasting,https://studiegids.tudelft.nl/courses/study-guide/educations/12641,No,MSc,Industrial Design Engineering,[]
TRUE,IDEM3102,Research Methods for Strategic Design,https://studiegids.tudelft.nl/courses/study-guide/educations/12642,Yes,MSc,Industrial Design Engineering,[3]
TRUE,IDEM3103,Deep Dive into Organisations,https://studiegids.tudelft.nl/courses/study-guide/educations/12643,Yes,MSc,Industrial Design Engineering,[17]
TRUE,IDEM3201,Qualitative Research Methods for Strategic Design,https://studiegids.tudelft.nl/courses/study-guide/educations/12644,Yes,MSc,Industrial Design Engineering,[4]
FALSE,IDEM3202,Quantitative Research Methods for Strategic Design,https://studiegids.tudelft.nl/courses/study-guide/educations/12645,No,MSc,Industrial Design Engineering,[]
TRUE,IDEM3210-25,Tech-enabled Innovation Studio,https://studiegids.tudelft.nl/courses/study-guide/educations/12652,Yes,MSc,Industrial Design Engineering,"[3, 7, 9, 13, 16, 17]"
TRUE,IDEM3211,Technology and Strategic Design,https://studiegids.tudelft.nl/courses/study-guide/educations/12646,Yes,MSc,Industrial Design Engineering,"[9, 13, 16]"
TRUE,IDEM3212,Tech-enabled Entrepreneurship,https://studiegids.tudelft.nl/courses/study-guide/educations/12647,Yes,MSc,Industrial Design Engineering,"[8, 9, 12, 13, 17]"
FALSE,IDEM3213,Brand Experience Across Technologies,https://studiegids.tudelft.nl/courses/study-guide/educations/12648,No,MSc,Industrial Design Engineering,[]
TRUE,IDEM3221,Societal Missions: Theory and Practice,https://studiegids.tudelft.nl/courses/study-guide/educations/12649,Yes,MSc,Industrial Design Engineering,"[3, 6, 7, 13, 16, 17]"
TRUE,IDEM3222,Responsible Marketing,https://studiegids.tudelft.nl/courses/study-guide/educations/12650,Yes,MSc,Industrial Design Engineering,"[9, 11, 12, 13, 17]"
TRUE,IDEM3223,Sustainable Consumer Behaviour,https://studiegids.tudelft.nl/courses/study-guide/educations/12651,Yes,MSc,Industrial Design Engineering,"[12, 13]"
FALSE,IDEM400,Internship,https://studiegids.tudelft.nl/courses/study-guide/educations/12780,No,MSc,Industrial Design Engineering,[]
FALSE,IDEM401,BlueDot: Design Contest,https://studiegids.tudelft.nl/courses/study-guide/educations/12455,No,MSc,Industrial Design Engineering,[]
TRUE,IDEM402,BlueDot: Organisation,https://studiegids.tudelft.nl/courses/study-guide/educations/12456,Yes,MSc,Industrial Design Engineering,"[8, 9]"
FALSE,IDEM403,Research (3 ECTS),https://studiegids.tudelft.nl/courses/study-guide/educations/12457,No,MSc,Industrial Design Engineering,[]
FALSE,IDEM404,Research (5 ECTS),https://studiegids.tudelft.nl/courses/study-guide/educations/12458,No,MSc,Industrial Design Engineering,[]
FALSE,IDEM405,Project ExP,https://studiegids.tudelft.nl/courses/study-guide/educations/12781,No,MSc,Industrial Design Engineering,[]
FALSE,IDEM406,Project Organisation: Skills (2 EC),https://studiegids.tudelft.nl/courses/study-guide/educations/12782,No,MSc,Industrial Design Engineering,[]
FALSE,IDEM407,Project Organisation: Skills (3 EC),https://studiegids.tudelft.nl/courses/study-guide/educations/12783,No,MSc,Industrial Design Engineering,[]
FALSE,IDEM408,Project Organisation: Social Strengthening (2 EC),https://studiegids.tudelft.nl/courses/study-guide/educations/12784,No,MSc,Industrial Design Engineering,[]
FALSE,IDEM409,Project Organisation: Social Strengthening (3 EC),https://studiegids.tudelft.nl/courses/study-guide/educations/12785,No,MSc,Industrial Design Engineering,[]
FALSE,IDEM410,Project Organisation: Future Career (2 EC),https://studiegids.tudelft.nl/courses/study-guide/educations/12786,No,MSc,Industrial Design Engineering,[]
FALSE,IDEM4101,Delft Lectures on Design,https://studiegids.tudelft.nl/courses/study-guide/educations/12535,No,MSc,Industrial Design Engineering,[]
TRUE,IDEM411,Project Organisation: Future Career (3 EC),https://studiegids.tudelft.nl/courses/study-guide/educations/12787,Yes,MSc,Industrial Design Engineering,[8]
FALSE,IDEM412,Project Organisation: Education (2 EC),https://studiegids.tudelft.nl/courses/study-guide/educations/12788,No,MSc,Industrial Design Engineering,[]
FALSE,IDEM413,Project Organisation: Education (3 EC),https://studiegids.tudelft.nl/courses/study-guide/educations/12789,No,MSc,Industrial Design Engineering,[]
FALSE,IDEM414,Project Organisation: Education (5 EC),https://studiegids.tudelft.nl/courses/study-guide/educations/12790,No,MSc,Industrial Design Engineering,[]
FALSE,IDEM415,Design Contest (2 EC),https://studiegids.tudelft.nl/courses/study-guide/educations/12791,No,MSc,Industrial Design Engineering,[]
FALSE,IDEM416,Design Contest (3 EC),https://studiegids.tudelft.nl/courses/study-guide/educations/12792,No,MSc,Industrial Design Engineering,[]
FALSE,IDEM417,Workshop (2EC),https://studiegids.tudelft.nl/courses/study-guide/educations/12793,No,MSc,Industrial Design Engineering,[]
FALSE,IDEM418,IDEM418 Workshop (3EC),https://studiegids.tudelft.nl/courses/study-guide/educations/12794,No,MSc,Industrial Design Engineering,[]
FALSE,IDEM4201,Design Processes and Practices,https://studiegids.tudelft.nl/courses/study-guide/educations/12536,No,MSc,Industrial Design Engineering,[]
FALSE,IDEM4220-25,Systemic Design Studio,https://studiegids.tudelft.nl/courses/study-guide/educations/12551,No,MSc,Industrial Design Engineering,[]
FALSE,IFEEMCS010400,Linear Algebra,https://studiegids.tudelft.nl/courses/study-guide/educations/13630,No,BSc,"Electrical Engineering, Mathematics and Computer Science",[]
FALSE,IFEEMCS010500,Probability and Statistics,https://studiegids.tudelft.nl/courses/study-guide/educations/13631,No,BSc,"Electrical Engineering, Mathematics and Computer Science",[]
FALSE,IFEEMCS012100,"Calculus for Engineering, part 1",https://studiegids.tudelft.nl/courses/study-guide/educations/13634,No,BSc,"Electrical Engineering, Mathematics and Computer Science",[]
FALSE,IFEEMCS012200,"Calculus for Engineering, part 2",https://studiegids.tudelft.nl/courses/study-guide/educations/13635,No,BSc,"Electrical Engineering, Mathematics and Computer Science",[]
FALSE,IFEEMCS012300,"Calculus for Engineering, part 3",https://studiegids.tudelft.nl/courses/study-guide/educations/13636,No,BSc,"Electrical Engineering, Mathematics and Computer Science",[]
FALSE,IFEEMCS4070,Multivariate Data Analysis,https://studiegids.tudelft.nl/courses/study-guide/educations/14459,No,MSc,"Electrical Engineering, Mathematics and Computer Science",[]
FALSE,IFEEMCS4250,Statistical Learning for Engineers,https://studiegids.tudelft.nl/courses/study-guide/educations/13637,No,MSc,"Electrical Engineering, Mathematics and Computer Science",[]
FALSE,IFHPB1036,Sketching and Visualization for Conceptualizing Thoughts,https://studiegids.tudelft.nl/courses/study-guide/educations/16327,No,BSc,University Corporate Office,[]
FALSE,IFHPB1077,"Art, Empathy en Ethics",https://studiegids.tudelft.nl/courses/study-guide/educations/16329,No,BSc,University Corporate Office,[]
TRUE,IFHPB1078,Bildung,https://studiegids.tudelft.nl/courses/study-guide/educations/16330,Yes,BSc,University Corporate Office,[4]
FALSE,IFHPB1079,Matter of Art,https://studiegids.tudelft.nl/courses/study-guide/educations/16331,No,BSc,University Corporate Office,[]
TRUE,IFHPB2000,Inclusive Leadership Fundamentals,https://studiegids.tudelft.nl/courses/study-guide/educations/16332,Yes,BSc,University Corporate Office,"[5, 10]"
TRUE,IFHPB2010,‘Where Do you Stand?’ Political Philosophy from a Global Perspective,https://studiegids.tudelft.nl/courses/study-guide/educations/16333,Yes,BSc,University Corporate Office,"[4, 5, 16]"
TRUE,IFHPM0010,Materials in a Sustainable Society,https://studiegids.tudelft.nl/courses/study-guide/educations/16348,Yes,MSc,University Corporate Office,"[9, 12, 13]"
TRUE,IFM4040,Joint Interdisciplinary Project,https://studiegids.tudelft.nl/courses/study-guide/educations/19590,Yes,MSc,Mechanical Engineering,[17]
FALSE,IN4306,Literature Survey,https://studiegids.tudelft.nl/courses/study-guide/educations/14461,No,MSc,"Electrical Engineering, Mathematics and Computer Science",[]
FALSE,IO3610-18,Human Mobility,https://studiegids.tudelft.nl/courses/study-guide/educations/3117,No,BSc,Industrial Design Engineering,[]
FALSE,IO3610-18HPB,H-Module Minor People in Transit,https://studiegids.tudelft.nl/courses/study-guide/educations/3118,No,BSc,Industrial Design Engineering,[]
FALSE,IO3611-18HPB,H-Module Minor People in Transit,https://studiegids.tudelft.nl/courses/study-guide/educations/3119,No,BSc,Industrial Design Engineering,[]
FALSE,IO3620,Automotive Styling,https://studiegids.tudelft.nl/courses/study-guide/educations/3120,No,BSc,Industrial Design Engineering,[]
FALSE,IO3630,Automotive Technology,https://studiegids.tudelft.nl/courses/study-guide/educations/3121,No,BSc,Industrial Design Engineering,[]
FALSE,IO3640-18,Mobility Systems Design,https://studiegids.tudelft.nl/courses/study-guide/educations/3122,No,BSc,Industrial Design Engineering,[]
FALSE,IO3650,Automotive Skills,https://studiegids.tudelft.nl/courses/study-guide/educations/3123,No,BSc,Industrial Design Engineering,[]
FALSE,IO3820-15,Internship,https://studiegids.tudelft.nl/courses/study-guide/educations/12486,No,BSc,Industrial Design Engineering,[]
FALSE,IO3820HPB,H-Module Minor Work Placement,https://studiegids.tudelft.nl/courses/study-guide/educations/3126,No,BSc,Industrial Design Engineering,[]
FALSE,IO3821HPB,H-Module Minor Work Placement,https://studiegids.tudelft.nl/courses/study-guide/educations/3127,No,BSc,Industrial Design Engineering,[]
FALSE,IO3830HPB,H-Module Designing Sustainability Transitions,https://studiegids.tudelft.nl/courses/study-guide/educations/3270,No,BSc,Industrial Design Engineering,[]
FALSE,IO3831HPB,H-Module Designing Sustainability Transitions,https://studiegids.tudelft.nl/courses/study-guide/educations/3271,No,BSc,Industrial Design Engineering,[]
FALSE,IO3850-24,Prototyping with/for Digital Fabrication (PDF),https://studiegids.tudelft.nl/courses/study-guide/educations/3136,No,BSc,Industrial Design Engineering,[]
FALSE,IO3850HPB,H-Module Advanced Prototyping,https://studiegids.tudelft.nl/courses/study-guide/educations/3272,No,BSc,Industrial Design Engineering,[]
FALSE,IO3851-24,Prototyping with/for Extended Reality (PER),https://studiegids.tudelft.nl/courses/study-guide/educations/3138,No,BSc,Industrial Design Engineering,[]
FALSE,IO3851HPB,H-Module Advanced Prototyping,https://studiegids.tudelft.nl/courses/study-guide/educations/3273,No,BSc,Industrial Design Engineering,[]
FALSE,IO3852-19,Advanced Prototyping Project,https://studiegids.tudelft.nl/courses/study-guide/educations/3140,No,BSc,Industrial Design Engineering,[]
FALSE,IO3870,Interaction Studies,https://studiegids.tudelft.nl/courses/study-guide/educations/3141,No,BSc,Industrial Design Engineering,[]
FALSE,IO3870HPB,H-Module Minor Interactive Environments,https://studiegids.tudelft.nl/courses/study-guide/educations/3142,No,BSc,Industrial Design Engineering,[]
FALSE,IO3871HPB,H-Module Minor Interactive Environments,https://studiegids.tudelft.nl/courses/study-guide/educations/3143,No,BSc,Industrial Design Engineering,[]
FALSE,IO3872,Design Strategies,https://studiegids.tudelft.nl/courses/study-guide/educations/3144,No,BSc,Industrial Design Engineering,[]
TRUE,IO3873,Design and Prototyping Studio,https://studiegids.tudelft.nl/courses/study-guide/educations/3145,Yes,BSc,Industrial Design Engineering,"[9, 11, 17]"
FALSE,IO3874-19,Design Skills,https://studiegids.tudelft.nl/courses/study-guide/educations/3146,No,BSc,Industrial Design Engineering,[]
FALSE,IO3875-19,Technology for Designers,https://studiegids.tudelft.nl/courses/study-guide/educations/3147,No,BSc,Industrial Design Engineering,[]
FALSE,IO3881-25,Design in Robotics,https://studiegids.tudelft.nl/courses/study-guide/educations/3150,No,BSc,Industrial Design Engineering,[]
FALSE,IO3885-24,Creative Path,https://studiegids.tudelft.nl/courses/study-guide/educations/3152,No,BSc,Industrial Design Engineering,[]
FALSE,IO3885-HPB1,H-Module Connected Creativity,https://studiegids.tudelft.nl/courses/study-guide/educations/3153,No,BSc,Industrial Design Engineering,[]
FALSE,IO3885-HPB2,H-Module Connected Creativity,https://studiegids.tudelft.nl/courses/study-guide/educations/3154,No,BSc,Industrial Design Engineering,[]
FALSE,IO3886,Deliberate Creativity (DC),https://studiegids.tudelft.nl/courses/study-guide/educations/3155,No,BSc,Industrial Design Engineering,[]
FALSE,IO3887,CreativiTree,https://studiegids.tudelft.nl/courses/study-guide/educations/3156,No,BSc,Industrial Design Engineering,[]
FALSE,IO3888-24,Practice of Creativity,https://studiegids.tudelft.nl/courses/study-guide/educations/3158,No,BSc,Industrial Design Engineering,[]
FALSE,IO3889-23,Recontextualising Creativity,https://studiegids.tudelft.nl/courses/study-guide/educations/3159,No,BSc,Industrial Design Engineering,[]
FALSE,IO3895HPB,H-Module Study Abroad IO,https://studiegids.tudelft.nl/courses/study-guide/educations/3163,No,BSc,Industrial Design Engineering,[]
FALSE,IO3896HPB,H-Module Study Abroad IO,https://studiegids.tudelft.nl/courses/study-guide/educations/3164,No,BSc,Industrial Design Engineering,[]
FALSE,IOB-HPB01,HPB-module (5 EC),https://studiegids.tudelft.nl/courses/study-guide/educations/3165,No,BSc,Industrial Design Engineering,[]
FALSE,IOB-HPB02,HPB-module (2.5 EC),https://studiegids.tudelft.nl/courses/study-guide/educations/3166,No,BSc,Industrial Design Engineering,[]
TRUE,IOB-HPB2,IO HPB project,https://studiegids.tudelft.nl/courses/study-guide/educations/12775,Yes,BSc,Industrial Design Engineering,[4]
TRUE,IOB1-1-22,DP1: Diving into Design,https://studiegids.tudelft.nl/courses/study-guide/educations/12459,Yes,BSc,Industrial Design Engineering,[4]
TRUE,IOB1-2,Understanding Product Engineering,https://studiegids.tudelft.nl/courses/study-guide/educations/12460,Yes,BSc,Industrial Design Engineering,"[12, 13]"
TRUE,IOB1-3,Understanding Design,https://studiegids.tudelft.nl/courses/study-guide/educations/12461,Yes,BSc,Industrial Design Engineering,[12]
FALSE,IOB1-4,Understanding Organisations,https://studiegids.tudelft.nl/courses/study-guide/educations/12462,No,BSc,Industrial Design Engineering,[]
FALSE,IOB1-5-24,Understanding Humans,https://studiegids.tudelft.nl/courses/study-guide/educations/12463,No,BSc,Industrial Design Engineering,[]
TRUE,IOB2-1-23,DP2: Designing Product Services,https://studiegids.tudelft.nl/courses/study-guide/educations/12464,Yes,BSc,Industrial Design Engineering,"[4, 9]"
FALSE,IOB2-2-24,Digital Interfaces,https://studiegids.tudelft.nl/courses/study-guide/educations/12723,No,BSc,Industrial Design Engineering,[]
TRUE,IOB2-3,Research for Design,https://studiegids.tudelft.nl/courses/study-guide/educations/12465,Yes,BSc,Industrial Design Engineering,"[4, 16]"
TRUE,IOB2-4,Understanding Values,https://studiegids.tudelft.nl/courses/study-guide/educations/12466,Yes,BSc,Industrial Design Engineering,[16]
TRUE,IOB2-5-24,Intelligent Products,https://studiegids.tudelft.nl/courses/study-guide/educations/12467,Yes,BSc,Industrial Design Engineering,"[3, 9]"
TRUE,IOB3-1-24,DP3: Designing System Interventions,https://studiegids.tudelft.nl/courses/study-guide/educations/12468,Yes,BSc,Industrial Design Engineering,"[12, 13]"
TRUE,IOB3-2-23,Sustainable Impact,https://studiegids.tudelft.nl/courses/study-guide/educations/12469,Yes,BSc,Industrial Design Engineering,"[6, 7, 12, 13, 17]"
FALSE,IOB3-3-22,Data,https://studiegids.tudelft.nl/courses/study-guide/educations/12470,No,BSc,Industrial Design Engineering,[]
TRUE,IOB3-4-25,Envisioning Futures,https://studiegids.tudelft.nl/courses/study-guide/educations/12471,Yes,BSc,Industrial Design Engineering,[4]
TRUE,IOB3-5-23,Product Engineering,https://studiegids.tudelft.nl/courses/study-guide/educations/12472,Yes,BSc,Industrial Design Engineering,[9]
TRUE,IOB4-1-24,DP4: Designing for Society,https://studiegids.tudelft.nl/courses/study-guide/educations/12473,Yes,BSc,Industrial Design Engineering,"[2, 3, 12, 15]"
FALSE,IOB4-B1-25,Strategic Brand Management,https://studiegids.tudelft.nl/courses/study-guide/educations/12513,No,BSc,Industrial Design Engineering,[]
FALSE,IOB4-B2-25,Strategic Design for Business and Societal Impact,https://studiegids.tudelft.nl/courses/study-guide/educations/12514,No,BSc,Industrial Design Engineering,[]
TRUE,IOB4-B3-22,Codesign in Services,https://studiegids.tudelft.nl/courses/study-guide/educations/12515,Yes,BSc,Industrial Design Engineering,"[4, 10, 16, 17]"
TRUE,IOB4-P1-25,Human Factors and Ergonomics,https://studiegids.tudelft.nl/courses/study-guide/educations/12522,Yes,BSc,Industrial Design Engineering,[3]
TRUE,IOB4-P2,"Experience, Motivation and Behaviour",https://studiegids.tudelft.nl/courses/study-guide/educations/12523,Yes,BSc,Industrial Design Engineering,"[3, 12, 13]"
TRUE,IOB4-P3-25,Culture and Society,https://studiegids.tudelft.nl/courses/study-guide/educations/12524,Yes,BSc,Industrial Design Engineering,"[5, 10]"
FALSE,IOB4-S1-24,Computer-Aided Design,https://studiegids.tudelft.nl/courses/study-guide/educations/12516,No,BSc,Industrial Design Engineering,[]
TRUE,IOB4-S2-25,Innovation by Design in Organisational Settings,https://studiegids.tudelft.nl/courses/study-guide/educations/12774,Yes,BSc,Industrial Design Engineering,[9]
FALSE,IOB4-S3-25,Mastering Research Methods,https://studiegids.tudelft.nl/courses/study-guide/educations/12518,No,BSc,Industrial Design Engineering,[]
TRUE,IOB4-T1-25,Materials & Manufacturing,https://studiegids.tudelft.nl/courses/study-guide/educations/12519,Yes,BSc,Industrial Design Engineering,"[9, 12, 13, 17]"
TRUE,IOB4-T2,Mechatronics,https://studiegids.tudelft.nl/courses/study-guide/educations/12520,Yes,BSc,Industrial Design Engineering,[9]
FALSE,IOB4-T3,Machine Learning for Design,https://studiegids.tudelft.nl/courses/study-guide/educations/12521,No,BSc,Industrial Design Engineering,[]
TRUE,IOB6-1-22,DP5: Bachelor Final Project,https://studiegids.tudelft.nl/courses/study-guide/educations/12478,Yes,BSc,Industrial Design Engineering,"[4, 12, 13, 15, 17]"
TRUE,IOB6-E1-25,Design for the Circular Economy,https://studiegids.tudelft.nl/courses/study-guide/educations/12525,Yes,BSc,Industrial Design Engineering,"[9, 12, 13]"
TRUE,IOB6-E10-25,Design Didactics,https://studiegids.tudelft.nl/courses/study-guide/educations/12526,Yes,BSc,Industrial Design Engineering,[4]
FALSE,IOB6-E10HPB,H-Module Design Didactics,https://studiegids.tudelft.nl/courses/study-guide/educations/3214,No,BSc,Industrial Design Engineering,[]
FALSE,IOB6-E1HPB,H-Module Design for the Circular Economy,https://studiegids.tudelft.nl/courses/study-guide/educations/3215,No,BSc,Industrial Design Engineering,[]
TRUE,IOB6-E2,Reimagining Mobility,https://studiegids.tudelft.nl/courses/study-guide/educations/12527,Yes,BSc,Industrial Design Engineering,"[9, 11]"
FALSE,IOB6-E2HPB,H-Module Reimagining Mobility,https://studiegids.tudelft.nl/courses/study-guide/educations/3217,No,BSc,Industrial Design Engineering,[]
TRUE,IOB6-E3-25,Health,https://studiegids.tudelft.nl/courses/study-guide/educations/12528,Yes,BSc,Industrial Design Engineering,[3]
FALSE,IOB6-E3HPB,H-Module Health,https://studiegids.tudelft.nl/courses/study-guide/educations/3219,No,BSc,Industrial Design Engineering,[]
FALSE,IOB6-E4-22,Identity and Portfolio,https://studiegids.tudelft.nl/courses/study-guide/educations/12529,No,BSc,Industrial Design Engineering,[]
FALSE,IOB6-E4HPB,H-Module Identity and Portfolio,https://studiegids.tudelft.nl/courses/study-guide/educations/3221,No,BSc,Industrial Design Engineering,[]
TRUE,IOB6-E5-24,Design Communication and Visualisation,https://studiegids.tudelft.nl/courses/study-guide/educations/12530,Yes,BSc,Industrial Design Engineering,[4]
FALSE,IOB6-E5-24HPB,H-Module Design Communication and Visualisation,https://studiegids.tudelft.nl/courses/study-guide/educations/3224,No,BSc,Industrial Design Engineering,[]
FALSE,IOB6-E6-25,Design Engineering Contest,https://studiegids.tudelft.nl/courses/study-guide/educations/12531,No,BSc,Industrial Design Engineering,[]
FALSE,IOB6-E6HPB,H-Module Design Engineering Contest,https://studiegids.tudelft.nl/courses/study-guide/educations/3227,No,BSc,Industrial Design Engineering,[]
FALSE,IOB6-E7,Biomechanics of Product Use,https://studiegids.tudelft.nl/courses/study-guide/educations/12532,No,BSc,Industrial Design Engineering,[]
FALSE,IOB6-E7HPB,H-Module Biomechanics of Product Use,https://studiegids.tudelft.nl/courses/study-guide/educations/3229,No,BSc,Industrial Design Engineering,[]
TRUE,IOB6-E8,Design Analytics,https://studiegids.tudelft.nl/courses/study-guide/educations/12533,Yes,BSc,Industrial Design Engineering,[4]
FALSE,IOB6-E8HPB,H-Module Design Analytics,https://studiegids.tudelft.nl/courses/study-guide/educations/3231,No,BSc,Industrial Design Engineering,[]
FALSE,IOB6-E9-25,Form and Senses,https://studiegids.tudelft.nl/courses/study-guide/educations/12534,No,BSc,Industrial Design Engineering,[]
FALSE,IOB6-E9HPB,H-Module Form and Senses,https://studiegids.tudelft.nl/courses/study-guide/educations/3233,No,BSc,Industrial Design Engineering,[]
FALSE,JMAG100,Electromagnetic Exploration Methods,https://studiegids.tudelft.nl/courses/study-guide/educations/18985,No,MSc,Civil Engineering and Geosciences,[]
FALSE,JMAG110,Field Geophysics and Signal Analysis with exercises,https://studiegids.tudelft.nl/courses/study-guide/educations/18986,No,MSc,Civil Engineering and Geosciences,[]
FALSE,JMAG111,Advanced Reflection Seismology and Seismic Imaging,https://studiegids.tudelft.nl/courses/study-guide/educations/18987,No,MSc,Civil Engineering and Geosciences,[]
FALSE,JMAG120,Seismic Acquisition to Data Information Content,https://studiegids.tudelft.nl/courses/study-guide/educations/18988,No,MSc,Civil Engineering and Geosciences,[]
FALSE,JMAG121,Geophysics Special Subjects,https://studiegids.tudelft.nl/courses/study-guide/educations/18989,No,MSc,Civil Engineering and Geosciences,[]
FALSE,JMAG230,Master Thesis Project,https://studiegids.tudelft.nl/courses/study-guide/educations/18863,No,MSc,Civil Engineering and Geosciences,[]
FALSE,KT1005,"Mathematics 1, 2 and Programming",https://studiegids.tudelft.nl/courses/study-guide/educations/19128,No,BSc,Mechanical Engineering,[]
TRUE,KT1105,System Biology,https://studiegids.tudelft.nl/courses/study-guide/educations/19129,Yes,BSc,Mechanical Engineering,[3]
TRUE,KT1305,Digestive System and Thermodynamics,https://studiegids.tudelft.nl/courses/study-guide/educations/19130,Yes,BSc,Mechanical Engineering,"[2, 3]"
TRUE,KT1405,Skeletal Muscle System and Biomechanics 1,https://studiegids.tudelft.nl/courses/study-guide/educations/19131,Yes,BSc,Mechanical Engineering,[3]
TRUE,KT1505,Nervous System and Signals,https://studiegids.tudelft.nl/courses/study-guide/educations/19132,Yes,BSc,Mechanical Engineering,[3]
TRUE,KT1605,Heart and Lung: the Fundamentals,https://studiegids.tudelft.nl/courses/study-guide/educations/19133,Yes,BSc,Mechanical Engineering,[3]
TRUE,KT1705,Haematopoiesis and Immune System,https://studiegids.tudelft.nl/courses/study-guide/educations/19134,Yes,BSc,Mechanical Engineering,[3]
TRUE,KT1805,Uro-Genital System and Statistics,https://studiegids.tudelft.nl/courses/study-guide/educations/19135,Yes,BSc,Mechanical Engineering,[3]
TRUE,KT1905,Skills and Safety 1,https://studiegids.tudelft.nl/courses/study-guide/educations/19136,Yes,BSc,Mechanical Engineering,[3]
TRUE,KT1955,Academic Skills 1,https://studiegids.tudelft.nl/courses/study-guide/educations/19137,Yes,BSc,Mechanical Engineering,"[3, 4, 16]"
TRUE,KT2205,Mathematics 3 and Waves,https://studiegids.tudelft.nl/courses/study-guide/educations/19138,Yes,BSc,Mechanical Engineering,[3]
TRUE,KT2305,Medical Imaging in Pathologies,https://studiegids.tudelft.nl/courses/study-guide/educations/19139,Yes,BSc,Mechanical Engineering,[3]
TRUE,KT2355,Medical Image Processing,https://studiegids.tudelft.nl/courses/study-guide/educations/19140,Yes,BSc,Mechanical Engineering,[3]
TRUE,KT2405,Skeletal Muscle System and Biomechanics 2,https://studiegids.tudelft.nl/courses/study-guide/educations/19141,Yes,BSc,Mechanical Engineering,[3]
TRUE,KT2505,Senses and Signals,https://studiegids.tudelft.nl/courses/study-guide/educations/19142,Yes,BSc,Mechanical Engineering,[3]
TRUE,KT2555,Bioinformatics,https://studiegids.tudelft.nl/courses/study-guide/educations/19143,Yes,BSc,Mechanical Engineering,[3]
TRUE,KT2605,Cardiovascular and Respiratory System and Biomedical Instrumentation 2,https://studiegids.tudelft.nl/courses/study-guide/educations/19144,Yes,BSc,Mechanical Engineering,[3]
TRUE,KT2655,"Healthcare, information and organisation",https://studiegids.tudelft.nl/courses/study-guide/educations/19145,Yes,BSc,Mechanical Engineering,"[3, 11, 16]"
TRUE,KT2705,Designing Medical Technology,https://studiegids.tudelft.nl/courses/study-guide/educations/19146,Yes,BSc,Mechanical Engineering,[3]
TRUE,KT2755,An Introduction to the Professional Practice,https://studiegids.tudelft.nl/courses/study-guide/educations/19147,Yes,BSc,Mechanical Engineering,[3]
TRUE,KT2905,Skills and Safety 2,https://studiegids.tudelft.nl/courses/study-guide/educations/19148,Yes,BSc,Mechanical Engineering,[3]
TRUE,KT2955,Academic Skills 2,https://studiegids.tudelft.nl/courses/study-guide/educations/19149,Yes,BSc,Mechanical Engineering,"[3, 4, 16]"
TRUE,KT3405,Intensive Care and Computer Simulation,https://studiegids.tudelft.nl/courses/study-guide/educations/19330,Yes,BSc,Mechanical Engineering,[3]
TRUE,KT3505,Complex Diagnostics-Therapy-Combinations,https://studiegids.tudelft.nl/courses/study-guide/educations/19331,Yes,BSc,Mechanical Engineering,[3]
TRUE,KT3806,Clinical Technological Final Project,https://studiegids.tudelft.nl/courses/study-guide/educations/19332,Yes,BSc,Mechanical Engineering,[3]
TRUE,KT3905,Skills and Safety 3,https://studiegids.tudelft.nl/courses/study-guide/educations/19333,Yes,BSc,Mechanical Engineering,"[3, 16]"
FALSE,LB1211,Statistics,https://studiegids.tudelft.nl/courses/study-guide/educations/16922,No,BSc,Applied Sciences,[]
FALSE,LB1270,LST and Society,https://studiegids.tudelft.nl/courses/study-guide/educations/16915,No,BSc,Applied Sciences,[]
FALSE,LB1280,"Biotechnology, Practical Basics",https://studiegids.tudelft.nl/courses/study-guide/educations/16916,No,BSc,Applied Sciences,[]
TRUE,LB1512TU,"Biotechnology, Theory",https://studiegids.tudelft.nl/courses/study-guide/educations/16920,Yes,BSc,Applied Sciences,"[6, 9]"
FALSE,LB1600,Molecular Cell Biology,https://studiegids.tudelft.nl/courses/study-guide/educations/21070,No,BSc,Applied Sciences,[]
FALSE,LB1610,Biochemistry,https://studiegids.tudelft.nl/courses/study-guide/educations/21068,No,BSc,Applied Sciences,[]
TRUE,LB1620,Life Sciences,https://studiegids.tudelft.nl/courses/study-guide/educations/21071,Yes,BSc,Applied Sciences,[4]
FALSE,LB1630,Thermodynamics of Bio Processes,https://studiegids.tudelft.nl/courses/study-guide/educations/21072,No,BSc,Applied Sciences,[]
FALSE,LB1640,Calculus 1,https://studiegids.tudelft.nl/courses/study-guide/educations/21066,No,BSc,Applied Sciences,[]
TRUE,LB1650,Immunology and Health 1,https://studiegids.tudelft.nl/courses/study-guide/educations/21076,Yes,BSc,Applied Sciences,[3]
FALSE,LB1660,'Molecular and Cellular Biophysics,https://studiegids.tudelft.nl/courses/study-guide/educations/21073,No,BSc,Applied Sciences,[]
FALSE,LB1670,Bio-organic chemistry,https://studiegids.tudelft.nl/courses/study-guide/educations/21074,No,BSc,Applied Sciences,[]
FALSE,LB1680,Programming and modeling,https://studiegids.tudelft.nl/courses/study-guide/educations/21075,No,BSc,Applied Sciences,[]
TRUE,LB2031,Molecular Cell Biology and Immunology,https://studiegids.tudelft.nl/courses/study-guide/educations/16923,Yes,BSc,Applied Sciences,[3]
FALSE,LB2041,Molecular Genetics and Gene Technology,https://studiegids.tudelft.nl/courses/study-guide/educations/16924,No,BSc,Applied Sciences,[]
FALSE,LB2055,Molecular Physics,https://studiegids.tudelft.nl/courses/study-guide/educations/16925,No,BSc,Applied Sciences,[]
FALSE,LB2261,Statistical Thermodynamics,https://studiegids.tudelft.nl/courses/study-guide/educations/16926,No,BSc,Applied Sciences,[]
TRUE,LB2292,"Bioinformatics, Data Analysis",https://studiegids.tudelft.nl/courses/study-guide/educations/16934,Yes,BSc,Applied Sciences,[3]
FALSE,LB2293,"Bioinformatics, Structure Analysis",https://studiegids.tudelft.nl/courses/study-guide/educations/16935,No,BSc,Applied Sciences,[]
FALSE,LB2301,Organic Chemistry 2,https://studiegids.tudelft.nl/courses/study-guide/educations/16927,No,BSc,Applied Sciences,[]
TRUE,LB2311,Chemical Biology,https://studiegids.tudelft.nl/courses/study-guide/educations/16928,Yes,BSc,Applied Sciences,[3]
TRUE,LB2505-P,Research Trainee incl. Thesis,https://studiegids.tudelft.nl/courses/study-guide/educations/16936,Yes,BSc,Applied Sciences,[4]
FALSE,LB2532,Transport Phenomena in the Life Sciences,https://studiegids.tudelft.nl/courses/study-guide/educations/16929,No,BSc,Applied Sciences,[]
TRUE,LB2611,Design of Sustainable Biotechnological Processes,https://studiegids.tudelft.nl/courses/study-guide/educations/16937,Yes,BSc,Applied Sciences,"[8, 9, 12, 13]"
TRUE,LB2630,Molecular Analytical Methods,https://studiegids.tudelft.nl/courses/study-guide/educations/16930,Yes,BSc,Applied Sciences,[12]
TRUE,LB2763,Microbial Physiology,https://studiegids.tudelft.nl/courses/study-guide/educations/16931,Yes,BSc,Applied Sciences,"[9, 12, 13]"
TRUE,LB2771,Metabolic Engineering,https://studiegids.tudelft.nl/courses/study-guide/educations/16932,Yes,BSc,Applied Sciences,"[2, 9, 12, 13]"
TRUE,LB2791-P,Practicals Microbial biotechnology,https://studiegids.tudelft.nl/courses/study-guide/educations/16933,Yes,BSc,Applied Sciences,[9]
TRUE,LDE,LDE Sustainability Challenge,https://studiegids.tudelft.nl/courses/study-guide/educations/16360,Yes,BSc,External institution,"[11, 12, 13, 17]"
FALSE,LDE,LDE Space Fundamentals and Interactions,https://studiegids.tudelft.nl/courses/study-guide/educations/16361,No,BSc,External institution,[]
FALSE,LDE,LDE Space Challenge,https://studiegids.tudelft.nl/courses/study-guide/educations/16362,No,BSc,External institution,[]
TRUE,LM3311,Green Chemistry and Sustainable Technology,https://studiegids.tudelft.nl/courses/study-guide/educations/17274,Yes,MSc,Applied Sciences,"[7, 8, 9, 12, 13]"
FALSE,LM3331,Modelling and Computation for Life Science and Technology,https://studiegids.tudelft.nl/courses/study-guide/educations/17066,No,MSc,Applied Sciences,[]
FALSE,LM3341,Microbial Omics,https://studiegids.tudelft.nl/courses/study-guide/educations/17067,No,MSc,Applied Sciences,[]
FALSE,LM3351,Topics in Biotechnology - Theory,https://studiegids.tudelft.nl/courses/study-guide/educations/17281,No,MSc,Applied Sciences,[]
FALSE,LM3356,Topics in Biotechnology - Practical,https://studiegids.tudelft.nl/courses/study-guide/educations/17282,No,MSc,Applied Sciences,[]
FALSE,LM3432,Analysis of Metabolic Networks,https://studiegids.tudelft.nl/courses/study-guide/educations/17289,No,MSc,Applied Sciences,[]
FALSE,LM3434,Advanced Protein Chemistry and Analysis,https://studiegids.tudelft.nl/courses/study-guide/educations/17292,No,MSc,Applied Sciences,[]
TRUE,LM3436,Pharmaceutical Biotechnology,https://studiegids.tudelft.nl/courses/study-guide/educations/21400,Yes,MSc,Applied Sciences,[3]
TRUE,LM3442,Metabolic Reprogramming,https://studiegids.tudelft.nl/courses/study-guide/educations/17290,Yes,MSc,Applied Sciences,[9]
TRUE,LM3451,Bioprocess Integration,https://studiegids.tudelft.nl/courses/study-guide/educations/17068,Yes,MSc,Applied Sciences,[9]
TRUE,LM3561,"Ethical, Legal and Social Issues in Biotechnology",https://studiegids.tudelft.nl/courses/study-guide/educations/17069,Yes,MSc,Applied Sciences,[16]
FALSE,LM3581NB,Metabolic Systems Biology,https://studiegids.tudelft.nl/courses/study-guide/educations/17283,No,MSc,Applied Sciences,[]
TRUE,LM3601,Molecular Biotechnology and Genomics,https://studiegids.tudelft.nl/courses/study-guide/educations/17291,Yes,MSc,Applied Sciences,"[9, 12, 13]"
TRUE,LM3611,Microbial Community Engineering,https://studiegids.tudelft.nl/courses/study-guide/educations/17516,Yes,MSc,Applied Sciences,"[6, 8, 9]"
FALSE,LM3692,iGEM,https://studiegids.tudelft.nl/courses/study-guide/educations/17472,No,MSc,Applied Sciences,[]
TRUE,LM3701,Advanced Enzymology,https://studiegids.tudelft.nl/courses/study-guide/educations/17293,Yes,MSc,Applied Sciences,[3]
FALSE,LM3731,Advanced Biocatalysis,https://studiegids.tudelft.nl/courses/study-guide/educations/17275,No,MSc,Applied Sciences,[]
FALSE,LM3741,Fermentation Technology and Environmental Biotechnology,https://studiegids.tudelft.nl/courses/study-guide/educations/17295,No,MSc,Applied Sciences,[]
FALSE,LM3751,Transport and Separation,https://studiegids.tudelft.nl/courses/study-guide/educations/17296,No,MSc,Applied Sciences,[]
TRUE,LM3771,Protein Engineering,https://studiegids.tudelft.nl/courses/study-guide/educations/17285,Yes,MSc,Applied Sciences,[9]
TRUE,LM3803,Company Internship,https://studiegids.tudelft.nl/courses/study-guide/educations/17286,Yes,MSc,Applied Sciences,[8]
FALSE,LM3804,Non-industrial Internship project,https://studiegids.tudelft.nl/courses/study-guide/educations/17287,No,MSc,Applied Sciences,[]
FALSE,LM3822,Design Project,https://studiegids.tudelft.nl/courses/study-guide/educations/17070,No,MSc,Applied Sciences,[]
FALSE,LM3901,Master Thesis Project,https://studiegids.tudelft.nl/courses/study-guide/educations/17288,No,MSc,Applied Sciences,[]
FALSE,LM3902,Master Research Project,https://studiegids.tudelft.nl/courses/study-guide/educations/4225,No,MSc,Applied Sciences,[]
FALSE,LM3995,Master Research Project,https://studiegids.tudelft.nl/courses/study-guide/educations/4228,No,MSc,Applied Sciences,[]
TRUE,ME41006,Musculoskeletal Modeling and Simulation,https://studiegids.tudelft.nl/courses/study-guide/educations/19562,Yes,MSc,Mechanical Engineering,[3]
FALSE,ME41035,Special Topics in Sports Engineering,https://studiegids.tudelft.nl/courses/study-guide/educations/19576,No,MSc,Mechanical Engineering,[]
FALSE,ME41056,Multibody Dynamics,https://studiegids.tudelft.nl/courses/study-guide/educations/19254,No,MSc,Mechanical Engineering,[]
TRUE,ME41066,System Identification and Parameter Estimation,https://studiegids.tudelft.nl/courses/study-guide/educations/22009,Yes,MSc,Mechanical Engineering,[3]
TRUE,ME41085,Biomechatronics,https://studiegids.tudelft.nl/courses/study-guide/educations/19568,Yes,MSc,Mechanical Engineering,[3]
FALSE,ME41096,Bio Inspired Design,https://studiegids.tudelft.nl/courses/study-guide/educations/19569,No,MSc,Mechanical Engineering,[]
FALSE,ME41106,Intelligent Vehicles ME,https://studiegids.tudelft.nl/courses/study-guide/educations/19255,No,MSc,Mechanical Engineering,[]
FALSE,ME41120,Freehand Sketching of Products and Mechanisms,https://studiegids.tudelft.nl/courses/study-guide/educations/19578,No,MSc,Mechanical Engineering,[]
FALSE,ME41125,Introduction to Engineering Research,https://studiegids.tudelft.nl/courses/study-guide/educations/19579,No,MSc,Mechanical Engineering,[]
TRUE,ME44101,Dynamics and Interaction of Material and Equipment,https://studiegids.tudelft.nl/courses/study-guide/educations/19655,Yes,MSc,Mechanical Engineering,[9]
FALSE,ME44106,Structural Design with FEM,https://studiegids.tudelft.nl/courses/study-guide/educations/19656,No,MSc,Mechanical Engineering,[]
TRUE,ME44110,Integrated Design Project for Multi-Machine Systems,https://studiegids.tudelft.nl/courses/study-guide/educations/19657,Yes,MSc,Mechanical Engineering,"[9, 11, 12, 13]"
TRUE,ME44115,Discrete Element Method (DEM) simulation,https://studiegids.tudelft.nl/courses/study-guide/educations/19666,Yes,MSc,Mechanical Engineering,[9]
TRUE,ME44125,Reliability and Maintenance of Transport Equipment,https://studiegids.tudelft.nl/courses/study-guide/educations/19408,Yes,MSc,Mechanical Engineering,[9]
TRUE,ME44200,Intelligent Operations and Maintenance for Transport and Production,https://studiegids.tudelft.nl/courses/study-guide/educations/19658,Yes,MSc,Mechanical Engineering,"[8, 9]"
FALSE,ME44206,Quantitative Methods for Logistics,https://studiegids.tudelft.nl/courses/study-guide/educations/19497,No,MSc,Mechanical Engineering,[]
TRUE,ME44210,Drive and Energy Systems,https://studiegids.tudelft.nl/courses/study-guide/educations/19256,Yes,MSc,Mechanical Engineering,"[7, 9]"
TRUE,ME44300,Multi-Machine Coordination for Logistics,https://studiegids.tudelft.nl/courses/study-guide/educations/19410,Yes,MSc,Mechanical Engineering,"[9, 11]"
FALSE,ME44305,System Analysis and Simulation,https://studiegids.tudelft.nl/courses/study-guide/educations/19662,No,MSc,Mechanical Engineering,[]
TRUE,ME44311,Advanced Operations and Production Management,https://studiegids.tudelft.nl/courses/study-guide/educations/19668,Yes,MSc,Mechanical Engineering,[9]
FALSE,ME44312,Machine Learning for Transport and Multi-Machine Systems,https://studiegids.tudelft.nl/courses/study-guide/educations/19498,No,MSc,Mechanical Engineering,[]
FALSE,ME45001,Advanced Heat Transfer,https://studiegids.tudelft.nl/courses/study-guide/educations/19257,No,MSc,Mechanical Engineering,[]
TRUE,ME45026,Introduction to Multiphase Flow,https://studiegids.tudelft.nl/courses/study-guide/educations/19603,Yes,MSc,Mechanical Engineering,[9]
FALSE,ME45030,Turbulence,https://studiegids.tudelft.nl/courses/study-guide/educations/19599,No,MSc,Mechanical Engineering,[]
FALSE,ME45042,Advanced Fluid Dynamics,https://studiegids.tudelft.nl/courses/study-guide/educations/19258,No,MSc,Mechanical Engineering,[]
FALSE,ME45050,Microfluidics: Applied Theory and Lab,https://studiegids.tudelft.nl/courses/study-guide/educations/19604,No,MSc,Mechanical Engineering,[]
TRUE,ME45075,Refrigeration and Heat Pumps Fundamentals,https://studiegids.tudelft.nl/courses/study-guide/educations/19605,Yes,MSc,Mechanical Engineering,"[7, 8, 9, 12, 13]"
TRUE,ME45111,Buildings as Energy and Indoor Climate Systems’,https://studiegids.tudelft.nl/courses/study-guide/educations/19606,Yes,MSc,Mechanical Engineering,"[7, 9, 11, 12, 13]"
TRUE,ME45134,Process and Power Plant Design,https://studiegids.tudelft.nl/courses/study-guide/educations/19600,Yes,MSc,Mechanical Engineering,"[7, 9, 12, 13]"
FALSE,ME45155,Computational Fluid Dynamics for Engineers,https://studiegids.tudelft.nl/courses/study-guide/educations/19412,No,MSc,Mechanical Engineering,[]
FALSE,ME45160,Advanced Applied Thermodynamics,https://studiegids.tudelft.nl/courses/study-guide/educations/19596,No,MSc,Mechanical Engineering,[]
TRUE,ME45165,Equipment for Heat and Mass Transfer,https://studiegids.tudelft.nl/courses/study-guide/educations/19597,Yes,MSc,Mechanical Engineering,[9]
TRUE,ME45165SET,Equipment for Heat and Mass Transfer,https://studiegids.tudelft.nl/courses/study-guide/educations/32130,Yes,MSc,Mechanical Engineering,"[9, 12, 13]"
TRUE,ME45170,Turbomachinery,https://studiegids.tudelft.nl/courses/study-guide/educations/19607,Yes,MSc,Mechanical Engineering,"[7, 9, 13]"
TRUE,ME45203,"Electrolysers, Fuel Cells and Batteries",https://studiegids.tudelft.nl/courses/study-guide/educations/19608,Yes,MSc,Mechanical Engineering,"[7, 9, 13]"
TRUE,ME45204,Electrochemical Energy Storage,https://studiegids.tudelft.nl/courses/study-guide/educations/19602,Yes,MSc,Mechanical Engineering,"[7, 9, 13]"
TRUE,ME45211-25,Particle-based modeling of fluids,https://studiegids.tudelft.nl/courses/study-guide/educations/21834,Yes,MSc,Mechanical Engineering,[13]
FALSE,ME45215,Rheology of Complex Fluids,https://studiegids.tudelft.nl/courses/study-guide/educations/19610,No,MSc,Mechanical Engineering,[]
FALSE,ME45220,Experimental Techniques in Fluid Mechanics,https://studiegids.tudelft.nl/courses/study-guide/educations/19611,No,MSc,Mechanical Engineering,[]
TRUE,ME45225,Multiphysics transport in Energy Materials,https://studiegids.tudelft.nl/courses/study-guide/educations/19612,Yes,MSc,Mechanical Engineering,"[7, 9, 13]"
FALSE,ME46000,Non-linear Mechanics,https://studiegids.tudelft.nl/courses/study-guide/educations/19259,No,MSc,Mechanical Engineering,[]
FALSE,ME46006,Physics for Mechanical Engineers,https://studiegids.tudelft.nl/courses/study-guide/educations/19260,No,MSc,Mechanical Engineering,[]
FALSE,ME46007,Measurement Technology,https://studiegids.tudelft.nl/courses/study-guide/educations/19261,No,MSc,Mechanical Engineering,[]
FALSE,ME46010,Introduction to Nanoscience and Technology,https://studiegids.tudelft.nl/courses/study-guide/educations/19225,No,MSc,Mechanical Engineering,[]
FALSE,ME46015-23,Precision Mechanism Design,https://studiegids.tudelft.nl/courses/study-guide/educations/19570,No,MSc,Mechanical Engineering,[]
FALSE,ME46020,"Micro- and Nanosystems Design and Fabrication, incl. MEMS Lab.",https://studiegids.tudelft.nl/courses/study-guide/educations/19622,No,MSc,Mechanical Engineering,[]
TRUE,ME46025,Manufacturing for the Micro and Nano Scale,https://studiegids.tudelft.nl/courses/study-guide/educations/19627,Yes,MSc,Mechanical Engineering,[9]
FALSE,ME46035,Stability of Thin-Walled Structures 1,https://studiegids.tudelft.nl/courses/study-guide/educations/19628,No,MSc,Mechanical Engineering,[]
FALSE,ME46041,Experimental Dynamics,https://studiegids.tudelft.nl/courses/study-guide/educations/19639,No,MSc,Mechanical Engineering,[]
FALSE,ME46050,Advanced Finite Element Methods,https://studiegids.tudelft.nl/courses/study-guide/educations/19580,No,MSc,Mechanical Engineering,[]
FALSE,ME46055,Engineering Dynamics,https://studiegids.tudelft.nl/courses/study-guide/educations/19262,No,MSc,Mechanical Engineering,[]
FALSE,ME46060,Engineering Optimization: Concepts and Applications,https://studiegids.tudelft.nl/courses/study-guide/educations/19581,No,MSc,Mechanical Engineering,[]
FALSE,ME46065,Thin Film Materials,https://studiegids.tudelft.nl/courses/study-guide/educations/19630,No,MSc,Mechanical Engineering,[]
FALSE,ME46070,Fundamentals of Mechanical Analysis,https://studiegids.tudelft.nl/courses/study-guide/educations/19582,No,MSc,Mechanical Engineering,[]
FALSE,ME46072,Non-linear Dynamics,https://studiegids.tudelft.nl/courses/study-guide/educations/19631,No,MSc,Mechanical Engineering,[]
FALSE,ME46085-23,Mechatronic System Design,https://studiegids.tudelft.nl/courses/study-guide/educations/19227,No,MSc,Mechanical Engineering,[]
FALSE,ME46095,Multiphysics Modelling using COMSOL,https://studiegids.tudelft.nl/courses/study-guide/educations/19632,No,MSc,Mechanical Engineering,[]
FALSE,ME46110,Intro lab PME,https://studiegids.tudelft.nl/courses/study-guide/educations/19620,No,MSc,Mechanical Engineering,[]
FALSE,ME46115-25,Compliant Mechanisms,https://studiegids.tudelft.nl/courses/study-guide/educations/21844,No,MSc,Mechanical Engineering,[]
TRUE,ME46125,Micro and Nanofabrication for Cell Biology and Tissue Engineering,https://studiegids.tudelft.nl/courses/study-guide/educations/19635,Yes,MSc,Mechanical Engineering,[3]
TRUE,ME46310-25,Opto-Mechatronics,https://studiegids.tudelft.nl/courses/study-guide/educations/22377,Yes,MSc,Mechanical Engineering,[9]
FALSE,ME46325,Computational Design,https://studiegids.tudelft.nl/courses/study-guide/educations/19637,No,MSc,Mechanical Engineering,[]
TRUE,ME51010-20,ME-BMD Literature Research,https://studiegids.tudelft.nl/courses/study-guide/educations/19592,Yes,MSc,Mechanical Engineering,[4]
FALSE,ME51015,ME-BMD Internship / Research Assignment,https://studiegids.tudelft.nl/courses/study-guide/educations/19591,No,MSc,Mechanical Engineering,[]
FALSE,ME51035,ME-BMD MSc Thesis,https://studiegids.tudelft.nl/courses/study-guide/educations/19593,No,MSc,Mechanical Engineering,[]
FALSE,ME54010-20,ME-MME Literature Research,https://studiegids.tudelft.nl/courses/study-guide/educations/19916,No,MSc,Mechanical Engineering,[]
FALSE,ME54015,ME-MME Research Assignment,https://studiegids.tudelft.nl/courses/study-guide/educations/19915,No,MSc,Mechanical Engineering,[]
FALSE,ME54035,ME-MME MSc Thesis,https://studiegids.tudelft.nl/courses/study-guide/educations/19917,No,MSc,Mechanical Engineering,[]
TRUE,ME55010-20,ME-EFPT Literature Research,https://studiegids.tudelft.nl/courses/study-guide/educations/19615,Yes,MSc,Mechanical Engineering,[4]
FALSE,ME55015,ME-EFPT Research Assignment,https://studiegids.tudelft.nl/courses/study-guide/educations/19614,No,MSc,Mechanical Engineering,[]
FALSE,ME55035,ME-EFPT MSc Thesis,https://studiegids.tudelft.nl/courses/study-guide/educations/19616,No,MSc,Mechanical Engineering,[]
FALSE,ME56010-22,ME-HTE Literature Research and Project Proposal,https://studiegids.tudelft.nl/courses/study-guide/educations/19653,No,MSc,Mechanical Engineering,[]
FALSE,ME56015R,ME-HTE Research Assignment,https://studiegids.tudelft.nl/courses/study-guide/educations/22414,No,MSc,Mechanical Engineering,[]
FALSE,ME56015S,ME-HTE Internship,https://studiegids.tudelft.nl/courses/study-guide/educations/19652,No,MSc,Mechanical Engineering,[]
FALSE,ME56035,ME-HTE Thesis,https://studiegids.tudelft.nl/courses/study-guide/educations/19654,No,MSc,Mechanical Engineering,[]
FALSE,MOT111A,Financial Management,https://studiegids.tudelft.nl/courses/study-guide/educations/20219,No,MSc,"Technology, Policy and Management",[]
TRUE,MOT112A,Economic Foundations,https://studiegids.tudelft.nl/courses/study-guide/educations/20220,Yes,MSc,"Technology, Policy and Management",[8]
FALSE,MOT113B,Technology Dynamics,https://studiegids.tudelft.nl/courses/study-guide/educations/21101,No,MSc,"Technology, Policy and Management",[]
TRUE,MOT121A,Leadership and Technology Management,https://studiegids.tudelft.nl/courses/study-guide/educations/20222,Yes,MSc,"Technology, Policy and Management",[8]
TRUE,MOT122A,Digital Business Process Management,https://studiegids.tudelft.nl/courses/study-guide/educations/20223,Yes,MSc,"Technology, Policy and Management",[9]
FALSE,MOT123A,Inter- and intra-organisational decision making,https://studiegids.tudelft.nl/courses/study-guide/educations/20224,No,MSc,"Technology, Policy and Management",[]
TRUE,MOT132A,"Technology, Strategy and Entrepreneurship",https://studiegids.tudelft.nl/courses/study-guide/educations/20226,Yes,MSc,"Technology, Policy and Management","[8, 9, 17]"
TRUE,MOT133A,High Tech Marketing,https://studiegids.tudelft.nl/courses/study-guide/educations/20227,Yes,MSc,"Technology, Policy and Management",[9]
FALSE,MOT141A,Research Methods,https://studiegids.tudelft.nl/courses/study-guide/educations/20228,No,MSc,"Technology, Policy and Management",[]
FALSE,MOT142B,Ethics and Epistemology,https://studiegids.tudelft.nl/courses/study-guide/educations/21102,No,MSc,"Technology, Policy and Management",[]
FALSE,MOT143A,Business Analytics,https://studiegids.tudelft.nl/courses/study-guide/educations/20230,No,MSc,"Technology, Policy and Management",[]
TRUE,MOT201A,Preparation for Master Thesis,https://studiegids.tudelft.nl/courses/study-guide/educations/20231,Yes,MSc,"Technology, Policy and Management",[4]
FALSE,MOT202A,Integration Moment,https://studiegids.tudelft.nl/courses/study-guide/educations/20232,No,MSc,"Technology, Policy and Management",[]
FALSE,MOT2910,Master Thesis Project,https://studiegids.tudelft.nl/courses/study-guide/educations/20233,No,MSc,"Technology, Policy and Management",[]
TRUE,MOT9611,Project Entrepreneurship Thesis related,https://studiegids.tudelft.nl/courses/study-guide/educations/19966,Yes,MSc,"Technology, Policy and Management","[8, 9, 17]"
FALSE,MS3310UL,What is Authenticity in Art,https://studiegids.tudelft.nl/courses/study-guide/educations/19088,No,BSc,Mechanical Engineering,[]
FALSE,MS3320,The Biography of Art Objects: Understanding the Material Life Cycle of Artwork through Physical and Chemical Analysis,https://studiegids.tudelft.nl/courses/study-guide/educations/19089,No,BSc,Mechanical Engineering,[]
FALSE,MS3330EUR,Crime and Disruption in the Art Market,https://studiegids.tudelft.nl/courses/study-guide/educations/19090,No,BSc,Mechanical Engineering,[]
FALSE,MS3340UL,Authenticity and Art Crime: A Challenging Case Study (Leiden part),https://studiegids.tudelft.nl/courses/study-guide/educations/4970,No,BSc,Mechanical Engineering,[]
TRUE,MS3350,Authenticity and Art Crime: A Challenging Case Study (Delft part),https://studiegids.tudelft.nl/courses/study-guide/educations/4971,Yes,BSc,Mechanical Engineering,[4]
FALSE,MS43006,Structure and Properties of Materials,https://studiegids.tudelft.nl/courses/study-guide/educations/19421,No,MSc,Mechanical Engineering,[]
FALSE,MS43011,Characterisation of Materials,https://studiegids.tudelft.nl/courses/study-guide/educations/19422,No,MSc,Mechanical Engineering,[]
FALSE,MS43016,Metals Science,https://studiegids.tudelft.nl/courses/study-guide/educations/19423,No,MSc,Mechanical Engineering,[]
TRUE,MS43020,Computational Materials Science,https://studiegids.tudelft.nl/courses/study-guide/educations/19424,Yes,MSc,Mechanical Engineering,[9]
FALSE,MS43025,Mechanical Behaviour of Materials,https://studiegids.tudelft.nl/courses/study-guide/educations/19425,No,MSc,Mechanical Engineering,[]
FALSE,MS43030,Transport Phenomena in Materials,https://studiegids.tudelft.nl/courses/study-guide/educations/19426,No,MSc,Mechanical Engineering,[]
FALSE,MS43035,Thermodynamics and Kinetics of Materials,https://studiegids.tudelft.nl/courses/study-guide/educations/19427,No,MSc,Mechanical Engineering,[]
FALSE,MS43040,Machine Learning for Materials Design,https://studiegids.tudelft.nl/courses/study-guide/educations/19434,No,MSc,Mechanical Engineering,[]
TRUE,MS43045,Society’s Needs: Case Studies and Materials Challenges,https://studiegids.tudelft.nl/courses/study-guide/educations/19428,Yes,MSc,Mechanical Engineering,"[9, 12, 13]"
FALSE,MS43050,Polymer Science,https://studiegids.tudelft.nl/courses/study-guide/educations/19429,No,MSc,Mechanical Engineering,[]
FALSE,MS43100,Science of Failure,https://studiegids.tudelft.nl/courses/study-guide/educations/19921,No,MSc,Mechanical Engineering,[]
FALSE,MS43110,Joining Technologies,https://studiegids.tudelft.nl/courses/study-guide/educations/19923,No,MSc,Mechanical Engineering,[]
TRUE,MS43115,Materials Selection for Engineering Applications,https://studiegids.tudelft.nl/courses/study-guide/educations/19924,Yes,MSc,Mechanical Engineering,"[9, 12, 13]"
FALSE,MS43120,Corrosion Engineering,https://studiegids.tudelft.nl/courses/study-guide/educations/19922,No,MSc,Mechanical Engineering,[]
FALSE,MS43200,Metals Science II,https://studiegids.tudelft.nl/courses/study-guide/educations/19928,No,MSc,Mechanical Engineering,[]
TRUE,MS43205,Computational Materials Science II,https://studiegids.tudelft.nl/courses/study-guide/educations/19929,Yes,MSc,Mechanical Engineering,[9]
FALSE,MS43210,Advanced Characterisation,https://studiegids.tudelft.nl/courses/study-guide/educations/19925,No,MSc,Mechanical Engineering,[]
FALSE,MS43215,Steel Science,https://studiegids.tudelft.nl/courses/study-guide/educations/19931,No,MSc,Mechanical Engineering,[]
FALSE,MS43220,Corrosion Science,https://studiegids.tudelft.nl/courses/study-guide/educations/19932,No,MSc,Mechanical Engineering,[]
TRUE,MS43305,Materials for Hydrogen and Solar Energy Technology,https://studiegids.tudelft.nl/courses/study-guide/educations/19934,Yes,MSc,Mechanical Engineering,"[7, 9, 12, 13]"
FALSE,MS43310,Materials at High Temperature,https://studiegids.tudelft.nl/courses/study-guide/educations/19937,No,MSc,Mechanical Engineering,[]
TRUE,MS43315,Recycling Engineering Materials,https://studiegids.tudelft.nl/courses/study-guide/educations/19926,Yes,MSc,Mechanical Engineering,"[9, 12, 13]"
TRUE,MS43325,Application of Materials in High Tech Engineering,https://studiegids.tudelft.nl/courses/study-guide/educations/19447,Yes,MSc,Mechanical Engineering,"[12, 13]"
TRUE,MS43330,Sustainable Metals Production,https://studiegids.tudelft.nl/courses/study-guide/educations/19933,Yes,MSc,Mechanical Engineering,"[7, 8, 9, 12, 13]"
FALSE,MS43702,Materials Elective R I,https://studiegids.tudelft.nl/courses/study-guide/educations/19453,No,MSc,Mechanical Engineering,[]
FALSE,MS43706,Materials Elective R II,https://studiegids.tudelft.nl/courses/study-guide/educations/19454,No,MSc,Mechanical Engineering,[]
FALSE,MS43805,Metallic Materials in Maritime Structures,https://studiegids.tudelft.nl/courses/study-guide/educations/19449,No,MSc,Mechanical Engineering,[]
FALSE,MS43810,Materials in Art and Design,https://studiegids.tudelft.nl/courses/study-guide/educations/19450,No,MSc,Mechanical Engineering,[]
FALSE,MS43825,Radiation Damage in Materials,https://studiegids.tudelft.nl/courses/study-guide/educations/19451,No,MSc,Mechanical Engineering,[]
FALSE,MS53010-20,MSE Literature Research,https://studiegids.tudelft.nl/courses/study-guide/educations/19456,No,MSc,Mechanical Engineering,[]
TRUE,MS53035,MSE MSc Thesis,https://studiegids.tudelft.nl/courses/study-guide/educations/19457,Yes,MSc,Mechanical Engineering,"[9, 12, 13]"
FALSE,MS53200,External Research Project,https://studiegids.tudelft.nl/courses/study-guide/educations/19455,No,MSc,Mechanical Engineering,[]
FALSE,MT1461-25,Introduction Maritime Technology,https://studiegids.tudelft.nl/courses/study-guide/educations/21067,No,BSc,Mechanical Engineering,[]
FALSE,MT1462,Hydrostatics,https://studiegids.tudelft.nl/courses/study-guide/educations/19343,No,BSc,Mechanical Engineering,[]
FALSE,MT1463,Integration and skills 1,https://studiegids.tudelft.nl/courses/study-guide/educations/19346,No,BSc,Mechanical Engineering,[]
TRUE,MT1464,Mechanics of Maritime Structures 1,https://studiegids.tudelft.nl/courses/study-guide/educations/19344,Yes,BSc,Mechanical Engineering,"[12, 13]"
TRUE,MT1465,"Resistance, Propulsion and Powering 1",https://studiegids.tudelft.nl/courses/study-guide/educations/19345,Yes,BSc,Mechanical Engineering,"[7, 9, 12, 13]"
FALSE,MT1466,Integration and Skills 2,https://studiegids.tudelft.nl/courses/study-guide/educations/19347,No,BSc,Mechanical Engineering,[]
FALSE,MT2461-25,Hydromechanics,https://studiegids.tudelft.nl/courses/study-guide/educations/21077,No,BSc,Mechanical Engineering,[]
TRUE,MT2462,Ship Design,https://studiegids.tudelft.nl/courses/study-guide/educations/19355,Yes,BSc,Mechanical Engineering,"[7, 9, 12, 13]"
TRUE,MT2463,"Resistance, Propulsion and Powering 2",https://studiegids.tudelft.nl/courses/study-guide/educations/19351,Yes,BSc,Mechanical Engineering,"[7, 9, 12, 13]"
FALSE,MT2464,Mechanics of Maritime Structures 2,https://studiegids.tudelft.nl/courses/study-guide/educations/19352,No,BSc,Mechanical Engineering,[]
TRUE,MT2465,Integration and Skills 3,https://studiegids.tudelft.nl/courses/study-guide/educations/19356,Yes,BSc,Mechanical Engineering,"[9, 13]"
FALSE,MT3461,Dynamics of Maritime Structures,https://studiegids.tudelft.nl/courses/study-guide/educations/21086,No,BSc,Mechanical Engineering,[]
TRUE,MT3462,Electric drive and conversion,https://studiegids.tudelft.nl/courses/study-guide/educations/21088,Yes,BSc,Mechanical Engineering,[9]
FALSE,MT3463,Ship Motion and Manouvring,https://studiegids.tudelft.nl/courses/study-guide/educations/19360,No,BSc,Mechanical Engineering,[]
FALSE,MT44001,Mechatronics in MT,https://studiegids.tudelft.nl/courses/study-guide/educations/19875,No,MSc,Mechanical Engineering,[]
TRUE,MT44006,"Future Marine Power, Propulsion and Energy Systems",https://studiegids.tudelft.nl/courses/study-guide/educations/19876,Yes,MSc,Mechanical Engineering,"[7, 9, 12, 13]"
TRUE,MT44010,Non-metallic Materials in Maritime Structures,https://studiegids.tudelft.nl/courses/study-guide/educations/19877,Yes,MSc,Mechanical Engineering,"[9, 12]"
FALSE,MT44021,Motions and Loading of Structures in Waves,https://studiegids.tudelft.nl/courses/study-guide/educations/19401,No,MSc,Mechanical Engineering,[]
FALSE,MT44025,Numerical Ship Hydrodynamics,https://studiegids.tudelft.nl/courses/study-guide/educations/19878,No,MSc,Mechanical Engineering,[]
FALSE,MT44030,Advanced Mechanics of Maritime Structures,https://studiegids.tudelft.nl/courses/study-guide/educations/19402,No,MSc,Mechanical Engineering,[]
TRUE,MT44035,Design of Complex Specials,https://studiegids.tudelft.nl/courses/study-guide/educations/19403,Yes,MSc,Mechanical Engineering,"[9, 13]"
TRUE,MT44040,"Maritime Finance, Business and Law",https://studiegids.tudelft.nl/courses/study-guide/educations/19404,Yes,MSc,Mechanical Engineering,[13]
TRUE,MT44050,Fundamentals of Marine Engineering,https://studiegids.tudelft.nl/courses/study-guide/educations/19405,Yes,MSc,Mechanical Engineering,"[7, 9, 12, 13]"
FALSE,MT44061,Advanced Course in Resistance and Propulsion,https://studiegids.tudelft.nl/courses/study-guide/educations/19879,No,MSc,Mechanical Engineering,[]
TRUE,MT44070,Shipping Management,https://studiegids.tudelft.nl/courses/study-guide/educations/19880,Yes,MSc,Mechanical Engineering,"[12, 13]"
FALSE,MT44085,Ultimate Strength of Maritime Structures,https://studiegids.tudelft.nl/courses/study-guide/educations/19881,No,MSc,Mechanical Engineering,[]
TRUE,MT44090,Fluid - Structure Interaction in Maritime Structures,https://studiegids.tudelft.nl/courses/study-guide/educations/19882,Yes,MSc,Mechanical Engineering,[9]
FALSE,MT44095,Design of Advanced Marine Vehicles,https://studiegids.tudelft.nl/courses/study-guide/educations/19883,No,MSc,Mechanical Engineering,[]
TRUE,MT44100,Internal Combustion Engines A,https://studiegids.tudelft.nl/courses/study-guide/educations/19884,Yes,MSc,Mechanical Engineering,"[7, 8, 9, 13]"
TRUE,MT44105,Internal Combustion Engines B,https://studiegids.tudelft.nl/courses/study-guide/educations/19885,Yes,MSc,Mechanical Engineering,"[7, 9, 12, 13]"
FALSE,MT54000,Individual Research Assignment for MT,https://studiegids.tudelft.nl/courses/study-guide/educations/19420,No,MSc,Mechanical Engineering,[]
FALSE,MT54010-20,MT Literature Research,https://studiegids.tudelft.nl/courses/study-guide/educations/19417,No,MSc,Mechanical Engineering,[]
FALSE,MT54035,MT MSc Thesis,https://studiegids.tudelft.nl/courses/study-guide/educations/19418,No,MSc,Mechanical Engineering,[]
FALSE,NB1012,Biochemistry,https://studiegids.tudelft.nl/courses/study-guide/educations/16959,No,BSc,Applied Sciences,[]
FALSE,NB1016,Molecular Biology,https://studiegids.tudelft.nl/courses/study-guide/educations/16960,No,BSc,Applied Sciences,[]
FALSE,NB1022,Genetics,https://studiegids.tudelft.nl/courses/study-guide/educations/16961,No,BSc,Applied Sciences,[]
FALSE,NB1052,Journal Club 1,https://studiegids.tudelft.nl/courses/study-guide/educations/16964,No,BSc,Applied Sciences,[]
FALSE,NB1102,Chemistry 1,https://studiegids.tudelft.nl/courses/study-guide/educations/16965,No,BSc,Applied Sciences,[]
FALSE,NB1110,Chemistry 2,https://studiegids.tudelft.nl/courses/study-guide/educations/16966,No,BSc,Applied Sciences,[]
FALSE,NB1120,Biomolecular Programming,https://studiegids.tudelft.nl/courses/study-guide/educations/16967,No,BSc,Applied Sciences,[]
FALSE,NB1132,Biophysics,https://studiegids.tudelft.nl/courses/study-guide/educations/16968,No,BSc,Applied Sciences,[]
FALSE,NB1140,Physics 1A,https://studiegids.tudelft.nl/courses/study-guide/educations/16969,No,BSc,Applied Sciences,[]
FALSE,NB1143,Physics 1B,https://studiegids.tudelft.nl/courses/study-guide/educations/16970,No,BSc,Applied Sciences,[]
FALSE,NB1150,Lab Course Track A-1,https://studiegids.tudelft.nl/courses/study-guide/educations/16971,No,BSc,Applied Sciences,[]
TRUE,NB1151,Lab Course Track A-2,https://studiegids.tudelft.nl/courses/study-guide/educations/16972,Yes,BSc,Applied Sciences,"[12, 13]"
TRUE,NB1163,Lab Course Track B-1,https://studiegids.tudelft.nl/courses/study-guide/educations/16973,Yes,BSc,Applied Sciences,[6]
FALSE,NB1164,Lab Course Track B-2,https://studiegids.tudelft.nl/courses/study-guide/educations/16974,No,BSc,Applied Sciences,[]
FALSE,NB1201,Analysis 1,https://studiegids.tudelft.nl/courses/study-guide/educations/16975,No,BSc,Applied Sciences,[]
FALSE,NB1206,Analysis 2,https://studiegids.tudelft.nl/courses/study-guide/educations/16976,No,BSc,Applied Sciences,[]
FALSE,NB1211,Analysis 3,https://studiegids.tudelft.nl/courses/study-guide/educations/16977,No,BSc,Applied Sciences,[]
FALSE,NB1230,Linear Algebra,https://studiegids.tudelft.nl/courses/study-guide/educations/16978,No,BSc,Applied Sciences,[]
TRUE,NB1310,Molecular Genetics,https://studiegids.tudelft.nl/courses/study-guide/educations/21583,Yes,BSc,Applied Sciences,[3]
FALSE,NB1315,Math 1 for Nanobiologists,https://studiegids.tudelft.nl/courses/study-guide/educations/21584,No,BSc,Applied Sciences,[]
FALSE,NB1320,Chemistry,https://studiegids.tudelft.nl/courses/study-guide/educations/21586,No,BSc,Applied Sciences,[]
FALSE,NB1325,Mechanics and Optics,https://studiegids.tudelft.nl/courses/study-guide/educations/21587,No,BSc,Applied Sciences,[]
FALSE,NB1330,Structural Biochemistry,https://studiegids.tudelft.nl/courses/study-guide/educations/21591,No,BSc,Applied Sciences,[]
FALSE,NB1335,Math 2 for Nanobiologists,https://studiegids.tudelft.nl/courses/study-guide/educations/21593,No,BSc,Applied Sciences,[]
FALSE,NB1340,Molecular Biophysics,https://studiegids.tudelft.nl/courses/study-guide/educations/21595,No,BSc,Applied Sciences,[]
FALSE,NB1345,Math 3 for Nanobiologists,https://studiegids.tudelft.nl/courses/study-guide/educations/21597,No,BSc,Applied Sciences,[]
TRUE,NB1410,Introduction to Nanobiology,https://studiegids.tudelft.nl/courses/study-guide/educations/21585,Yes,BSc,Applied Sciences,[4]
FALSE,NB1420,Programming Foundations,https://studiegids.tudelft.nl/courses/study-guide/educations/21589,No,BSc,Applied Sciences,[]
FALSE,NB1430,Molecular Biology Techniques A,https://studiegids.tudelft.nl/courses/study-guide/educations/21604,No,BSc,Applied Sciences,[]
TRUE,NB1435,Biophysics Techniques A,https://studiegids.tudelft.nl/courses/study-guide/educations/21607,Yes,BSc,Applied Sciences,[12]
FALSE,NB1440,Molecular Biology Techniques B,https://studiegids.tudelft.nl/courses/study-guide/educations/21608,No,BSc,Applied Sciences,[]
TRUE,NB1445,Biophysics Techniques B,https://studiegids.tudelft.nl/courses/study-guide/educations/21609,Yes,BSc,Applied Sciences,"[12, 13]"
FALSE,NB2011,Thermodynamics and Transport,https://studiegids.tudelft.nl/courses/study-guide/educations/16979,No,BSc,Applied Sciences,[]
FALSE,NB2022,Philosophy and Ethics,https://studiegids.tudelft.nl/courses/study-guide/educations/16980,No,BSc,Applied Sciences,[]
FALSE,NB2032,Evolutionary Developmental Biology,https://studiegids.tudelft.nl/courses/study-guide/educations/16981,No,BSc,Applied Sciences,[]
FALSE,NB2071,Physical Biology of the Cell 2,https://studiegids.tudelft.nl/courses/study-guide/educations/16982,No,BSc,Applied Sciences,[]
FALSE,NB2081,Nanotechnology,https://studiegids.tudelft.nl/courses/study-guide/educations/16983,No,BSc,Applied Sciences,[]
FALSE,NB2141,Physics 2,https://studiegids.tudelft.nl/courses/study-guide/educations/16984,No,BSc,Applied Sciences,[]
FALSE,NB2161,Bioinformatics,https://studiegids.tudelft.nl/courses/study-guide/educations/16985,No,BSc,Applied Sciences,[]
FALSE,NB2171,Statistics,https://studiegids.tudelft.nl/courses/study-guide/educations/16986,No,BSc,Applied Sciences,[]
FALSE,NB2181,Computational Science,https://studiegids.tudelft.nl/courses/study-guide/educations/16987,No,BSc,Applied Sciences,[]
FALSE,NB2191,Differential Equations,https://studiegids.tudelft.nl/courses/study-guide/educations/16988,No,BSc,Applied Sciences,[]
FALSE,NB2214,Electronic Instrumentation,https://studiegids.tudelft.nl/courses/study-guide/educations/16989,No,BSc,Applied Sciences,[]
FALSE,NB2220,Statistical Physics,https://studiegids.tudelft.nl/courses/study-guide/educations/16990,No,BSc,Applied Sciences,[]
FALSE,NB2230,Biomolecular Structure and Function,https://studiegids.tudelft.nl/courses/study-guide/educations/16991,No,BSc,Applied Sciences,[]
FALSE,NB2240,Imaging 2,https://studiegids.tudelft.nl/courses/study-guide/educations/16992,No,BSc,Applied Sciences,[]
FALSE,NB2330,Imaging 1,https://studiegids.tudelft.nl/courses/study-guide/educations/16993,No,BSc,Applied Sciences,[]
FALSE,NB2901HPB,Honours Programme Seminars,https://studiegids.tudelft.nl/courses/study-guide/educations/17025,No,BSc,Applied Sciences,[]
TRUE,NB2902HPB,Honours Programme Journal Club,https://studiegids.tudelft.nl/courses/study-guide/educations/17026,Yes,BSc,Applied Sciences,[11]
FALSE,NB2903HPB,Honours Programme Project,https://studiegids.tudelft.nl/courses/study-guide/educations/17027,No,BSc,Applied Sciences,[]
FALSE,NB2904HPB,Honours Programme Broaden-your-experience-project,https://studiegids.tudelft.nl/courses/study-guide/educations/17028,No,BSc,Applied Sciences,[]
FALSE,NB2905HPB,Honours Programme Project,https://studiegids.tudelft.nl/courses/study-guide/educations/17029,No,BSc,Applied Sciences,[]
FALSE,NB3000,Bachelor Thesis Project,https://studiegids.tudelft.nl/courses/study-guide/educations/16995,No,BSc,Applied Sciences,[]
FALSE,NB3014,Computational Neuroscience,https://studiegids.tudelft.nl/courses/study-guide/educations/17197,No,BSc,Applied Sciences,[]
FALSE,NB3015,A Primer in Neuroscience,https://studiegids.tudelft.nl/courses/study-guide/educations/17198,No,BSc,Applied Sciences,[]
FALSE,NB3016,High Speed Scientific Computing,https://studiegids.tudelft.nl/courses/study-guide/educations/17199,No,BSc,Applied Sciences,[]
FALSE,NB3017,Quantum Mechanics for Nanobiology 1,https://studiegids.tudelft.nl/courses/study-guide/educations/17200,No,BSc,Applied Sciences,[]
FALSE,NB3018,Quantum Mechanics for Nanobiology 2,https://studiegids.tudelft.nl/courses/study-guide/educations/17201,No,BSc,Applied Sciences,[]
TRUE,NB3020,Genomics Technology in Breast Cancer Research,https://studiegids.tudelft.nl/courses/study-guide/educations/17202,Yes,BSc,Applied Sciences,[3]
FALSE,NB3021,Optics and its Application in Nanobiology,https://studiegids.tudelft.nl/courses/study-guide/educations/17203,No,BSc,Applied Sciences,[]
TRUE,NB3022,Epigenetics,https://studiegids.tudelft.nl/courses/study-guide/educations/17204,Yes,BSc,Applied Sciences,[3]
TRUE,NB3023,Human Complex Genetics,https://studiegids.tudelft.nl/courses/study-guide/educations/17205,Yes,BSc,Applied Sciences,[3]
FALSE,NB3024,Advanced Math Topics,https://studiegids.tudelft.nl/courses/study-guide/educations/17206,No,BSc,Applied Sciences,[]
FALSE,NB3026,Biomolecular Ultrasound,https://studiegids.tudelft.nl/courses/study-guide/educations/17207,No,BSc,Applied Sciences,[]
FALSE,NB3030,Nanobiology Independent Research,https://studiegids.tudelft.nl/courses/study-guide/educations/17208,No,BSc,Applied Sciences,[]
TRUE,NB3510,CSBB part 1: Understanding Questions,https://studiegids.tudelft.nl/courses/study-guide/educations/4032,Yes,BSc,Applied Sciences,[4]
TRUE,NB3520,CSBB part 2: developing answers,https://studiegids.tudelft.nl/courses/study-guide/educations/4033,Yes,BSc,Applied Sciences,"[3, 6, 12, 13, 16, 17]"
FALSE,NB4011,Analytical Mechanics,https://studiegids.tudelft.nl/courses/study-guide/educations/17088,No,MSc,Applied Sciences,[]
FALSE,NB4012,Stochastic Processes with Applications,https://studiegids.tudelft.nl/courses/study-guide/educations/17089,No,MSc,Applied Sciences,[]
FALSE,NB4020,High-Resolution Imaging,https://studiegids.tudelft.nl/courses/study-guide/educations/17090,No,MSc,Applied Sciences,[]
FALSE,NB4030,Engineering Genetic Information,https://studiegids.tudelft.nl/courses/study-guide/educations/17091,No,MSc,Applied Sciences,[]
TRUE,NB4040,Biology of Cancer,https://studiegids.tudelft.nl/courses/study-guide/educations/17092,Yes,MSc,Applied Sciences,[3]
FALSE,NB4050,Modeling Dynamical Systems,https://studiegids.tudelft.nl/courses/study-guide/educations/17093,No,MSc,Applied Sciences,[]
FALSE,NB4070,Soft Matter Physics,https://studiegids.tudelft.nl/courses/study-guide/educations/17436,No,MSc,Applied Sciences,[]
TRUE,NB4090,Stem Cells,https://studiegids.tudelft.nl/courses/study-guide/educations/17308,Yes,MSc,Applied Sciences,"[3, 16]"
TRUE,NB4100,Nuclear Architecture,https://studiegids.tudelft.nl/courses/study-guide/educations/17309,Yes,MSc,Applied Sciences,[3]
FALSE,NB4110,Geometry of Physics,https://studiegids.tudelft.nl/courses/study-guide/educations/17310,No,MSc,Applied Sciences,[]
TRUE,NB4160,Engineering of Living Systems,https://studiegids.tudelft.nl/courses/study-guide/educations/17437,Yes,MSc,Applied Sciences,"[9, 16]"
TRUE,NB4166,Molecular Virology and Immunology,https://studiegids.tudelft.nl/courses/study-guide/educations/17313,Yes,MSc,Applied Sciences,[3]
TRUE,NB4170,AI and Machine Learning for Biomedical Sciences,https://studiegids.tudelft.nl/courses/study-guide/educations/23471,Yes,MSc,Applied Sciences,[16]
FALSE,NB4510,Project Development Part 1,https://studiegids.tudelft.nl/courses/study-guide/educations/17095,No,MSc,Applied Sciences,[]
TRUE,NB4520,Project Development Part 2,https://studiegids.tudelft.nl/courses/study-guide/educations/17096,Yes,MSc,Applied Sciences,"[4, 16]"
FALSE,NB5015,Seminars,https://studiegids.tudelft.nl/courses/study-guide/educations/17097,No,MSc,Applied Sciences,[]
FALSE,NB5060,Internship,https://studiegids.tudelft.nl/courses/study-guide/educations/23472,No,MSc,Applied Sciences,[]
FALSE,NB5065,Academic Research Project,https://studiegids.tudelft.nl/courses/study-guide/educations/23474,No,MSc,Applied Sciences,[]
TRUE,NB5903,MEP PREP,https://studiegids.tudelft.nl/courses/study-guide/educations/21687,Yes,MSc,Applied Sciences,[4]
FALSE,NB5910,Independent Research,https://studiegids.tudelft.nl/courses/study-guide/educations/17314,No,MSc,Applied Sciences,[]
TRUE,NB5942,Master End Project Nanobiology,https://studiegids.tudelft.nl/courses/study-guide/educations/17101,Yes,MSc,Applied Sciences,[16]
FALSE,OE44085,Fatigue in Offshore Structures,https://studiegids.tudelft.nl/courses/study-guide/educations/19459,No,MSc,Mechanical Engineering,[]
FALSE,OE44150,Marine Hydromechanics,https://studiegids.tudelft.nl/courses/study-guide/educations/19460,No,MSc,Mechanical Engineering,[]
TRUE,OE44170,Offshore Renewables Technologies,https://studiegids.tudelft.nl/courses/study-guide/educations/19461,Yes,MSc,Mechanical Engineering,"[7, 9, 13, 17]"
FALSE,OE44175,Structural Mechanics of Offshore Structures,https://studiegids.tudelft.nl/courses/study-guide/educations/19462,No,MSc,Mechanical Engineering,[]
FALSE,OE44180,Seabed Preparation and Installation Processes,https://studiegids.tudelft.nl/courses/study-guide/educations/19463,No,MSc,Mechanical Engineering,[]
FALSE,OE44185,Numerical Methods for Offshore and Dredging Engineering,https://studiegids.tudelft.nl/courses/study-guide/educations/19464,No,MSc,Mechanical Engineering,[]
FALSE,OE44190,Offshore Research Project,https://studiegids.tudelft.nl/courses/study-guide/educations/19465,No,MSc,Mechanical Engineering,[]
TRUE,OE44195,Reflection for Offshore and Dredging Engineers,https://studiegids.tudelft.nl/courses/study-guide/educations/19466,Yes,MSc,Mechanical Engineering,[16]
TRUE,OE44200,Offshore Development Project,https://studiegids.tudelft.nl/courses/study-guide/educations/19467,Yes,MSc,Mechanical Engineering,"[3, 7, 9, 12, 13]"
TRUE,OE44205,Offshore Geotechnical Engineering,https://studiegids.tudelft.nl/courses/study-guide/educations/19468,Yes,MSc,Mechanical Engineering,"[7, 9, 13]"
TRUE,OE44210,Offshore Design Project,https://studiegids.tudelft.nl/courses/study-guide/educations/19469,Yes,MSc,Mechanical Engineering,"[7, 9]"
FALSE,OE44215,Marine Pipelines,https://studiegids.tudelft.nl/courses/study-guide/educations/19897,No,MSc,Mechanical Engineering,[]
FALSE,OE44220,ODE Research Exercise,https://studiegids.tudelft.nl/courses/study-guide/educations/19898,No,MSc,Mechanical Engineering,[]
TRUE,OE54010-22,ODE Literature Research,https://studiegids.tudelft.nl/courses/study-guide/educations/19904,Yes,MSc,Mechanical Engineering,[4]
FALSE,OE54035,ODE MSc Thesis,https://studiegids.tudelft.nl/courses/study-guide/educations/19905,No,MSc,Mechanical Engineering,[]
FALSE,POW,Persoonlijke Ontwikkelingsweken (POW),https://studiegids.tudelft.nl/courses/study-guide/educations/23121,No,BSc,Architecture and the Built Environment,[]
TRUE,QIST4000,Equipping the QIST professional,https://studiegids.tudelft.nl/courses/study-guide/educations/17109,Yes,MSc,Applied Sciences,[16]
FALSE,QIST4100,Homologation for QIST,https://studiegids.tudelft.nl/courses/study-guide/educations/17116,No,MSc,Applied Sciences,[]
FALSE,QIST4200,Orientation Team Project,https://studiegids.tudelft.nl/courses/study-guide/educations/17110,No,MSc,Applied Sciences,[]
FALSE,QIST4300,Qubit Dynamics and Quantum Control,https://studiegids.tudelft.nl/courses/study-guide/educations/17111,No,MSc,Applied Sciences,[]
FALSE,QIST4310,Fundamentals of Quantum Information,https://studiegids.tudelft.nl/courses/study-guide/educations/17468,No,MSc,Applied Sciences,[]
FALSE,QIST4320,Quantum Computation and Quantum Programming,https://studiegids.tudelft.nl/courses/study-guide/educations/17113,No,MSc,Applied Sciences,[]
FALSE,QIST4330,Quantum Devices and Interfaces,https://studiegids.tudelft.nl/courses/study-guide/educations/17114,No,MSc,Applied Sciences,[]
FALSE,QIST4400,Quantum Computer Architecture,https://studiegids.tudelft.nl/courses/study-guide/educations/17469,No,MSc,Applied Sciences,[]
FALSE,QIST4500,Multidisciplinary Team Project,https://studiegids.tudelft.nl/courses/study-guide/educations/17120,No,MSc,Applied Sciences,[]
FALSE,QIST5000,Master Thesis QIST,https://studiegids.tudelft.nl/courses/study-guide/educations/17531,No,MSc,Applied Sciences,[]
FALSE,QIST5010,Master Thesis QIST with Business Orientation,https://studiegids.tudelft.nl/courses/study-guide/educations/17532,No,MSc,Applied Sciences,[]
FALSE,QIST5020,Internship for QIST,https://studiegids.tudelft.nl/courses/study-guide/educations/21413,No,MSc,Applied Sciences,[]
FALSE,RO47001,Robot Dynamics and Control,https://studiegids.tudelft.nl/courses/study-guide/educations/19899,No,MSc,Mechanical Engineering,[]
FALSE,RO47002,Machine Learning for Robotics,https://studiegids.tudelft.nl/courses/study-guide/educations/19900,No,MSc,Mechanical Engineering,[]
FALSE,RO47003,Robot Software Practicals,https://studiegids.tudelft.nl/courses/study-guide/educations/19477,No,MSc,Mechanical Engineering,[]
FALSE,RO47004,Machine Perception,https://studiegids.tudelft.nl/courses/study-guide/educations/19478,No,MSc,Mechanical Engineering,[]
FALSE,RO47005,Planning and Decision Making,https://studiegids.tudelft.nl/courses/study-guide/educations/19479,No,MSc,Mechanical Engineering,[]
FALSE,RO47006,Human Robot Interaction,https://studiegids.tudelft.nl/courses/study-guide/educations/19480,No,MSc,Mechanical Engineering,[]
TRUE,RO47007,Multidisciplinary Project,https://studiegids.tudelft.nl/courses/study-guide/educations/19481,Yes,MSc,Mechanical Engineering,"[12, 13, 17]"
TRUE,RO47008,Robot and Society,https://studiegids.tudelft.nl/courses/study-guide/educations/19482,Yes,MSc,Mechanical Engineering,"[3, 5]"
FALSE,RO47011,Vision and Reflection,https://studiegids.tudelft.nl/courses/study-guide/educations/21446,No,MSc,Mechanical Engineering,[]
FALSE,RO47013,Control in Human-Robot Interaction,https://studiegids.tudelft.nl/courses/study-guide/educations/19483,No,MSc,Mechanical Engineering,[]
FALSE,RO47014,Knowledge Representation and Symbolic Reasoning,https://studiegids.tudelft.nl/courses/study-guide/educations/19484,No,MSc,Mechanical Engineering,[]
FALSE,RO47015,Applied Experimental Methods,https://studiegids.tudelft.nl/courses/study-guide/educations/19485,No,MSc,Mechanical Engineering,[]
FALSE,RO47017,Vehicle Dynamics and Control,https://studiegids.tudelft.nl/courses/study-guide/educations/19486,No,MSc,Mechanical Engineering,[]
FALSE,RO47018,Security and Privacy in Control,https://studiegids.tudelft.nl/courses/study-guide/educations/19487,No,MSc,Mechanical Engineering,[]
FALSE,RO47020,Advanced Machine Perception,https://studiegids.tudelft.nl/courses/study-guide/educations/19488,No,nan,Mechanical Engineering,[]
FALSE,RO47021,Intelligent Control Systems,https://studiegids.tudelft.nl/courses/study-guide/educations/21449,No,MSc,Mechanical Engineering,[]
TRUE,RO57010-20,RO Literature Research,https://studiegids.tudelft.nl/courses/study-guide/educations/19508,Yes,MSc,Mechanical Engineering,[4]
TRUE,RO57015,RO Internship / Research Assignment,https://studiegids.tudelft.nl/courses/study-guide/educations/19507,Yes,MSc,Mechanical Engineering,[17]
FALSE,RO57035,RO MSc Thesis,https://studiegids.tudelft.nl/courses/study-guide/educations/19509,No,MSc,Mechanical Engineering,[]
FALSE,SC3011TN,Stochastic Signal Analysis,https://studiegids.tudelft.nl/courses/study-guide/educations/24590,No,BSc,Applied Sciences,[]
FALSE,SC42001,Control System Design,https://studiegids.tudelft.nl/courses/study-guide/educations/19901,No,MSc,Mechanical Engineering,[]
FALSE,SC42015,Control Theory,https://studiegids.tudelft.nl/courses/study-guide/educations/19902,No,MSc,Mechanical Engineering,[]
FALSE,SC42025,Filtering and Identification,https://studiegids.tudelft.nl/courses/study-guide/educations/19214,No,MSc,Mechanical Engineering,[]
FALSE,SC42030,Control for High Resolution Imaging,https://studiegids.tudelft.nl/courses/study-guide/educations/19233,No,MSc,Mechanical Engineering,[]
FALSE,SC42035,Integration Project Systems and Control,https://studiegids.tudelft.nl/courses/study-guide/educations/19215,No,MSc,Mechanical Engineering,[]
FALSE,SC42056,Optimisation for Systems and Control,https://studiegids.tudelft.nl/courses/study-guide/educations/19903,No,MSc,Mechanical Engineering,[]
FALSE,SC42061,Nonlinear Control Systems,https://studiegids.tudelft.nl/courses/study-guide/educations/19234,No,MSc,Mechanical Engineering,[]
TRUE,SC42065,Adaptive Optics Design Project,https://studiegids.tudelft.nl/courses/study-guide/educations/19235,Yes,MSc,Mechanical Engineering,[9]
FALSE,SC42075,Modeling and Control of Hybrid Systems,https://studiegids.tudelft.nl/courses/study-guide/educations/19502,No,MSc,Mechanical Engineering,[]
FALSE,SC42095,Digital Control,https://studiegids.tudelft.nl/courses/study-guide/educations/19217,No,MSc,Mechanical Engineering,[]
TRUE,SC42101,Networked and Distributed Control Systems,https://studiegids.tudelft.nl/courses/study-guide/educations/19503,Yes,MSc,Mechanical Engineering,[9]
FALSE,SC42110,Dynamic Programming and Stochastic Control,https://studiegids.tudelft.nl/courses/study-guide/educations/19504,No,MSc,Mechanical Engineering,[]
TRUE,SC42115,Internship,https://studiegids.tudelft.nl/courses/study-guide/educations/19239,Yes,MSc,Mechanical Engineering,[16]
FALSE,SC42125,Model Predictive Control,https://studiegids.tudelft.nl/courses/study-guide/educations/19505,No,MSc,Mechanical Engineering,[]
FALSE,SC42130,Fault Diagnosis and Fault Tolerant Control,https://studiegids.tudelft.nl/courses/study-guide/educations/19241,No,MSc,Mechanical Engineering,[]
FALSE,SC42145,Robust Control,https://studiegids.tudelft.nl/courses/study-guide/educations/19218,No,MSc,Mechanical Engineering,[]
FALSE,SC42150,Statistical Signal Processing,https://studiegids.tudelft.nl/courses/study-guide/educations/19219,No,MSc,Mechanical Engineering,[]
FALSE,SC42155,Modelling of Dynamical Systems,https://studiegids.tudelft.nl/courses/study-guide/educations/19220,No,MSc,Mechanical Engineering,[]
FALSE,SC42160,Data Compression: Entropy and Sparsity Perspectives,https://studiegids.tudelft.nl/courses/study-guide/educations/19243,No,MSc,Mechanical Engineering,[]
FALSE,SC42165,Machine Learning for Systems and Control,https://studiegids.tudelft.nl/courses/study-guide/educations/19221,No,MSc,Mechanical Engineering,[]
FALSE,SC42170,Probabilistic Sensor Fusion,https://studiegids.tudelft.nl/courses/study-guide/educations/19244,No,MSc,Mechanical Engineering,[]
TRUE,SC42500,Tensor networks for Green AI and signal processing,https://studiegids.tudelft.nl/courses/study-guide/educations/21713,Yes,MSc,Mechanical Engineering,"[13, 17]"
FALSE,SC52010,SC Literature Research,https://studiegids.tudelft.nl/courses/study-guide/educations/19510,No,MSc,Mechanical Engineering,[]
FALSE,SC52060,Research assignment,https://studiegids.tudelft.nl/courses/study-guide/educations/21714,No,MSc,Mechanical Engineering,[]
FALSE,SC52135,SC MSc Thesis,https://studiegids.tudelft.nl/courses/study-guide/educations/19511,No,MSc,Mechanical Engineering,[]
FALSE,SEN111B,Introduction to Design in Complex Systems,https://studiegids.tudelft.nl/courses/study-guide/educations/20185,No,MSc,"Technology, Policy and Management",[]
FALSE,SEN112B,Complex Systems Engineering,https://studiegids.tudelft.nl/courses/study-guide/educations/20186,No,MSc,"Technology, Policy and Management",[]
TRUE,SEN1131,Institutional Economics for Designing in Socio-technical Systems,https://studiegids.tudelft.nl/courses/study-guide/educations/20187,Yes,MSc,"Technology, Policy and Management","[7, 9, 11, 13]"
FALSE,SEN1141,Managing Multi-actor Decision-making,https://studiegids.tudelft.nl/courses/study-guide/educations/20188,No,MSc,"Technology, Policy and Management",[]
TRUE,SEN115B,Law and Institutions,https://studiegids.tudelft.nl/courses/study-guide/educations/20189,Yes,MSc,"Technology, Policy and Management","[7, 9, 13]"
TRUE,SEN1161,Design Project,https://studiegids.tudelft.nl/courses/study-guide/educations/20190,Yes,MSc,"Technology, Policy and Management","[7, 9, 13]"
FALSE,SEN1211,Agent-based Modelling,https://studiegids.tudelft.nl/courses/study-guide/educations/20274,No,MSc,"Technology, Policy and Management",[]
FALSE,SEN122A,Statistical Analysis of Choice Behaviour,https://studiegids.tudelft.nl/courses/study-guide/educations/20275,No,MSc,"Technology, Policy and Management",[]
TRUE,SEN1231,Mixed Research Methods for Multi-actor Systems,https://studiegids.tudelft.nl/courses/study-guide/educations/20276,Yes,MSc,"Technology, Policy and Management",[4]
FALSE,SEN124A,Design in Networked Systems,https://studiegids.tudelft.nl/courses/study-guide/educations/20277,No,MSc,"Technology, Policy and Management",[]
FALSE,SEN131B,CoSEM Research Challenges,https://studiegids.tudelft.nl/courses/study-guide/educations/20191,No,MSc,"Technology, Policy and Management",[]
TRUE,SEN1511,Engineering Optimisation and Integrating Renewables in Electricity Markets,https://studiegids.tudelft.nl/courses/study-guide/educations/20278,Yes,MSc,"Technology, Policy and Management","[7, 9, 13]"
TRUE,SEN1522,Electricity and Gas: Market Design and Policy Issues,https://studiegids.tudelft.nl/courses/study-guide/educations/20279,Yes,MSc,"Technology, Policy and Management","[7, 9, 13]"
TRUE,SEN1531,Design of Integrated Energy Systems,https://studiegids.tudelft.nl/courses/study-guide/educations/20280,Yes,MSc,"Technology, Policy and Management","[7, 9]"
TRUE,SEN154a,Sociotechnology of Future Energy Systems,https://studiegids.tudelft.nl/courses/study-guide/educations/21091,Yes,MSc,"Technology, Policy and Management","[7, 9, 13]"
FALSE,SEN1611,I and C Architecture Design,https://studiegids.tudelft.nl/courses/study-guide/educations/20282,No,MSc,"Technology, Policy and Management",[]
TRUE,SEN1622,I and C Service Design,https://studiegids.tudelft.nl/courses/study-guide/educations/20283,Yes,MSc,"Technology, Policy and Management","[3, 9, 17]"
TRUE,SEN163B,Responsible Data Analytics,https://studiegids.tudelft.nl/courses/study-guide/educations/20284,Yes,MSc,"Technology, Policy and Management",[16]
FALSE,SEN164a,Digital Platform Design,https://studiegids.tudelft.nl/courses/study-guide/educations/21092,No,MSc,"Technology, Policy and Management",[]
FALSE,SEN171A,Advanced Evaluation Methods for Transport Policy Decision-making,https://studiegids.tudelft.nl/courses/study-guide/educations/20286,No,MSc,"Technology, Policy and Management",[]
TRUE,SEN1721,Travel Behaviour Research,https://studiegids.tudelft.nl/courses/study-guide/educations/20287,Yes,MSc,"Technology, Policy and Management",[11]
FALSE,SEN173A,Analysis and Design of Freight and Logistic Systems,https://studiegids.tudelft.nl/courses/study-guide/educations/20288,No,MSc,"Technology, Policy and Management",[]
TRUE,SEN1741,Innovations in Transport and Logistics,https://studiegids.tudelft.nl/courses/study-guide/educations/20289,Yes,MSc,"Technology, Policy and Management","[9, 11, 13]"
TRUE,SEN181a,Systems Science for Health and Care,https://studiegids.tudelft.nl/courses/study-guide/educations/21094,Yes,MSc,"Technology, Policy and Management",[3]
TRUE,SEN182a,Human-centered care interventions,https://studiegids.tudelft.nl/courses/study-guide/educations/21095,Yes,MSc,"Technology, Policy and Management",[3]
TRUE,SEN183a,Innovation and transitions in healthcare systems,https://studiegids.tudelft.nl/courses/study-guide/educations/21096,Yes,MSc,"Technology, Policy and Management","[3, 8, 9, 12, 13]"
TRUE,SEN184a,Health & Society,https://studiegids.tudelft.nl/courses/study-guide/educations/21097,Yes,MSc,"Technology, Policy and Management","[3, 10, 16]"
TRUE,SEN232A,Master Thesis Research Design,https://studiegids.tudelft.nl/courses/study-guide/educations/20197,Yes,MSc,"Technology, Policy and Management",[4]
FALSE,SEN2331,CoSEM Master Thesis,https://studiegids.tudelft.nl/courses/study-guide/educations/20198,No,MSc,"Technology, Policy and Management",[]
FALSE,SEN9235,Game Design Project,https://studiegids.tudelft.nl/courses/study-guide/educations/20323,No,MSc,"Technology, Policy and Management",[]
TRUE,SEN9720,Logistics and Supply Chain Innovations,https://studiegids.tudelft.nl/courses/study-guide/educations/20324,Yes,MSc,"Technology, Policy and Management","[9, 12, 13, 17]"
FALSE,SEN9725,Supply Chain Gaming,https://studiegids.tudelft.nl/courses/study-guide/educations/20325,No,MSc,"Technology, Policy and Management",[]
TRUE,SET3014,Renewable Energy,https://studiegids.tudelft.nl/courses/study-guide/educations/14532,Yes,MSc,"Electrical Engineering, Mathematics and Computer Science","[7, 9, 12, 13]"
TRUE,SET3055,Economics and Regulation of Sustainable Energy Systems,https://studiegids.tudelft.nl/courses/study-guide/educations/14533,Yes,MSc,"Electrical Engineering, Mathematics and Computer Science","[7, 8, 9, 13]"
TRUE,SET3061,Energy System Modelling,https://studiegids.tudelft.nl/courses/study-guide/educations/14534,Yes,MSc,"Electrical Engineering, Mathematics and Computer Science","[7, 9, 13]"
TRUE,SET3065,Intelligent Electrical Power Grids,https://studiegids.tudelft.nl/courses/study-guide/educations/14869,Yes,MSc,"Electrical Engineering, Mathematics and Computer Science","[7, 9, 13]"
TRUE,SET3070,Thermochemistry of Biomass Conversion,https://studiegids.tudelft.nl/courses/study-guide/educations/15418,Yes,MSc,"Electrical Engineering, Mathematics and Computer Science","[7, 9, 12, 13]"
TRUE,SET3080,The Necessity of Storage Technology,https://studiegids.tudelft.nl/courses/study-guide/educations/15419,Yes,MSc,"Electrical Engineering, Mathematics and Computer Science","[7, 9, 13]"
TRUE,SET3085,Hydrogen Technology,https://studiegids.tudelft.nl/courses/study-guide/educations/15420,Yes,MSc,"Electrical Engineering, Mathematics and Computer Science","[7, 9, 13]"
TRUE,SET3090,Fossil-Free Fuel and Feedstock,https://studiegids.tudelft.nl/courses/study-guide/educations/15505,Yes,MSc,"Electrical Engineering, Mathematics and Computer Science","[6, 7, 9, 12, 13]"
TRUE,SET3095,Electronic Power Conversion,https://studiegids.tudelft.nl/courses/study-guide/educations/15451,Yes,MSc,"Electrical Engineering, Mathematics and Computer Science","[7, 9, 13]"
TRUE,SET3100,Electric Vehicle and Charging Technology,https://studiegids.tudelft.nl/courses/study-guide/educations/14864,Yes,MSc,"Electrical Engineering, Mathematics and Computer Science","[7, 9, 12, 13]"
TRUE,SET3110,Energy Storage in Batteries,https://studiegids.tudelft.nl/courses/study-guide/educations/15421,Yes,MSc,"Electrical Engineering, Mathematics and Computer Science","[7, 9, 13]"
TRUE,SET3120,Energy Systems Simulation and Digital Twins,https://studiegids.tudelft.nl/courses/study-guide/educations/14865,Yes,MSc,"Electrical Engineering, Mathematics and Computer Science","[7, 9, 13]"
TRUE,SET3125,Machine Learning Workflows for Digital Energy Systems,https://studiegids.tudelft.nl/courses/study-guide/educations/15445,Yes,MSc,"Electrical Engineering, Mathematics and Computer Science","[7, 9, 13]"
TRUE,SET3135,Fuel Cell Systems,https://studiegids.tudelft.nl/courses/study-guide/educations/15506,Yes,MSc,"Electrical Engineering, Mathematics and Computer Science","[7, 9, 12, 13]"
TRUE,SET3200,Heating and Cooling Technologies from Near-Ambient Temperature Sources,https://studiegids.tudelft.nl/courses/study-guide/educations/15461,Yes,MSc,"Electrical Engineering, Mathematics and Computer Science","[6, 7, 9, 13]"
TRUE,SET3205,Heat Storage,https://studiegids.tudelft.nl/courses/study-guide/educations/15452,Yes,MSc,"Electrical Engineering, Mathematics and Computer Science","[7, 9, 13]"
TRUE,SET3210,Heating and Cooling Grids,https://studiegids.tudelft.nl/courses/study-guide/educations/15469,Yes,MSc,"Electrical Engineering, Mathematics and Computer Science","[6, 7, 9]"
TRUE,SET3215,Heating and Cooling Sources,https://studiegids.tudelft.nl/courses/study-guide/educations/15464,Yes,MSc,"Electrical Engineering, Mathematics and Computer Science","[7, 13]"
TRUE,SET3220,Heat Distribution in Buildings,https://studiegids.tudelft.nl/courses/study-guide/educations/15453,Yes,MSc,"Electrical Engineering, Mathematics and Computer Science","[7, 9, 11, 12, 13]"
FALSE,SET3250TPM,Communication for Engineers,https://studiegids.tudelft.nl/courses/study-guide/educations/14535,No,MSc,"Electrical Engineering, Mathematics and Computer Science",[]
FALSE,SET3815-M,Matlab Fundamentals,https://studiegids.tudelft.nl/courses/study-guide/educations/14536,No,MSc,"Electrical Engineering, Mathematics and Computer Science",[]
TRUE,SET3816-PR,System Integration Project,https://studiegids.tudelft.nl/courses/study-guide/educations/14537,Yes,MSc,"Electrical Engineering, Mathematics and Computer Science","[7, 9, 12, 13]"
TRUE,SET3822,Internship (individual),https://studiegids.tudelft.nl/courses/study-guide/educations/14541,Yes,MSc,"Electrical Engineering, Mathematics and Computer Science",[7]
TRUE,SET3901,Graduation Project,https://studiegids.tudelft.nl/courses/study-guide/educations/14538,Yes,MSc,"Electrical Engineering, Mathematics and Computer Science","[7, 9]"
TRUE,SET3995,Direct Use of Geothermal Energy,https://studiegids.tudelft.nl/courses/study-guide/educations/15470,Yes,MSc,"Electrical Engineering, Mathematics and Computer Science","[7, 9, 13]"
TRUE,SET4400,University Research Project,https://studiegids.tudelft.nl/courses/study-guide/educations/22852,Yes,MSc,"Electrical Engineering, Mathematics and Computer Science",[7]
TRUE,SL3012,Personal Professional Development,https://studiegids.tudelft.nl/courses/study-guide/educations/17480,Yes,MSc,Applied Sciences,[4]
TRUE,SL3462,Educational Sciences,https://studiegids.tudelft.nl/courses/study-guide/educations/17475,Yes,MSc,Applied Sciences,"[3, 4, 16]"
TRUE,SL3502,Thesis Research Education,https://studiegids.tudelft.nl/courses/study-guide/educations/17548,Yes,MSc,Applied Sciences,[4]
TRUE,SL3522,CDI thesis 1-year programme,https://studiegids.tudelft.nl/courses/study-guide/educations/17128,Yes,MSc,Applied Sciences,[4]
TRUE,SL3542,CDI thesis 2-year programme,https://studiegids.tudelft.nl/courses/study-guide/educations/17129,Yes,MSc,Applied Sciences,[4]
TRUE,SL3582,CDI thesis 3-year programme,https://studiegids.tudelft.nl/courses/study-guide/educations/17130,Yes,MSc,Applied Sciences,[4]
TRUE,SL3671,Co-Teach STEM education,https://studiegids.tudelft.nl/courses/study-guide/educations/23455,Yes,MSc,Applied Sciences,[4]
TRUE,SL3681,Introduction STEM-education: theory and practice,https://studiegids.tudelft.nl/courses/study-guide/educations/23457,Yes,MSc,Applied Sciences,[4]
TRUE,SL3691,Exploring STEM education,https://studiegids.tudelft.nl/courses/study-guide/educations/23456,Yes,BSc,Applied Sciences,[4]
TRUE,SL4201,Pedagogy of STEM education,https://studiegids.tudelft.nl/courses/study-guide/educations/17476,Yes,MSc,Applied Sciences,[4]
TRUE,SL4202-IF,Professional Learning Community,https://studiegids.tudelft.nl/courses/study-guide/educations/16874,Yes,MSc,Applied Sciences,[4]
FALSE,SL4202-NK,Professional Learning Community,https://studiegids.tudelft.nl/courses/study-guide/educations/17477,No,MSc,Applied Sciences,[]
TRUE,SL4202-SK,Professional Learning Community,https://studiegids.tudelft.nl/courses/study-guide/educations/17507,Yes,MSc,Applied Sciences,[4]
TRUE,SL4202-TECH,Professional Learning Community,https://studiegids.tudelft.nl/courses/study-guide/educations/16879,Yes,MSc,Applied Sciences,[4]
TRUE,SL4202-WK,Professional Learning Community,https://studiegids.tudelft.nl/courses/study-guide/educations/16869,Yes,MSc,Applied Sciences,[4]
TRUE,SL4203,Capita Selecta,https://studiegids.tudelft.nl/courses/study-guide/educations/23627,Yes,MSc,Applied Sciences,[4]
TRUE,SL4205-IF,Advanced Professional Learning Community,https://studiegids.tudelft.nl/courses/study-guide/educations/17586,Yes,MSc,Applied Sciences,[4]
TRUE,SL4205-NK,Advanced Professional Learning Community,https://studiegids.tudelft.nl/courses/study-guide/educations/17544,Yes,MSc,Applied Sciences,[4]
TRUE,SL4205-OO,Advanced Professional Learning Community,https://studiegids.tudelft.nl/courses/study-guide/educations/17600,Yes,MSc,Applied Sciences,[4]
TRUE,SL4205-SK,Advanced Professional Learning Community,https://studiegids.tudelft.nl/courses/study-guide/educations/17511,Yes,MSc,Applied Sciences,[4]
FALSE,SL4205-WK,Advanced Professional Learning Community,https://studiegids.tudelft.nl/courses/study-guide/educations/17572,No,MSc,Applied Sciences,[]
TRUE,SL4210,Computer Science Teaching Methodology,https://studiegids.tudelft.nl/courses/study-guide/educations/16875,Yes,MSc,Applied Sciences,[4]
TRUE,SL4215,Computer Science Foundation Teaching Placement,https://studiegids.tudelft.nl/courses/study-guide/educations/16876,Yes,MSc,Applied Sciences,[4]
TRUE,SL4220,Physics Teaching Methodology,https://studiegids.tudelft.nl/courses/study-guide/educations/17478,Yes,MSc,Applied Sciences,[4]
TRUE,SL4225,Physics Foundation Teaching Placement,https://studiegids.tudelft.nl/courses/study-guide/educations/17479,Yes,MSc,Applied Sciences,[4]
TRUE,SL4230,Chemistry Teaching Methodology,https://studiegids.tudelft.nl/courses/study-guide/educations/17508,Yes,MSc,Applied Sciences,[4]
TRUE,SL4235,Chemistry Foundation Teaching Placement,https://studiegids.tudelft.nl/courses/study-guide/educations/17509,Yes,MSc,Applied Sciences,[4]
TRUE,SL4240,Design & Technology Teaching Methodology,https://studiegids.tudelft.nl/courses/study-guide/educations/16880,Yes,MSc,Applied Sciences,[4]
TRUE,SL4245,Design & Technology Foundation Teaching Placement,https://studiegids.tudelft.nl/courses/study-guide/educations/16881,Yes,MSc,Applied Sciences,[4]
TRUE,SL4250,Mathematics Teaching Methodology,https://studiegids.tudelft.nl/courses/study-guide/educations/16870,Yes,MSc,Applied Sciences,[4]
TRUE,SL4255,Mathematics Foundation Teaching Placement,https://studiegids.tudelft.nl/courses/study-guide/educations/16871,Yes,MSc,Applied Sciences,[4]
TRUE,SL4301,STEM Education Implementation,https://studiegids.tudelft.nl/courses/study-guide/educations/17482,Yes,MSc,Applied Sciences,[4]
TRUE,SL4310,Advanced Computer Science Teaching Methodology,https://studiegids.tudelft.nl/courses/study-guide/educations/17588,Yes,MSc,Applied Sciences,[4]
TRUE,SL4315,Advanced Computer Science Teaching Placement,https://studiegids.tudelft.nl/courses/study-guide/educations/17589,Yes,MSc,Applied Sciences,[4]
TRUE,SL4320,Advanced Physics Teaching Methodology,https://studiegids.tudelft.nl/courses/study-guide/educations/17483,Yes,MSc,Applied Sciences,[4]
TRUE,SL4325,Advanced Physics Teaching Placement,https://studiegids.tudelft.nl/courses/study-guide/educations/17484,Yes,MSc,Applied Sciences,[4]
TRUE,SL4330,Advanced Chemistry Teaching Methodology,https://studiegids.tudelft.nl/courses/study-guide/educations/17513,Yes,MSc,Applied Sciences,[4]
TRUE,SL4335,Advanced Chemistry Teaching Placement,https://studiegids.tudelft.nl/courses/study-guide/educations/17514,Yes,MSc,Applied Sciences,[4]
TRUE,SL4340,Advanced Research & Design Teaching Methodology,https://studiegids.tudelft.nl/courses/study-guide/educations/17602,Yes,MSc,Applied Sciences,[4]
TRUE,SL4345,Advanced Research & Design Teaching Placement,https://studiegids.tudelft.nl/courses/study-guide/educations/17603,Yes,MSc,Applied Sciences,[4]
TRUE,SL4350,Advanced Mathematics Teaching Methodology,https://studiegids.tudelft.nl/courses/study-guide/educations/17574,Yes,MSc,Applied Sciences,[4]
TRUE,SL4355,Advanced Mathematics Teaching Placement,https://studiegids.tudelft.nl/courses/study-guide/educations/17575,Yes,MSc,Applied Sciences,[4]
TRUE,SL4400,Science Educational Innovation,https://studiegids.tudelft.nl/courses/study-guide/educations/17549,Yes,MSc,Applied Sciences,[4]
TRUE,SL4405,Backgrounds and Methods of Research on Science Education,https://studiegids.tudelft.nl/courses/study-guide/educations/17550,Yes,MSc,Applied Sciences,[4]
FALSE,SL4410,STEM Education,https://studiegids.tudelft.nl/courses/study-guide/educations/17551,No,MSc,Applied Sciences,[]
TRUE,SL4505,From Expert to Instructor,https://studiegids.tudelft.nl/courses/study-guide/educations/23454,Yes,MSc,Applied Sciences,[4]
TRUE,SL4520,Student Teachers in Engineering Education: Develop and Teach,https://studiegids.tudelft.nl/courses/study-guide/educations/23494,Yes,MSc,Applied Sciences,[4]
TRUE,SL4525,Student Teachers in Engineering Education: Feedback and Assessment,https://studiegids.tudelft.nl/courses/study-guide/educations/23495,Yes,MSc,Applied Sciences,[4]
TRUE,SL4530,Teachers in Engineering Education: Professionalization,https://studiegids.tudelft.nl/courses/study-guide/educations/23496,Yes,MSc,Applied Sciences,[4]
FALSE,TA3077,Research Project Applied Earth Sciences,https://studiegids.tudelft.nl/courses/study-guide/educations/17770,No,BSc,Civil Engineering and Geosciences,[]
FALSE,TB001,TB-Week,https://studiegids.tudelft.nl/courses/study-guide/educations/20065,No,BSc,"Technology, Policy and Management",[]
FALSE,TB111C,Problem Analysis,https://studiegids.tudelft.nl/courses/study-guide/educations/20066,No,BSc,"Technology, Policy and Management",[]
FALSE,TB112E,Systems Modelling 1: Modelling Principles,https://studiegids.tudelft.nl/courses/study-guide/educations/20067,No,BSc,"Technology, Policy and Management",[]
FALSE,TB113B,Systems Modelling 2: complex systems,https://studiegids.tudelft.nl/courses/study-guide/educations/20068,No,BSc,"Technology, Policy and Management",[]
TRUE,TB121C,"Governance, Law and Organisation 1",https://studiegids.tudelft.nl/courses/study-guide/educations/21062,Yes,BSc,"Technology, Policy and Management","[4, 16]"
TRUE,TB122B,Micro and Market Economy,https://studiegids.tudelft.nl/courses/study-guide/educations/20070,Yes,BSc,"Technology, Policy and Management","[6, 7, 9]"
FALSE,TB131B,Differential Equations and Linear Algebra,https://studiegids.tudelft.nl/courses/study-guide/educations/20071,No,BSc,"Technology, Policy and Management",[]
FALSE,TB132B,Multivariable Analysis and Linear Algebra,https://studiegids.tudelft.nl/courses/study-guide/educations/20072,No,BSc,"Technology, Policy and Management",[]
FALSE,TB133D,Introduction to Programming with Python,https://studiegids.tudelft.nl/courses/study-guide/educations/20073,No,BSc,"Technology, Policy and Management",[]
FALSE,TB134A,Statistics and Data Analysis,https://studiegids.tudelft.nl/courses/study-guide/educations/20074,No,BSc,"Technology, Policy and Management",[]
FALSE,TB135C,Operations Research,https://studiegids.tudelft.nl/courses/study-guide/educations/20075,No,BSc,"Technology, Policy and Management",[]
TRUE,TB141EB,Introduction to Energy and Industry Systems,https://studiegids.tudelft.nl/courses/study-guide/educations/20163,Yes,BSc,"Technology, Policy and Management","[6, 7, 9]"
FALSE,TB141ID,ICT System Engineering and Rapid Prototyping,https://studiegids.tudelft.nl/courses/study-guide/educations/20164,No,BSc,"Technology, Policy and Management",[]
TRUE,TB141TB,Transport System Analysis,https://studiegids.tudelft.nl/courses/study-guide/educations/20165,Yes,BSc,"Technology, Policy and Management","[3, 13]"
TRUE,TB142EA,Analysis of Energy Systems,https://studiegids.tudelft.nl/courses/study-guide/educations/20166,Yes,BSc,"Technology, Policy and Management","[7, 9, 12, 13]"
TRUE,TB142IC,Data Science in Technische Bestuurskunde,https://studiegids.tudelft.nl/courses/study-guide/educations/20167,Yes,BSc,"Technology, Policy and Management",[16]
TRUE,TB142TA,Logistics 1,https://studiegids.tudelft.nl/courses/study-guide/educations/20168,Yes,BSc,"Technology, Policy and Management","[9, 11, 17]"
FALSE,TB211A,Analysis of Multi-Actor Systems,https://studiegids.tudelft.nl/courses/study-guide/educations/20078,No,BSc,"Technology, Policy and Management",[]
TRUE,TB212B,Ethics and Safety,https://studiegids.tudelft.nl/courses/study-guide/educations/20079,Yes,BSc,"Technology, Policy and Management","[4, 16]"
TRUE,TB221B,Economy of Infrastructures,https://studiegids.tudelft.nl/courses/study-guide/educations/20080,Yes,BSc,"Technology, Policy and Management","[6, 7, 9]"
TRUE,TB222B,"Governance, Law and Organisation 2",https://studiegids.tudelft.nl/courses/study-guide/educations/21078,Yes,BSc,"Technology, Policy and Management",[16]
TRUE,TB223E,"Governance, Law and Organisation 3",https://studiegids.tudelft.nl/courses/study-guide/educations/21063,Yes,BSc,"Technology, Policy and Management",[4]
FALSE,TB231C,System modelling 3 - Simulation Methods,https://studiegids.tudelft.nl/courses/study-guide/educations/20083,No,BSc,"Technology, Policy and Management",[]
TRUE,TB232B,Research and Data Analysis,https://studiegids.tudelft.nl/courses/study-guide/educations/20084,Yes,BSc,"Technology, Policy and Management",[4]
FALSE,TB233B,System modelling 4 - Project Simulation Methods,https://studiegids.tudelft.nl/courses/study-guide/educations/20085,No,BSc,"Technology, Policy and Management",[]
FALSE,TB234C,Multivariate Data Analysis,https://studiegids.tudelft.nl/courses/study-guide/educations/21079,No,BSc,"Technology, Policy and Management",[]
TRUE,TB241EA,Transport Phenomena,https://studiegids.tudelft.nl/courses/study-guide/educations/20169,Yes,BSc,"Technology, Policy and Management","[6, 7, 9]"
FALSE,TB241IB,Object Oriented Programming,https://studiegids.tudelft.nl/courses/study-guide/educations/20170,No,BSc,"Technology, Policy and Management",[]
FALSE,TB241TB,Logistics 2,https://studiegids.tudelft.nl/courses/study-guide/educations/20171,No,BSc,"Technology, Policy and Management",[]
TRUE,TB242EB,Processes in the Energy Sector,https://studiegids.tudelft.nl/courses/study-guide/educations/20172,Yes,BSc,"Technology, Policy and Management","[7, 9, 13]"
TRUE,TB242IC,Interconnected Engineering Systems,https://studiegids.tudelft.nl/courses/study-guide/educations/20173,Yes,BSc,"Technology, Policy and Management",[9]
TRUE,TB242TB,Improving the Transport System,https://studiegids.tudelft.nl/courses/study-guide/educations/20174,Yes,BSc,"Technology, Policy and Management","[9, 11, 13]"
FALSE,TB243EA,Analysis of Industrial Systems,https://studiegids.tudelft.nl/courses/study-guide/educations/20175,No,BSc,"Technology, Policy and Management",[]
FALSE,TB243IB,IenC Systems: Risk and Control,https://studiegids.tudelft.nl/courses/study-guide/educations/20176,No,BSc,"Technology, Policy and Management",[]
TRUE,TB321EB,Governance Specialisation (E and I),https://studiegids.tudelft.nl/courses/study-guide/educations/20179,Yes,BSc,"Technology, Policy and Management","[6, 7, 9, 13]"
TRUE,TB321IB,Governance Specialisatie (I and C),https://studiegids.tudelft.nl/courses/study-guide/educations/20180,Yes,BSc,"Technology, Policy and Management","[8, 16]"
TRUE,TB321TB,Governance Specialisation (T and L),https://studiegids.tudelft.nl/courses/study-guide/educations/20181,Yes,BSc,"Technology, Policy and Management","[9, 11]"
FALSE,TB323A,Governance van sociotechnische systemen,https://studiegids.tudelft.nl/courses/study-guide/educations/20177,No,BSc,"Technology, Policy and Management",[]
TRUE,TB341EC,Performance Analysis in Energy and Industry,https://studiegids.tudelft.nl/courses/study-guide/educations/20182,Yes,BSc,"Technology, Policy and Management","[7, 8, 9, 12, 13]"
TRUE,TB341ID,I&C in a socio-technical context,https://studiegids.tudelft.nl/courses/study-guide/educations/20183,Yes,BSc,"Technology, Policy and Management","[3, 16]"
TRUE,TB341TC,Quantitative Models for Transport,https://studiegids.tudelft.nl/courses/study-guide/educations/20184,Yes,BSc,"Technology, Policy and Management",[9]
FALSE,TB351D,Bachelor Final Project,https://studiegids.tudelft.nl/courses/study-guide/educations/20178,No,BSc,"Technology, Policy and Management",[]
TRUE,TBM013B,Entrepreneurial Thinking,https://studiegids.tudelft.nl/courses/study-guide/educations/20094,Yes,BSc,"Technology, Policy and Management","[8, 12, 17]"
TRUE,TBM014C,Preparations for Intercultural Research Project Project Research and Design,https://studiegids.tudelft.nl/courses/study-guide/educations/20095,Yes,BSc,"Technology, Policy and Management",[4]
FALSE,TBM015A,"Responsible Management of Risk, Safety and Security",https://studiegids.tudelft.nl/courses/study-guide/educations/20101,No,BSc,"Technology, Policy and Management",[]
TRUE,TBM016A,Essentials of Technology Based Entrepreneurship,https://studiegids.tudelft.nl/courses/study-guide/educations/20128,Yes,BSc,"Technology, Policy and Management","[8, 9]"
TRUE,TBM017A,Case Study in Technopreneurship,https://studiegids.tudelft.nl/courses/study-guide/educations/20122,Yes,BSc,"Technology, Policy and Management","[8, 9]"
TRUE,TBM018A,Marketing for Start-ups,https://studiegids.tudelft.nl/courses/study-guide/educations/20129,Yes,BSc,"Technology, Policy and Management","[3, 9, 12, 13]"
TRUE,TBM020C,"Managing Start-ups: Teamwork, Leadership and AI",https://studiegids.tudelft.nl/courses/study-guide/educations/20123,Yes,BSc,"Technology, Policy and Management","[8, 9]"
TRUE,TBM021B,Introduction to MedTech Entrepreneurship,https://studiegids.tudelft.nl/courses/study-guide/educations/20130,Yes,BSc,"Technology, Policy and Management",[3]
TRUE,TBM022B,"Ethics, Innovation, and the Corporation",https://studiegids.tudelft.nl/courses/study-guide/educations/20107,Yes,BSc,"Technology, Policy and Management","[8, 9, 12, 13, 16, 17]"
TRUE,TBM023D,Innovation Management,https://studiegids.tudelft.nl/courses/study-guide/educations/21058,Yes,BSc,"Technology, Policy and Management","[8, 9]"
TRUE,TBM024B,Introduction to Energy Systems,https://studiegids.tudelft.nl/courses/study-guide/educations/19968,Yes,BSc,"Technology, Policy and Management","[7, 9, 13]"
FALSE,TBM025C,Risk Management of Emerging Technologies,https://studiegids.tudelft.nl/courses/study-guide/educations/20118,No,BSc,"Technology, Policy and Management",[]
TRUE,TBM026A,Introduction to Technology Based Entrepreneurship,https://studiegids.tudelft.nl/courses/study-guide/educations/20124,Yes,BSc,"Technology, Policy and Management",[8]
FALSE,TBM027C,Researching Cascading Effects: Understanding the Ripple Effects of Cybersecurity Events,https://studiegids.tudelft.nl/courses/study-guide/educations/20119,No,BSc,"Technology, Policy and Management",[]
FALSE,TBM028C,Marketing of Technological Innovations,https://studiegids.tudelft.nl/courses/study-guide/educations/21059,No,BSc,"Technology, Policy and Management",[]
TRUE,TBM029c,Decolonizing Sustainability and Impact,https://studiegids.tudelft.nl/courses/study-guide/educations/21049,Yes,BSc,"Technology, Policy and Management","[4, 5, 8, 10, 16, 17]"
TRUE,TBM030A,Intercultural Integration Project,https://studiegids.tudelft.nl/courses/study-guide/educations/20097,Yes,BSc,"Technology, Policy and Management","[8, 17]"
TRUE,TBM031C,Financing Innovation,https://studiegids.tudelft.nl/courses/study-guide/educations/21057,Yes,BSc,"Technology, Policy and Management","[8, 9]"
TRUE,TBM035A,Management of Risk and Safety,https://studiegids.tudelft.nl/courses/study-guide/educations/20111,Yes,BSc,"Technology, Policy and Management",[9]
TRUE,TBM036A,Interdisciplinary Project,https://studiegids.tudelft.nl/courses/study-guide/educations/21060,Yes,BSc,"Technology, Policy and Management","[8, 9]"
FALSE,TBM040A,Product-Service Design en Prototyping,https://studiegids.tudelft.nl/courses/study-guide/educations/20125,No,BSc,"Technology, Policy and Management",[]
FALSE,TBM041A,Business Marketing for Engineers,https://studiegids.tudelft.nl/courses/study-guide/educations/20126,No,BSc,"Technology, Policy and Management",[]
TRUE,TBM042A,Finance for Entrepreneurs,https://studiegids.tudelft.nl/courses/study-guide/educations/20133,Yes,BSc,"Technology, Policy and Management",[8]
TRUE,TBM043A,MedTech Integration Project 1,https://studiegids.tudelft.nl/courses/study-guide/educations/20134,Yes,BSc,"Technology, Policy and Management","[8, 9]"
TRUE,TBM044B,MedTech Integration Project 2,https://studiegids.tudelft.nl/courses/study-guide/educations/21046,Yes,BSc,"Technology, Policy and Management",[3]
FALSE,TBM045A,Argumentation: Analysis and Reasoning,https://studiegids.tudelft.nl/courses/study-guide/educations/19969,No,BSc,"Technology, Policy and Management",[]
FALSE,TBM046A,Persuasion and debate,https://studiegids.tudelft.nl/courses/study-guide/educations/19970,No,BSc,"Technology, Policy and Management",[]
TRUE,TBM047A,Responsible Digital Health Applications Design,https://studiegids.tudelft.nl/courses/study-guide/educations/21047,Yes,BSc,"Technology, Policy and Management","[3, 10, 16]"
TRUE,TBM048A,Medical Design,https://studiegids.tudelft.nl/courses/study-guide/educations/21048,Yes,BSc,"Technology, Policy and Management",[3]
TRUE,TBM050BEUR,Sustainable Development Goals (SDGs) and Business,https://studiegids.tudelft.nl/courses/study-guide/educations/20112,Yes,BSc,"Technology, Policy and Management","[4, 17]"
TRUE,TBM051B,Organizations and Societal Partnerships,https://studiegids.tudelft.nl/courses/study-guide/educations/20113,Yes,BSc,"Technology, Policy and Management",[17]
TRUE,TBM052B,Project Module 1: Diagnosing Challenges and Opportunities with System Thinking,https://studiegids.tudelft.nl/courses/study-guide/educations/20114,Yes,BSc,"Technology, Policy and Management",[17]
TRUE,TBM053BUL,Sustainability In Action: Legal Frameworks for ESG&SDG's,https://studiegids.tudelft.nl/courses/study-guide/educations/20115,Yes,BSc,"Technology, Policy and Management","[9, 12, 13, 16, 17]"
TRUE,TBM054BUL,Project Module 2: Integrating Legal Solutions for Impact Driven Development,https://studiegids.tudelft.nl/courses/study-guide/educations/20116,Yes,BSc,"Technology, Policy and Management",[17]
TRUE,TBM055B,Project Module 3: Sustainable Business Model and Entrepreneurship,https://studiegids.tudelft.nl/courses/study-guide/educations/21061,Yes,BSc,"Technology, Policy and Management","[9, 12, 13, 17]"
TRUE,TBM0822TU,Engineering Risk Management in Organisations,https://studiegids.tudelft.nl/courses/study-guide/educations/20120,Yes,BSc,"Technology, Policy and Management",[16]
FALSE,TBM301A,Writing a Bachelor’s Thesis in English,https://studiegids.tudelft.nl/courses/study-guide/educations/19971,No,BSc,"Technology, Policy and Management",[]
FALSE,TBM610A,Process Management and Decision-making in Project Environment,https://studiegids.tudelft.nl/courses/study-guide/educations/19974,No,BSc,"Technology, Policy and Management",[]
FALSE,TI3105TU,Intermediate Python Programming,https://studiegids.tudelft.nl/courses/study-guide/educations/14365,No,BSc,"Electrical Engineering, Mathematics and Computer Science",[]
FALSE,TI3111TU,Algorithms and Data Structures,https://studiegids.tudelft.nl/courses/study-guide/educations/14366,No,BSc,"Electrical Engineering, Mathematics and Computer Science",[]
FALSE,TI3115TU,Databases & Software Engineering,https://studiegids.tudelft.nl/courses/study-guide/educations/14367,No,BSc,"Electrical Engineering, Mathematics and Computer Science",[]
FALSE,TI3130TU,Data Analytics,https://studiegids.tudelft.nl/courses/study-guide/educations/14368,No,BSc,"Electrical Engineering, Mathematics and Computer Science",[]
FALSE,TI3135TU,Visual Data Processing,https://studiegids.tudelft.nl/courses/study-guide/educations/14369,No,BSc,"Electrical Engineering, Mathematics and Computer Science",[]
TRUE,TI3140TU,Introduction to Responsible AI Engineering,https://studiegids.tudelft.nl/courses/study-guide/educations/13674,Yes,BSc,"Electrical Engineering, Mathematics and Computer Science","[4, 6, 13]"
FALSE,TI3145TU,Machine Learning and Introduction to AI,https://studiegids.tudelft.nl/courses/study-guide/educations/13675,No,BSc,"Electrical Engineering, Mathematics and Computer Science",[]
FALSE,TI3155TU,Deep Learning,https://studiegids.tudelft.nl/courses/study-guide/educations/13676,No,BSc,"Electrical Engineering, Mathematics and Computer Science",[]
FALSE,TI3160TU,Natural Language Processing,https://studiegids.tudelft.nl/courses/study-guide/educations/13677,No,BSc,"Electrical Engineering, Mathematics and Computer Science",[]
TRUE,TI3165TU,Capstone Applied AI Project,https://studiegids.tudelft.nl/courses/study-guide/educations/13678,Yes,BSc,"Electrical Engineering, Mathematics and Computer Science",[16]
FALSE,TI3715TU,Game Development Project,https://studiegids.tudelft.nl/courses/study-guide/educations/14371,No,BSc,"Electrical Engineering, Mathematics and Computer Science",[]
TRUE,TIL4020-20,TIL Research Project,https://studiegids.tudelft.nl/courses/study-guide/educations/18582,Yes,MSc,Civil Engineering and Geosciences,[4]
FALSE,TIL4030-20,TIL Research and Design Methods,https://studiegids.tudelft.nl/courses/study-guide/educations/18580,No,MSc,Civil Engineering and Geosciences,[]
TRUE,TIL5050-20,TIL Design Project,https://studiegids.tudelft.nl/courses/study-guide/educations/18583,Yes,MSc,Civil Engineering and Geosciences,"[4, 9]"
FALSE,TIL5055,TIL Thesis Preparation,https://studiegids.tudelft.nl/courses/study-guide/educations/21611,No,MSc,Civil Engineering and Geosciences,[]
FALSE,TIL5060,TIL Thesis,https://studiegids.tudelft.nl/courses/study-guide/educations/18584,No,MSc,Civil Engineering and Geosciences,[]
TRUE,TIL6020,TIL Scientific Assignment,https://studiegids.tudelft.nl/courses/study-guide/educations/18589,Yes,MSc,Civil Engineering and Geosciences,"[4, 9, 17]"
FALSE,TIL6022,TIL Python Programming,https://studiegids.tudelft.nl/courses/study-guide/educations/18581,No,MSc,Civil Engineering and Geosciences,[]
FALSE,TIL6030,Advanced Discrete Simulation for TIL,https://studiegids.tudelft.nl/courses/study-guide/educations/21643,No,MSc,"Technology, Policy and Management",[]
TRUE,TM10003,Brok,https://studiegids.tudelft.nl/courses/study-guide/educations/19515,Yes,MSc,Mechanical Engineering,[3]
TRUE,TM10004,Medical Skills in Daily Practice,https://studiegids.tudelft.nl/courses/study-guide/educations/19516,Yes,MSc,Mechanical Engineering,[3]
TRUE,TM10006,Patient Cases,https://studiegids.tudelft.nl/courses/study-guide/educations/19517,Yes,MSc,Mechanical Engineering,"[3, 9]"
TRUE,TM10010,"Quality, Safety and UX in Healthcare",https://studiegids.tudelft.nl/courses/study-guide/educations/19519,Yes,MSc,Mechanical Engineering,[3]
TRUE,TM10011,Machine Learning,https://studiegids.tudelft.nl/courses/study-guide/educations/21740,Yes,MSc,Mechanical Engineering,"[3, 16]"
TRUE,TM11001,Advanced Image Acquisition,https://studiegids.tudelft.nl/courses/study-guide/educations/19520,Yes,MSc,Mechanical Engineering,[3]
TRUE,TM11002,Molecular Imaging and Therapy,https://studiegids.tudelft.nl/courses/study-guide/educations/19521,Yes,MSc,Mechanical Engineering,[3]
TRUE,TM11003,Radiation Protection,https://studiegids.tudelft.nl/courses/study-guide/educations/19522,Yes,MSc,Mechanical Engineering,[3]
TRUE,TM11004,Radiation Therapy,https://studiegids.tudelft.nl/courses/study-guide/educations/19523,Yes,MSc,Mechanical Engineering,[3]
TRUE,TM11005,Advanced Image Processing,https://studiegids.tudelft.nl/courses/study-guide/educations/19524,Yes,MSc,Mechanical Engineering,[3]
TRUE,TM11006,Image Guided Interventions,https://studiegids.tudelft.nl/courses/study-guide/educations/19525,Yes,MSc,Mechanical Engineering,[3]
TRUE,TM11007,Biomaterials and Tissue Biomechanics,https://studiegids.tudelft.nl/courses/study-guide/educations/19526,Yes,MSc,Mechanical Engineering,"[3, 9]"
TRUE,TM11008,Computer Assisted Reconstructive Surgery,https://studiegids.tudelft.nl/courses/study-guide/educations/19527,Yes,MSc,Mechanical Engineering,[3]
TRUE,TM12001,Advanced Signal Acquisition,https://studiegids.tudelft.nl/courses/study-guide/educations/19544,Yes,MSc,Mechanical Engineering,[3]
TRUE,TM12002,Sensing of Neurophysiological Signals,https://studiegids.tudelft.nl/courses/study-guide/educations/19545,Yes,MSc,Mechanical Engineering,[3]
TRUE,TM12003,Electrostimulation of Neurophysiological Systems,https://studiegids.tudelft.nl/courses/study-guide/educations/19546,Yes,MSc,Mechanical Engineering,[3]
TRUE,TM12004,Drug Sensing and Delivery,https://studiegids.tudelft.nl/courses/study-guide/educations/19547,Yes,MSc,Mechanical Engineering,[3]
TRUE,TM12005,Advanced Signal Processing,https://studiegids.tudelft.nl/courses/study-guide/educations/19548,Yes,MSc,Mechanical Engineering,[3]
TRUE,TM12006,Extramural Sensing and Virtual Stimulation,https://studiegids.tudelft.nl/courses/study-guide/educations/19549,Yes,MSc,Mechanical Engineering,[3]
TRUE,TM12007,Sensing and Stimulation of Circulation and Ventilation: Acute and Chronic Care,https://studiegids.tudelft.nl/courses/study-guide/educations/19550,Yes,MSc,Mechanical Engineering,[3]
TRUE,TM20005,TM Clinical Internship 1,https://studiegids.tudelft.nl/courses/study-guide/educations/19528,Yes,MSc,Mechanical Engineering,[3]
TRUE,TM20006,TM Clinical Internship 2,https://studiegids.tudelft.nl/courses/study-guide/educations/19529,Yes,MSc,Mechanical Engineering,[3]
TRUE,TM20007,TM Clinical Internship 3,https://studiegids.tudelft.nl/courses/study-guide/educations/19530,Yes,MSc,Mechanical Engineering,[3]
TRUE,TM20008,TM Clinical Internship 4,https://studiegids.tudelft.nl/courses/study-guide/educations/19531,Yes,MSc,Mechanical Engineering,[3]
FALSE,TM20010,Employability in Clinical Technology,https://studiegids.tudelft.nl/courses/study-guide/educations/19532,No,MSc,Mechanical Engineering,[]
TRUE,TM20011,Skills in Acute Setting,https://studiegids.tudelft.nl/courses/study-guide/educations/19533,Yes,MSc,Mechanical Engineering,[3]
FALSE,TM30001,TM Practical Internship,https://studiegids.tudelft.nl/courses/study-guide/educations/19534,No,MSc,Mechanical Engineering,[]
FALSE,TM30002,TM Thesis Feasibility Study,https://studiegids.tudelft.nl/courses/study-guide/educations/19535,No,MSc,Mechanical Engineering,[]
FALSE,TM30003,TM Literature Study,https://studiegids.tudelft.nl/courses/study-guide/educations/19536,No,MSc,Mechanical Engineering,[]
FALSE,TM30004,TM MSc Thesis,https://studiegids.tudelft.nl/courses/study-guide/educations/19537,No,MSc,Mechanical Engineering,[]
TRUE,TN0339WM,Quantum Technology and Responsible Innovation,https://studiegids.tudelft.nl/courses/study-guide/educations/17017,Yes,BSc,Applied Sciences,[17]
TRUE,TN1003,Design Engineering for Physicists 1,https://studiegids.tudelft.nl/courses/study-guide/educations/16882,Yes,BSc,Applied Sciences,"[12, 13]"
TRUE,TN1101,Technology Management,https://studiegids.tudelft.nl/courses/study-guide/educations/16883,Yes,BSc,Applied Sciences,[9]
FALSE,TN11010,Mechanics,https://studiegids.tudelft.nl/courses/study-guide/educations/21098,No,BSc,Applied Sciences,[]
TRUE,TN11015,Thermodynamics,https://studiegids.tudelft.nl/courses/study-guide/educations/21108,Yes,BSc,Applied Sciences,[7]
FALSE,TN11020,Electromagnetics,https://studiegids.tudelft.nl/courses/study-guide/educations/16891,No,BSc,Applied Sciences,[]
FALSE,TN11025,Waves,https://studiegids.tudelft.nl/courses/study-guide/educations/21255,No,BSc,Applied Sciences,[]
FALSE,TN1142WI,Linear Algebra part 1,https://studiegids.tudelft.nl/courses/study-guide/educations/16884,No,BSc,Applied Sciences,[]
FALSE,TN1201,Thermodynamics 1,https://studiegids.tudelft.nl/courses/study-guide/educations/16885,No,BSc,Applied Sciences,[]
FALSE,TN12010,Introduction Analysis,https://studiegids.tudelft.nl/courses/study-guide/educations/21099,No,BSc,"Electrical Engineering, Mathematics and Computer Science",[]
FALSE,TN12015,Multivariable Analysis,https://studiegids.tudelft.nl/courses/study-guide/educations/21111,No,BSc,"Electrical Engineering, Mathematics and Computer Science",[]
FALSE,TN12020,Vector and Fourier Analysis,https://studiegids.tudelft.nl/courses/study-guide/educations/21253,No,BSc,"Electrical Engineering, Mathematics and Computer Science",[]
FALSE,TN12025,Linear Algebra 1,https://studiegids.tudelft.nl/courses/study-guide/educations/21256,No,BSc,"Electrical Engineering, Mathematics and Computer Science",[]
TRUE,TN13010,Lab Course 1,https://studiegids.tudelft.nl/courses/study-guide/educations/21100,Yes,BSc,Applied Sciences,[4]
FALSE,TN13015,Lab Course 2,https://studiegids.tudelft.nl/courses/study-guide/educations/21112,No,BSc,Applied Sciences,[]
FALSE,TN1302,"Introduction to Mechanics, Waves and Optics",https://studiegids.tudelft.nl/courses/study-guide/educations/17209,No,BSc,Applied Sciences,[]
TRUE,TN13020,Design Engineering for Physicists: Design,https://studiegids.tudelft.nl/courses/study-guide/educations/21254,Yes,BSc,Applied Sciences,"[4, 9]"
TRUE,TN13025,Design Engineering for Physicists: Engineering,https://studiegids.tudelft.nl/courses/study-guide/educations/21257,Yes,BSc,Applied Sciences,"[12, 13]"
FALSE,TN1312,Modern Physics,https://studiegids.tudelft.nl/courses/study-guide/educations/17210,No,BSc,Applied Sciences,[]
FALSE,TN1322,Introduction to Electricity and Magnetism,https://studiegids.tudelft.nl/courses/study-guide/educations/17211,No,BSc,Applied Sciences,[]
FALSE,TN1401WI,Calculus part 1,https://studiegids.tudelft.nl/courses/study-guide/educations/16886,No,BSc,Applied Sciences,[]
FALSE,TN1402WI,Calculus part 2,https://studiegids.tudelft.nl/courses/study-guide/educations/16887,No,BSc,Applied Sciences,[]
FALSE,TN1405-P,Introductory Laboratory Course,https://studiegids.tudelft.nl/courses/study-guide/educations/16888,No,BSc,Applied Sciences,[]
FALSE,TN1410WI,Advanced Calculus,https://studiegids.tudelft.nl/courses/study-guide/educations/16889,No,BSc,Applied Sciences,[]
FALSE,TN1612TU,Mechanics and Theory of Relativity,https://studiegids.tudelft.nl/courses/study-guide/educations/16890,No,BSc,Applied Sciences,[]
FALSE,TN1651,Introduction to Biophysics,https://studiegids.tudelft.nl/courses/study-guide/educations/17030,No,BSc,Applied Sciences,[]
TRUE,TN1851,Nuclear Science and Technology,https://studiegids.tudelft.nl/courses/study-guide/educations/17031,Yes,BSc,Applied Sciences,[3]
TRUE,TN2003,Design Engineering for Physicists 2,https://studiegids.tudelft.nl/courses/study-guide/educations/16892,Yes,BSc,Applied Sciences,"[12, 13]"
FALSE,TN2054,Electromagnetism,https://studiegids.tudelft.nl/courses/study-guide/educations/21749,No,BSc,Applied Sciences,[]
FALSE,TN2070-HT,Honours Class Electromagnetism,https://studiegids.tudelft.nl/courses/study-guide/educations/17018,No,BSc,Applied Sciences,[]
FALSE,TN2110-HT1,Journal Club,https://studiegids.tudelft.nl/courses/study-guide/educations/17019,No,BSc,Applied Sciences,[]
FALSE,TN2110-HT2,Journal Club,https://studiegids.tudelft.nl/courses/study-guide/educations/17022,No,BSc,Applied Sciences,[]
FALSE,TN2211,Electronic Instrumentation,https://studiegids.tudelft.nl/courses/study-guide/educations/16893,No,BSc,Applied Sciences,[]
FALSE,TN2242WI,Linear Algebra 2,https://studiegids.tudelft.nl/courses/study-guide/educations/16894,No,BSc,Applied Sciences,[]
FALSE,TN2244WI,Linear Algebra and Differential Equations,https://studiegids.tudelft.nl/courses/study-guide/educations/16722,No,BSc,Applied Sciences,[]
FALSE,TN2304,Quantum Mechanics 1,https://studiegids.tudelft.nl/courses/study-guide/educations/17171,No,BSc,Applied Sciences,[]
FALSE,TN2305,Quantum Mechanics for the Minor,https://studiegids.tudelft.nl/courses/study-guide/educations/16674,No,BSc,Applied Sciences,[]
FALSE,TN2306,Quantum Engineering and Applications,https://studiegids.tudelft.nl/courses/study-guide/educations/16675,No,BSc,Applied Sciences,[]
FALSE,TN2307,Introduction to Quantum Mechanics,https://studiegids.tudelft.nl/courses/study-guide/educations/21274,No,BSc,Applied Sciences,[]
FALSE,TN2308,Applications of Modern Physics,https://studiegids.tudelft.nl/courses/study-guide/educations/21277,No,BSc,Applied Sciences,[]
FALSE,TN2314,Quantum Mechanics 2,https://studiegids.tudelft.nl/courses/study-guide/educations/17172,No,BSc,Applied Sciences,[]
FALSE,TN2321,Classical Mechanics,https://studiegids.tudelft.nl/courses/study-guide/educations/16895,No,BSc,Applied Sciences,[]
FALSE,TN2345,Introduction to Waves,https://studiegids.tudelft.nl/courses/study-guide/educations/16896,No,BSc,Applied Sciences,[]
FALSE,TN2412,Quantum Mechanics 3,https://studiegids.tudelft.nl/courses/study-guide/educations/16904,No,BSc,Applied Sciences,[]
FALSE,TN2420-HT,Honours Class Quantum Mechanics,https://studiegids.tudelft.nl/courses/study-guide/educations/17023,No,BSc,Applied Sciences,[]
FALSE,TN2421,Optics,https://studiegids.tudelft.nl/courses/study-guide/educations/16905,No,BSc,Applied Sciences,[]
FALSE,TN2513,Computational Science,https://studiegids.tudelft.nl/courses/study-guide/educations/16897,No,BSc,Applied Sciences,[]
FALSE,TN2545,Systems and Signals,https://studiegids.tudelft.nl/courses/study-guide/educations/16898,No,BSc,Applied Sciences,[]
FALSE,TN2612,Theory of Relativity,https://studiegids.tudelft.nl/courses/study-guide/educations/16676,No,BSc,Applied Sciences,[]
FALSE,TN2620-HT,Honours Class Statistical Physics,https://studiegids.tudelft.nl/courses/study-guide/educations/17020,No,BSc,Applied Sciences,[]
FALSE,TN2625,Statistical Physics for the Minor,https://studiegids.tudelft.nl/courses/study-guide/educations/16677,No,BSc,Applied Sciences,[]
FALSE,TN2626,Statistical Physics,https://studiegids.tudelft.nl/courses/study-guide/educations/16899,No,BSc,Applied Sciences,[]
FALSE,TN2626-D1,Statistical Physics,https://studiegids.tudelft.nl/courses/study-guide/educations/16729,No,BSc,Applied Sciences,[]
FALSE,TN2627,Introduction to Statistical Physics,https://studiegids.tudelft.nl/courses/study-guide/educations/21275,No,BSc,Applied Sciences,[]
FALSE,TN2780-HT,Honours Class Physical Transport Phenomena,https://studiegids.tudelft.nl/courses/study-guide/educations/17021,No,BSc,Applied Sciences,[]
FALSE,TN2786,Physical Transport Phenomena,https://studiegids.tudelft.nl/courses/study-guide/educations/16900,No,BSc,Applied Sciences,[]
FALSE,TN2811,Introduction to Elementary Particle Physics,https://studiegids.tudelft.nl/courses/study-guide/educations/17032,No,BSc,Applied Sciences,[]
FALSE,TN2840-HT,Honours Class Solid State Physics,https://studiegids.tudelft.nl/courses/study-guide/educations/17024,No,BSc,Applied Sciences,[]
FALSE,TN2844,Solid State Physics,https://studiegids.tudelft.nl/courses/study-guide/educations/16906,No,BSc,Applied Sciences,[]
TRUE,TN2953-P,Research Laboratory,https://studiegids.tudelft.nl/courses/study-guide/educations/16901,Yes,BSc,Applied Sciences,[4]
FALSE,TN2953SO,Research Practicum,https://studiegids.tudelft.nl/courses/study-guide/educations/16730,No,BSc,Applied Sciences,[]
FALSE,TN2983,Bachelor Thesis,https://studiegids.tudelft.nl/courses/study-guide/educations/16907,No,BSc,Applied Sciences,[]
FALSE,TN2985,Introduction to Experiments in Physics,https://studiegids.tudelft.nl/courses/study-guide/educations/16678,No,BSc,Applied Sciences,[]
FALSE,TN2986,Mathematical Methods for Modern Physics,https://studiegids.tudelft.nl/courses/study-guide/educations/16679,No,BSc,Applied Sciences,[]
FALSE,TN2995,Final Research Project,https://studiegids.tudelft.nl/courses/study-guide/educations/21276,No,BSc,Applied Sciences,[]
FALSE,TN3100,Individual research project,https://studiegids.tudelft.nl/courses/study-guide/educations/16908,No,BSc,Applied Sciences,[]
FALSE,TN3104WI,Probability and Statistics,https://studiegids.tudelft.nl/courses/study-guide/educations/16902,No,BSc,Applied Sciences,[]
FALSE,TN3105,Mathematics for Quantum Physics,https://studiegids.tudelft.nl/courses/study-guide/educations/17033,No,BSc,Applied Sciences,[]
FALSE,TN3126,Information and Computation,https://studiegids.tudelft.nl/courses/study-guide/educations/17034,No,BSc,Applied Sciences,[]
FALSE,TN3136,Quantum Physics,https://studiegids.tudelft.nl/courses/study-guide/educations/17040,No,BSc,Applied Sciences,[]
FALSE,TN3145,Quantum Communication and Computation,https://studiegids.tudelft.nl/courses/study-guide/educations/17035,No,BSc,Applied Sciences,[]
FALSE,TN3156,Quantum Sensing and Measurement,https://studiegids.tudelft.nl/courses/study-guide/educations/17036,No,BSc,Applied Sciences,[]
FALSE,TN3166,Solid-State Quantum Bits,https://studiegids.tudelft.nl/courses/study-guide/educations/17037,No,BSc,Applied Sciences,[]
FALSE,TN3166-A,Semiconductor Quantum Bits,https://studiegids.tudelft.nl/courses/study-guide/educations/17214,No,BSc,Applied Sciences,[]
FALSE,TN3166-B,Superconductor Quantum Bits,https://studiegids.tudelft.nl/courses/study-guide/educations/17215,No,BSc,Applied Sciences,[]
FALSE,TN3175,Quantum Engineering Group Project,https://studiegids.tudelft.nl/courses/study-guide/educations/17038,No,BSc,Applied Sciences,[]
TRUE,TPM003A,Water Ethics,https://studiegids.tudelft.nl/courses/study-guide/educations/20333,Yes,MSc,"Technology, Policy and Management","[6, 11, 13, 14]"
FALSE,TPM004A,Transport Safety,https://studiegids.tudelft.nl/courses/study-guide/educations/19978,No,MSc,"Technology, Policy and Management",[]
FALSE,TPM007A,Talk Like TED,https://studiegids.tudelft.nl/courses/study-guide/educations/19979,No,MSc,"Technology, Policy and Management",[]
TRUE,TPM008B,Summer School Health Entrepreneurship,https://studiegids.tudelft.nl/courses/study-guide/educations/19980,Yes,MSc,"Technology, Policy and Management","[3, 8, 17]"
FALSE,TPM010A,Cyber Crime Science,https://studiegids.tudelft.nl/courses/study-guide/educations/20328,No,MSc,"Technology, Policy and Management",[]
TRUE,TPM012B,Environmental Ethics,https://studiegids.tudelft.nl/courses/study-guide/educations/19981,Yes,MSc,"Technology, Policy and Management","[5, 13, 15]"
TRUE,TPM013B,Environmental Ethics,https://studiegids.tudelft.nl/courses/study-guide/educations/19982,Yes,MSc,"Technology, Policy and Management","[5, 13, 15]"
TRUE,TPM014B,Ethics of AI,https://studiegids.tudelft.nl/courses/study-guide/educations/20394,Yes,MSc,"Technology, Policy and Management",[16]
FALSE,TPM015B,Ethics of AI,https://studiegids.tudelft.nl/courses/study-guide/educations/19984,No,MSc,"Technology, Policy and Management",[]
TRUE,TPM016A,Robots and Society,https://studiegids.tudelft.nl/courses/study-guide/educations/19985,Yes,MSc,"Technology, Policy and Management","[5, 8, 13, 16, 17]"
FALSE,TPM018A,English Grammar for the University,https://studiegids.tudelft.nl/courses/study-guide/educations/19986,No,nan,"Technology, Policy and Management",[]
FALSE,TPM020C,"Cybersecurity: Actors, Incentives, Interventions",https://studiegids.tudelft.nl/courses/study-guide/educations/20329,No,MSc,"Technology, Policy and Management",[]
TRUE,TPM021A,Economics and Finance,https://studiegids.tudelft.nl/courses/study-guide/educations/20319,Yes,MSc,"Technology, Policy and Management",[8]
TRUE,TPM022A,Intermediate Economics,https://studiegids.tudelft.nl/courses/study-guide/educations/20320,Yes,MSc,"Technology, Policy and Management",[8]
TRUE,TPM023C,Cost-Benefit Analysis: Theory and Application,https://studiegids.tudelft.nl/courses/study-guide/educations/20321,Yes,MSc,"Technology, Policy and Management","[3, 13, 16]"
FALSE,TPM024A,Methods for Risk Analysis and Management,https://studiegids.tudelft.nl/courses/study-guide/educations/19987,No,MSc,"Technology, Policy and Management",[]
FALSE,TPM025B,User-Centred Security,https://studiegids.tudelft.nl/courses/study-guide/educations/20330,No,MSc,"Technology, Policy and Management",[]
TRUE,TPM026A,System Reliability in Quantitative Risk Assessment,https://studiegids.tudelft.nl/courses/study-guide/educations/20334,Yes,MSc,"Technology, Policy and Management","[6, 7, 9]"
TRUE,TPM027A,Cyber Risk Management,https://studiegids.tudelft.nl/courses/study-guide/educations/19989,Yes,MSc,"Technology, Policy and Management",[3]
TRUE,TPM028B,Decision Making for Logistics and Transport Systems,https://studiegids.tudelft.nl/courses/study-guide/educations/20326,Yes,MSc,"Technology, Policy and Management","[8, 9, 11, 12, 13]"
TRUE,TPM029A,Responsible Innovation,https://studiegids.tudelft.nl/courses/study-guide/educations/20312,Yes,MSc,"Technology, Policy and Management",[3]
TRUE,TPM030A,Introduction to Cloud as Infrastructure: The effects of the new business of computing on practice,https://studiegids.tudelft.nl/courses/study-guide/educations/19990,Yes,MSc,"Technology, Policy and Management",[9]
FALSE,TPM031A,Design of Safety and Security Systems,https://studiegids.tudelft.nl/courses/study-guide/educations/19991,No,MSc,"Technology, Policy and Management",[]
FALSE,TPM032A,Multi-Criteria Decision Analysis,https://studiegids.tudelft.nl/courses/study-guide/educations/19992,No,MSc,"Technology, Policy and Management",[]
TRUE,TPM033A,Sustainable Innovation and Transitions,https://studiegids.tudelft.nl/courses/study-guide/educations/20313,Yes,MSc,"Technology, Policy and Management","[7, 9, 11, 12, 13, 17]"
FALSE,TPM034A,Machine learning for socio-technical systems,https://studiegids.tudelft.nl/courses/study-guide/educations/20371,No,MSc,"Technology, Policy and Management",[]
FALSE,TPM035B,Game theory and strategic decision making,https://studiegids.tudelft.nl/courses/study-guide/educations/19993,No,MSc,"Technology, Policy and Management",[]
TRUE,TPM039A,Statistical Methods for Causal Inference and Prediction,https://studiegids.tudelft.nl/courses/study-guide/educations/19994,Yes,MSc,"Technology, Policy and Management","[3, 6, 7, 13]"
TRUE,TPM040A,Logistics Systems Engineering,https://studiegids.tudelft.nl/courses/study-guide/educations/20327,Yes,MSc,"Technology, Policy and Management","[9, 11]"
FALSE,TPM042B,Science fiction: Reimagining Technological Futures,https://studiegids.tudelft.nl/courses/study-guide/educations/23312,No,MSc,"Technology, Policy and Management",[]
TRUE,TPM043A,Resilience of socio-technical-environmental systems,https://studiegids.tudelft.nl/courses/study-guide/educations/19997,Yes,MSc,"Technology, Policy and Management","[6, 7, 11, 13]"
TRUE,TPM044A,Business Leadership for Engineers,https://studiegids.tudelft.nl/courses/study-guide/educations/19998,Yes,MSc,"Technology, Policy and Management",[13]
TRUE,TPM052a,Economics of Global Value Chains,https://studiegids.tudelft.nl/courses/study-guide/educations/23369,Yes,MSc,"Technology, Policy and Management","[8, 9, 13]"
TRUE,TPM0637SET,Economic Policy for Sustainable Energy,https://studiegids.tudelft.nl/courses/study-guide/educations/20057,Yes,MSc,"Technology, Policy and Management","[7, 13]"
TRUE,TPM0931SET,Sustainable Energy Innovations and Transitions,https://studiegids.tudelft.nl/courses/study-guide/educations/20058,Yes,MSc,"Technology, Policy and Management","[7, 9, 13]"
TRUE,TPM302B,Spoken English for Academic Purposes – Advanced,https://studiegids.tudelft.nl/courses/study-guide/educations/20004,Yes,nan,"Technology, Policy and Management",[4]
FALSE,TPM305A,Writing a Master’s Thesis in English,https://studiegids.tudelft.nl/courses/study-guide/educations/20005,No,MSc,"Technology, Policy and Management",[]
TRUE,TPM306A,Writing Academic English using AI,https://studiegids.tudelft.nl/courses/study-guide/educations/20006,Yes,MSc,"Technology, Policy and Management",[4]
TRUE,TPM330B,Engineering Ethics and Risk,https://studiegids.tudelft.nl/courses/study-guide/educations/20009,Yes,MSc,"Technology, Policy and Management",[16]
TRUE,TPM401A,Technology Entrepreneurship and Innovation,https://studiegids.tudelft.nl/courses/study-guide/educations/20010,Yes,MSc,"Technology, Policy and Management","[8, 9, 17]"
TRUE,TPM402A,Technology Entrepreneurship and Health,https://studiegids.tudelft.nl/courses/study-guide/educations/20011,Yes,MSc,"Technology, Policy and Management",[3]
TRUE,TPM403SET,Technology Entrepreneurship and Sustainability,https://studiegids.tudelft.nl/courses/study-guide/educations/20059,Yes,MSc,"Technology, Policy and Management","[7, 8, 9, 12, 13]"
TRUE,TPM404B,Technology Entrepreneurship and Internationalization,https://studiegids.tudelft.nl/courses/study-guide/educations/20012,Yes,MSc,"Technology, Policy and Management","[8, 9, 17]"
FALSE,TPM405A,Patent Law and Patent Policy,https://studiegids.tudelft.nl/courses/study-guide/educations/20013,No,MSc,"Technology, Policy and Management",[]
TRUE,TPM406A,Corporate Entrepreneurship and Start-ups,https://studiegids.tudelft.nl/courses/study-guide/educations/20368,Yes,MSc,"Technology, Policy and Management","[8, 9, 17]"
TRUE,TPM407B,Business Strategies for Digital Transformation,https://studiegids.tudelft.nl/courses/study-guide/educations/20014,Yes,MSc,"Technology, Policy and Management","[9, 12, 13, 17]"
TRUE,TPM408A,Financing Technology Ventures,https://studiegids.tudelft.nl/courses/study-guide/educations/20015,Yes,MSc,"Technology, Policy and Management","[8, 9, 17]"
FALSE,TPM409A,Digital technology entrepreneurship and management,https://studiegids.tudelft.nl/courses/study-guide/educations/20318,No,MSc,"Technology, Policy and Management",[]
TRUE,TPM411A,Idea to Start-up – IT and AI,https://studiegids.tudelft.nl/courses/study-guide/educations/20016,Yes,MSc,"Technology, Policy and Management","[8, 9, 17]"
TRUE,TPM412A,Idea to Start-up - Health and Life Sciences,https://studiegids.tudelft.nl/courses/study-guide/educations/20017,Yes,MSc,"Technology, Policy and Management","[3, 8, 9, 16]"
TRUE,TPM413A,Idea to Start-up - Energy and Sustainability,https://studiegids.tudelft.nl/courses/study-guide/educations/20018,Yes,MSc,"Technology, Policy and Management","[7, 9, 12, 13]"
TRUE,TPM414A,Idea to Start-up – Deep Tech,https://studiegids.tudelft.nl/courses/study-guide/educations/20019,Yes,MSc,"Technology, Policy and Management","[8, 9, 17]"
TRUE,TPM415C,Regenerative Entrepreneurship in the Global South,https://studiegids.tudelft.nl/courses/study-guide/educations/23331,Yes,MSc,"Technology, Policy and Management","[12, 13, 14, 15, 17]"
TRUE,TPM416A,Turning Technology into Business,https://studiegids.tudelft.nl/courses/study-guide/educations/20369,Yes,MSc,"Technology, Policy and Management","[8, 9]"
TRUE,TPM420A,Ready to Start-up,https://studiegids.tudelft.nl/courses/study-guide/educations/20021,Yes,MSc,"Technology, Policy and Management","[8, 9]"
TRUE,TPM423A,Technology Venture Development,https://studiegids.tudelft.nl/courses/study-guide/educations/20022,Yes,MSc,"Technology, Policy and Management","[8, 9]"
FALSE,TPM425B,Start-up Challenge,https://studiegids.tudelft.nl/courses/study-guide/educations/20023,No,MSc,"Technology, Policy and Management",[]
TRUE,TPM426B,Start-up Challenge - Advanced,https://studiegids.tudelft.nl/courses/study-guide/educations/20024,Yes,MSc,"Technology, Policy and Management","[8, 9]"
FALSE,TPM593A,Internship TPM,https://studiegids.tudelft.nl/courses/study-guide/educations/20290,No,MSc,"Technology, Policy and Management",[]
FALSE,TPM594A,TPM AI-Lab Research Internships,https://studiegids.tudelft.nl/courses/study-guide/educations/20026,No,MSc,"Technology, Policy and Management",[]
FALSE,TPM595A,TPM Research Projects,https://studiegids.tudelft.nl/courses/study-guide/educations/20027,No,MSc,"Technology, Policy and Management",[]
TRUE,TPM801A,Introduction to Water Governance in Deltas,https://studiegids.tudelft.nl/courses/study-guide/educations/20335,Yes,MSc,"Technology, Policy and Management","[6, 11, 13]"
TRUE,TPM802A,Model-based Water systems Assessment,https://studiegids.tudelft.nl/courses/study-guide/educations/20336,Yes,MSc,"Technology, Policy and Management","[6, 11, 13]"
TRUE,TPM803A,Building with Nature and Beyond,https://studiegids.tudelft.nl/courses/study-guide/educations/20337,Yes,MSc,"Technology, Policy and Management","[6, 9, 13, 15, 17]"
TRUE,TPM804A,Adaptive Planning for Management of Water Systems in Deltas,https://studiegids.tudelft.nl/courses/study-guide/educations/20338,Yes,MSc,"Technology, Policy and Management","[6, 13]"
FALSE,TPM959A,Technology Battles,https://studiegids.tudelft.nl/courses/study-guide/educations/20314,No,MSc,"Technology, Policy and Management",[]
FALSE,TW-E01,Advanced Statistics,https://studiegids.tudelft.nl/courses/study-guide/educations/21807,No,BSc,"Electrical Engineering, Mathematics and Computer Science",[]
FALSE,TW-E02,Machine Learning,https://studiegids.tudelft.nl/courses/study-guide/educations/21808,No,BSc,"Electrical Engineering, Mathematics and Computer Science",[]
FALSE,TW-E03,Markov Processes,https://studiegids.tudelft.nl/courses/study-guide/educations/21809,No,BSc,"Electrical Engineering, Mathematics and Computer Science",[]
FALSE,TW-E04,Graph Theory,https://studiegids.tudelft.nl/courses/study-guide/educations/21810,No,BSc,"Electrical Engineering, Mathematics and Computer Science",[]
FALSE,TW-E05,Inverse Problems,https://studiegids.tudelft.nl/courses/study-guide/educations/21812,No,BSc,"Electrical Engineering, Mathematics and Computer Science",[]
FALSE,TW-E06,Mathematical Models in Biology and Physics,https://studiegids.tudelft.nl/courses/study-guide/educations/21813,No,BSc,"Electrical Engineering, Mathematics and Computer Science",[]
FALSE,TW-E07,Advanced Numerical Methods,https://studiegids.tudelft.nl/courses/study-guide/educations/21814,No,BSc,"Electrical Engineering, Mathematics and Computer Science",[]
FALSE,TW-E08,Fourier Analysis,https://studiegids.tudelft.nl/courses/study-guide/educations/21815,No,BSc,"Electrical Engineering, Mathematics and Computer Science",[]
FALSE,TW-E09,History of Mathematics,https://studiegids.tudelft.nl/courses/study-guide/educations/21816,No,BSc,"Electrical Engineering, Mathematics and Computer Science",[]
TRUE,TW-E98,Exploring Math Education,https://studiegids.tudelft.nl/courses/study-guide/educations/21818,Yes,BSc,"Electrical Engineering, Mathematics and Computer Science",[4]
FALSE,TW-E99,Algorithm Design for Mathematicians,https://studiegids.tudelft.nl/courses/study-guide/educations/21817,No,BSc,"Electrical Engineering, Mathematics and Computer Science",[]
FALSE,TW1-01,Mentoraat,https://studiegids.tudelft.nl/courses/study-guide/educations/2734,No,BSc,"Electrical Engineering, Mathematics and Computer Science",[]
TRUE,TW1-11,Problem Solving and Proofs,https://studiegids.tudelft.nl/courses/study-guide/educations/14282,Yes,BSc,"Electrical Engineering, Mathematics and Computer Science",[4]
FALSE,TW1-11TWN,Problem Solving and Proofs,https://studiegids.tudelft.nl/courses/study-guide/educations/14315,No,BSc,"Electrical Engineering, Mathematics and Computer Science",[]
FALSE,TW1-12,Calculus,https://studiegids.tudelft.nl/courses/study-guide/educations/14283,No,BSc,"Electrical Engineering, Mathematics and Computer Science",[]
FALSE,TW1-13,Introduction to Programming,https://studiegids.tudelft.nl/courses/study-guide/educations/14284,No,BSc,"Electrical Engineering, Mathematics and Computer Science",[]
FALSE,TW1-21,Modelling 1,https://studiegids.tudelft.nl/courses/study-guide/educations/14285,No,BSc,"Electrical Engineering, Mathematics and Computer Science",[]
FALSE,TW1-22,Analysis 1,https://studiegids.tudelft.nl/courses/study-guide/educations/14286,No,BSc,"Electrical Engineering, Mathematics and Computer Science",[]
FALSE,TW1-23,Linear Algebra 1,https://studiegids.tudelft.nl/courses/study-guide/educations/14287,No,BSc,"Electrical Engineering, Mathematics and Computer Science",[]
FALSE,TW1-31,Discrete Mathematics,https://studiegids.tudelft.nl/courses/study-guide/educations/14288,No,BSc,"Electrical Engineering, Mathematics and Computer Science",[]
FALSE,TW1-32,Analysis 2,https://studiegids.tudelft.nl/courses/study-guide/educations/14289,No,BSc,"Electrical Engineering, Mathematics and Computer Science",[]
FALSE,TW1-33,Linear Algebra 2,https://studiegids.tudelft.nl/courses/study-guide/educations/14290,No,BSc,"Electrical Engineering, Mathematics and Computer Science",[]
FALSE,TW1-41,Modelling 2,https://studiegids.tudelft.nl/courses/study-guide/educations/14291,No,BSc,"Electrical Engineering, Mathematics and Computer Science",[]
FALSE,TW1-42,Ordinary Differential Equations,https://studiegids.tudelft.nl/courses/study-guide/educations/14292,No,BSc,"Electrical Engineering, Mathematics and Computer Science",[]
FALSE,TW1-43,Introduction to Probability,https://studiegids.tudelft.nl/courses/study-guide/educations/14293,No,BSc,"Electrical Engineering, Mathematics and Computer Science",[]
FALSE,TW2-11,Introduction to Statistics,https://studiegids.tudelft.nl/courses/study-guide/educations/21780,No,BSc,"Electrical Engineering, Mathematics and Computer Science",[]
FALSE,TW2-12,Real Analysis,https://studiegids.tudelft.nl/courses/study-guide/educations/21785,No,BSc,"Electrical Engineering, Mathematics and Computer Science",[]
FALSE,TW2-13,Optimization,https://studiegids.tudelft.nl/courses/study-guide/educations/21788,No,BSc,"Electrical Engineering, Mathematics and Computer Science",[]
FALSE,TW2-21,Modelling 3,https://studiegids.tudelft.nl/courses/study-guide/educations/21791,No,BSc,"Electrical Engineering, Mathematics and Computer Science",[]
FALSE,TW2-22,Complex Function Theory,https://studiegids.tudelft.nl/courses/study-guide/educations/21796,No,BSc,"Electrical Engineering, Mathematics and Computer Science",[]
FALSE,TW2-23,Partial Differential Equations,https://studiegids.tudelft.nl/courses/study-guide/educations/21798,No,BSc,"Electrical Engineering, Mathematics and Computer Science",[]
FALSE,TW2-31,Numerical Methods,https://studiegids.tudelft.nl/courses/study-guide/educations/21799,No,BSc,"Electrical Engineering, Mathematics and Computer Science",[]
FALSE,TW2-32,Measure and Probability Theory,https://studiegids.tudelft.nl/courses/study-guide/educations/21800,No,BSc,"Electrical Engineering, Mathematics and Computer Science",[]
FALSE,TW2-41,Modelling 4,https://studiegids.tudelft.nl/courses/study-guide/educations/21801,No,BSc,"Electrical Engineering, Mathematics and Computer Science",[]
FALSE,TW2-42,Algebra,https://studiegids.tudelft.nl/courses/study-guide/educations/21804,No,BSc,"Electrical Engineering, Mathematics and Computer Science",[]
FALSE,TW3710TU,Scientific Programming,https://studiegids.tudelft.nl/courses/study-guide/educations/13688,No,BSc,"Electrical Engineering, Mathematics and Computer Science",[]
FALSE,TW3715TU,Final Minor Project-Part A,https://studiegids.tudelft.nl/courses/study-guide/educations/13689,No,BSc,"Electrical Engineering, Mathematics and Computer Science",[]
FALSE,TW3720TU,Object Oriented Scientific Programming with C++,https://studiegids.tudelft.nl/courses/study-guide/educations/13690,No,BSc,"Electrical Engineering, Mathematics and Computer Science",[]
FALSE,TW3725TU,Final Minor Project-Part B,https://studiegids.tudelft.nl/courses/study-guide/educations/13691,No,BSc,"Electrical Engineering, Mathematics and Computer Science",[]
FALSE,TW3730TU,Numerical Methods for Differential Equations,https://studiegids.tudelft.nl/courses/study-guide/educations/13692,No,BSc,"Electrical Engineering, Mathematics and Computer Science",[]
FALSE,TW3740TU,Parallel Computing,https://studiegids.tudelft.nl/courses/study-guide/educations/13693,No,BSc,"Electrical Engineering, Mathematics and Computer Science",[]
FALSE,TW3750TU,Numerical Methods for Stochastic Differential Equations,https://studiegids.tudelft.nl/courses/study-guide/educations/13694,No,BSc,"Electrical Engineering, Mathematics and Computer Science",[]
FALSE,TWN3002-24,Bachelor End Project,https://studiegids.tudelft.nl/courses/study-guide/educations/14346,No,BSc,"Electrical Engineering, Mathematics and Computer Science",[]
FALSE,UD1010,Meeting Skills,https://studiegids.tudelft.nl/courses/study-guide/educations/16334,No,BSc,University Corporate Office,[]
FALSE,UD1023,Rhetoric and Public Speaking,https://studiegids.tudelft.nl/courses/study-guide/educations/16335,No,BSc,University Corporate Office,[]
TRUE,UD1056,CERN,https://studiegids.tudelft.nl/courses/study-guide/educations/16337,Yes,BSc,University Corporate Office,"[4, 9, 17]"
FALSE,UD1080,The Laboratory of Science Fiction,https://studiegids.tudelft.nl/courses/study-guide/educations/16338,No,BSc,University Corporate Office,[]
TRUE,UD1082,Entrepreneurship for Global Challenges,https://studiegids.tudelft.nl/courses/study-guide/educations/16340,Yes,BSc,University Corporate Office,"[9, 17]"
TRUE,UD1113,Scientific Writing,https://studiegids.tudelft.nl/courses/study-guide/educations/16339,Yes,BSc,University Corporate Office,[4]
FALSE,UD2010,Technological Expertise in Public Debate,https://studiegids.tudelft.nl/courses/study-guide/educations/16346,No,MSc,University Corporate Office,[]
TRUE,UD2012,Business Leadership for Engineers,https://studiegids.tudelft.nl/courses/study-guide/educations/16347,Yes,MSc,University Corporate Office,[13]
FALSE,WB1135,Dynamics,https://studiegids.tudelft.nl/courses/study-guide/educations/19338,No,BSc,Mechanical Engineering,[]
FALSE,WB1530-14,Thermodynamics,https://studiegids.tudelft.nl/courses/study-guide/educations/19339,No,BSc,Mechanical Engineering,[]
FALSE,WB1630-20,Statics,https://studiegids.tudelft.nl/courses/study-guide/educations/19340,No,BSc,Mechanical Engineering,[]
FALSE,WB1631-24,Mechanics of Materials,https://studiegids.tudelft.nl/courses/study-guide/educations/19341,No,BSc,Mechanical Engineering,[]
FALSE,WB1641,Design Engineering Project 1,https://studiegids.tudelft.nl/courses/study-guide/educations/19368,No,BSc,Mechanical Engineering,[]
FALSE,WB1642,Design Engineering Project 2,https://studiegids.tudelft.nl/courses/study-guide/educations/19369,No,BSc,Mechanical Engineering,[]
FALSE,WB1643A,Design Engineering Project 3A,https://studiegids.tudelft.nl/courses/study-guide/educations/19370,No,BSc,Mechanical Engineering,[]
TRUE,WB1643B,Design Engineering Project 3B,https://studiegids.tudelft.nl/courses/study-guide/educations/19371,Yes,BSc,Mechanical Engineering,"[4, 9, 16]"
FALSE,WB2232,Project Robotics,https://studiegids.tudelft.nl/courses/study-guide/educations/19378,No,BSc,Mechanical Engineering,[]
FALSE,WB2235,Signals and Systems,https://studiegids.tudelft.nl/courses/study-guide/educations/19374,No,BSc,Mechanical Engineering,[]
TRUE,WB2330,Materials Science,https://studiegids.tudelft.nl/courses/study-guide/educations/19375,Yes,BSc,Mechanical Engineering,"[12, 13]"
TRUE,WB2332,Project Materials Sciences,https://studiegids.tudelft.nl/courses/study-guide/educations/19379,Yes,BSc,Mechanical Engineering,"[9, 12, 13]"
FALSE,WB2542,Fluid Mechanics and Heat Transfer,https://studiegids.tudelft.nl/courses/study-guide/educations/19376,No,BSc,Mechanical Engineering,[]
TRUE,WB2543,Process Engineering and Thermodynamics,https://studiegids.tudelft.nl/courses/study-guide/educations/19380,Yes,BSc,Mechanical Engineering,"[9, 12, 13]"
FALSE,WB2630,Advanced Mechanics,https://studiegids.tudelft.nl/courses/study-guide/educations/19353,No,BSc,Mechanical Engineering,[]
TRUE,WB2633,Advanced Engineering Design Project,https://studiegids.tudelft.nl/courses/study-guide/educations/19381,Yes,BSc,Mechanical Engineering,[9]
TRUE,WB3073,The Engineer in Society,https://studiegids.tudelft.nl/courses/study-guide/educations/19384,Yes,BSc,Mechanical Engineering,[16]
TRUE,WB3135,Integrated Mechanical Systems,https://studiegids.tudelft.nl/courses/study-guide/educations/19382,Yes,BSc,Mechanical Engineering,"[9, 13]"
FALSE,WB3240-24,Systems and Control Engineering,https://studiegids.tudelft.nl/courses/study-guide/educations/19354,No,BSc,Mechanical Engineering,[]
TRUE,WB3575,"Energy Conversion: Devices, Systems and Efficiencies",https://studiegids.tudelft.nl/courses/study-guide/educations/19084,Yes,BSc,Mechanical Engineering,"[7, 9, 13]"
TRUE,WB3580,Energy Storage,https://studiegids.tudelft.nl/courses/study-guide/educations/19085,Yes,BSc,Mechanical Engineering,"[7, 9, 13]"
TRUE,WB3585,Assessment of Energy Systems,https://studiegids.tudelft.nl/courses/study-guide/educations/19086,Yes,BSc,Mechanical Engineering,"[7, 9, 12, 13]"
TRUE,WB3595,Design Project Renewables Based Energy Conversion and Storage,https://studiegids.tudelft.nl/courses/study-guide/educations/19087,Yes,BSc,Mechanical Engineering,"[7, 9, 12, 13]"
FALSE,WB3700,Robotics Minor Project,https://studiegids.tudelft.nl/courses/study-guide/educations/19171,No,BSc,Mechanical Engineering,[]
FALSE,WB3706,High Fidelity Prototyping,https://studiegids.tudelft.nl/courses/study-guide/educations/22579,No,BSc,Mechanical Engineering,[]
FALSE,WB3707,Introduction to Robotics Engineering,https://studiegids.tudelft.nl/courses/study-guide/educations/22577,No,BSc,Mechanical Engineering,[]
FALSE,WB3708,"Sensing, Actuating, and Primitive Decision Making for Robotics",https://studiegids.tudelft.nl/courses/study-guide/educations/22601,No,BSc,Mechanical Engineering,[]
FALSE,WBMT1050-24,Mathematics 1,https://studiegids.tudelft.nl/courses/study-guide/educations/19336,No,BSc,Mechanical Engineering,[]
FALSE,WBMT1051,Mathematics 2,https://studiegids.tudelft.nl/courses/study-guide/educations/19337,No,BSc,Mechanical Engineering,[]
FALSE,WBMT2048,Mathematics 3,https://studiegids.tudelft.nl/courses/study-guide/educations/19348,No,BSc,Mechanical Engineering,[]
FALSE,WBMT2049,Mathematics 4,https://studiegids.tudelft.nl/courses/study-guide/educations/19349,No,BSc,Mechanical Engineering,[]
FALSE,WBMT3BEP,Bachelor End Project,https://studiegids.tudelft.nl/courses/study-guide/educations/21090,No,BSc,Mechanical Engineering,[]
FALSE,WI1402LR,Calculus II,https://studiegids.tudelft.nl/courses/study-guide/educations/2548,No,BSc,"Electrical Engineering, Mathematics and Computer Science",[]
FALSE,WI1403LR,Linear Algebra,https://studiegids.tudelft.nl/courses/study-guide/educations/2549,No,BSc,"Electrical Engineering, Mathematics and Computer Science",[]
FALSE,WI1421LR,Calculus I,https://studiegids.tudelft.nl/courses/study-guide/educations/2550,No,BSc,"Electrical Engineering, Mathematics and Computer Science",[]
FALSE,WI1807TH1-21,Linear Algebra 1,https://studiegids.tudelft.nl/courses/study-guide/educations/13638,No,BSc,"Electrical Engineering, Mathematics and Computer Science",[]
FALSE,WI1909TH,Differential Equations,https://studiegids.tudelft.nl/courses/study-guide/educations/13639,No,BSc,"Electrical Engineering, Mathematics and Computer Science",[]
FALSE,WI2032TH,Numerical Analysis + practicum,https://studiegids.tudelft.nl/courses/study-guide/educations/13640,No,BSc,"Electrical Engineering, Mathematics and Computer Science",[]
FALSE,WI2056LR,Systems Theory,https://studiegids.tudelft.nl/courses/study-guide/educations/2554,No,BSc,"Electrical Engineering, Mathematics and Computer Science",[]
FALSE,WI2180LR-I,Differential equations,https://studiegids.tudelft.nl/courses/study-guide/educations/2556,No,BSc,"Electrical Engineering, Mathematics and Computer Science",[]
FALSE,WI2180LR-II,Probability and Statistics,https://studiegids.tudelft.nl/courses/study-guide/educations/2557,No,BSc,"Electrical Engineering, Mathematics and Computer Science",[]
FALSE,WI3150TU,Partial Differential Equations A,https://studiegids.tudelft.nl/courses/study-guide/educations/14347,No,BSc,"Electrical Engineering, Mathematics and Computer Science",[]
FALSE,WI3151TU,Partial Differential Equations B,https://studiegids.tudelft.nl/courses/study-guide/educations/14348,No,BSc,"Electrical Engineering, Mathematics and Computer Science",[]
FALSE,WI3405TU,Option Valuation Methods,https://studiegids.tudelft.nl/courses/study-guide/educations/13680,No,BSc,"Electrical Engineering, Mathematics and Computer Science",[]
FALSE,WI3411TU,Time Series,https://studiegids.tudelft.nl/courses/study-guide/educations/13681,No,BSc,"Electrical Engineering, Mathematics and Computer Science",[]
FALSE,WI3417TU,Introduction to Mathematical Finance,https://studiegids.tudelft.nl/courses/study-guide/educations/13682,No,BSc,"Electrical Engineering, Mathematics and Computer Science",[]
TRUE,WI3418TU,Principles of Asset Trading,https://studiegids.tudelft.nl/courses/study-guide/educations/13683,Yes,BSc,"Electrical Engineering, Mathematics and Computer Science",[8]
FALSE,WI3420TU,Clinic,https://studiegids.tudelft.nl/courses/study-guide/educations/13684,No,BSc,"Electrical Engineering, Mathematics and Computer Science",[]
TRUE,WI3421TU,Risk Management,https://studiegids.tudelft.nl/courses/study-guide/educations/13685,Yes,BSc,"Electrical Engineering, Mathematics and Computer Science",[8]
FALSE,WI3430TU,Current Issues in Finance,https://studiegids.tudelft.nl/courses/study-guide/educations/13686,No,BSc,"Electrical Engineering, Mathematics and Computer Science",[]
FALSE,WI3435TU,Data science for Finance,https://studiegids.tudelft.nl/courses/study-guide/educations/13687,No,BSc,"Electrical Engineering, Mathematics and Computer Science",[]
FALSE,WI4006-SP,Special Functions and Representation Theory,https://studiegids.tudelft.nl/courses/study-guide/educations/14679,No,MSc,"Electrical Engineering, Mathematics and Computer Science",[]
FALSE,WI4011-17,Computational Fluid Dynamics,https://studiegids.tudelft.nl/courses/study-guide/educations/14615,No,MSc,"Electrical Engineering, Mathematics and Computer Science",[]
FALSE,WI4014TU,Numerical Analysis,https://studiegids.tudelft.nl/courses/study-guide/educations/13641,No,MSc,"Electrical Engineering, Mathematics and Computer Science",[]
FALSE,WI4019-SP,Non-linear Differential Equations,https://studiegids.tudelft.nl/courses/study-guide/educations/14611,No,MSc,"Electrical Engineering, Mathematics and Computer Science",[]
FALSE,WI4019IFO,Nonlinear Dynamical Systems,https://studiegids.tudelft.nl/courses/study-guide/educations/13642,No,MSc,"Electrical Engineering, Mathematics and Computer Science",[]
FALSE,WI4046,Spectral Theory of Linear Operators,https://studiegids.tudelft.nl/courses/study-guide/educations/14680,No,MSc,"Electrical Engineering, Mathematics and Computer Science",[]
FALSE,WI4049TU,Introduction to High Performance Computing,https://studiegids.tudelft.nl/courses/study-guide/educations/14616,No,MSc,"Electrical Engineering, Mathematics and Computer Science",[]
FALSE,WI4050,Uncertainty and Sensitivity Analysis,https://studiegids.tudelft.nl/courses/study-guide/educations/14657,No,MSc,"Electrical Engineering, Mathematics and Computer Science",[]
FALSE,WI4052,Risk Analysis,https://studiegids.tudelft.nl/courses/study-guide/educations/14630,No,MSc,"Electrical Engineering, Mathematics and Computer Science",[]
FALSE,WI4062TU,"Transport, Routing and Scheduling",https://studiegids.tudelft.nl/courses/study-guide/educations/13643,No,MSc,"Electrical Engineering, Mathematics and Computer Science",[]
FALSE,WI4079,Financial Mathematics,https://studiegids.tudelft.nl/courses/study-guide/educations/14626,No,MSc,"Electrical Engineering, Mathematics and Computer Science",[]
FALSE,WI4138,Decision Theory/Expert Judgement,https://studiegids.tudelft.nl/courses/study-guide/educations/14658,No,MSc,"Electrical Engineering, Mathematics and Computer Science",[]
FALSE,WI4154,Computational Finance,https://studiegids.tudelft.nl/courses/study-guide/educations/14627,No,MSc,"Electrical Engineering, Mathematics and Computer Science",[]
FALSE,WI4156,Game Theory,https://studiegids.tudelft.nl/courses/study-guide/educations/14631,No,MSc,"Electrical Engineering, Mathematics and Computer Science",[]
FALSE,WI4201,Scientific Computing,https://studiegids.tudelft.nl/courses/study-guide/educations/14604,No,MSc,"Electrical Engineering, Mathematics and Computer Science",[]
FALSE,WI4203,Applied Functional Analysis,https://studiegids.tudelft.nl/courses/study-guide/educations/14664,No,MSc,"Electrical Engineering, Mathematics and Computer Science",[]
FALSE,WI4204,Advanced Modelling,https://studiegids.tudelft.nl/courses/study-guide/educations/14612,No,MSc,"Electrical Engineering, Mathematics and Computer Science",[]
FALSE,WI4205,Applied Finite Elements,https://studiegids.tudelft.nl/courses/study-guide/educations/14613,No,MSc,"Electrical Engineering, Mathematics and Computer Science",[]
FALSE,WI4211,Advanced Topics in Analysis,https://studiegids.tudelft.nl/courses/study-guide/educations/14683,No,MSc,"Electrical Engineering, Mathematics and Computer Science",[]
FALSE,WI4212,Advanced Numerical Methods - Model Reduction of Dynamical Systems,https://studiegids.tudelft.nl/courses/study-guide/educations/14617,No,MSc,"Electrical Engineering, Mathematics and Computer Science",[]
FALSE,WI4224,Special Topics in Financial Engineering,https://studiegids.tudelft.nl/courses/study-guide/educations/14632,No,MSc,"Electrical Engineering, Mathematics and Computer Science",[]
FALSE,WI4227-14,Discrete Optimisation,https://studiegids.tudelft.nl/courses/study-guide/educations/14605,No,MSc,"Electrical Engineering, Mathematics and Computer Science",[]
TRUE,WI4230,Time Series and Extreme Value Theory,https://studiegids.tudelft.nl/courses/study-guide/educations/14633,Yes,MSc,"Electrical Engineering, Mathematics and Computer Science","[13, 15]"
FALSE,WI4260TU,Scientific Programming for Engineers,https://studiegids.tudelft.nl/courses/study-guide/educations/13853,No,MSc,"Electrical Engineering, Mathematics and Computer Science",[]
FALSE,WI4410,Advanced Discrete Optimisation,https://studiegids.tudelft.nl/courses/study-guide/educations/14642,No,MSc,"Electrical Engineering, Mathematics and Computer Science",[]
FALSE,WI4425,Financial Markets Theory,https://studiegids.tudelft.nl/courses/study-guide/educations/14634,No,MSc,"Electrical Engineering, Mathematics and Computer Science",[]
FALSE,WI4430,"Martingales, Brownian Motion",https://studiegids.tudelft.nl/courses/study-guide/educations/14606,No,MSc,"Electrical Engineering, Mathematics and Computer Science",[]
FALSE,WI4450,Special Topics in Computational Science and Engineering,https://studiegids.tudelft.nl/courses/study-guide/educations/14620,No,MSc,"Electrical Engineering, Mathematics and Computer Science",[]
FALSE,WI4455,Statistical Inference,https://studiegids.tudelft.nl/courses/study-guide/educations/14649,No,MSc,"Electrical Engineering, Mathematics and Computer Science",[]
FALSE,WI4465,Advanced Topics in Probability,https://studiegids.tudelft.nl/courses/study-guide/educations/14653,No,MSc,"Electrical Engineering, Mathematics and Computer Science",[]
FALSE,WI4475,Data Assimilation,https://studiegids.tudelft.nl/courses/study-guide/educations/14614,No,MSc,"Electrical Engineering, Mathematics and Computer Science",[]
FALSE,WI4480,Internet Seminar on Evolution Equations,https://studiegids.tudelft.nl/courses/study-guide/educations/14684,No,MSc,"Electrical Engineering, Mathematics and Computer Science",[]
FALSE,WI4485,Harmonic Analysis,https://studiegids.tudelft.nl/courses/study-guide/educations/14685,No,MSc,"Electrical Engineering, Mathematics and Computer Science",[]
TRUE,WI4505,Quantitative Risk Management,https://studiegids.tudelft.nl/courses/study-guide/educations/14635,Yes,MSc,"Electrical Engineering, Mathematics and Computer Science",[8]
FALSE,WI4515,Relaxations and Heuristics,https://studiegids.tudelft.nl/courses/study-guide/educations/14643,No,MSc,"Electrical Engineering, Mathematics and Computer Science",[]
FALSE,WI4520,Nonlinear Analysis and Partial Differential Equations,https://studiegids.tudelft.nl/courses/study-guide/educations/14621,No,MSc,"Electrical Engineering, Mathematics and Computer Science",[]
FALSE,WI4614,Stochastic Simulation,https://studiegids.tudelft.nl/courses/study-guide/educations/14636,No,MSc,"Electrical Engineering, Mathematics and Computer Science",[]
FALSE,WI4615,Stochastic Calculus,https://studiegids.tudelft.nl/courses/study-guide/educations/14637,No,MSc,"Electrical Engineering, Mathematics and Computer Science",[]
FALSE,WI4620MM,Semidefinite Optimisation,https://studiegids.tudelft.nl/courses/study-guide/educations/14641,No,MSc,External institution,[]
FALSE,WI4630,Statistical Learning,https://studiegids.tudelft.nl/courses/study-guide/educations/14638,No,MSc,"Electrical Engineering, Mathematics and Computer Science",[]
FALSE,WI4635,Linear Algebra and Optimization for Machine Learning,https://studiegids.tudelft.nl/courses/study-guide/educations/14607,No,MSc,"Electrical Engineering, Mathematics and Computer Science",[]
FALSE,WI4640,High-dimensional Probability,https://studiegids.tudelft.nl/courses/study-guide/educations/14662,No,MSc,"Electrical Engineering, Mathematics and Computer Science",[]
FALSE,WI4645,Introduction to Quantum Information and Computing,https://studiegids.tudelft.nl/courses/study-guide/educations/14608,No,MSc,"Electrical Engineering, Mathematics and Computer Science",[]
TRUE,WI4650,Applied Quantum Algorithms,https://studiegids.tudelft.nl/courses/study-guide/educations/14691,Yes,MSc,"Electrical Engineering, Mathematics and Computer Science",[9]
FALSE,WI4655,Perturbation and Variational Methods for Partial Differential Equations,https://studiegids.tudelft.nl/courses/study-guide/educations/14609,No,MSc,"Electrical Engineering, Mathematics and Computer Science",[]
FALSE,WI4660,Dynamical Systems and Chaos,https://studiegids.tudelft.nl/courses/study-guide/educations/14678,No,MSc,"Electrical Engineering, Mathematics and Computer Science",[]
FALSE,WI4665,Advanced Topics in Statistics,https://studiegids.tudelft.nl/courses/study-guide/educations/14656,No,MSc,"Electrical Engineering, Mathematics and Computer Science",[]
FALSE,WI4670,Extremal Combinatorics,https://studiegids.tudelft.nl/courses/study-guide/educations/14645,No,MSc,"Electrical Engineering, Mathematics and Computer Science",[]
FALSE,WI4675,Introduction to Financial Mathematics,https://studiegids.tudelft.nl/courses/study-guide/educations/14610,No,MSc,"Electrical Engineering, Mathematics and Computer Science",[]
TRUE,WI4680,Applications in Partial Differential Equations,https://studiegids.tudelft.nl/courses/study-guide/educations/14624,Yes,MSc,"Electrical Engineering, Mathematics and Computer Science",[13]
FALSE,WI4770TU,Scientific Machine Learning,https://studiegids.tudelft.nl/courses/study-guide/educations/21901,No,MSc,"Electrical Engineering, Mathematics and Computer Science",[]
FALSE,WI4771TU,Object Oriented Scientific Programming with C++,https://studiegids.tudelft.nl/courses/study-guide/educations/13854,No,MSc,"Electrical Engineering, Mathematics and Computer Science",[]
TRUE,WI4800,Scientific Writing for Applied Mathematics,https://studiegids.tudelft.nl/courses/study-guide/educations/14603,Yes,MSc,"Electrical Engineering, Mathematics and Computer Science",[4]
FALSE,WI5000COSSE,Thesis Project worth 30 Credits,https://studiegids.tudelft.nl/courses/study-guide/educations/14700,No,MSc,"Electrical Engineering, Mathematics and Computer Science",[]
FALSE,WI5001COSSE,A Seminar/Literature Study worth 12 credits,https://studiegids.tudelft.nl/courses/study-guide/educations/14701,No,MSc,"Electrical Engineering, Mathematics and Computer Science",[]
FALSE,WI5010,Thesis Project,https://studiegids.tudelft.nl/courses/study-guide/educations/14393,No,MSc,"Electrical Engineering, Mathematics and Computer Science",[]
FALSE,WI5010EXT,Thesis Project,https://studiegids.tudelft.nl/courses/study-guide/educations/14394,No,MSc,"Electrical Engineering, Mathematics and Computer Science",[]
TRUE,WI5215,Internship AM,https://studiegids.tudelft.nl/courses/study-guide/educations/14392,Yes,MSc,"Electrical Engineering, Mathematics and Computer Science",[16]
FALSE,WM-ITAV-1020,Spanish 1,https://studiegids.tudelft.nl/courses/study-guide/educations/20028,No,nan,"Technology, Policy and Management",[]
TRUE,WM-ITAV-1021,Spanish 2,https://studiegids.tudelft.nl/courses/study-guide/educations/20029,Yes,nan,"Technology, Policy and Management",[4]
TRUE,WM-ITAV-1022,Spanish 3,https://studiegids.tudelft.nl/courses/study-guide/educations/20030,Yes,nan,"Technology, Policy and Management",[4]
TRUE,WM-ITAV-2013,Italian for Beginners,https://studiegids.tudelft.nl/courses/study-guide/educations/20031,Yes,nan,"Technology, Policy and Management",[4]
TRUE,WM-ITAV-2023,Italian Advanced Level,https://studiegids.tudelft.nl/courses/study-guide/educations/20032,Yes,nan,"Technology, Policy and Management",[3]
FALSE,WM-ITAV-4010,Scientific Writing,https://studiegids.tudelft.nl/courses/study-guide/educations/20033,No,MSc,"Technology, Policy and Management",[]
TRUE,WM0201TU,Technical Writing,https://studiegids.tudelft.nl/courses/study-guide/educations/20034,Yes,BSc,"Technology, Policy and Management",[4]
TRUE,WM0201TU-ENG,Technical Writing,https://studiegids.tudelft.nl/courses/study-guide/educations/20035,Yes,MSc,"Technology, Policy and Management",[4]
FALSE,WM0203TU,Oral Presentations,https://studiegids.tudelft.nl/courses/study-guide/educations/20036,No,BSc,"Technology, Policy and Management",[]
FALSE,WM0203TU-ENG,Oral Presentations,https://studiegids.tudelft.nl/courses/study-guide/educations/20037,No,MSc,"Technology, Policy and Management",[]
FALSE,WM0204TU,Meeting Skills,https://studiegids.tudelft.nl/courses/study-guide/educations/20038,No,BSc,"Technology, Policy and Management",[]
FALSE,WM0318TN,Argumentation and Philosophy of Science,https://studiegids.tudelft.nl/courses/study-guide/educations/20061,No,BSc,"Technology, Policy and Management",[]
TRUE,WM0320TU,Ethics and Engineering,https://studiegids.tudelft.nl/courses/study-guide/educations/20039,Yes,MSc,"Technology, Policy and Management",[16]
TRUE,WM0324LR,Ethics and Engineering for Aerospace Engineering,https://studiegids.tudelft.nl/courses/study-guide/educations/20062,Yes,MSc,"Technology, Policy and Management","[4, 16]"
TRUE,WM0329TU,Ethics and Engineering,https://studiegids.tudelft.nl/courses/study-guide/educations/20040,Yes,MSc,"Technology, Policy and Management",[16]
FALSE,WM0349WB,"Philosophy of Engineering, Science and Design",https://studiegids.tudelft.nl/courses/study-guide/educations/20063,No,MSc,"Technology, Policy and Management",[]
TRUE,WM0353TU,Climate Ethics,https://studiegids.tudelft.nl/courses/study-guide/educations/20042,Yes,MSc,"Technology, Policy and Management","[3, 9, 10, 13, 16, 17]"
TRUE,WM0375TU,Ethics of Technological Risks,https://studiegids.tudelft.nl/courses/study-guide/educations/20045,Yes,MSc,"Technology, Policy and Management",[16]
TRUE,WM0376TU,Ethics of Technological Risks,https://studiegids.tudelft.nl/courses/study-guide/educations/20046,Yes,MSc,"Technology, Policy and Management",[16]
FALSE,WM0801TU,Introduction to Safety Science,https://studiegids.tudelft.nl/courses/study-guide/educations/20048,No,MSc,"Technology, Policy and Management",[]
TRUE,WM0804TU,Project Safety Science (6 ECTS),https://studiegids.tudelft.nl/courses/study-guide/educations/20049,Yes,MSc,"Technology, Policy and Management",[3]
FALSE,WM1028AM,Ethics for Applied Mathematics,https://studiegids.tudelft.nl/courses/study-guide/educations/20064,No,MSc,"Technology, Policy and Management",[]
FALSE,WM1115TU,Dutch Elementary 1,https://studiegids.tudelft.nl/courses/study-guide/educations/20050,No,MSc,"Technology, Policy and Management",[]
FALSE,WM1116TU,Dutch Elementary 2,https://studiegids.tudelft.nl/courses/study-guide/educations/20051,No,MSc,"Technology, Policy and Management",[]
FALSE,WM1117TU,Dutch Intermediate 1,https://studiegids.tudelft.nl/courses/study-guide/educations/20052,No,MSc,"Technology, Policy and Management",[]
FALSE,WM1301TU,Ethics of Transportation,https://studiegids.tudelft.nl/courses/study-guide/educations/20053,No,MSc,"Technology, Policy and Management",[]
TRUE,WM1302TU,Ethics of Transportation,https://studiegids.tudelft.nl/courses/study-guide/educations/20054,Yes,MSc,"Technology, Policy and Management",[16]
TRUE,WM1401TU,Ethics of Healthcare Technologies,https://studiegids.tudelft.nl/courses/study-guide/educations/20055,Yes,MSc,"Technology, Policy and Management","[3, 9]"
TRUE,WM1402TU,Ethics of Healthcare Technologies,https://studiegids.tudelft.nl/courses/study-guide/educations/20056,Yes,MSc,"Technology, Policy and Management","[3, 9]"
FALSE,x,Advanced Applied Seismology,https://studiegids.tudelft.nl/courses/study-guide/educations/22199,No,MSc,External institution,[]
FALSE,x,Energy Resources Management,https://studiegids.tudelft.nl/courses/study-guide/educations/23820,No,MSc,External institution,[]
FALSE,x,GIS specialization,https://studiegids.tudelft.nl/courses/study-guide/educations/22195,No,MSc,External institution,[]
FALSE,x,Neotectonics and Earthquake Geology,https://studiegids.tudelft.nl/courses/study-guide/educations/23822,No,MSc,External institution,[]
FALSE,x,Portfolio Management and Prospect Evaluation,https://studiegids.tudelft.nl/courses/study-guide/educations/23821,No,MSc,External institution,[]
FALSE,x,Principles of Plate Tectonics,https://studiegids.tudelft.nl/courses/study-guide/educations/22200,No,MSc,External institution,[]
FALSE,zzzz,Minor Placeholder,https://studiegids.tudelft.nl/courses/study-guide/educations/24251,No,nan,Applied Sciences,[]
FALSE,~~~,~~~,https://studiegids.tudelft.nl/courses/study-guide/educations/21389,No,BSc,University Corporate Office,[]
