course_name,course_code,description,learning_objectives,level,faculty,url,program
Machine Learning,1.253.420,,,Master,External institution,https://studiegids.tudelft.nl/courses/study-guide/educations/22193,['MSc Applied Geophysics (Master)']
Finite Elements in Fluids,4.100.220,,,Master,External institution,https://studiegids.tudelft.nl/courses/study-guide/educations/22194,['MSc Applied Geophysics (Master)']
General and Inorganic Chemistry,4051ALACH,"De cursus biedt een breed overzicht van de anorganische en fysische fundamenten van de chemie.

Het behandelt in het eerste deel een beschrijving op microscopisch niveau van materie met nadruk op atomaire en moleculaire structuur.

In het tweede deel komt de opbouw van vaste stoffen, de beschrijving van gassen en vloeistoffen/oplossingen, en de overgangen tussen verschillende fasen ter sprake. Dit biedt een inleiding op chemische omzettingen van stoffen met nadruk op zuur-base en elektrochemische reacties, de thermodynamische en kinetische beschrijving van reacties en het ontstaan van evenwichten.","1. De student kent de kwantumchemische opbouw van atomen en kan hiermee periodieke eigenschappen uitleggen.

2. De student kent de moleculaire opbouw van materialen en kan de relatie tussen de atomaire/moleculaire structuur en de macroscopische eigenschappen verklaren.

3. De student kan fasediagrammen en de daarbij horende vergelijkingen toepassen om faseovergangen te beschrijven en door te rekenen.

4. De student is bekend met elementaire principes uit de thermodynamica en reactiekinetiek en kan deze toepassen op chemische reacties en evenwichten, met name m.b.t. zuur-base reacties en elektrochemie.",Bachelor,Applied Sciences,https://studiegids.tudelft.nl/courses/study-guide/educations/16939,"['BSc Molecular Science and Technology (Bachelor)', 'Bridging Programme Chemical Engineering (Bridging)']"
Calculus 1,4051CALC1,"Cursus Calculus met de onderwerpen Complexe getallen, Limieten en differentiëren, Integreren, Differentiaalvergelijkingen, Reeksen, Vectoren lijnen en vlakken.","Complexe getallen:
- De student kan rekenkundige bewerkingen uitvoeren met complexe getallen, de modulus en het argument van een complex getal bepalen, een complex getal als e-macht schrijven en een schets maken van het complex getal in het complexe vlak.
- De student kan kwadratische vergelijkingen oplossen en de n-de machtswortels van een complex getal bepalen.

Limieten en differentiëren:
- De student kent de begrippen limiet, continuïteit, differentieerbaarheid en differentiaal.
- De student kan limieten bepalen door in te klemmen, door de hoofdzaak uit te delen, met de regel van de l'Hospital, en met Taylorpolynomen.
- De student kan impliciet differentiëren, en raaklijnen aan krommen en lineariseringen van functies bepalen.

Integreren:
- De student kan eenvoudige onbepaalde en bepaalde (enkelvoudige) integralen uitrekenen, indien nodig m.b.v. substitutie, breuksplitsen en partiële integratie.
- De student kent de (eigenschappen van de) inverse functies arcsin, arccos en arctan.
- De student herkent oneigenlijke integralen en kan bepalen of ze convergent dan wel divergent zijn.

Differentiaalvergelijkingen:
- De student kan een differentiaalvergelijking opstellen voor sommige fysische situaties.
- De student kan 1e-orde differentiaalvergelijkingen oplossen door een e-macht in te vullen, m.b.v. scheiding van variabelen of m.b.v. een integrerende factor.
- De student kan de oplossing benaderen met de methode van Euler.
- De student kan zowel homogene als eenvoudige inhomogene, lineaire 2e-orde differentiaalvergelijkingen met constante coëfficiënten oplossen.
- De student kan oplossingen van de vorm A cos(omega t)+B sin(omega t) omschrijven in de vorm C cos(omega t - alpha).

Reeksen:
- De student kan de somnotatie gebruiken. De student kent de definities van convergente en divergente rijen en reeksen. De student kan van een convergente recursief gedefinieerde rij de limiet bepalen.
- De student herkent meetkundige reeksen en p-reeksen en weet wanneer die convergent of divergent zijn. Van een convergente meetkundige reeks kan de student de som bepalen.
- Van reeksen kan de student met de nde-term-test divergentie aantonen en de integraaltest toepassen om convergentie dan wel divergentie aan te tonen.
- De student kan een functie benaderen met een Taylorpolynoom en daarvan op een bepaald interval de fout schatten.

Vectoren, lijnen en vlakken:
- De student kan vectoren optellen en scalair vermenigvuldigen. De student kan inwendig en uitwendig producten, lengtes, afstanden, hoeken en determinanten uitrekenen. De student kan oppervlaktes van driehoeken en parallellogrammen en volumes van tetraeders en parallelepipeda uitrekenen.
- De student kan met een middelpunt en een straal een vergelijking voor een bol opstellen, en kan andersom (eventueel met kwadraat afsplitsen) uit een vergelijking voor een bol, het middelpunt en de straal bepalen.
- De student kan parametervoorstellingen van lijnen en vlakken bepalen, en met behulp van een normaalvector een vergelijking voor een vlak bepalen.",Bachelor,Applied Sciences,https://studiegids.tudelft.nl/courses/study-guide/educations/16940,"['BSc Molecular Science and Technology (Bachelor)', 'Bridging Programme Chemical Engineering (Bridging)']"
Calculus 2,4051CALC2,"Functies van meer veranderlijken, meervoudige integralen, lineaire algebra","Na succesvolle afronding van dit vak ben je in staat tot:

1. Het begrijpen van wat een partiële afgeleide is, en het kunnen berekenen van de partiële afgeleiden van diverse functies.
2. Het toepassen van partiële afgeleiden om extreme waarden, richtingsafgeleiden, en gradiënten te vinden.
3. Het toepassen van kennis van meervoudige integralen en van kennis van nieuwe coördinatenstelstels (met name pool-, bol-, en cilindercoördinaten) om meervoudige integralen te berekenen.
4. Het toepassen van algoritmes om lineaire stelsels op te lossen, inclusief door het gebruik van matrices.
5. Het berekenen van producten en inverses van matrices.
6. Het toepassen van de determinant en de eigenwaarden/eigenvectoren van een matrix om lineaire dynamische systemen op te lossen.",Bachelor,Applied Sciences,https://studiegids.tudelft.nl/courses/study-guide/educations/16941,"['BSc Molecular Science and Technology (Bachelor)', 'Bridging Programme Chemical Engineering (Bridging)']"
Methods of Chemical Analysis,4051CHAN3,"Dit vak wordt in 2025-2026 gegeven door Dr. Alexander (A.) Kros.

Het vak omvat de basisbeginselen van chemische analyse waaronder monstervoorbereiding, foutenanalyse, statistiek, basisprincipes van gas- en vloeistofchromatografie, electroforese, spectrofotometrie en massa spectrometrie.","Na afloop van de cursus:

- kan de student de basisprincipes en werking van gas- en vloeistofchromatografie en een aantal spectroscopische technieken uitleggen.
- kan de student aangeven hoe betrouwbaar een meting is en welke fout er in de meting zit",Bachelor,Applied Sciences,https://studiegids.tudelft.nl/courses/study-guide/educations/16942,"['BSc Molecular Science and Technology (Bachelor)', 'Bridging Programme Chemical Engineering (Bridging)']"
Chemical Thermodynamics,4051CHTHE,"De te behandelen hoofdstukken 1-9 uit Engel and Reid bevatten de volgende onderwerpen:

Fundamental concepts
Heat, work and internal energy
The importance of state functions
Thermochemistry
Entropy and the second and third law of thermodynamics
Chemical Equilibrium
The properties of real gasses
Phase diagrams and the relative stability of solids, liquids and gases
Ideal and real solutions","Na het bestuderen van het vak dient de student:

a. kennis te hebben van de basisbegrippen en wetmatigheden uit de thermodynamica;
b. op basis van thermodynamische wetmatigheden het gedrag van eenvoudige thermodynamische systemen kwalitatief te kunnen voorspellen;
c. op basis van het geleerde kwantitatieve berekeningen te kunnen doen aan eenvoudige processen en systemen

Dat betekent dat de student vragen moet kunnen beantwoorden zoals:

-Welke wetten beschrijven het gedrag van een ideaal gas; onder welke condities gaat een ideaal gas over in een niet-ideaal gas?
-Wat is specifiek warmte en hoe gebruik je die om de temperatuurafhankelijkheid van de enthalpie en de entropie te berekenen?
-Waarom is het onmogelijke warmte geheel in arbeid om te zetten in een cyclisch proces?
-Wat is een Carnot cyclus?
-Hoe bereken je de entropie, enthalpie en de Gibbs energie van een chemische reactie als een functie van temperatuur en druk?
-Hoe bereken je de evenwichtsconstante van een reactie?
-Hoe bereken je de osmotische druk?",Bachelor,Applied Sciences,https://studiegids.tudelft.nl/courses/study-guide/educations/16943,['BSc Molecular Science and Technology (Bachelor)']
Inorganic Chemistry,4051INCHE,"Aan de hand van belangrijke toepassingen van metalen in de natuur, in geneeskunde, in materialen of in de homogene katalyse worden begrippen uit de coördinatiechemie uitgelegd. Deze begrippen omvatten: aard van de coördinatiebinding; coördinatiegetal, symmetrie, geometrie en isomerie van complexen; 18-elektronenregel; stabiliteit en reactiviteit van complexen; spintoestanden en magnetisme; oxidatietoestanden en redoxchemie, ligandveldopsplitsingen en ligandveldstabilisatie-energie.","Na het behalen van het tentamen:

- is de student in staat om de verschillende aspecten van de coördinatiechemie (o.a. isomerie, elektronentelling, jargon) toe te lichten en toe te passen.
- kan de student de ligandveldopsplitsing van d-orbitalen in verschillende geometrieën beredeneren.
- kan de student een oordeel vellen over stabiliteit en reactiviteit van een willekeurige coördinatieverbinding.
- is de student in staat om de systematische naam van simpele coördinatieverbindingen op te stellen of te interpreteren.",Bachelor,Applied Sciences,https://studiegids.tudelft.nl/courses/study-guide/educations/16944,['BSc Molecular Science and Technology (Bachelor)']
Introduction to Process Technology,4051IPTEC,Oplossen van elementaire problemen in de procestechnology door het opstellen van massa- en energiebalansen en relaties voor fase evenwichten.,"Na het volgen van dit vak zijn studenten in staat om:

1. uit te leggen wat de rol van een chemisch ingenieur is in de samenleving.
2. de nomenclature in chemical engineering te herkennen; procesvariabelen te definieren en te relateren; unit operaties uit de chemische technologie te beschrijven en kwalitatief uit te leggen hoe ze werken.
3 (!!!). een systematische aanpak te volgen om problemen in de chemische technologie op te lossen; variabelen te identificeren, een stromingsdiagram te tekenen en te labellen op basis van een uitleg van beschrijving van een chemisch proces; een vrijheidsgraden analyse uit te voeren en te gebruiken.
4. in een team aan een opdracht te werken; te herkennen welke vaardigheden nodig zijn om in een team te werken; een helder gestructureerd rapport te schrijven.",Bachelor,Applied Sciences,https://studiegids.tudelft.nl/courses/study-guide/educations/16945,['BSc Molecular Science and Technology (Bachelor)']
Undergraduate Research Project 1,4051LEON1,"In Research Project 1 (Leren Onderzoeken 1), students develop their practical lab skills and academic research skills by carrying out a 3-week research project within one of the research groups in the Leiden Institute of Chemistry (Leiden) or the Departments of Chemical Engineering or Radiation, Science en Technology (Delft). The projects are typically part of ongoing research within these groups, and supervised by PhD students, postdocs and principle investigators within these groups.

At the end of the research projects, the course is concluded by a measurement report (in pairs) and a student symposium, where each pair of students present their work via a poster or oral presentation.

In preparation for the lab work and symposium, the following additional modules are part of the LO1 course:
- A fire extinguishing course (1 hour)
- Information literacy module 1 (TU Delft Library - Information Literacy 1)
- Safety assignment on risk analysis for working with chemicals
- Oral presentation course (Mondeling Presenteren - 6 x 2 hours)","The course is part of the 'Research Skills' curriculum within MST, which starts at the Basic Laboratory Skills lab course (PBV).

Practical work

1. Literature search. Knowledge of relevant literature and data sources
2. Getting ready for practical experimentation: The capability to prepare experiments (define the goals, describe the experimental details); Environment and safety: the ability to work safely with chemicals, taking into account their physical and chemical properties, with special regard for the possible specific dangers that are associated with these compounds; Proficiency in making a risk analysis of the use of chemicals.
3. The gathering and compilation of experimental data:
Dexterity in carrying out standard laboratory experiments, as well as in the use of instrumentation for synthetic and analytical tasks; Dexterity in following the progress of the experiment, by collecting data from observation and measurements and reporting them correctly (as e.g. in a lab journal).
4. The analysis and processing of experimental data: The evaluation and interpretation of observations and data collected in the laboratory and the ability to relate these to an appropriate theory; Ethics: perception of ones professional and ethical responsibility.
5. Employment attitude and teamwork: Dedication, motivation, enthusiasm, creativity; Capability to work in a (multicultural and multidisciplinary) team; Active participation, effective cooperation, effectiveness in discussions, social contacts.
6. Reporting: Ability to report, both orally and in writing, with proper regard for the requirements demanded by scientific communication and responsiveness; Proficiency in effective communication, in the Dutch as well as in the English language, thereby using modern ways and means of presentation.

Oral Presentation module

At the end of the course you should be able to:

1. Present complex material clearly to both expert and non-expert audiences;
2. Apply structural elements that are offered in the course;
3. Use presentation techniques such as:
- Using various hand gestures
- Using vocal variety
- Keeping a good posture;
4. Create attractive slides that support your presentation;
5. Interact with your audience and respond to their reactions and questions professionally.",Bachelor,Applied Sciences,https://studiegids.tudelft.nl/courses/study-guide/educations/16946,['BSc Molecular Science and Technology (Bachelor)']
Organic Chemistry 1,4051ORGC1,"In het vak Organische Chemie leer je de fundamentele begrippen van de synthetische organische chemie en de bijbehorende reacties met hun mechanisme. Het vak bevat grofweg drie delen. Elk volgende deel behoeft kennis uit alle voorgaande delen en wordt cumulatief getoetst.

Deel 1: Kennis over de functionele groepen, de structuur van moleculen d.m.v. orbitalen en hybridisatie, de begrippen delokalisatie, conjugatie en aromaticiteit, zuren en basen en hun kwalitatieve sterkte, en inductieve en sterische effecten. Reacties en hun mechanismen van aldehyden, ketonen en carbonzuurderivaten. Kinetische en thermodynamische aspecten van de reacties.

Deel 2: Kennis over stereochemie, chiraliteit, enantiomeren, diastereoisomeren en racemische mengsels. Conformationele analyse, ring structuren, 1,3-diaxiale interacties, en het gebruik van Newman projecties. Reacties en hun mechanismen van substituties en eliminaties op alifatische verbindingen. De rol van de vertrekkende groep, de structuur van het elektrofiel en het type nucleofiel. De rol van naburige elektronenzuigende en stuwende substituenten.

Deel 3: Kennis over de begrippen stereoselectiviteit en stereospecificiteit. Reacties en hun mechanismen van electrofiele en nucleofiele additie aan alkenen, electrofiele en nucleofiele aromatische substitutie en de chemie van enolen en enolaten.","1. Parate kennis van functionele groepen, de orbitalen en hun reactiviteit, fundamentele begrippen zoals conjugatie, aromaticiteit, zuurgraad, conformatie en configuratie.

2. Inzicht in en het construeren van reactiemechanismen van de belangrijkste organisch chemische reacties die de functionele groepen kunnen ondergaan in termen van elektronenbeweging en orbitalen.

3. Kunnen voorspellen van reactieproducten aan de hand van de gegeven reactiecondities

4. Het identificeren van structurele elementen verantwoordelijk voor de reactiviteit en selectiviteit van de reactie

5. Kunnen verklaren van trends, overeenkomsten en verschillen in stabiliteit, reactiviteit en selectiviteit door het toepassen van fundamentele principes uit de organische chemie",Bachelor,Applied Sciences,https://studiegids.tudelft.nl/courses/study-guide/educations/16947,"['BSc Molecular Science and Technology (Bachelor)', 'Bridging Programme Chemical Engineering (Bridging)']"
Basic Laboratory Skills Course,4051PRBVA,"Praktische vaardigheden op het gebied van synthese (organische, anorganische en biochemie) en technologie (chemische, fysische en biotechnologie). Veiligheid. Verslaglegging. ICT (Excel, Python). Dataverwerking. Foutenbeschouwing en voortplanting.","Na succesvolle afronding van dit vak ben je in staat tot:

1: Het opstellen van een gedetailleerde planning voor een experiment op basis van een experimentele procedure, inclusief een veiligheidsanalyse en het kiezen van de juiste synthese- of meetopstelling;
2: Het uitvoeren van enkele veelgebruikte experimentele technieken binnen de (an)organische synthese, analytische chemie, biochemie, biotechnologie en chemische technologie;
3: Het toepassen van de noodzakelijke maatregelen om experimenten uit te voeren op een wijze die veilig is voor jezelf, omstanders en het milieu;
4: Het ordenen van observaties en meetresultaten in een labjournaal, tabel of grafiek;
5: Het berekenen van de numerieke meetonzekerheid behorende bij de uitkomst van een experiment;
6: Het analyseren van de resultaten van een experiment in een beknopt meetrapport.

Na het afronden van PBV, ben je in staat om met praktisch werk binnen de onderzoeksgroepen (Leren Onderzoeken, zie 4051LEON1) te starten.",Bachelor,Applied Sciences,https://studiegids.tudelft.nl/courses/study-guide/educations/16948,['BSc Molecular Science and Technology (Bachelor)']
Quantum Chemistry and Physics,4051QCHFY,"In het eerste gedeelte van dit vak worden volgende onderwerpen van de klassieke fysica － zoals behandeld op de middelbare school － herhaald en uitgebreid:

Klassiek mechanica volgens Newton

Oscillaties en rotaties

Lopende en staande golven

Electrostatica

Hierna volgt een introductie in de kwantummechanica met specifieke aandacht voor kwantumeffecten die belangrijk zijn in atomen en moleculen, waarbij volgende onderwerpen worden behandeld:

Beperkingen van de klassieke mechanica

Basis begrippen en concepten in de kwantummechanica

Oplossingen van de Schrödingervergelijking

Deeltje in een doosje

Kwantummechanische beschrijving van harmonische oscillator en rigide rotator, alsmede toepassing daarvan op vibraties en rotaties van moleculen

Electronenstructuur van het waterstofatoom

Pauli principe, de Born-Oppenheimer benadering en de Hartree-Fock methode als uitgangspunt voor kwantumchemische berekeningen

Electronenstructuur van meer-electronen atomen en twee-atomige moleculen","De student kan

... verband leggen tussen wiskundige vergelijkingen uit de klassieke fysica en kwantummechanica en de betekenis ervan. Daardoor kan de student ook conclusies uit de formule trekken.

... problemen uit de klassieke fysica en kwantumfysica oplossen door de juiste formule voor een toepassing te kiezen, formules te verbinden en deze toe te passen.

... verschillende eenheden in elkaar omrekenen en in formules correct gebruiken.

... situaties noemen die van belang zijn in de scheikunde en waarin een kwantummechanische beschrijving nodig is.

... de Schrödingervergelijking voor eenvoudige modelsystemen in de kwantummechanica oplossen en de betekenis van de resultaten uitleggen, waarbij operatoren, eigenwaarden en golffuncties centraal staan.

... kwantummechanische modelsystemen toepassen om zo het fenomeen van kwantummechanisch tunnelen te beschrijven en rotatie en vibratiespectra van moleculen te analyseren.

... het Pauli principe, de Born-Oppenheimer benadering en de Hartree-Fock methode beschrijven en de relevantie voor kwantumchemische berekeningen uitleggen.

... energietoestanden van elektronen in atomen en molekulen in verband brengen met orbitalen en hun vorm.

... een chemische binding in een twee-atomig molekuul op basis van de LCAO-MO theorie uitleggen.",Bachelor,Applied Sciences,https://studiegids.tudelft.nl/courses/study-guide/educations/16949,['BSc Molecular Science and Technology (Bachelor)']
Structure Elucidation,4051STRUA,"1. Inleiding tot de structuuranalyse, 13C-NMR, IR, UV-Vis, massaspectrometrie
2. Proton NMR
3a. Structuuropheldering: Overzicht van spectroscopische methoden
3b. Infrarood spectroscopie en NMR van andere NMR-actieve atoomkernen.
4. De ruimtelijke bouw van moleculen en spectroscopie.
5. Tweedimensionale NMR (COSY/HSQC) voor structuuranalyse.
6. Tweedimensionale NMR (NOESY/HMBC) voor structuuranalyse.
7. Dynamische effecten en NMR theorie.","Leerdoel 1:

Algemeen begrip van de fysische basis van spectroscopie (UV-Vis, IR, NMR) en massaspectrometrie en het interpreteren van eenvoudige puls-acquisitie of continue golf technieken.

Leerdoel 2:

Van een gegeven chemische structuur de moleculaire functionaliteiten; groepen dan wel atomen, toewijzen aan de 1H-NMR, 13C-NMR en IR-spectra, eventueel gebruikmakend van 2D-NMR (COSY/HSQC/HMBC/NOESY) technieken.

Leerdoel 3:

De structuur ophelderen van een organisch molecuul aan de hand van een gegeven set aan spectra.

Leerdoel 4:

Inzicht in hoe isomeren (zoals diastereo-isomeren, regio-isomeren, verschillende stoelconformaties en verschillende ringvormen) te onderscheiden zijn en aldan niet aan te wijzen zijn met behulp van de koppelingsconstanten (zoals de Karplus-relatie), NOE-diff-, NOESY- en/of HMBC-NMR, of hoe deze technieken ingezet kunnen worden in het onomstotelijk bewijzen/toewijzen van een voorgestelde structuur.

Leerdoel 5:

Aan de hand van een gegeven structuur of spectrum kunnen aanwijzen 1) welke atomen of groepen chemische gelijkheid bezitten 2) magnetische gelijkheid bezitten 3) dynamische effecten een rol spelen

Leerdoel 6:

Het effect van (andere) spin-1/2 kernen (1H, 13C, 19F, 29Si, 31P) herkennen, uitrekenen en beschrijven op de 1H- en 13C-NMR spectra, uitleg geven over ontkoppelingstechnieken en daar gebruik van maken in het toewijzen/ophelderen van structuren.",Bachelor,Applied Sciences,https://studiegids.tudelft.nl/courses/study-guide/educations/23460,"['BSc Molecular Science and Technology (Bachelor)', 'Bridging Programme Chemical Engineering (Bridging)']"
Biochemistry,4052BIOC6,"Aminozuren, peptides, eiwitten, (primaire quaternaire structuur), enzymen, enzymkinetiek, enzymregulatie, lipiden, membranen, membraaneiwitten, spiereiwitten, algemene principes van het metabolisme en belangrijke metabole routes. DNA en RNA structuur, DNA replicatie, DNA transcriptie, RNA splicing, translatie","Deel I

1.Kennen:
Structuur en eigenschappen van de 20 aminozuren
Eiwitstructuur: secundaire en tertiaire structuurelementen zoals alphahelix en betasheet
De globale structuur van enkele vezeleiwitten en hemoglobine

2. Kunnen:
Ligandbinding en Enzymkatalyse: Kd kunnen berekenen, Michaelis-Menten vergelijking kennen en kunnen toepassen, effect van remmers op MM kennen,

3. Begrip van (de werking van) membraaneiwitten, transmembraandomeinen, kaliumkanaal, membraanfusie en mechanisme van chymotrypsine

4. Herkennen: Structuur en eigenschappen:
Suikers: mono, di en polysaccharides (zetmeel, glycogen en cellulose)
Lipiden: triacylglycerol, glycerophospholipides en sphingolipides

5. Begrip van metabolisme (open boek)
Dmv werkcolleges wordt inzicht verkregen in de werking van belangrijke metabole routes, zoals de glycolyse, gluconeogenese, citroenzuurcyclus, oxidatieve phosphorilatie, pentose-fosfaat-route, photosynthese.

Deel II:

6. Kennen:
Structuur en eigenschappen van bouwstenen van DNA en RNA (nucleotiden)
DNA en RNA secundaire en tertiaire structuurelementen, zoals de dubbele helix.
Thermodynamische en chemische stabiliteit van DNA en RNA.
Structuur van chromosomen en ribosomen

7. Weten hoe de volgende processen verlopen:
DNA replicatie en herstel. DNA sequencing
Transcriptie in prokaryoten en eukaryoten, en reverse transcriptie
RNA processing: splicing van mRNA, ribosomale RNAs, tRNA en microRNAs
Translatie van mRNA in eukaryoten en prokaryoten
Translatie-remming door antibiotica en microRNAs",Bachelor,Applied Sciences,https://studiegids.tudelft.nl/courses/study-guide/educations/17173,['BSc Molecular Science and Technology (Bachelor)']
Biomolecular Chemistry,4052BMOCH,"In deze cursus zullen een aantal belangrijke biologische moleculen vanuit een (organisch) chemisch perspectief besproken worden. Zo zal de biosynthese van aminozuren, suikers, nucleinezuren en lipides en hun rol in de biosynthese en afbraak van complexe biopolymeren aan de orde komen. Ook zullen een aantal complexe biologische processen, zoals fosforyleringspaden en post-translationele modificaties aan de orde komen. Bij ieder onderwerp zal steeds eerst het biologische proces in een breed kader geschetst worden. Vervolgens wordt ingezoomd op een aantal specifieke chemische processen en wordt het mechanisme hierachter behandeld.","1) Kennis van de biosynthese en afbraak routes van natuurproducten (suikers, aminozuren, nucleoine zuren en lipiden).
2) Kennis en gebruik van co-factoren.
3) Kennis en gebruik van active site residuen in enzymen.
4) Doorgronden van biosynthese logica (waarom volgt de natuur een bepaalde syntheseroute?).
5) De werking kunnen doorgronden van mechanism-based inhibitors gebaseerd op de mode-of-action van de doel-enzymen.",Bachelor,Applied Sciences,https://studiegids.tudelft.nl/courses/study-guide/educations/17184,['BSc Molecular Science and Technology (Bachelor)']
Chemical Biotechnology,4052CHBIO,"Introduction on industrial and environmental biotechnology; use of enzymes, pure cultures, mixed cultures; importance of biomass and sustainability

Nutrients needed for growth of microorganisms

Stoichiometry of microbial conversions according to mass balances

Hyperbolic kinetics for substrate uptake

Herbert-Pirt distribution of substrate between growth, product formation and maintenance; relations between cell mass-specific rates (mu and q)

Black-box model for aerobic and anaerobic product formation

Determination of the black-box model parameters from batch and chemostat experiments

The fermentor, and determination of relevant transport rates

Design of fermentation in batch and chemostat

Energy conversion pathways

Deriving the product pathway reaction

Deriving the biomass reaction

Microbial competition; application in mixed cultures

Designing enzymatic conversions","The student will be able to:

quantitatively analyze and evaluate the most important requirements for microbial growth and product formation.

apply simple biokinetic, stoichiometric, and mass/heat transport relationships in calculations with ideal reactors.

derive process reactions from data on growth reaction, product pathway reaction, and energy conversion pathways.",Bachelor,Applied Sciences,https://studiegids.tudelft.nl/courses/study-guide/educations/17188,['BSc Molecular Science and Technology (Bachelor)']
Chemistry and Physics of Solid Materials,4052CHFVS,"In dit vak zal ingegaan worden op de fundamentele chemische en fysische eigenschappen van vaste stoffen en materialen.

We zullen beginnen met hoe vaste stoffen opgebouwd worden door de bindingen tussen atomen te bespreken. Vandaaruit gaan we verder met kristalstructuren, Miller indices, de reciproke ruimte en Brillouin zones. Gaandeweg gaan we steeds meer naar de eigenschappen van materialen kijken die voortkomen uit hun opbouw.

De volgende onderwerpen zullen behandeld worden:

Theorie van vaste stoffen, inclusief verbindingen in metalen, bandenstructuur, en elektronische structuur

Kristalstructuren, inclusief röntgendiffractie en Miller indices

Transporteigenschappen van vaste stoffen, inclusief metalen, insulatoren en halfgeleiders

Optische eigenschappen van vaste stoffen

Diffusie in vaste stoffen, inclusief thermodynamica en kinetiek

Mechanische, thermische en magnetische eigenschappen van vaste stoffen","De student:

- Heeft op basis van atomen een idee hoe een materiaal is opgebouwd, qua bindingen en structuur.
- Heeft inzicht waarom er elektronische banden zijn in materialen.
- Kan aangeven hoe diffusie van ionen in vaste stoffen wordt beïnvloed.
- Kan bespreken hoe thermische, mechanische en magnetische eigenschappen afhangen van de materiaalopbouw.
- Kan de factoren bespreken welke van invloed zijn op elektrische en optische eigenschappen van halfgeleiders en metalen.
- Kan op basis van bovengenoemde aspecten een selectie van materialen maken welke geschikt zijn voor een bepaalde toepassing",Bachelor,Applied Sciences,https://studiegids.tudelft.nl/courses/study-guide/educations/17180,['BSc Molecular Science and Technology (Bachelor)']
Chemical Reactor Engineering,4052CHREK,"- Design equations for ideal reactors
- Conversion and selectivity in ideal reactors
- Reactors in series and recycle reactor
- Relation among kinetics, reaction networks and reactor performance
- Heat effects: Adiabatic reactor operation
- Non-ideal reactors and residence time distribution
- Basics of catalytic reactions","The student is able to:

- Apply mass and energy balances to chemical reactors
- Have a notion of the characteristics of basic reactor types
- Predict/calculate the conversion and selectivity
- Design en select a chemical reactor
- Predict optimal reaction conditions
- Extract the kinetics of the reactions from experiments
- Use and apply numerical techniques, next to back of the envelope calculations",Bachelor,Applied Sciences,https://studiegids.tudelft.nl/courses/study-guide/educations/17196,"['BSc Molecular Science and Technology (Bachelor)', 'MSc Chemical Engineering (Master)', 'Bridging Programme Chemical Engineering (Bridging)']"
"Energy, Recycling and Safety",4052ENRV6,"The energy, recycling and safety course focuses on the responsible, safe and sustainable use of energy and raw materials.

Topics to be discussed are:

Energy en recycling:
- Relationship between availability of energy and prosperity / well-being
- World primary energy consumption, fossil energy
- Population growth; carrying capacity of the earth
- Earth energy balance, greenhouse effect, climate change
- Exergy analysis, Efficient use of energy
- The ""Energy transition"". Learning curves in renewable energy technologies (PV, Wind etc), energy storage
- Use of critical raw materials

Safety:
For the safety students work in a team (5-6 students per team).
- Introduction to definitions of risk and safety
- Basic Risk Management and risk assessment principles
- Process safety, safety in the process industry: what is specific to it, what are new trends?
- Examples of major accidents and lessons learned, occupational safety
- Basic principles pertaining to responsibility
- Ethics in safety and responsible decision-making
- Safe (and sustainable) by design principles

Technical Writing:
Writing a report: the requirements for an academic report, identifying and addressing the target audiences, and collaborative writing in teams.","1. Knowledge
a. The student is familiar with the material covered in the themes of energy, recycling and safety and can answer questions about this
b. The student is familiar with the way in which a report/article/publication must be set up.

2. Insight and understanding
a. The student is able to propose solutions for current issues
b. The student is able to develop new ideas
c. The student is able to model certain aspects.

3. Apply the substance
a. The student is able to apply the subject matter of the course to issues from current practice.
b. The student is able to make the correct assumptions for modeling the practical situation.
c. The student is able to work out a topic on an academic level in a team and to present this in a report that is well-written and clear, making it accessible to both experts and non-experts.",Bachelor,Applied Sciences,https://studiegids.tudelft.nl/courses/study-guide/educations/17174,['BSc Molecular Science and Technology (Bachelor)']
Physiological Chemistry,4052FYSC6,"Het vak Fysiologische Chemie houdt zich bezig met biochemische processen in relatie tot ziekte. De student leert de moleculaire en cellulaire achtergronden van verschillende ziektes die normale processen zoals signaaltransductie en eiwitsynthese in de cel verstoren, aan de hand van concrete voorbeelden. In het tweede deel van de cursus komen verschillende chemische technieken aan de orde die gebruikt kunnen worden om deze ziektes aan te tonen en te bestuderen.","1. Kennis
De student is bekend met de basisbegrippen van de fysiologische chemie

2. Inzicht en begrip
De student vertoont inzicht in de moleculaire achtergronden van verschillende (erfelijke) ziektes die normale processing van lipiden, eiwitten, suikers en nucleinezuren verstoren, aan de hand van concrete voorbeelden.

3. Toepassen en analyse van de stof
De student is in staat om de stof van het college toe te passen op vraagstukken uit de fysiologische chemie.

4. Synthese en evaluatie
De student kan de basisprincipes uitleggen middels een mondelinge presentatie aan medestudenten.",Bachelor,Applied Sciences,https://studiegids.tudelft.nl/courses/study-guide/educations/17185,['BSc Molecular Science and Technology (Bachelor)']
Physical Chemistry and Kinetics,4052FYSCK,"Onderdeel Fysische Chemie:

- Herhaling Thermodynamica jaar 1
- Ideale en echte oplossingen
- Elektrolyt oplossingen (thermodynamica, activiteiten)
- Elektrochemie (Nernst evenwicht, soorten cellen, brandstofcellen, batterijen)
- Transport (diffusie, migratie)
- Elektrodekinetiek (Butler-Volmer, kinetiek en transport)

Onderdeel Kinetiek:

- Elementaire chemische kinetiek: reactiesnelheidsvergelijkingen op basis van elementaire reacties, sequentiële en parallelle reactiestappen, (perturbatie van) evenwichten en temperatuursafhankelijkheid;
- Kinetiek van complexe reacties: voorevenwicht, Lindemann mechanisme, homogene, heterogene en enzymatische katalyse, radicaal reacties en explosies;
- De opbouw van potentiaaloppervlakken en elementaire moleculaire reactiedynamica;

Complexe kinetische processen wordt actief bestudeerd door de benodigde wiskundige modellen m.b.v. Excel en/of Maple/Python uit te werken. Elke student krijgt hiertoe huiswerkopdrachten.","Onderdeel Fysische Chemie

De student:

- Kan rekenen aan chemische evenwichten op basis van entropie en enthalpie;
- Begrijpt de moleculaire achtergrond van entropie en enthalpie en kan op basis hiervan verklaren hoe reactie-omstandigheden als temperatuur, druk en concentratie het evenwicht van reacties beïnvloeden;
- Kent de eigenschappen van een ideale oplossing en kan afwijkingen van het ideaal gedrag onder woorden brengen;
- Kan de thermodynamische eigenschappen van elektrolyt oplossingen onderscheiden en de Debye-Hueckel theorie toepassen;
- Kan met de wet van Nernst werken en de verschillende elektrochemische cellen onderscheiden;
- Begrijpt de moleculaire achtergrond van transport, diffusie en migratie;
- Kent de elementaire aspecten van de kinetiek van elektrode reacties;
- Kan werken met eenvoudige wiskundige modellen voor chemische reacties aan elektrochemische en katalytische oppervlakken in combinatie met massa transport.

Onderdeel Kinetiek

De student kan:
- met MS Excel experimentele gegevens correct weergeven om kinetische parameters te bepalen (zoals orden van reactie, reactiesnelheidsconstanten en activeringsbarriëres);
- op basis van kinetische parameters cruciale aspecten aan reactiemechanismen interpreteren en toelichten;
- een eenvoudig wiskundig model opzetten van een reactiemechanisme, dit oplossen en grafisch weergeven;
- de opbouw van en beweging over potentiaaloppervlakken semi-kwantitatief weergeven.",Bachelor,Applied Sciences,https://studiegids.tudelft.nl/courses/study-guide/educations/17175,['BSc Molecular Science and Technology (Bachelor)']
Physical Transport Phenomena,4052FYSTR,"Physical Transport phenomena forms the basis for many process technology courses. The course includes background and concepts with which physical/chemical processes and phenomena can be described/modeled.

The college begins with the preservation laws of mass, energy and impulse. Be further dealt with:
- Laws of Fick, Fourier and Newton
- Dimension analysis; dimensionless Key Figures
- Stationary and transient heat and mass transport (1-dimensional)
- Heat transfer and mass transport over a phase boundary
- Pressure drop calculation over a tube (system), laminar and turbulent flow","The goal of the course is that the student:

-knows the general recipe for the preparation of a mass, energy and impulse balance can apply to practical situations
-is able to designate the transport mechanisms
-is able to apply the substance of the college to issues of physical/chemical practice.
-is able to make the right assumptions for modeling practical situation.
-able to work models quantitatively.
-is able to assess certain choice on their plausibility.",Bachelor,Applied Sciences,https://studiegids.tudelft.nl/courses/study-guide/educations/17181,"['BSc Molecular Science and Technology (Bachelor)', 'Bridging Programme Chemical Engineering (Bridging)']"
Catalysis,4052KATAL,"Het vak biedt de studenten een kaleidoscoop aan op ""katalyse"". Het beschrijft de overeenkomsten en verschillen tussen de verschillende soorten katalyse aan de hand van een aantal reacties die op verschillende manieren gekatalyseerd (kunnen) worden. Voorbeelden zijn de reductie van stikstofoxide, oxidatie van koolmonoxide, hydrolyse van nitrilen en de selectieve reductie van bepaalde verbindingen.","De student heeft:

- Kennis van een aantal belangrijke katalytische processen zowel homogeen, biokatalytisch, heterogeen als elektrokatalytisch;
- Inzicht in de belangrijkste verschillen, overeenkomsten, voor- en nadelen en toepassingsgebieden van de vier verschillende gebieden van de katalyse;
- Vaardigheid in het toepassen van de principes van chemische reactiekinetiek op katalytische processen en mechanismen;
- Inzicht in de werking, moleculaire mechanismen, preparatie, karakterisering, en stabiliteit van een aantal katalysatoren en katalytische processen in de vier katalysegebieden;
- Inzicht in de toepassing van katalyse in de industrie.",Bachelor,Applied Sciences,https://studiegids.tudelft.nl/courses/study-guide/educations/17176,['BSc Molecular Science and Technology (Bachelor)']
Linear Algebra and Differential Equations,4052LADIF,"Lineaire Algebra

Opfrissen van: matrixalgebra inclusief inverse matrix, stelsels lineaire vergelijkingen, de eliminatiemethode van Gauss
Nieuwe stof: lineaire combinaties, opspansel en onafhankelijkheid. Basis, dimensie en deelruimte, lineaire afbeeldingen, determinanten, eigenwaarden, eigenruimten, diagonalisatie en stelsels differentiaalvergelijkingen.

Differentiaalvergelijkingen

Opfrissen van: eerste orde differentiaalvergelijkingen (separabele en lineaire differentiaalvergelijkingen) en tweede orde lineaire differentiaalvergelijkingen
Nieuwe stof: inhomogene en niet-lineaire stelsels differentiaal vergelijkingen, de Laplacetransformatie, stapfuncties, de deltafunctie van Dirac, Fourierreeksen, partiële differentiaalvergelijkingen (nadruk op de warmtevergelijking, de golfvergelijking). Modelleren van fysische problemen met behulp van differentiaalvergelijkingen en het interpreteren van de bijbehorende oplossingen.","De student kan:

1) de definities van een aantal basisbegrippen uit de lineaire algebra geven
2) eenvoudige bewijzen geven door het combineren van deze definities en begrippen
3) de elementaire matrixoperaties uitvoeren en op systematische wijze een stelsel lineaire vergelijkingen oplossen
4) bepalen of een verzameling vectoren (on)afhankelijk is en het opspansel van een aantal vectoren bepalen
5) bepalen of een verzameling een deelruimte is en van een deelruimte een basis en de dimensie bepalen
6) domein, codomein en bereik van een lineaire afbeelding bepalen alsmede origineel en beeld van een vector
7) lineaire afbeeldingen van een matrixrepresentatie voorzien
8) de determinant, de eigenwaarden en de eigenruimten van een vierkante matrix bepalen en beoordelen of een vierkante matrix diagonaliseerbaar is
9) lineaire differentiaalvergelijkingen m.b.v. de Laplacetransformatie oplossen
10) stelsels lineaire differentiaalvergelijkingen oplossen en de oplossingskrommen visualiseren
11) de Fourierreeks van een periodieke functie bepalen en eenvoudige partiële differentiaalvergelijkingen oplossen
12) eenvoudige fysische problemen modelleren met differentiaalvergelijkingen en de bijbehorende oplossingen interpreteren",Bachelor,Applied Sciences,https://studiegids.tudelft.nl/courses/study-guide/educations/17182,"['BSc Molecular Science and Technology (Bachelor)', 'Bridging Programme Chemical Engineering (Bridging)']"
Research Project 2,4052LEON2,Students independently carry out experiments in pairs in the field of a current research of a research group within the Leiden Institute of Chemistry (Leiden) or the departments of Chemical Engineering or Radiation Science en Technology (Delft). They finish their projects with an individual report.,"The study goals for Research Project 2 are part of the ""Leren Onderzoeken"" (Learning Research) learning line for practical research, and follow up on Basic Laboratory Skills Course (4051PRBVA) and Research Project 1 (4051LEON1).

a. The student can find relevant scientific articles and books independently and critically assess their content.
b. The student can design and prepare an experiment independently. Takes proactive measurements to ensure safety.
c. The student can independently conduct an experiment and document it properly using a lab journal/notebook.
d. The student can critically analyse and interpret observations and data acquired in the lab and state how reliable these results are.
e. The student shows a productive attitude (effort, motivation, enthusiasm) and shows that they can work in a multicultural and multidisciplinary team. The student actively seeks out the attendant to discuss results.
f. The student can independently write a report (10 pages) and provide arguments and defences for their results.",Bachelor,Applied Sciences,https://studiegids.tudelft.nl/courses/study-guide/educations/17177,['BSc Molecular Science and Technology (Bachelor)']
Chemical Product Design,4052LEON3,"The Chemical Product Design course provides insight into the key aspects that play a role in the development of chemical products. Teams of 5-6 students work on designing a new product. The goal is to effectively use the acquired knowledge about chemical engineering and creativity of the team to develop an innovative but realistic product.

The following topics are covered in the course:

Working effectively in a team

Aspects that are important for product design

Relationship between physico-chemical composition and product properties

Development of physico-chemical models to describe product properties and performance

Identifying customer needs

Generating new ideas and selecting the most promising idea

Developing a new product.

The activities during the course mimic the situation in a chemical company where a new product is developed. Your team is a group of engineers who have received this task from their manager. The role of the manager is taken by a staff member of the Chemical Engineering Department, who serves as the team's coach.","General Skills

The student can communicate effectively and work creatively in a team.

The student is able to report the results of the (team) work in writing, to present and to discuss orally.

Knowledge

The student is familiar with the basic concepts of product design.

Understanding

The student is able to indicate the relationship between physical-chemical composition and product properties.

The student is able to identify a new product.

Application and analysis of the content

The student is able to apply the content of the lecture in the field of chemical process/product technology.

The student is able to make a quantitative physico-chemical model of relevant product characteristics.

Synthesis and evaluation

Using the knowledge and skills acquired in this course the student is able to propose and design new products.",Bachelor,Applied Sciences,https://studiegids.tudelft.nl/courses/study-guide/educations/17192,['BSc Molecular Science and Technology (Bachelor)']
Bachelor Thesis Project,4052LEON4,Students individually perform a 11-week project in the context of ongoing research at one of the research groups at the TU Delft or Leiden University. The research project should be strongly related to the MST programme (chemistry/chemical engineering).,"The student:

1. Literature Review/study:
- Is able to study relevant scientific literature and to look up data sources and assess them by value.

2. Preparing/Setting up research:
- Is able to prepare experiments (formulation research question, setting up research plan);
- Environment and safety: can work safely with chemicals, taking into account their physical and chemical properties, including any specific hazards associated with the use of these materials;
- Is skilled in making a risk analysis of the use of chemicals.

3. Collecting/Generating Research data:
- Is able to perform standard laboratory prescriptions;
- May carry out observations and measurements under limited supervision, as well as their correct reporting (including a well-kept lab journal).

4. Analysing and processing of research material:
- Can interpret the observations and data obtained in the laboratory and relate it to existing and/or an appropriate theory;
- Ethics: Has an understanding of his/her professional and ethical responsibility.

5. Working posture and teamwork
- Shows dedication, motivation, enthusiasm, creativity for the thesis work performed;
- Is able to function in a (multicultural and multidisciplinary) team;
- Is able to actively participate, cooperate effectively, effectively discuss.

6. Reporting:
- Is able to report in writing and orally with attention to requirements for scientific communication and accountability;
- Is able to communicate effectively in Dutch and English, using modern presentation techniques.",Bachelor,Applied Sciences,https://studiegids.tudelft.nl/courses/study-guide/educations/17193,['BSc Molecular Science and Technology (Bachelor)']
Numerical Techniques,4052NUMT3,"Het vak Numerieke Technieken is gericht op het gebruik van numerieke technieken voor het oplossen van complexe vraagstukken met behulp van een computer. De cursus heeft een focus op het gebruik van zulke numerieke technieken voor het oplossen van problemen in de chemie en chemical engineering. De volgende onderwerpen worden behandeld:

1. Introductie Python; introductie programmeren en algoritmes;
2. Statistische analyse en plotten van data;
3. Curve fitting en regressie;
4. Numerieke integratie en differentiatie;
5. Oplossen van (stelsels van) lineaire en niet-lineaire vergelijkingen;
6. Numeriek oplossen van gekoppelde differentiaal vergelijkingen;
7. Monte Carlo technieken.","1. Kennis
a. De student is bekend met de basisbegrippen van (gestructureerd) programmeren.
b. De student is bekend met de meest gangbare numerieke methoden die worden gebruikt bij het oplossen van chemische en chemisch technologische vraagstukken.

2. Inzicht en begrip
a. De student is in staat om aan te geven hoe groot de fout is in de verschillende numerieke methoden.
b. De student is in staat om de uitkomsten van een numerieke berekening op waarde in te schatten.

3. Toepassen en analyse van de stof
a. De student is in staat om de stof van het college toe te passen op vraagstukken op het gebied van de chemie en chemische technologie.
b. De student is in staat om te beoordelen wanneer het toepassen van een numerieke techniek zinvol is.",Bachelor,Applied Sciences,https://studiegids.tudelft.nl/courses/study-guide/educations/17178,"['BSc Molecular Science and Technology (Bachelor)', 'Bridging Programme Chemical Engineering (Bridging)']"
Organic Chemistry 2,4052ORGC2,"Dit college sluit nauw aan op het college organische chemie 1 (4051ORGC1) uit het eerste jaar. Daarnaast worden verscheidene nieuwe reacties behandeld zodat de student een totaal beeld krijgt van de basis reacties/mechanismen van de organische chemie:

- Nucleofiele (aromatische) substitutie
- Electrofiele aromatische substitutie
- Eliminaties
- Nucleofiele additie
- Electrofiele additie
- Cyclo additie
- Radicaal reacties

Zowel de reactiecondities als de mechanismen, het voorspellen van het reactieprodukt alsmede een retrosynthetische analyse zijn onderdeel van het college. De volgende onderwerpen komen aan bod: Diels-Alder, Wittig, nitering, diazotering, Sandmeyer, reductieve aminering, aminozuren, pI berekening, werking enzymen/cofactoren, Friedel-Crafts alkylering en acylering, alkylering van enolaten, Dieckmann, harde- en zachte nucleofielen.","De student:

- begrijpt de algemene termen van de organische chemie, zoals: nucleofiel, electrofiel, hard, zacht, vertrekkende groepen, pKa, intramoleculair, cycloadditie.
- kan de opgedane kennis en vaardigheden toepassen op de synthese van organische moleculen.
- begrijpt de achterliggende mechanismen van reacties.
- is in staat om de relaties te zien met andere chemische disciplines.
- begrijpt de relatieve reactiviteit van functionele groepen.",Bachelor,Applied Sciences,https://studiegids.tudelft.nl/courses/study-guide/educations/17186,['BSc Molecular Science and Technology (Bachelor)']
Separation Technology,4052SCHTE,"The Separation Technology course applies the thermodynamics and chemistry knowledge from previous courses, and relates this to one of the core steps in chemical industry: Separation. After each synthesis, one or more processes necessarily follow to separate the product from by-products and residual reactants, solvents and other additives. This course deals with the six most important separation processes, of which the first five tare based on phase equilibria.

1. Distillation
2. Extraction
3. Absorption
4. Adsorption
5. Crystallization
6. Membrane separations

Because thermodynamic phase equilibrium ultimately indicates which level of separation is aimed for by a system and moreover indicates how much work is required as a minimum, the following thermodynamic topics precede the relevant separation processes. And also, because modelling of chemical processes, requires a correct treatment of their thermodynamics, much attention is devoted to the fundaments of the thermodynamics of following systems.

1. Phase equilibrium
2. Ideal and non-ideal liquid vapor equilibrium
3. Non-ideal liquid-liquid equilibrium
4. Crystallization, liquid-solid equilibrium","1. Knowledge
a. The student is familiar with the most important industrial separation processes and the thermodynamics of physical and chemical equilibrium.
b. The student is familiar with the general recipe for drawing up mass and energy balances.

2. Insight and understanding
a. The student is able to interpret phase diagrams for ideal and non-ideal, reactive and non-reactive binary and ternary systems based on thermodynamic information available in the literature and to prepare them where necessary. The student is capable to describe aforementioneded systems thermodynamically.
b. The student is able to make a selection based on knowledge of basic principles.
c. The student is able to model the various forms of transport.

3. Application and analysis of the substance
a. The student is able to quantify the quality and yield of a separation process on the basis of the phase information provided.
b. The student is able to make the correct assumptions for modeling practical situations.
c. The student is able to quantify models from works, i.e. developing phase diagrams based on thermodynamic models and data, calculating mass and energy flows, to be able to determine basic dimensions of separation devices.

4. Synthesis and evaluation
a. The student is able to apply the basic principles to new situations and to assess the plausibility of a certain choice on its plausibility.
b. The student is able to prepare and assess the analysis of a (part of a) separation process and to
i. Method: the application of available theoretical or derived information;
ii. Numerical elaboration with the help of literature or experimental data;
iii. Plausibility of the accuracy and order of magnitude of the answers obtained.",Bachelor,Applied Sciences,https://studiegids.tudelft.nl/courses/study-guide/educations/17191,"['BSc Molecular Science and Technology (Bachelor)', 'MSc Chemical Engineering (Master)', 'Bridging Programme Chemical Engineering (Bridging)']"
Statistical Methods,4052STAME,"Grafische en numerieke samenvattingen van data

Inleiding tot kansrekenen

Elementaire combinatoriek

Voorwaardelijke kans: regel van Bayes, (on)afhankelijkheid van gebeurtenissen

Toevalsvariabelen: kansmassafunctie, kansdichtheidsfunctie, verdelingsfunctie

Standaardverdelingen: binomiaal, Poisson, geometrisch, normaal, uniform, exponentieel, Pareto

Verwachting en variantie, transformaties, ongelijkheid van Jensen

Multivariate toevalsvariabelen, gezamenlijke verdelingen, marginale dichtheidsfuncties, (on)afhankelijkheid van toevalsvariabelen

Covariantie en correlatie

Ongelijkheid van Chebyshev, wet van de grote aantallen, centrale limietstelling

Sampling en statistische modellen, steekproefgemiddelde en -variantie, historgram, empirische verdelingsfunctie, boxplot

Schatters: bias, efficiëntie, MSE

Lineaire regressie: univariaat en multivariaat, goodness of fit

Inleiding tot statistical learning

Betrouwbaarheidsintervallen voor gemiddelde en proportie, t-verdeling

Hypotheses toetsen: type I/II, p-waarde, significantieniveau, kritiek gebied, t-test voor 1 groep","Na afloop van deze cursus is de student in staat tot

(Conditionele) kansen berekenen

Discrete en continue stochasten gebruiken/toepassen

Werken met gezamenlijke verdelingen

Verwachting, variantie, covariantie en correlatie uitrekenen

Toepassen van de wet van de grote getallen en de centrale limietstelling

Data grafisch en numeriek te representeren

Statistische modellen op te stellen

Eigenschappen van schatters bepalen

Betrouwbaarheidsintervallen te maken

Hypothesetoetsen te formuleren en uit te voeren

Lineaire regressie uit te voeren

Interpretatie van data-analyse in Python of vergelijkbare software",Bachelor,Applied Sciences,https://studiegids.tudelft.nl/courses/study-guide/educations/17194,['BSc Molecular Science and Technology (Bachelor)']
Structure and Properties of Materials,4052STEVM,"""Soft Matter"" includes a class of materials from everyday life that exhibit characteristics of both liquids and solids. Such materials are found in a large part of traditional chemical en food products as well as in high-tech applications ranging from nano-medicine to energy.

This course offers an extensive overview of ""soft materials"", their properties, analysis methods and synthetic strategies and explores the relationship between their structure, dynamics and properties. Moreover, the course also illustrates how their properties can be used in traditional and high-tech chemical products.

The course starts with the chemical synthesis, molecular forces and principles needed to describe the elementary theories that underlie the structure and dynamics of these materials. It then develops further into the description of their microscopic and macroscopic properties. We will then examine how these quantities can be determined experimentally. The course deals with systems such as polymers, surfactants, dispersions and liquid crystals and learns how the different types of molecular interactions can be used in (advanced) applications","After successfully completing this course, students will be able to:

describe and discuss the properties of soft materials

calculate basic properties that characterize these materials

use elementary theories to describe the structure, dynamics and properties of soft materials

choose the appropriate characterization method for the evaluation of a certain characteristic

Understand and critically discuss basic concepts underlying the behavior of soft materials

to interpret quantitative experimental data

describe how molecular interactions and material structures can be used in an industrial application

propose molecular systems that are suitable for a specific application",Bachelor,Applied Sciences,https://studiegids.tudelft.nl/courses/study-guide/educations/17179,"['BSc Molecular Science and Technology (Bachelor)', 'Bridging Programme Chemical Engineering (Bridging)']"
Statistical Thermodynamics / Spectroscopy,4052STTS6,"Het college ""Statistical Thermodynamics and Spectroscopy"" bestaat uit twee onderdelen:

- Statistical Thermodynamics (Edgar Blokhuis)
- Spectroscopy (Jaco Geuchies)

* In de Statistische Thermodynamica gaan we dieper in op de Thermodynamica en demonstreren we hoe de begrippen uit de Thermodynamica zoals temperatuur en vrije energie kunnen worden begrepen in termen van de beweging van atomen en moleculen.

Hoofdstuk 1: korte herhaling Thermodynamica

Hoofdstuk 2: de link wordt gelegd tussen de Thermodynamica en de Statistische Thermodynamica welke leidt tot een formalisme om de vrije energie te bepalen uit de toegankelijke toestanden van het systeem.

Hoofdstuk 3: het formalisme uit Hoofdstuk 3 wordt toegepast op het Ideale Gas. We demonstreren hoe de Statistische Thermodynamica ons in staat stelt evenwichtsconstantes te bepalen uit Spectroscopische data.

* Spectroscopie is een algemene term voor wetenschappelijke meetmethoden die de interactie tussen materie en straling onderzoeken. In dit vak worden de algemene principes van de spectroscopie behandeld en leert de student het verband tussen spectroscopische data en de quantumchemische processen die hieraan ten grondslag liggen.

Behandelde onderwerpen zijn: moleculaire symmetrie, groepentheorie, atomaire spectroscopie, UV/Vis absorptiespectroscopie, infraroodspectroscopie en Raman-spectroscopie.","Learning objectives for spectroscopy:

The student is able to determine the (most important) quantum states of a given material (atoms, small molecules) and can assign these states to energy Terms.

The student is able to determine which quantum state(s) belong(s) to the ground state.

The student can rationalize which transitions between quantum states as a result of an absorption, emission or scattering event have a more than zero probability of taking place.

The student can determine which atomic orbitals, molecular orbitals, vibrational normal modes and energy terms belong to a particular irreducible representation and rationalize from there which transitions in vibrational and electronic spectroscopy are symmetry forbidden.

The student is able to determine which vibrational motion belongs to a particular transition in the infrared region.

The student is able to qualitatively predict which signals are to be observed in the rotational, vibrational or electronic spectrum of various materials ranging from single atoms (atomic spectroscopy) to large molecules (IR, Raman, UV-vis spectroscopy).",Bachelor,Applied Sciences,https://studiegids.tudelft.nl/courses/study-guide/educations/17195,['BSc Molecular Science and Technology (Bachelor)']
Theoretical Chemistry,4052THECH,"- elementen van de wiskunde van vectorruimten, differentiaal- en integraalrekening, complexe getallen
- introductie in fysische grondslagen van de quantummechanica
- quantum mechanica (de postulaten en de interpretatie ervan, observabelen)
- overeenkomst tussen quantummechanica en klassieke mechanica
- voorbeelden van quantummechanische systemen
- het H-atoom
- variatie theorema
- onafhankelijke deeltjes benadering
- meer-electron atomen, spin, Pauli-verbod, Aufbau
- Born-Oppenheimer benadering
- moleculaire orbitaal theorie, seculairvergelijking
- MO-LCAO
- kwalitatieve moleculaire orbitaaltheorie voor homo- en heteronucleaire twee-atomige moleculen, en AH2, AH3, en AH4 systemen","Na het volgen van Theoretische Chemie:

1. Kan de student de basis algebra die de basis voor de quantum mechanica vormt toepassen. Dit betreft commutatoralgebra en eenvoudige lineaire algebra.
2. Kan de student de postulaten van de quantum mechanica reproduceren.
3. Kan de student de vergelijkingen opschrijven (eventueel tot op een evenredigheidsconstante) die beschrijven hoe de energie van eenvoudige modelsystemen afhangt van de kwantumgetallen die die systemen beschrijven.
4. Kan de student aan de hand van eenvoudige modelsystemen uitleggen waar specifieke quantum fenomenen vandaan komen, zoals nulpuntsenergie en tunneling.
5. Kan de student beschrijven wat fermionen en electronspin zijn, evenals het Pauiprincipe. De student kan het Pauliprijncipe vertalen naar de wiskundige vorm van de golffunctie van veel; elektron systemen.
6. Kan de student wiskundige technieken zoals scheiden van variabelen en toepassen van orthogonaliteit gebruiken om relevante vergelijkingen af te leiden.
7. Kan de student op basis van het aufbauprincipe trends die zichtbaar zijn in het periodiek system in detail afleiden en verklaren.
8. Kan de student op basis van de orbitaalbenadering uitleggen wat de Hartreemethode is, en wat de Hartree-Fock methode is, en hoe die methoden verschillen.
9. Kan de student de seculair determinant en de seculairvergelijkingen gebruiken om de energieën van kleine moleculen en de bijbehorende eigenfuncties te bepalen.
10. Kan de studenten eenvoudige MO-theorie gebruiken om eigenschappen van twee-atomige moleculen (bijvoorbeeld het al dan niet paramagnetisch zijn van A2 moleculen) en van drieatomige moleculen (bijvoorbeeld de vorm van AH2, waarin A = Li-F) af te leiden en te verklaren. De student kan uitleggen wat de LCAO-methode is.
11. Kan de student uitleggen hoe de Born-Oppenheimer benadering gebruikt kan worden voor theoretische beschrijvingen van molecuulspectroscopie en de dynamica van chemische reacties.",Bachelor,Applied Sciences,https://studiegids.tudelft.nl/courses/study-guide/educations/17183,['BSc Molecular Science and Technology (Bachelor)']
Linear Analysis,4082LINAN,https://studiegids.universiteitleiden.nl/courses/131373/linear-analysis-bm,,Master,External institution,https://studiegids.tudelft.nl/courses/study-guide/educations/17354,['MSc Quantum Information Science and Technology (Master)']
Applied Quantum Algorithms,4343APQAL,https://studiegids.universiteitleiden.nl/courses/131620/applied-quantum-algorithms,,Master,External institution,https://studiegids.tudelft.nl/courses/study-guide/educations/17355,['MSc Quantum Information Science and Technology (Master)']
Introduction to Machine Learning,4343INTML,https://studiegids.universiteitleiden.nl/courses/131529/introduction-to-machine-learning,,Master,External institution,https://studiegids.tudelft.nl/courses/study-guide/educations/17356,['MSc Quantum Information Science and Technology (Master)']
Introduction to Dynamical Systems,4373INTDS,https://studiegids.universiteitleiden.nl/courses/131372/introduction-to-dynamical-systems-bm,,Master,External institution,https://studiegids.tudelft.nl/courses/study-guide/educations/17357,['MSc Quantum Information Science and Technology (Master)']
Representation Theory,4373REPTH,https://studiegids.universiteitleiden.nl/courses/131383/representation-theory-bm,,Master,External institution,https://studiegids.tudelft.nl/courses/study-guide/educations/17358,['MSc Quantum Information Science and Technology (Master)']
Computational Physics A,4403CMPHAY,https://studiegids.universiteitleiden.nl/courses/131730/computational-physics-a,,Master,External institution,https://studiegids.tudelft.nl/courses/study-guide/educations/17359,['MSc Quantum Information Science and Technology (Master)']
Computational Physics B,4403CMPHBY,https://studiegids.universiteitleiden.nl/courses/131731/computational-physics-b,,Master,External institution,https://studiegids.tudelft.nl/courses/study-guide/educations/3775,['MSc Quantum Information Science and Technology (Master)']
Condensed Matter Physics,4403COPH6,https://studiegids.universiteitleiden.nl/courses/124003/condensed-matter-physics,,Master,External institution,https://studiegids.tudelft.nl/courses/study-guide/educations/17360,['MSc Quantum Information Science and Technology (Master)']
Effective Field Theory,4403EFTH3Y,https://studiegids.universiteitleiden.nl/courses/131389/effective-field-theory,,Master,External institution,https://studiegids.tudelft.nl/courses/study-guide/educations/23945,['MSc Quantum Information Science and Technology (Master)']
Physics of Machine Learning,4403PHML3Y,https://studiegids.universiteitleiden.nl/courses/136028/physics-of-machine-learning,,Master,External institution,https://studiegids.tudelft.nl/courses/study-guide/educations/23944,['MSc Quantum Information Science and Technology (Master)']
Quantum Field Theory,4403QFTH6Y,https://studiegids.universiteitleiden.nl/courses/131392/quantum-field-theory,,Master,External institution,https://studiegids.tudelft.nl/courses/study-guide/educations/23946,['MSc Quantum Information Science and Technology (Master)']
Quantum Optics,4403QOPT6,https://studiegids.universiteitleiden.nl/courses/131736/quantum-optics,,Master,External institution,https://studiegids.tudelft.nl/courses/study-guide/educations/17362,['MSc Quantum Information Science and Technology (Master)']
Quantum Theory,4403QUTH6,https://studiegids.universiteitleiden.nl/courses/131390/quantum-theory,,Master,External institution,https://studiegids.tudelft.nl/courses/study-guide/educations/17363,['MSc Quantum Information Science and Technology (Master)']
Statiscal Physics,4403STPHAY,https://studiegids.universiteitleiden.nl/courses/131391/statistical-physics-a,,Master,External institution,https://studiegids.tudelft.nl/courses/study-guide/educations/17364,['MSc Quantum Information Science and Technology (Master)']
Theory of Condensed Matter,4403TCM06,"The course gives an introduction into the theory describing the emergence of macroscopic matter from interacting microscopic constituents.

This revolves around the explanation of emergence principles such as spontaneous symmetry breaking and long range order, adiabatic continuity, collective excitations such as Goldstone bosons, quasiparticles, and topological excitations, as they arise both in weakly- and strongly interacting systems.

We will explain the mathematical theories underlying the understanding of the following states of matter:

- The crystal, including the theory of quantum elasticity describing phonons and phonon interactions.

- Magnetism, with a focus on Mott-insulators and superexchange; spin-wave theory.

- Spin- and charge density waves in the weak coupling limit: the concept of nesting.

- The microscopic theory of superconductivity and superfluidity: from local pairs to the Bardeen-Cooper-Schrieffer theory.

- The Ginzburg-Landau effective field theory of macroscopic superconductivity.

- The Fermi-liquid including the origin of quasi-electrons, zero sound and plasmons.

With the help of the second quantization approach, perturbation theory and the mean-field theory the course introduces a number of fundamental concepts such as long-range order, spontaneous symmetry breaking, elementary, collective and topological excitations. These general concepts are illustrated on a range of archetypal examples such as crystalline solids, magnets, superfluids and superconductors and Fermi-liquid metals.","The course will provide students with an exercise ground to apply the mathematical techniques of quantum many body theory. This includes the second quantization formalism, Green's functions/propagators, linear response theory, perturbation theory, mean field theory, quantum statistical physics and elementary applications of the path-integral formalism.

At the end of the course you will be able to

- Construct second-quantized models of quantum many-body systems

- Calculate thermodynamic properties of model systems

- Calculate linear response functions (e.g. magnetic susceptibility) of model systems

- Describe elementary excitations of a model system

- Use perturbation theory in a many-body system

- Apply mean-field theory to interacting systems of bosons and fermions

- Construct topological excitations of a quantum fluid

- Use the random phase approximation

- Derive and solve the BSC equation for the superconducting gap

- Compute the pole strenght and effective mass of Fermi-liquid quasiparticles.",Master,External institution,https://studiegids.tudelft.nl/courses/study-guide/educations/3782,['MSc Quantum Information Science and Technology (Master)']
Theory of General Relativity,4403TGR64,"This course is taught at Leiden University.
Lecturer: Prof.dr. A. Achúcarro (achucar@lorentz.leidenuniv.nl)


The classical theory of gravity can be interpreted as the geometry of space-time.It combines the language of field theory with the language of differential geometry on manifolds. The basic concepts of these subjects will be introduced and it will be shown how they are used to describe gravitational phenomena, from relativistic corrections to orbits of planets and stars, to gravitational waves, black holes and the evolution of the universe at large.

Topics:

Equivalence principle, geodesic motion;

Differential geometry on manifolds, including the concepts of metric, connection and curvature;

Symmetries and Killing vectores;

Einstein equations, variational principle;

Schwarzschild solution, stars and black holes;

Cosmology of a homogeneous and isotropic universe;

Gravitational waves.","This course provides the basis for work in relativistic astronomy, cosmology, quantum gravity and applications. It will :

acquaint you with the concepts of field theory and differential geometry;

teach you to use these concepts to solve problems of gravitational physics and cosmology;

prepare you for advanced courses on gravitational physics and cosmology;

allow you to access the scientific literature on these topics and understand the recent progress in experimental and observational research.",Master,External institution,https://studiegids.tudelft.nl/courses/study-guide/educations/23478,['MSc Applied Physics (Master)']
Beyond Growth,4413BYGR5,"Beyond-growth

The world is plagued by many environmental and social problems. Climate and nature crises, rising inequalities (with countries and between the global north and global south) and polarization are just some of the issues with which societies are grappling with. Many scholars relate these problems to the economic system and the constant drive to growth the economy and the profits of companies and finance.

There is a renewed interest in “beyond-growth” paradigms such as degrowth, green growth and Doughnut Economics. Fundamentally these discussions are all about achieving inclusive and sustainable well-being, but they differ significantly in their proposals. Given the many ecological and social crises of our time, the discussion could not be more urgent.

Yet similar warnings about the “limits to growth” have been around for many decades. It is not sufficient to simply articulate the problems or suggest policy solutions. These are often know and have been repeated many times. The main problem is one of implementation: the available diagnosis and solutions are not sufficiently adopted. Why is this the case?

This course will provide students with scientific tools and insights which will help them develop their ideas about how to work towards concrete implementation of post-growth ideas. This will require knowledge of the scientific and empirical literature as well as an understanding of the role of institutions and narratives in shaping society.

This course is part of the joint degree MSc Industrial Ecology, offered by Leiden University and Delft University of Technology. More information about the course is published in the online study guide of Leiden University",,Master,"Technology, Policy and Management",https://studiegids.tudelft.nl/courses/study-guide/educations/20247,['MSc Industrial Ecology (IE) (Master)']
Circular Economy,4413CIRC5,"Circular Economy

This course is a first-year elective module for the joint degree MSc Programme on Industrial Ecology. The course teaches concepts, methods, tools, and indicators related to the circular economy.

This course is part of the joint degree MSc Industrial Ecology, offered by Leiden University and Delft University of Technology. More information about the course is published in the online study guide of Leiden University",,Master,"Technology, Policy and Management",https://studiegids.tudelft.nl/courses/study-guide/educations/20252,['MSc Industrial Ecology (IE) (Master)']
Earth System Science and Analysis,4413EASYS,"Earth System Science and Analysis

This course provides knowledge on the Earth system as viewed through 4 spheres (biosphere, geosphere, hydrosphere, and atmosphere), including Earth’s evolution over the 4.5 billion years of its existence, and highlighting the importance of the carbon, nutrient, and water cycles for life on our planet. It introduces students to Earth and its resources, from a system dynamics perspective, and as a guiding analogy for sustainable systems. The course follows an interdisciplinary approach that blends biological, chemical, and physical perspectives not just qualitatively, but also quantitatively using Python programming. Finally, this course also introduces students to Earth system models, their capabilities, and limitations.

This course is part of the joint degree MSc Industrial Ecology, offered by Leiden University and Delft University of Technology. More information about the course is published in the online study guide of Leiden University",,Master,"Technology, Policy and Management",https://studiegids.tudelft.nl/courses/study-guide/educations/20236,['MSc Industrial Ecology (IE) (Master)']
Environmental Input-Output Analysis,4413EIOAT,"Environmental Input-Output Analysis

In this course, students systematically study Environmental Input-Output Analysis (EIOA). EIOA is a standard methodology for assessing environmental footprints (e.g. carbon footprints) and analysing the production and consumption structures within one or across economies. Economic and environmental analyses are inherently integrated for EIOA.

The course is divided into two parts. The first part introduces the fundamental concepts and models used in EIOA, such as the monetary input-output tables, environmental footprint calculations for nations, and scenario modelling. The second part of the course introduces several advanced EIOA techniques and illustrates how they have been used for analysing sustainability issues, such as the socio-economic and environmental effects of international trade and circular economy strategies, the main immediate drivers of changing environmental pressures imposed by human activities (e.g. CO2 emissions) and the use of physical input-output tables for agricultural related studies.

The course follows a hands-on approach. Each lecture is accompanied by individual exercises, in which students can practice the theory while applying and developing their python programming skills. As a 10-EC course, the weekly study load is about 10 hours.

This course is part of the joint degree MSc Industrial Ecology, offered by Leiden University and Delft University of Technology. More information about the course is published in the online study guide of Leiden University",,Master,"Technology, Policy and Management",https://studiegids.tudelft.nl/courses/study-guide/educations/20251,['MSc Industrial Ecology (IE) (Master)']
GIS: Spatial analysis in urban regions,4413GIS20,"Spatial analysis in Urban Regions

Geographical Information Systems (GIS) are computer systems with which data, with a spatial reference to earth’s surface, can be inputted, stored, controlled, analyzed, modelled, integrated and represented. Spatial analysis answers questions related to what is where.

GIS is used to answer various location-related questions in Industrial Ecology research, including urban mining prospecting, supply chain analysis, land use change, at-risk material stocks, socioeconomic metabolism, local environmental impacts and attribution, and many other applications.

In this course, students learn the concepts and hands-on uses of GIS software and apply it to practical industrial ecology research.
The students will work in groups (4-5 students) on an assignment exploring a spatial question related to one or more of the above-mentioned topics.

The students will conduct this study using GIS software and literature research.

The result of this case study will be a report and a presentation at the end of the course. The report has to include system boundaries, methodology and steps in the analysis as well as the results of the case study and some conclusions and discussion.

This course is part of the joint degree MSc Industrial Ecology, offered by Leiden University and Delft University of Technology. More information about the course is published in the online study guide of Leiden University",,Master,"Technology, Policy and Management",https://studiegids.tudelft.nl/courses/study-guide/educations/20246,['MSc Industrial Ecology (IE) (Master)']
Industrial Ecology Capita Selecta Module,4413IECS2Y,"A Capita Selecta is not a regular course, but refers to an additional piece of work, which is not covered by any other course or part of the programme. It is a way of receiving study credits for a ‘course’ designed yourself. It can have the form of a separate piece of scientific research which results in a report or some other tangible product, an individual course on the basis of literature and other sources, a literature review or any other scientific piece of work. A Capita Selecta is always supervised by a core examiner of the MSc Industrial Ecology programme. The list of core examiners can be found on the general Industrial Ecology Brightspace page. Approval of the Board of Examiners is needed before the start of the Capita Selecta, the proposal form for a Capita Selecta can be found on the MSc Industrial Ecology Brightspace page.

Depending on the workload of the project, the Industrial Ecology Capita Selecta Module can equal 2, 3, 4, 5, or 6 EC.

Coursecodes:

4413IECS2Y (2 EC)

4413IECS3Y (3 EC)

4413IECS4Y (4 EC)

4413IECS5Y (5 EC)

4413IECS6Y (6 EC)

This course is part of the joint degree MSc Industrial Ecology, offered by Leiden University and Delft University of Technology. More information about the course is published in the online study guide of Leiden University",,Master,"Technology, Policy and Management",https://studiegids.tudelft.nl/courses/study-guide/educations/21291,['MSc Industrial Ecology (IE) (Master)']
Industrial Ecology Capita Selecta Module,4413IECS3Y,"A Capita Selecta is not a regular course, but refers to an additional piece of work, which is not covered by any other course or part of the programme. It is a way of receiving study credits for a ‘course’ designed yourself. It can have the form of a separate piece of scientific research which results in a report or some other tangible product, an individual course on the basis of literature and other sources, a literature review or any other scientific piece of work. A Capita Selecta is always supervised by a core examiner of the MSc Industrial Ecology programme. The list of core examiners can be found on the general Industrial Ecology Brightspace page. Approval of the Board of Examiners is needed before the start of the Capita Selecta, the proposal form for a Capita Selecta can be found on the MSc Industrial Ecology Brightspace page.

Depending on the workload of the project, the Industrial Ecology Capita Selecta Module can equal 2, 3, 4, 5, or 6 EC.

Coursecodes:

4413IECS2Y (2 EC)

4413IECS3Y (3 EC)

4413IECS4Y (4 EC)

4413IECS5Y (5 EC)

4413IECS6Y (6 EC)

This course is part of the joint degree MSc Industrial Ecology, offered by Leiden University and Delft University of Technology. More information about the course is published in the online study guide of Leiden University",,Master,"Technology, Policy and Management",https://studiegids.tudelft.nl/courses/study-guide/educations/21292,['MSc Industrial Ecology (IE) (Master)']
Industrial Ecology Capita Selecta Module,4413IECS4Y,"A Capita Selecta is not a regular course, but refers to an additional piece of work, which is not covered by any other course or part of the programme. It is a way of receiving study credits for a ‘course’ designed yourself. It can have the form of a separate piece of scientific research which results in a report or some other tangible product, an individual course on the basis of literature and other sources, a literature review or any other scientific piece of work. A Capita Selecta is always supervised by a core examiner of the MSc Industrial Ecology programme. The list of core examiners can be found on the general Industrial Ecology Brightspace page. Approval of the Board of Examiners is needed before the start of the Capita Selecta, the proposal form for a Capita Selecta can be found on the MSc Industrial Ecology Brightspace page.

Depending on the workload of the project, the Industrial Ecology Capita Selecta Module can equal 2, 3, 4, 5, or 6 EC.

Coursecodes:

4413IECS2Y (2 EC)

4413IECS3Y (3 EC)

4413IECS4Y (4 EC)

4413IECS5Y (5 EC)

4413IECS6Y (6 EC)

This course is part of the joint degree MSc Industrial Ecology, offered by Leiden University and Delft University of Technology. More information about the course is published in the online study guide of Leiden University",,Master,"Technology, Policy and Management",https://studiegids.tudelft.nl/courses/study-guide/educations/21293,['MSc Industrial Ecology (IE) (Master)']
Industrial Ecology Capita Selecta Module,4413IECS5Y,"A Capita Selecta is not a regular course, but refers to an additional piece of work, which is not covered by any other course or part of the programme. It is a way of receiving study credits for a ‘course’ designed yourself. It can have the form of a separate piece of scientific research which results in a report or some other tangible product, an individual course on the basis of literature and other sources, a literature review or any other scientific piece of work. A Capita Selecta is always supervised by a core examiner of the MSc Industrial Ecology programme. The list of core examiners can be found on the general Industrial Ecology Brightspace page. Approval of the Board of Examiners is needed before the start of the Capita Selecta, the proposal form for a Capita Selecta can be found on the MSc Industrial Ecology Brightspace page.

Depending on the workload of the project, the Industrial Ecology Capita Selecta Module can equal 2, 3, 4, 5, or 6 EC.

Coursecodes:

4413IECS2Y (2 EC)

4413IECS3Y (3 EC)

4413IECS4Y (4 EC)

4413IECS5Y (5 EC)

4413IECS6Y (6 EC)

This course is part of the joint degree MSc Industrial Ecology, offered by Leiden University and Delft University of Technology. More information about the course is published in the online study guide of Leiden University",,Master,"Technology, Policy and Management",https://studiegids.tudelft.nl/courses/study-guide/educations/21294,['MSc Industrial Ecology (IE) (Master)']
Industrial Ecology Capita Selecta Module,4413IECS6Y,"A Capita Selecta is not a regular course, but refers to an additional piece of work, which is not covered by any other course or part of the programme. It is a way of receiving study credits for a ‘course’ designed yourself. It can have the form of a separate piece of scientific research which results in a report or some other tangible product, an individual course on the basis of literature and other sources, a literature review or any other scientific piece of work. A Capita Selecta is always supervised by a core examiner of the MSc Industrial Ecology programme. The list of core examiners can be found on the general Industrial Ecology Brightspace page. Approval of the Board of Examiners is needed before the start of the Capita Selecta, the proposal form for a Capita Selecta can be found on the MSc Industrial Ecology Brightspace page.

Depending on the workload of the project, the Industrial Ecology Capita Selecta Module can equal 2, 3, 4, 5, or 6 EC.

Coursecodes:

4413IECS2Y (2 EC)

4413IECS3Y (3 EC)

4413IECS4Y (4 EC)

4413IECS5Y (5 EC)

4413IECS6Y (6 EC)

This course is part of the joint degree MSc Industrial Ecology, offered by Leiden University and Delft University of Technology. More information about the course is published in the online study guide of Leiden University",,Master,"Technology, Policy and Management",https://studiegids.tudelft.nl/courses/study-guide/educations/21295,['MSc Industrial Ecology (IE) (Master)']
Integrated Project: Industrial and Urban Systems,4413INTPR,"Integrated Project: Industrial and Urban Systems

Many sustainability challenges are related to urban systems and industrial systems. The way urban and industrial environments and their infrastructures are built and transformed, and how people live in them and work in them has an impact on greenhouse gas emission, resource depletion, pollution and the generation of waste.

In this course, we approach urban environments and industrial systems from an ecosystem perspective. We focus on three important flows: energy, water, construction materials, and resources. Analysing these flows reveals the complexity of urban and industrial environments. The flow systems are related in multiple ways. An intervention to improve one flow can have a negative impact on another flow. Spatial interventions hold potential for synergies, for example between improved local water management and more livable green spaces for local inhabitants (urban track), or industrial symbiosis within industrial clusters (industrial track).

To understand and work with this complexity, we start with a careful analysis of a provided urban plan or a provided industrial network, that can be described as an eco-industrial park or a circular economy region. The performance of the system and each flow are analysed and modelled. The outcomes are combined into an integral sustainability assessment of the provided urban plan or provided industrial network.

In the second part of the course, the assessment forms the base for improvements in the provided urban plan or industrial network. The shape and position of the buildings and open spaces are adjusted where needed, and flow-related improvements are translated to spatial interventions. Or in the case of the industrial network, the outline of the process, the flowsheet, or the value chain are translated to design interventions. These elements can lead to conflicts between different interventions. Therefore, trade-offs are identified and negotiated while synergies are sought and strengthened. Here, aspects such as spatial qualities, cluster behaviour, livability and ecology are taken into account as well, leading to an integrated new urban plan or industrial network.

This new plan or network is then considered within its institutional context. Stakeholders that are relevant for successful realisation of the plan are identified. The final outcome is an improved, integrated and implemented sustainable urban development or sustainable industrial development. For acting successfully in the complexity of urban environments and industrial environments, collaboration and communication are crucial skills. Therefore, this course also draws on these skills. For the purpose of knowledge exchange, both tracks have several joint moments and also two excursions for all students of both tracks during the education period (one with more focus on urban development, the other one with more focus on industrial site visits).

This course is part of the joint degree MSc Industrial Ecology, offered by Leiden University and Delft University of Technology. More information about the course is published in the online study guide of Leiden University",,Master,"Technology, Policy and Management",https://studiegids.tudelft.nl/courses/study-guide/educations/20242,"['MSc Industrial Ecology (IE) (Master)', 'MSc Sustainable Energy Technology (Master)']"
LCA Practice en Reporting,4413LCA10,"Life cycle assessment (LCA) is one of the core methods of Industrial Ecology. It is a science- and evidence-based method for quantifying the environmental burdens and impacts related to the whole life cycle of a product or service system. LCA is and has been used to analyze and assess a wide variety of product/service systems, ranging from packaging materials to national waste management or energy scenarios and from building materials to food products.

This course is part of the joint degree MSc Industrial Ecology, offered by Leiden University and Delft University of Technology. More information about the course is published in the online study guide of Leiden University",,Master,"Technology, Policy and Management",https://studiegids.tudelft.nl/courses/study-guide/educations/20249,['MSc Industrial Ecology (IE) (Master)']
Methods: Analysing Physical Processes,4413MAPPT,"Methods: Analysing Physical Processes

The course introduces the key analytical tools used in the field of Industrial Ecology (IE), providing an understanding of their underlying philosophy and their position in the field. Students are trained in the applicability of these tools by working on case studies with the aid of specific software tools. Before the course begins, please ensure that you can run the software tools STAN and OpenLCA on your computer. For Apple users, please ensure you can run MS Windows. For guidance on this, you may refer to resources such as howtogeek.com.

This course is part of the joint degree MSc Industrial Ecology, offered by Leiden University and Delft University of Technology. More information about the course is published in the online study guide of Leiden University",.,Master,"Technology, Policy and Management",https://studiegids.tudelft.nl/courses/study-guide/educations/20237,['MSc Industrial Ecology (IE) (Master)']
Methods: Analysing Social Processes,4413MASPL,"Methods: Analysing Social Processes

This course explains the process of conducting scientific research in the social sciences and introduces the main methods used in the field. It helps students in theorizing and thinking like a researcher, which are often prerequisites of empirical and modelling research. The course covers the whole process of research from building hypotheses and collecting data, to modelling and simulation. Topics include: case study research, surveys (questionnaires and interviews), mixed-methods, modelling and simulation.

This course is part of the joint degree MSc Industrial Ecology, offered by Leiden University and Delft University of Technology. More information about the course is published in the online study guide of Leiden University",,Master,"Technology, Policy and Management",https://studiegids.tudelft.nl/courses/study-guide/educations/20239,['MSc Industrial Ecology (IE) (Master)']
Material Flow Analysis,4413MFA10,"Material flow analysis (MFA) is one of the core methods in Industrial Ecology. In this course, we explore both the practical and theoretical aspects of MFA as a headlining tool for sustainability in the domains of resource and waste management, circular economy, decoupling, material efficiency, services provisioning, critical materials, and material stock accounting, among others. The course provides students with comprehensive and up-to-date knowledge of the topic.

For students of the MSc Industrial Ecology that intend to do their Thesis Research Project on a topic which involves MFA or is closely related to MFA with a supervisor from CML, successful completion of this course is mandatory.

This course is part of the joint degree MSc Industrial Ecology, offered by Leiden University and Delft University of Technology. More information about the course is published in the online study guide of Leiden University",,Master,"Technology, Policy and Management",https://studiegids.tudelft.nl/courses/study-guide/educations/21296,['MSc Industrial Ecology (IE) (Master)']
System Design for Industrial Ecology,4413SDIEL,"A core element of industrial ecology is that it requires to look at a problem from a system perspective. This course aims to provide insights necessary to understand and apply the core concepts of system design in the field of Industrial Ecology. The course will introduce, on a weekly basis, the core concepts of system thinking (such as interconnectedness, synthesis, feedback loops, causality) and students will work on their application in small case studies.

This course is part of the joint degree MSc Industrial Ecology, offered by Leiden University and Delft University of Technology. More information about the course is published in the online study guide of Leiden University",,Master,"Technology, Policy and Management",https://studiegids.tudelft.nl/courses/study-guide/educations/20240,['MSc Industrial Ecology (IE) (Master)']
Society's Metabolism,4413SOCMB,"Society's Metabolism

Society’s metabolism refers to the interactions between society and nature, characterized by the flows of materials and energy—ranging from the extraction of raw materials and their transformation into goods and services, to the release of waste, emissions, and the conversion and use of energy. This metabolism is shaped by a society’s modes of production (economy), technological infrastructure, and cultural lifestyles.

This course introduces students to methods for assessing the impacts of societal metabolism on the Earth's physical and biological systems. Key themes include the Anthropocene, the Economics of the Anthropocene, the environmental and social consequences of metabolic processes, resource and energy scenarios, water systems, and the global food system.

Each session combines in-depth discussions of assigned readings, lectures by course instructors or guest speakers, and interactive components such as class exercises and student presentations.

The course also includes compulsory workshops based on the principles of Blue Engineering, fostering creative, interdisciplinary learning. These workshops provide an open learning environment for students to explore various dimensions of society–nature relationships while critically reflecting on their own ecological and social responsibilities.

This course is part of the joint degree MSc Industrial Ecology, offered by Leiden University and Delft University of Technology. More information about the course is published in the online study guide of Leiden University",,Master,"Technology, Policy and Management",https://studiegids.tudelft.nl/courses/study-guide/educations/20238,['MSc Industrial Ecology (IE) (Master)']
Sustainability Analysis in Python,4413SUAP6,"Sustainability Analysis in Python (6ec)

Sustainability assessments rely on the analysis of potentially large datasets from various sources. This course will help students to choose, explore, process, and share datasets. These datasets are often integrated into models, which are a very simplified representation of our world to allow its operationalization for large scales, due to global supply chains, etc. Therefore, it is important to validate models to test their applicability in other contexts (e.g., time or location), and to assess model uncertainties (e.g., due to model choices or uncertainties in the input data).

All these types of analysis will be carried out in Python, a general-purpose and very popular programming language. A programming language like Python can more easily handle large datasets than many other software tools and spreadsheet programmes. It is also highly flexible and can be customized to integrate different sustainability assessment methods which otherwise would have to be performed each using a different software tool. In addition, tasks can easily be repeated which saves time, and every step is well documented. This course builds upon and goes beyond the Python skills gained in Earth System Science and Analysis. It includes code optimization, the creation of simple GUIs, and best practices, such as version control, standardized code documentation, and code sharing.

The skills taught in this course are generic and do not focus on a specific type of “sustainability analysis” but will be applied to sustainability-related topics. The analytical, problem-solving, critical-thinking, and programming skills gained in this course are transferable skills, which are in high demand in the job market of sustainability professionals and beyond.

This course is part of the joint degree MSc Industrial Ecology, offered by Leiden University and Delft University of Technology. More information about the course is published in the online study guide of Leiden University",,Master,"Technology, Policy and Management",https://studiegids.tudelft.nl/courses/study-guide/educations/20254,['MSc Industrial Ecology (IE) (Master)']
Sustainability Analysis in Python,4413SUSAP,"Sustainability Analysis in Python (5ec)

Industrial ecology relies on the analysis of potentially large datasets from various sources. This course will help students to choose, explore, process, and share datasets. These datasets are often integrated into models, which are a very simplified representation of our world to allow its operationalization for large scales, due to global supply chains, etc. Therefore, it is important to validate models to test their applicability in other contexts (e.g., time or location), and to assess model uncertainties (e.g., due to model choices or uncertainties in the input data).

All these types of analysis will be carried out in Python, a general-purpose and very popular programming language. A programming language like Python can more easily handle large datasets than many other software tools and spreadsheet programmes. It is also highly flexible and can be customized to integrate different industrial ecology methods which otherwise would have to be performed each using a different software tool. In addition, tasks can easily be repeated which saves time, and every step is well documented. This course builds upon and goes beyond the Python skills gained in Earth System Science and Analysis. It includes code optimization, the creation of simple GUIs, and best practices, such as version control, standardized code documentation, and code sharing.

The skills taught in this course are generic and do not focus on a specific type of “sustainability analysis” but will be applied to sustainability-related topics. The analytical, problem-solving, critical-thinking, and programming skills gained in this course are transferable skills, which are in high demand in the job market of industrial ecology and beyond.

This course is part of the joint degree MSc Industrial Ecology, offered by Leiden University and Delft University of Technology. More information about the course is published in the online study guide of Leiden University",,Master,"Technology, Policy and Management",https://studiegids.tudelft.nl/courses/study-guide/educations/20255,['MSc Industrial Ecology (IE) (Master)']
Sustainability Challenge,4413SUSCH,"Sustainability Challenge (MSc IE)

In this course, students work in teams on a real-world industrial ecology problem by applying and combining knowledge acquired during the first year. The project is commissioned by an external party (i.e., the commissioner) and supervised by an assigned supervisor. In this setting, students are trained to cooperate in an interdisciplinary team and to come up with real-life practical solutions to fulfill the commissioner’s deliverables.

This course is part of the joint degree MSc Industrial Ecology, offered by Leiden University and Delft University of Technology. More information about the course is published in the online study guide of Leiden University",,Master,"Technology, Policy and Management",https://studiegids.tudelft.nl/courses/study-guide/educations/20243,['MSc Industrial Ecology (IE) (Master)']
Thesis Preparation Course,4413THPC1,"During the course, students follow a guided approach towards writing a thesis proposal. Through their identified topics, students define the research gap and research questions concerning their research, and learn how to motivate the work and explain how methods help in achieving the research objective. Students become more competent in the design and planning of research projects by learning how to design research flow diagrams, Gantt charts, and breakdown the work in smaller manageable tasks with clear objectives. Students also learn how to provide peer-review to fellow researchers, and as a result become more critical of their own work and writing.

The final outcome of the participation in this course is a research proposal that serves as a tool to guide the student through their Thesis Research Project.

The lectures start towards the end of Q1. However, students are required to conduct self-study starting from the beginning of semester 1. This implies that the lectures and workload lean towards Q2.

Be aware, the Thesis Preparation Course (TPC) 1 taught during semester 1 has a different setup than the Thesis Preparation Course 2 taught during semester 2. Please consult the study guide of TPC 2 for further information on this course setup.

This course is part of the joint degree MSc Industrial Ecology, offered by Leiden University and Delft University of Technology. More information about the course is published in the online study guide of Leiden University",,Master,"Technology, Policy and Management",https://studiegids.tudelft.nl/courses/study-guide/educations/21289,['MSc Industrial Ecology (IE) (Master)']
Thesis Preparation Course,4413THPC2,"During the course, students follow a guided approach towards writing a thesis proposal. Through their identified topics, students define the research gap and research questions concerning their research, and learn how to motivate the work and explain how methods help in achieving the research objective. Students become more competent in the design and planning of research projects by learning how to design research flow diagrams, Gantt charts, and breakdown the work in smaller manageable tasks with clear objectives. Students also learn how to provide insightful peer-review to fellow researchers, and as a result become more critical of their own work and writing.

The final outcome of the participation in this course is a research proposal that serves as a tool to guide the student through their Thesis Research Project.

Be aware, the Thesis Preparation Course (TPC) 2 taught during semester 2 has a different setup than the Thesis Preparation Course 1 taught during period 2. Please consult the study guide of TPC 1 for further information on this course setup.

This course is part of the joint degree MSc Industrial Ecology, offered by Leiden University and Delft University of Technology. More information about the course is published in the online study guide of Leiden University",,Master,"Technology, Policy and Management",https://studiegids.tudelft.nl/courses/study-guide/educations/21290,['MSc Industrial Ecology (IE) (Master)']
"Transitions, Innovation en Governance",4413TRIGL,"Transitions, Innovation and Governance

TRIG provides an overview of frameworks and methods to study and guide sustainable innovation, sustainability transitions, in particular socio-technical transitions and their governance, as these are all important to bring about sustainability and transitions to sustainability. Increasing the understanding of the underlying societal mechanisms and processes of sustainable innovation and sustainability transitions is important in the course. Students also acquire knowledge on how to govern sustainability transitions and how to ensure that transitions are just. Innovation is considered as both a technical and non-technical novelty that can be brought successfully to the market, which can improve business practices, or can lead to major changes in user practices in society. Sustainable innovation is related to concepts like social innovation, eco-innovation and responsible innovation. Participatory visioning methods, governance strategies and policy instruments are illustrated to facilitate sustainable innovation and sustainability transitions. The course content is organised in several topics:

Sustainable Innovation and Transitions

Governance for Sustainable Innovation & Transitions

Intervention Instruments: Backcasting and Transition Management

Policy instruments, Politics and Power in Transitions

Business Model Innovation and Transitions

Justice and just transitions

Cases and illustrative examples are taken from both (i) energy innovation & renewable energy transitions, and (ii) circular economy innovation and the transition to a circular economy.

This course is part of the joint degree MSc Industrial Ecology, offered by Leiden University and Delft University of Technology. More information about the course is published in the online study guide of Leiden University",,Master,"Technology, Policy and Management",https://studiegids.tudelft.nl/courses/study-guide/educations/20241,['MSc Industrial Ecology (IE) (Master)']
Thesis Research Project,4413TRP30Y,"The aim of IE is to educate student to become critical researchers or practitioners who are able to meaningfully contribute to developing solutions for persistent sustainability problems, such as related to environmental pollution, resource depletion, and climate change. Industrial Ecology is a scientific field that takes a systemic approach to sustainability problems, integrating a technical, environmental and social perspective. Industrial Ecology studies society’s metabolism, i.e. the material and energy basis of society, from a socio-technical systems perspective in order to identify, design and critically evaluate solutions for sustainability problems and their implementation.

The following criteria would be considered to indicate a ‘typical’ IE thesis:

The work focuses on a sustainability problem and/or solution

The work shows a critical attitude towards sustainability, and shows awareness of the technical, environmental and social perspective on sustainability

The work exhibits a systems perspective

The work is interdisciplinary; it synthesizes methods, theories or concepts relevant to the field of IE

IE methods and techniques for problem analysis and/or design are used systematically.

This course is part of the joint degree MSc Industrial Ecology, offered by Leiden University and Delft University of Technology. More information about the course is published in the online study guide of Leiden University",,Master,"Technology, Policy and Management",https://studiegids.tudelft.nl/courses/study-guide/educations/20245,['MSc Industrial Ecology (IE) (Master)']
Entrepreneurship and Innovation,4603BSENI,https://studiegids.universiteitleiden.nl/courses/131541/entrepreneurship-and-innovation,,Master,Applied Sciences,https://studiegids.tudelft.nl/courses/study-guide/educations/17534,['MSc Quantum Information Science and Technology (Master)']
Financing Technology Ventures,4603BSFT3,https://studiegids.universiteitleiden.nl/en/courses/131549/financing-technology-ventures,,Master,Applied Sciences,https://studiegids.tudelft.nl/courses/study-guide/educations/3785,['MSc Quantum Information Science and Technology (Master)']
Leading and Managing People,4603BSLMP,https://studiegids.universiteitleiden.nl/courses/131544/leading-and-managing-people,,Master,Applied Sciences,https://studiegids.tudelft.nl/courses/study-guide/educations/17535,['MSc Quantum Information Science and Technology (Master)']
Marketing Analytics,4603BSMA4,https://studiegids.universiteitleiden.nl/courses/131551/marketing-analytics,,Master,Applied Sciences,https://studiegids.tudelft.nl/courses/study-guide/educations/17536,['MSc Quantum Information Science and Technology (Master)']
Management Science,4603BSMSX,https://studiegids.universiteitleiden.nl/courses/131543/management-science,,Master,Applied Sciences,https://studiegids.tudelft.nl/courses/study-guide/educations/17537,['MSc Quantum Information Science and Technology (Master)']
Complex Networks,4609COMNW,https://studiegids.universiteitleiden.nl/courses/131371/complex-networks-bm,,Master,External institution,https://studiegids.tudelft.nl/courses/study-guide/educations/17365,['MSc Quantum Information Science and Technology (Master)']
Geological & Engineering Basics of Final Disposal,5.100.017,,,Master,External institution,https://studiegids.tudelft.nl/courses/study-guide/educations/22186,['MSc Applied Geophysics (Master)']
Geophysical Logging and Log Interpretation,5.314.570,,,Master,External institution,https://studiegids.tudelft.nl/courses/study-guide/educations/22170,['MSc Applied Geophysics (Master)']
Hydrogeophysics,5.318.482,,,Master,External institution,https://studiegids.tudelft.nl/courses/study-guide/educations/22178,['MSc Applied Geophysics (Master)']
Rockphysics Laboratory,5.326.003,,,Master,External institution,https://studiegids.tudelft.nl/courses/study-guide/educations/22169,['MSc Applied Geophysics (Master)']
Scientific Machine Learning,5.326.004,,,Master,External institution,https://studiegids.tudelft.nl/courses/study-guide/educations/22182,['MSc Applied Geophysics (Master)']
Engineering geophysics,5.329.469,,,Master,External institution,https://studiegids.tudelft.nl/courses/study-guide/educations/22179,['MSc Applied Geophysics (Master)']
Seismic Interpretation and Well Integration,5.330.255,,,Master,External institution,https://studiegids.tudelft.nl/courses/study-guide/educations/22196,['MSc Applied Geophysics (Master)']
Data analysis in Geoscience,5.331.439,,,Master,External institution,https://studiegids.tudelft.nl/courses/study-guide/educations/22197,['MSc Applied Geophysics (Master)']
Remote Sensing of Geohazards,5.331.582.01,,,Master,External institution,https://studiegids.tudelft.nl/courses/study-guide/educations/22187,['MSc Applied Geophysics (Master)']
Remote Sensing - Advanced Methods,5.331.582.02,,,Master,External institution,https://studiegids.tudelft.nl/courses/study-guide/educations/22188,['MSc Applied Geophysics (Master)']
Rockphysics,5.331.637.01,,,Master,External institution,https://studiegids.tudelft.nl/courses/study-guide/educations/22168,['MSc Applied Geophysics (Master)']
Underground Excavation,5.332.383,,,Master,External institution,https://studiegids.tudelft.nl/courses/study-guide/educations/22198,['MSc Applied Geophysics (Master)']
Computational Continuum Mechanics,5.342.487,,,Master,External institution,https://studiegids.tudelft.nl/courses/study-guide/educations/22180,['MSc Applied Geophysics (Master)']
Final Disposal and Projects,5.345.471,,,Master,External institution,https://studiegids.tudelft.nl/courses/study-guide/educations/22185,['MSc Applied Geophysics (Master)']
Neotectonics and Earthquake Geology,5.349.932,,,Master,External institution,https://studiegids.tudelft.nl/courses/study-guide/educations/22189,['MSc Applied Geophysics (Master)']
Fieldwork: Geophysical Logging and Log Interpretation,5.350.132,,,Master,External institution,https://studiegids.tudelft.nl/courses/study-guide/educations/22175,['MSc Applied Geophysics (Master)']
Research Module in Applied Geophysics,5.412.000,,,Master,External institution,https://studiegids.tudelft.nl/courses/study-guide/educations/22181,['MSc Applied Geophysics (Master)']
Modeling and Inversion for multi-method Geophysics,5.412.003,,,Master,External institution,https://studiegids.tudelft.nl/courses/study-guide/educations/22177,['MSc Applied Geophysics (Master)']
5000MFS23 Bootcamp,5000MFS23,"Study guide Leiden: Bootcamp, 2025-2026 - Studiegids - Universiteit Leiden",,Bachelor,External institution,https://studiegids.tudelft.nl/courses/study-guide/educations/23429,[]
Frugal Innovation in Practice,5000MFS24,"Study guide Leiden: Frugal Innovation in Practice, 2025-2026 - Studiegids - Universiteit Leiden",,Bachelor,External institution,https://studiegids.tudelft.nl/courses/study-guide/educations/23430,[]
Capturing Frugal Innovation,5000MFS25,"Study guide Leiden: Capturing Frugal Innovation, 2025-2026 - Studiegids - Universiteit Leiden",,Bachelor,External institution,https://studiegids.tudelft.nl/courses/study-guide/educations/23431,[]
Reflection Seismology Processing,651-4079-00L,,,Master,External institution,https://studiegids.tudelft.nl/courses/study-guide/educations/22155,['MSc Applied Geophysics (Master)']
Case Studies in Exploration and Environmental Geophysics,651-4087-01L,,,Master,External institution,https://studiegids.tudelft.nl/courses/study-guide/educations/22161,['MSc Applied Geophysics (Master)']
Numerical Modelling for Applied Geophyscics,651-4094-00L,,,Master,External institution,https://studiegids.tudelft.nl/courses/study-guide/educations/22158,['MSc Applied Geophysics (Master)']
Inverse Theory I: Basics,651-4096-00L,,,Master,External institution,https://studiegids.tudelft.nl/courses/study-guide/educations/22159,['MSc Applied Geophysics (Master)']
Inverse Theory II: Applications,651-4096-02L,,,Master,External institution,https://studiegids.tudelft.nl/courses/study-guide/educations/22162,['MSc Applied Geophysics (Master)']
Geophysical Field Work and Processing: Methods,651-4104-00L,,,Master,External institution,https://studiegids.tudelft.nl/courses/study-guide/educations/22156,['MSc Applied Geophysics (Master)']
Geophysical Field Work & Processing: Preparation and Field Work,651-4106-03L,,,Master,External institution,https://studiegids.tudelft.nl/courses/study-guide/educations/22157,['MSc Applied Geophysics (Master)']
Geothermal Energy,651-4109-00L,,,Master,External institution,https://studiegids.tudelft.nl/courses/study-guide/educations/22163,['MSc Applied Geophysics (Master)']
Computational Methods in Seismic Data Analysis and Imaging,651-4110-00L,,,Master,External institution,https://studiegids.tudelft.nl/courses/study-guide/educations/22164,['MSc Applied Geophysics (Master)']
Geofluids,651-4240-00L,,,Master,External institution,https://studiegids.tudelft.nl/courses/study-guide/educations/22165,['MSc Applied Geophysics (Master)']
Mathematics V: Applied Deepening of Mathematics I-III,701-0106-00L,,,Master,External institution,https://studiegids.tudelft.nl/courses/study-guide/educations/22166,['MSc Applied Geophysics (Master)']
Economics of Technological Diffusion,8.118.471,,,Master,External institution,https://studiegids.tudelft.nl/courses/study-guide/educations/22201,['MSc Applied Geophysics (Master)']
Instability and (In)securities: A case study of crisis,8910PRD01,"Study guide Leiden: Instability and (In)securities: A case study of crisis, 2025-2026 - Studiegids - Universiteit Leiden",,Bachelor,External institution,https://studiegids.tudelft.nl/courses/study-guide/educations/23426,[]
Disaster Studies,8910PRD02,"Study guide Leiden: Disaster studies, 2025-2026 - Studiegids - Universiteit Leiden",,Bachelor,External institution,https://studiegids.tudelft.nl/courses/study-guide/educations/23427,[]
Climate Change as a Political Challenge: Can We Prevent Disaster?,8910PRD03,"Study guide Leiden: Climate change as a political challenge: can we prevent disaster?, 2025-2026 - Studiegids - Universiteit Leiden",,Bachelor,External institution,https://studiegids.tudelft.nl/courses/study-guide/educations/23428,[]
Aerospace Materials,AE1108-I,"This course deals with the understanding of material properties and performance and how these are connected to basic structural behaviour. This includes learning the reasons behind certain material properties and how to change some of them. Furthermore, students will learn concepts as stresses and strain in tensile, shear or bending and how to apply these in basic structural elements. Thermal properties and their origin will also be addressed. As durability of aerospace structures is crucial, also the corrosion resistance and other degradation considerations will be discussed. Finally, the link between material properties and material selection for design considering the environmental impact of materials production and use is made.

The course will cover the following aspects in an aerospace materials context:

-Material-related concepts such as elastic modulus, stiffness, plasticity, yield, ductility, strength, toughness, hardening, Tg, Tm, thermoset, thermoplastic, elastomer, electrochemical potential, electrical/thermal conductivity

-Microstructure-dependent and microstructure-independent properties

-Material properties and their relation to material composition and microstructure

-Development and use of material indices for material selection in a given design

-Stiffness-limited design

-Strength-limited design

-Fracture-limited design

-Fatigue-limited design

-Materials behavior at high temperatures

-Materials degradation (corrosion, oxidation)

-Environmental considerations of the impact of material choice and use (circular economy)

-Strategic thinking to select materials for a target design","At the end of this course, the student will be able to:

-Implement strategic thinking for material selection;

-Link the material properties to well-functioning simplified aerospace components;

-Describe and discuss the relationship between the composition and structure of a material and its properties;

-Describe the fundamental reasons behind material behaviour (mechanical, thermal, corrosion, etc.);

-Derive and use material indices and material charts to select materials for a given simple geometry and loading conditions;

-Select materials considering application, environmental resistance, and sustainability and ethical aspects;

-Design simple products considering material properties and loading conditions.",Bachelor,Aerospace Engineering,https://studiegids.tudelft.nl/courses/study-guide/educations/20590,['BSc Aerospace Engineering (Bachelor)']
Aerospace Mechanics of Materials,AE1108-II,"This course deals with understanding of basic structural behaviour. Students will learn about concepts such as stress and strain under different kinds of loading (e.g. tensile, shear and bending).

Additionally, students will develop skills to solve statically indeterminate structural problems.","In the below learning objectives, the term ""Basic Load Carrying Members"" refers collectively to axial load carrying members (bars, rods, cables, etc.), torsional shafts (circular and thin walled), and beams subjected to moment and transverse shear.

At the end of this course, the student will be able to:

Understand

Explain the interrelation between force, displacement, internal stress, and internal strain using the Generalized Hooke’s Law for Basic Load Carrying Members

Apply

Apply standard force-displacement relations and force-stress relations for Basic Load Carrying Members to solve for reaction forces, displacements, and stresses in statically determinate and indeterminate problems

Develop force-displacement relations for Basic Load Carrying Members that include varying geometry, material properties, and/or loading

Apply Mohr’s circle and failure criteria for complex stress states

Analyze

Breakdown complex structures into Basic Load Carrying Members with their associated loading conditions using the principle of superposition, equilibrium, and Free Body Diagrams

Formulate appropriate displacement relations to describe the deformation compatibility of statically indeterminate systems

Question the validity of magnitude and direction of calculated forces, displacements, and stresses based on their compatibility with loading, geometry, and expected deformation

Evaluate

Assess the influence of changes in boundary conditions, structural geometry, material properties, and loading on the deformation and stress state of a given problem",Bachelor,Aerospace Engineering,https://studiegids.tudelft.nl/courses/study-guide/educations/20591,['BSc Aerospace Engineering (Bachelor)']
Introduction to Aerospace Engineering I,AE1110-I,"This first part of the course Introduction to Aerospace Engineering presents an overall picture of the aeronautics domain. This overview involves a number of different perspectives on the aerospace domain, and shows some basic principles of the most important concepts for flight. Then a part on Flight Performance is given, with the equations of motion and endurance, range, envelope, etc. Finally an introduction is given to to the underlying aerodynanmics, both incompressible flow (subsonic) as well as compressible flow(trans- and supersonic).","General knowledge of aircraft and their systems (such as avionics en propulsion) and its history

Derive en apply atmospheric calculations

Know and apply forces on an aircraft: Lift, drag, thrust. Derive power en efficieny equations.

Derive en Apply equations for moments, stability en apply on aircraft configuration

Pressure cabin and concept of stress

Apply control volume approaches

Explain flow regimes (compressible/incompressible aerodynamics) and to estimate viscous and thermal effects

Derive en apply equations of motion to determine aircraft performance in steady gliding, horizontal and climbing flight

Derive aircraft performance diagram and flight envelope, in relation to aircraft morphology, lift-drag polar and engine performance",Bachelor,Aerospace Engineering,https://studiegids.tudelft.nl/courses/study-guide/educations/20592,['BSc Aerospace Engineering (Bachelor)']
Introduction to Aerospace Engineering II,AE1110-II,"This part of the course Introduction to Aerospace Engineering is focused on two aerospace disciplines: ""spaceflight"" and ""structures and materials"". These topics are discussed in detail and will provide an understanding for both aircraft and space missions.","- List/describe the reasons for going into space and the principles of rockets, including their trajectories.

- Motivate the selection of spacecraft configurations depending on the mission and identify the main elements of a satellite.

- Describe the features of the space environment and their consequences for space activities.

- Determine elementary satellite orbits, transfer orbits and maneuvers.

- Describe and work with elementary space propulsion aspects: launch, velocity budget and rocket equation.

- List the characteristics of typical aerospace materials en structures and describe their meaning and relevance.

- Identify the main structural elements and components of an aerospace vehicle and describe their functions and performance.

- Perform elementary calculations to determine structural strength, stiffness, and fatigue properties",Bachelor,Aerospace Engineering,https://studiegids.tudelft.nl/courses/study-guide/educations/20593,['BSc Aerospace Engineering (Bachelor)']
Introduction to Aerospace Engineering I,AE1110-M,See AE1110-I for a detailed description,See AE1110-I,Bachelor,Aerospace Engineering,https://studiegids.tudelft.nl/courses/study-guide/educations/3657,[]
Exploring Aerospace Engineering,AE1111-I,"In your project groups of approximately 10 people you will be analyzing the design of a flying wing for a mission on Mars. During the project you will be asked to perform assignments related to the design of this wing including small experiments in aerodynamics, flight and orbital mechanics. You will also design, build and fly a model of a flying wing.

You will develop your team working skills and reflect on them. You will be required to report your results after each session in a small report and summarize the outcomes of your work in a scientific poster.

This project is related to the Introduction to Aerospace Engineering courses (AE1110).","At the end of the project you must be able to:

- explore the reasons behind the design of an aerospace vehicle

- apply the knowledge from the related courses

- work in small groups and reflect on your role within the group",Bachelor,Aerospace Engineering,https://studiegids.tudelft.nl/courses/study-guide/educations/20594,['BSc Aerospace Engineering (Bachelor)']
Engineering Drawing,AE1111-II,"You will learn skills to register the geometry of engineering solutions. You will train professional sketching techniques by doing assignments. You will get acquainted with the conventions for technical drawings and you will make computer based 3D models and drawings of Aerospace related parts and assemblies.

The skills you learn will be used in the course of your education in projects and other assignments where the geometry of a design needs to be documented.

The course has three main components:

1. Basic Sketching.

2. Common Conventions for Technical Drawings.

3. 3D CAD using the 3DEXPERIENCE CATIA software.","At the end of this course, the student will:

1 Be able to sketch straight lines and fluent circles and ellipses.

2 Be able to use the ellipse rule for correct placement of circular and cylindrical items.

3 Be able to use 1-, 2- and 3-point perspective in their work.

4 Be able to adopt and use perspective from a given starting point (photo or print).

5 Be able to shade cubical items correctly.

6 Be able to shade cylindrical items correctly.

7 Be able to use markers for efficient colored backgrounds.

8 Be able to use communicative additions, such as arrows, text and bullets to enhance the communicative value of a sketch.

9 Be able to recognize and apply, internationally agreed upon drawing conventions.

10 Be able to read and interpret engineering drawings.

11 Be able to make Detail and Assembly drawings, compliant to the taught drawing conventions.

Be able to use the 3DEXPERIENCE software for:

12 Making feature based parametric surface and solid models.

13 Making assemblies.

14 Collaboration on a group assembly.

15 Designing a multi-part assembly in a group context.",Bachelor,Aerospace Engineering,https://studiegids.tudelft.nl/courses/study-guide/educations/20595,['BSc Aerospace Engineering (Bachelor)']
Mentor Programme,AE1111-III,"This mentor programme is designed to support, stimulate and motivate first year students in starting university to make the transition to TU Delft go smoother. In the first semester all first year students are assigned to a mentor group where different aspects of studying at Aerospace Engineering are addressed. The mentors also play a role in guiding first year students in improving their study skills and guide them towards the academic counsellors in case of personal circumstances.",n/a,Bachelor,Aerospace Engineering,https://studiegids.tudelft.nl/courses/study-guide/educations/20596,['BSc Aerospace Engineering (Bachelor)']
Statics,AE1130-I,"Statics is a fundamental engineering course that covers the principles of forces, moments, and equilibrium that form the basis of most engineering analysis. Within this course, these principals will be introduced and applied to numerous idealizations of engineering structures/systems, including:

Rigid particles

Rigid 2-D bodies

Rigid 3-D bodies

Trusses

Frames and machines

In addition to being able to analyses each of these idealizations, a strong emphasis on the their impact on applicability of the result to a real structure/system will be discussed. In other words, an implicit learning outcome for this course is for students to critically reflect on the impact of modelling assumptions on the applicability of the results of that model.","At the end of this course, the student will be able to solve basic problems dealing with statics. They will be able to:

Define the basic terms in statics such as force, moment, body using the appropriate units and notations

Use Newton’s 1st law to determine the reactions on 2D and 3D bodies and particles in equilibrium

Calculate the centroids and mass and area moments of inertia of elementary shapes (including thin-walled structures)

Analyse whether a structure is kinematically and statically determinate and calculate the normal forces in a truss

Calculate and construct diagrams of the distribution of internal normal forces, shear forces, bending moments and torsion moments as a result of external loading including distributed loads following a standard definition and recognise when diagrams do not follow this definition

Use the principle of virtual work to derive internal and external forces and moments of structures and systems",Bachelor,Aerospace Engineering,https://studiegids.tudelft.nl/courses/study-guide/educations/20597,['BSc Aerospace Engineering (Bachelor)']
Dynamics,AE1130-II,"This course introduces the basic concepts of kinematics and kinetics that are necessary to understand, analyze and design a variety of mechanisms and machines, such as airplanes, automobiles or satellites. Dynamics is concerned with the description and analysis of the movement of particles and rigid bodies (kinematics) and the relations between kinematics and kinetics (mass and forces). The course covers the equations of motion and derived methods of analysis, namely the work-energy relation and the linear and angular impulse-momentum relations.","The goal is to provide the necessary knowledge, insight and skills to understand and quantify the motion of particles and rigid bodies (kinematics) and the relation between forces and motion (kinetics).

At the end of this course, the student should be able to:

1. Calculate motion of a particle using three different coordinate systems (rectangular, n-t and cylindrical)

2. Calculate dependent motion between two or more particles

3. Calculate relative motion between two or more particles

4. Draw free-body diagrams and kinetic diagrams to represent the dynamic equilibrium of a particle using three types of coordinate systems

5. Write the equations of motion for a particle using three types of coordinate systems

6. Solve the equations of motion of a particle for forces or accelerations

7. Apply the principle of work and energy to a particle or a system of particles

8. Calculate power and mechanical efficiency of a machine

9. Apply the principle of linear/angular impulse and momentum for a particle or a system of particles, using conservation of linear/angular momentum when applicable

10. Calculate planar motion of a rigid body or system of rigid bodies undergoing pure translation, pure rotation and general planar motion

11. Calculate dependent motion in rigid body systems

12. Calculate the mass moment of inertia for a rigid body and system of rigid bodies

13. Draw free-body diagrams and kinetic diagrams to represent the dynamic equilibrium of a rigid body using three types of coordinate systems

14. Write the equations of motion for rigid bodies using two types of coordinate systems

15. Solve the equations of motion of a rigid body for forces or accelerations

16. Apply the principle of work and energy for a rigid body and system of rigid bodies, using conservation of energy when applicable

17. Apply the principle of linear/angular impulse and momentum for a rigid body and system of rigid bodies, using conservation of linear/angular momentum when applicable",Bachelor,Aerospace Engineering,https://studiegids.tudelft.nl/courses/study-guide/educations/20598,['BSc Aerospace Engineering (Bachelor)']
Programming and Scientific Computing in Python for AE1,AE1205,"Two 4 hour sessions per week (divided over 4 parts of the course , see below).

Every session consists of instruction, examples, assignments and wrap-up/solutions. Also challenges and competitions are part of the course.

Part 1 General Purpose Programming in Python

Part 2 Scientific Computation en Plotting (NumPy, Matplotlib)

Part 3 Numerical simulation, Visualisation en Animation (PyGame incl. game programming)

Part 4 Contest en Diagnostic tests en Test Exam","After this course, you should be able to:

translate a data analysis, engineering, or analytical problem into a (computer-interpretable) algorithm

employ basic programming skills: you should be able to use basic programming syntax to build an algorithm

use NumPy arrays, algebraic functions, array creation functions and logical functions

evaluate existing code, and identify syntax and logical errors

use computer code to perform numerical analysis

use computer code to build and run a (simulation) model

Use matplotlib to visualise data (in line plots, bar charts, or other representations)

create a simulation loop with controlled timing and termination conditions",Bachelor,Aerospace Engineering,https://studiegids.tudelft.nl/courses/study-guide/educations/20470,"['BSc Aerospace Engineering (Bachelor)', 'Bridging Programme Aerospace Engineering (Bridging)']"
Design en Construction,AE1222-I,"In the project, groups of approximately 10 students will act as a structural design team. In the first project assignment, you will explore the properties of different materials and complete a preliminary design. In the second project assignment, you will design a structure that will be tested with a limited number of design variables; the structure has specified dimensions and should be able to sustain a specified load while minimizing the structural weight. In the final third project assignment, you will combine the lessons learned from the first and second assignment and apply them to a new (structural) design problem with more variables. Each assignment will have defined deliverables which need to be handed in before the stated deadlines during the project. 

A technical writing (TW) course runs concurrently with the project, but is scheduled separately. During the 5 TW sessions, you will be taught how to write technical reports and improve your writing skills. TW is run by TPM faculty staff. 

A Technical Writing Information Literacy (TWIL) course is part of the project. This (online) course will teach you searching for relevant literature which is required to be incorporated into the Design Reports for each assignment. This course is part of technical writing. This course is run by TU Delft library staff. 

Information with respect to course logistics, relevant deadlines and project assignments will be communicated using the Brightspace course page.

Note: First year students are automatically enrolled and assigned to a (new) group. Upper year students who did not complete the Design and Construction project please contact Education-AE (Education-AE@tudelft.nl) to be registered before February 1st.","At the end of the project you will be able to:

- Independently complete a full design cycle of an AE (sub)system

- Performing a complex team project under external guidance and reflect on its outcome

- Write an effective design report",Bachelor,Aerospace Engineering,https://studiegids.tudelft.nl/courses/study-guide/educations/20599,['BSc Aerospace Engineering (Bachelor)']
Aerospace Design en Systems Engineering Elements,AE1222-II,"This course addresses the design of aerospace systems in general and, more in particular, the preliminary design of airplanes, spacecraft, and rocket launch vehicles. The following topics are addressed:

Aerospace design:

- Design process (in general and with application to airplanes, spacecraft, and launch vehicles)

- Role of Systems Engineering in the design process

- Functional en operational analysis, requirements generation

- Design concept selection en description

Airplane design:

- Design requirements

- Analysis of aircraft configurations

- Fuselage design

- Preliminary weight estimation

- Preliminary sizing of wing area and engine power/thrust

- Wing and propulsion system design and integration

- Tail and landing gear design and integration

Spacecraft design:

- Spacecraft mission objectives and requirements,

- Preliminary sizing of the spacecraft subsystems:

Structures and mechanisms,

Thermal control,

Electrical power generation,

Propulsion,

Attitude determination and control,

Command and data handling, and

Telecommunications

Launch vehicle design:

Launch vehicle mission, main functions, main requirements

Launch vehicle concepts

Single- and multi-staged launch vehicles

Preliminary sizing of rocket stages and launch vehicle subsystems

The material treated in this course will be applied in later thematic projects (BSc year 2) and the Design Synthesis Exercise (BSc year 3). Follow-up courses are scheduled in years 2 and 3 of the aerospace engineering bachelor curriculum.","At the end of this course, the student shall be able to:

- Identify and explain the aircraft/spacecraft architecture and the conceptual design process.

- Identify and explain aircraft and spacecraft missions

- Perform a simple functional analysis and generate a list of requirements

- Generate a conceptual aircraft design and perform a preliminary sizing of the aircraft including wing, fuselage, tail, and landing gear.

- perform a preliminary design en sizing of the most important spacecraft and space launch vehicle subsystems including the subsystems structures and mechanisms, thermal control, electrical power generation, propulsion, attitude determination and control, command and data handling and telecommunications",Bachelor,Aerospace Engineering,https://studiegids.tudelft.nl/courses/study-guide/educations/20600,['BSc Aerospace Engineering (Bachelor)']
Physics,AE1241,"The course is based on the chapters 14-35 of the book Physics for Scientists en Engineers (with Modern Physics), Fifth Edition, Pearson, by Douglas C. Giancoli. For the course Pearson made a customized edition called ""Thermodynamics, waves and electromagnetism"" containing these chapters only. The book contains a code which is mandatory for participation in the practical sessions. Therefore a new book is required.

Waves part (chapters 14-16):

- simple harmonic motion, energy of harmonic motion, simple and physical pendulum, damped harmonic motion, forced oscillation (resonance)

- wave motion (transverse and longitudinal), energy transported by waves, wave equation, superposition, reflection, transmission, interference, refraction (Snell's law), diffraction, standing waves (resonance)

- sound, sound level (decibel scale), vibrating strings and air columns, quality of sound, noise, superposition, interference (beats), Doppler effect

Thermodynamics part (chapters 17-20):

- temperature, thermometers, thermal equilibrium, zeroth law of thermodynamics, thermal expansion, gas laws (Boyle, Charles and Guy-Lussac), absolute temperature, ideal gas law, ideal gas temperature scale (triple point), Avogadro's number

- kinetic theory of gases, molecular interpretation of temperature, Maxwell distribution of molecular speeds, real gases and changes of phase, critical temperature, phase diagram, triple point, vapor pressure and humidity, Van der Waals equation of state, mean free path, diffusion (Ficks law)

- heat as a transfer of energy, internal energy (of ideal gas), specific heat, calorimetry, open, closed and isolated systems, latent heats, first law of thermodynamics, work, state variables, work done for isothermal, adiabatic, isobaric and isovolumetric processes, molar specific heat of a gas (at constant pressure and constant volume), principle of equipartition of energy, equation of state for adiabatic expansion/compression of an ideal gas, heat transfer by conduction, convection and radiation (Stefan-Boltzmann law)

- Clausius statement of the second law of thermodynamics, heat engines, Kelvin-Planck statement of the second law, reversible and irreversible processes, Carnot cycle, Carnot efficiency, Otto cycle, heat pumps, refrigerators and air conditioners (coefficient of performance), entropy and why it is a state variable, general statement of the second law of thermodynamics (in terms of entropy), order and disorder, statistical interpretation of entropy (Boltzmann formula), microstates and the macrostate of a system, third law of thermodynamics, thermal pollution, energy resources and global warming

Electromagnetism part (chapters 21-31):

- electrostatics, Coulomb's law, electric field, electric dipole, electric flux, Gauss's law, electric potential, equipotential surface, capacitance, capacitors in series and in parallel, electric energy storage, dielectrics

- electric battery, electric current, resistance (Ohm's law), resistors is series and in parallel, electric power, DC circuits, Kirchhoff's rules, RC circuits

- magnetism, force on electric current and electric charge in magnetic field, torque on a current loop, magnetic field due to straight wire, Ampères law, Biot-Savart law, magnetic materials, electromagnets

- electromagnetic induction, Faraday's law, Lenz's law, electric generators, transformers

- mutual and self inductance, electromagnetic oscillations, AC circuits containing resistance, inductance and capacitance (resonance), impedance matching

- above mentioned laws of electromagnetism are revisited in the form of Maxwells equations, Gauss's law for magnetism

- electromagnetic (EM) waves as solutions of Maxwells equations, light as EM waves, EM spectrum, speed of light, Poynting vector, radiation pressure, wireless communication

Optics part (chapters 32-35):

- The ray model of light, reflection; image formation by a plane mirror, formation of images by spherical mirrors, concave and convex mirrors, index of refraction, Snells law, visible spectrum and dispersion, total internal reflection, fiber optics, refraction at spherical surfaces.

- Thin lenses, ray tracing and focal length, the thin lens equation, lensmakers equation, cameras, film and digital, the human eye, magnifying glass, telescopes, compound microscope, aberrations of lenses and mirrors.

- Waves vs particles, Huygens principle and diffraction, the Law of refraction, mirages, interference, Youngs double slit experiment, interference in thin films, Michelson interferometer, polarization, liquid crystal displays (LCD), scattering of light by the atmosphere, brightness, lumens and luminous intensity, efficiency of light bulbs.

- Diffraction by a single slit or disk, intensity of single slit diffraction pattern, diffraction in the double slit experiment, interference vs diffraction, limits of resolution, circular apertures, resolution of telescopes, the en#955; limit, resolution of the human eye and useful magnification, diffraction grating, spectrometer and spectroscopy, peak widths and resolving power for diffraction grating, X-rays and X-ray diffraction, X-ray imaging and Computed Tomography (CT Scan), microscopes and contrast.","At the end of this course the student will be able to use physics to solve basic problems from science and engineering (and in particular aerospace engineering) related to thermodynamics, waves, electromagnetism and optics.",Bachelor,Aerospace Engineering,https://studiegids.tudelft.nl/courses/study-guide/educations/20601,['BSc Aerospace Engineering (Bachelor)']
Systems Design,AE2111-I,"The theme of the project is System Design. As a subject of this project, teams work on either the design of a spacecraft, or the design of an aircraft wing. This project is supported by a course on 'Oral Presentations'.","The course aims at providing a learning experience for students, in which they apply the (theoretical) content of thematic courses in a practical, project setting. The students are organized in groups working on real-life problem cases, resulting in a professional output product: a number of work package reports and technical presentations.

At the end of this project-based course, student will be able to

- Apply knowledge and practice the methods from AE courses for the design of (sub)systems;

- Determine and describe design options;

- Evaluate the performance of systems, describe trade-offs and reflect on the selected design choices;

- Use (online) communication tools to effectively co-operate in a team;

- Prepare and give an oral presentation on a technical subject, using effective visual aids.",Bachelor,Aerospace Engineering,https://studiegids.tudelft.nl/courses/study-guide/educations/20602,['BSc Aerospace Engineering (Bachelor)']
Aerospace Design en Systems Engineering Elements,AE2111-II,"General Subsystems

a. What are the vehicle subsystems and how do they function and interact?

Key Subsystems

b. How to design an operational reliable spacecraft communications system and an ADCS system?

c. How to determine the wing geometry according to the aerodynamic requirements? How to design the high lift devices and the ailerons of an aircraft? Which Class II weight estimation methods are available, and how can they be used?","1. Identify vehicle subsystems and understand their functionality

2. Analyze most important subsystems

3. Design top-level subsystems including their operations

4. Identify some of the main subsystems of Aircraft and Spacecraft and explain their functions

5. Describe Space flight control lay-outs and Attitude Determination and Control System (ADCS) designs and show their functionality

6. Understand how to estimate the lift and drag characteristics of both an airfoil and a wing.

7. Understand the conceptual sizing approach of aircraft high lift devices and ailerons

8. Understand how to estimate the weight of each aircraft component through Class II weight estimation methods

9. Explain and apply basic rules to design and size a spacecraft communications system

10. Conceptually design an aerospace sub-system (e.g. a high lift devices system) or mission element/spacecraft bus (e.g. the ADCS sub-system)

11. Explain and analyze redundancy concepts and systems as part of risk and reliability engineering",Bachelor,Aerospace Engineering,https://studiegids.tudelft.nl/courses/study-guide/educations/20603,['BSc Aerospace Engineering (Bachelor)']
Aerodynamics I,AE2130-I,"Derivation of basic flow equations

Fundamental concepts of fluid flow

Potential flows in two and three dimensions; elementary solutions

Airfoil and wing theory for inviscid, incompressible flow

Determination of lift and induced drag of finite wings","At the end of the course the student should be able to:

1.Explain aerodynamic concepts and apply aerodynamic theory for incompressible flows.

2.Apply the fundamental concepts of mechanics to describe fluid flow

3.Derive the governing equations that are valid under general conditions (viscous, compressible flow)

4.Describe the relevance of different flow regimes (compressible/incompressible, viscous/inviscid)

5.Describe and apply the aerodynamic concepts that are used in the description of flows (streamlines, circulation, vorticity, etc.)

6.Explain the essential phenomena that occur in incompressible flows in relation to the generation of forces (lift, drag)

7.Calculate the lift and pressure distribution over airfoils using potential theory (thin-airfoil theory)

8.Indicate the effects of viscosity on the behavior of airfoils

9.Apply lifting-line theory and VLM for calculations of wing lift, lift distribution and induced drag

10.Apply the airfoil en wing theory in a wind tunnel experiment",Bachelor,Aerospace Engineering,https://studiegids.tudelft.nl/courses/study-guide/educations/20604,['BSc Aerospace Engineering (Bachelor)']
Aerodynamics I,AE2130-I S,For course description: see AE2130-I,see AE2130-I,Bachelor,Aerospace Engineering,https://studiegids.tudelft.nl/courses/study-guide/educations/20460,['Bridging Programme Aerospace Engineering (Bridging)']
Low Speed Wind Tunnel Test,AE2130-II,"1) Measuring the properties of a two-dimensional airfoil and a three-dimensional wing in a low speed windtunnel

2) Pressure measurements, wake measurements and demonstration of flow phenomena.

3) The measurement results are compared to basic CFD calculations on the spot.","1) Illustration of some of the topics adressed in the course ae2110

2) Getting acquainted with the real flow conditions (e.g. effects of viscosity) over a 2 airfoil and 3D wing

3) Illustration of the restricted accuracy of basic CFD approaches for wing aerodynamics",Bachelor,Aerospace Engineering,https://studiegids.tudelft.nl/courses/study-guide/educations/20605,['BSc Aerospace Engineering (Bachelor)']
Aerodynamics II,AE2130-III,"How to apply the basic laws of mechanics and thermodynamics to describe compressible flows?

What are the essential phenomena that are relevant and specific to aerodynamic behaviour under compressible flow conditions

How to apply the theory in the prediction and computation of compressible flows (airfoils, engine intakes, nozzles)","At the end of this course, the student will be able to:

1. Understand aerodynamic concepts and apply aerodynamic theory for compressible flows.

2. Explain which essential phenomena occur in compressible flows and explain the relevance of different flow regimes (transonic, supersonic, hypersonic)

3. Apply the fundamental equations of fluid mechanics and thermodynamics to describe compressible flows; derive the governing equations for compressible flow

4. Calculate the flow through channels and nozzles.

5. Calculate the flow properties of airfoils in supersonic flows (linearized theory, shockwave-expansion theory).

6. Explain the effects of viscosity on the behavior of airfoils in compressible (transonic) flow.

7. Describe the basic steps towards non-linear supersonic flow.

8. Perform a supersonic flow experiment and calculate basic shock wave properties.",Bachelor,Aerospace Engineering,https://studiegids.tudelft.nl/courses/study-guide/educations/20606,['BSc Aerospace Engineering (Bachelor)']
Structural Analysis en Design,AE2135-I,"This course is a continuation of the series of courses in engineering mechanics looking at the analysis of internal loads, stress, and deformations of engineering structures. Within this particular course, an emphasis will be placed on lightweight thin-walled structures typically found in aerospace applications. Stress and deformation analysis methods developed in Statics and Mechanics of Materials will be extended to these applications, with an emphasis on simplifications and idealizations that can be made in order to allow first-order structural designs to be produced for given loading scenarios.

The primary topics that will be addressed in this course include:

Unsymmetrical bending

Torsion of thin-walled open and closed sections

Shear of thin-walled open and closed sections (incl. shear centres)

Multi-cell structures

Sheet-boom structural idealizations

Energy methods

Buckling

Cutouts and their associated reinforcements

These topics and their consequence on design will be thoroughly discussed in a traditional lecture format. Simple illustrative examples will be used to illustrate the concepts learned; however, their real power with respect to design typically requires iterative approaches and the use of tools such as Excel or Matlab to streamline the calculation process. To reflect this, examples will focus on generating parametric solutions (ie: stresses and deformations as functions of geometric and material properties) that could be directly used for such iterations.","By the end of this course, students will be able to:

Calculate stresses/strains in thin-walled structures using:

engineering beam theory (bending and shear)

torsion theory (closed and open sections)

Idealize thin-walled structures to simplify the above calculations, being aware of the impact of the idealization

Modify above theories in the presence of cutouts and/or taper

Calculate displacements using:

beam theory

energy methods (Castigliano's theorems)

Determine buckling loads for simple structures (beams, trusses, stiffened panels)

Design such structures where you determine the geometry so that structure does not fail (thickness of skins under bending, shear and torsion; cross-sectional geometry of beams under compression)",Bachelor,Aerospace Engineering,https://studiegids.tudelft.nl/courses/study-guide/educations/20607,['BSc Aerospace Engineering (Bachelor)']
Structural Analysis and Design,AE2135-I S,see AE2135-I,see AE2135-I,Bachelor,Aerospace Engineering,https://studiegids.tudelft.nl/courses/study-guide/educations/20461,['Bridging Programme Aerospace Engineering (Bridging)']
Vibrations,AE2135-II,"Aerospace structures are commonly subjected to vibrations during operation. This includes harmonic loads as found in low and high-speed rotating equipment or impact loads due to collissions. For analysis and design purposes it is critical to model the response of a structure under free and forced loading conditions. This course is an introduction to vibrations in structures and covers the following topics:

1. Introduction to vibrations and modelling of structures by mapping them to a mass-spring-damper system.

2. Free vibrations of single degree-of-freedom systems

3. Forced-vibrations of single degree-of-freedom systems under harmonic and general loading

4. Free vibrations of undamped multiple degrees-of-freedom systems using modal analysis

5. Forced vibrations of multiple degrees-of-freedom systems

Fundamental concepts of structural vibrations are introduced in the course, such as discretisation of kinematic and force connectors, choice of degrees of freedom (DOF), lumped mass approach, damped and undamped natural frequencies, resonance, critical, undercritical and overcritical damping, transfer function.","General course aim:

The purpose of this course is to provide an introduction to vibrations of structures and structural components. At the end of the course, students should be able to analyze basic vibration problems and be able to use this information for design purposes.

Learning outcomes:

Students who successfully complete the course should be able to:

1. Represent an actual structure or structural component using a mass-damper-spring model.

2. Formulate and solve the equation of motion associated to the mass-damper-spring model.

3. Understand the influence of the main model parameters on the structural response.

4. Interpret the results of the simulations in terms of global cases such as resonance and under or over-damped responses.",Bachelor,Aerospace Engineering,https://studiegids.tudelft.nl/courses/study-guide/educations/20608,['BSc Aerospace Engineering (Bachelor)']
Applied Numerical Analysis,AE2220-I,"Applied Numerical Analysis (Weeks 1-7, Dr. R.P. Dwight)

_____________________________________________________________

A foundational course in numerical analysis. We assume good knowledge of real analysis and calculus, but no previous experience in numerical analysis. We introduce numerical methods for solving non-linear equations, ODEs, optimization problems and integrals. We analyze these in detail, with regard to consistency, accuracy, stability and convergence, theoretically and in practice.

1. Taylor Series and Solutions of non-linear equations.

- Computer arithmetic and round-off errors.

- Concepts of accuracy, consistency, stability and convergence.

- Uses and limitations of numerical methods.

- Solution methods for non-linear equations:

2. Polynomial interpolation

- Statement of the interpolation conditions.

- Important properties of polynomials, the Weierstrass approximation theorem.

- Choice of basis: monomial, Newton, Lagrange.

- Uniqueness and existence of polynomial interpolants.

- Gibbs phenomena.

3. Advanced interpolation methods and regression

- Interpolation on triangles and rectangles (patches).

- Splines.

- Radial basis functions and volume splines.

- Least-squares regression

4. Numerical differentiation and integration

- Finite difference formulas, truncation error, rounding error.

- Quadrature based on polynomial interpolation.

- Derivation of integration conditions.

- Newton-Cotes and Gauss rules

- 2D integration based on product rules.

5. Numerical methods for solving ordinary differential equations (ODEs)

- Properties and classification of ODEs, standard form of ODE.

- Definition of a consistent ODE solver.

- Linear stability analysis (von Neumann analysis), time-step criteria.

- Convergence analysis.

- Single and multistep methods:

6. Numerical optimization

- Define the unconstrained optimization problem

- Local and global optima, design space, cost function, derivatives.

- Quadratic forms as an example problem.

- Common optimisation methods","At the end of this part of the course, the student should be familiar with:

1. The Taylor Series and Solutions of non-linear equations

2. Polynomial interpolation

3. Advanced interpolation methods and regression

4. Numerical differentiation and integration

5. Numerical methods for solving ordinary differential equations (ODEs)

6. Numerical optimization",Bachelor,Aerospace Engineering,https://studiegids.tudelft.nl/courses/study-guide/educations/20609,['BSc Aerospace Engineering (Bachelor)']
Computational Modelling,AE2220-II,"Complex physical phenomena, from flows to structural deformations, are often modelled using partial differential equations (PDEs). This course provides an introduction to the numerical solution of PDEs . We begin by describing the general principles of computational modelling, and investigate the properties of PDEs derived from common physical problems. We then describe two popular discretisation approaches, the finite-difference and finite-element methods, along with techniques used for their analysis and practical application. In the last part of the course, we consider time-march methods for unsteady problems, and basic iterative techniques for the solution of large algebraic systems.

1. Introduction to computational modelling

- Errors in the numerical representation of physical phenomena

- Requirements for discretisation methods

2. Classification and boundary conditions

- A review of model PDEs

- Basic classification of PDEs

- Definition of characteristics, Elliptic, hyperbolic and parabolic PDEs

- Dirichlet and Neumann boundary conditions, well-posed problems

3. Finite-difference methods

- Modified equation, Taylor table

- Upwinding and artificial dissipation

- Generalised transformation

- Fourier analysis

4. Verification

- Method of manufactured solutions

- Code and solution verification, Richardson extrapolation.

5. Spectral and finite-element methods

- Method of weighted residuals

- Element and global assembly

- Application of boundary conditions

- Unsteady problems

6. Analysis of time-march methods

- Accuracy of transient computations

- Systems of ODEs, semi-discrete eigenvalues

- Wave space, relation to Fourier analysis

- Fully-discrete eigenvalues, stability, stiffness

7. Iterative solution of algebraic systems

- Direct solution methods versus iterative solution methods

- Jacobi and Gauss-Seidel techniques

- Convergence rates, stopping criteria","At the end of this part of the course, the student should be able to:

1. Select appropriate numerical discretisation techniques for a given PDE

2. Formulate physically consistent numerical boundary treatments.

3. Analyse numerical discretisations in terms of their accuracy and stability.

4. Select a time-march method well-suited to a given problem.

5. Understand the design and behaviour of iterative solution techniques.

6. Verify the results of numerical simulations",Bachelor,Aerospace Engineering,https://studiegids.tudelft.nl/courses/study-guide/educations/20610,['BSc Aerospace Engineering (Bachelor)']
Computational Modeling,AE2220-II S,see AE2220-II,see AE2220-II,Bachelor,Aerospace Engineering,https://studiegids.tudelft.nl/courses/study-guide/educations/20462,['Bridging Programme Aerospace Engineering (Bridging)']
"Test, Analysis en Simulation",AE2224-I,"Students work in groups of ~10 on projects that deal with the topics of test, analysis en simulation. These projects are defined and supervised by academic staff from the Aerospace Faculty of the Delft University of Technology. The work to be carried out by the group consists of at least the following activities:

Analysis of the data; collecting the data is not a part of the project, it will be provided by the tutor of the project group

Verification of data analysis results through comparison with theory, simulations, and literature;

Interpretation of the results, resulting in conclusions with regards to the research question and recommendations;

Documentation of the research question, test, simulation and analysis results, and the conclusions in a scientific report;

Write a self-reflection. The student should reflect both on his/her technical input and functioning in the research group;

Peer review of reports as written by students from other groups.","The thematic projects in the Aerospace Engineering Bachelor Program aim to provide learning experiences for students that enable them to integrate the (theoretical) content of thematic courses in a practical, active setting. They aim to simulate a professional environment in which students act within a professional role, on real-life problems which result in a professional output product, such as a technical report, a poster, an abstract, a scientific presentation, or a scientific paper. The projects are mandatory elements of the program. Each semester contains one thematic project. The theme of this 4th semester project is data analysis and evaluation. The outcome of the project work is to be documented in a scientific report. The aim of the project is that at the end of the project, the student will be able:

To analyse an experimental set-up or simulation model and assess its performance with regard to answering research questions;

To carry out an analysis of experimental and/or model results;

To formulate conclusions with the aim to answer a research question;

To write a research report and present the research to others;

To function as a member of a research team in a research environment;

To be able to critically reflect on one's own research as well as others using a peer format.",Bachelor,Aerospace Engineering,https://studiegids.tudelft.nl/courses/study-guide/educations/20611,['BSc Aerospace Engineering (Bachelor)']
Artificial Intelligence for Aerospace Engineering,AE2224-II,"Each week will consist of one 2-hour frontal lecture and one 2-hour coding laboratory. During the laboratory sessions, the instructors will guide the students in the hands-on application of what learnt in class to real world problems in Aerospace Engineering.

This course will cover the following topics in 6 weeks:

- Regression

- Data Reduction

- Classification

- Clustering

- Artificial Neural Networks

In the last week of the course, field experts will be invited as external lecturers to discuss relevant present-day topics in Artificial Intelligence for Aerospace Engineering, including but not limited to:

- Ethical Issues in Artificial Intelligence;

- Machine Learning and Certification;

- Sustainability and Machine Learning.","At the end of the course, students will be able to:

- Describe the most-commonly used Machine Learning models and their scope of applicability;

- Match the appropriate class of models to a given Aerospace Engineering application;

- Understand the range of applicability and the limitations of the models studied;

- Apply the models studied using well-established open-source Python packages;

- Understand and use concepts and jargon borrowed from the Artificial Intelligence community in the context of problems in Aerospace Engineering;

- Apply conventional Artificial Intelligence algorithms to real-life problems in Aerospace Engineering.",Bachelor,Aerospace Engineering,https://studiegids.tudelft.nl/courses/study-guide/educations/20612,['BSc Aerospace Engineering (Bachelor)']
Flight en Orbital Mechanics,AE2230-I,"1. Unsteady climb and descent (including minimum time to climb problem)

2. Turning performance

3. Airfield performance (take-off and landing)

4. Cruise flight and transport performance

5. Three dimensional equations of motion, coordinate systems, Euler angles, transformation matrices

6. Effect of a constant wind field on selected performance metrics

7. Equations of motion applied to various phases of space flight

8. Launch, Vertical flight, delta-V budget, burn out height, staging

9. Perturbations on satellite orbits

10. Spacecraft maneuvers and transfers

11. Eclipse

Interplanetary flight","1. Integrate fundamental disciplines (aero, power and propulsion, mechanics..) to describe the kinematics of aerospace vehicles satisfying real world constraints

2. Derive equations of motion for elementary flight and mission phases (climb, turn, cruise, take-off, launch, orbit)

3. Derive analytical expressions for optimal performance (steepest turn, Breguet Range, patched conics, J2, maneuvers )

4. Determine pros/cons of multi-stage launchers.

5. Assess sun lighting conditions on a satellite.

6. Determine the influence of wind (gradient) on aircraft motion and performance.

7. Develop the theory to describe an interplanetary trajectory as a succession of two-body problems, and apply this concept to real missions.",Bachelor,Aerospace Engineering,https://studiegids.tudelft.nl/courses/study-guide/educations/20613,['BSc Aerospace Engineering (Bachelor)']
Flight and Orbital Mechanics,AE2230-I S,see AE2230-I,see AE2230-I,Bachelor,Aerospace Engineering,https://studiegids.tudelft.nl/courses/study-guide/educations/20463,['Bridging Programme Aerospace Engineering (Bridging)']
Propulsion en Power,AE2230-II,"Air Breathing Propulsion

Aircraft Propulsion:- thermodynamics and cycle calculations, Working of a Gas Turbine Engine, turbo machinery, combustion, design point calculations.

Non-Air Breathing Propulsion

Rocket systems: Ideal rocket motor theory, cold gas rocket systems, chemical rocket systems.

Electrical Power Systems

Electrical Generators, Photo voltaics, Batteries, Fuel Cells, Power Management and Distribution.","At the end of this course, the student will be able to:

1. Understand the basic principles of thrust and power producing mechanisms for aerospace vehicles.

2. Perform basic sizing of thrust and electric power generation systems suitable for aerospace vehicles.

3. Describe the various components of a gas turbine engine, their working principle and performance.

4. List/describe/explain

-The main thrust and electrical power generation options available

-(Main) components that make up the propulsion and electrical power generation system and their function

-Current limits to thrust/power generation.

5. Apply control volume analysis and integral momentum equation to estimate thrust produced

6. Apply physics to predict electric power generated by solar photo-voltaics, batteries, electrical generator, etc.

7. Develop system model from schematic system description.

8. Size electrical power system for a given mission.

9. Select appropriate propulsion/power system from basic types depending on system requirements.

10. Asses effect of changes in design/operating parameters on system performance.",Bachelor,Aerospace Engineering,https://studiegids.tudelft.nl/courses/study-guide/educations/20614,['BSc Aerospace Engineering (Bachelor)']
Aerospace Systems en Control Theory,AE2235-I,"This course teaches the elements of handling dynamics in systems encountered in Aerospace Engineering. The goal is to provide students with all the theory and tools necessary to enable them to design, implement, and operate control systems for aerospace systems. An important part of the course is the actual programming (in Python/Matlab) of control systems for a wide variety of aircraft, UAVs, and satellites. For this, the student is introduced to the concepts of dynamical systems; inputs, outputs and system boundary and environment. Students learn to connect different system descriptions; state-space models, transfer functions, differential equations and frequency response descriptions. Students learn block diagram descriptions and block diagram manipulation. Desirable and undesirable properties of control systems are distinguished, the choice between elementary controller types to match a specific controlled system is discussed. Tuning methods for the controller parameters include the root-locus method, and frequency design methods (Bode).

The course uses examples commonly found in aerospace engineering, both dynamic models for whole systems (aircraft or satellites) and models for components, such as a landing gear or control surface with a hydraullic servo.","At the end of this course, the student will be able to:

1. Given a schematic of a physical system and desired behavior, design a simple (single-loop) controller.

2. Formulate linear dynamical system models from block diagrams or schematic mechanical system descriptions.

3. Identify dynamical properties across domains time, frequency, transfer function, A-matrix eigenvalues.

4. Evaluate stability of open and closed loop systems (in different domains: time, frequency, on the basis of pole locations)

5. Calculate and judge responses to input signals in time and frequency domain.

6. Select appropriate controller from basic types (P, PI, PD, PID, lag-lead, lead-lag) depending on system properties and requirements.

7. Tune controllers with Bode, Nyquist and Root-locus methods (Evans) with a computer.

All the above tasks will be done using a Computer Aided Control System Design (CACSD) tool, in this case either Matlab or Python.",Bachelor,Aerospace Engineering,https://studiegids.tudelft.nl/courses/study-guide/educations/20615,"['BSc Aerospace Engineering (Bachelor)', 'Bridging Programme Aerospace Engineering (Bridging)']"
Signal Analysis and Telecommunication Principles,AE2235-II,"Week 1, Lectures 1-2

Introduction; Basic principles of signal acquisition, conditioning, modulation and transfer;

Definitions (continuous time, discrete time, periodic/a-periodic); Basic signal shapes (unit pulse, step, ramp, sinusoid); Refresh complex algebra, Euler's theorem;

Introduce Unit impulse function (Dirac, sifting property)

Week 1, Lectures 3-4

Signal decomposition; Fourier Series (real and complex exponential versions); Sinc function; Examples.

Week 2, Lectures 5-6

Fourier Transform, Basic Transforms, Duality, Transform pairs, Properties of FT, Convolution; Examples.

Week 2, Lectures 7-8

Energy and Power, Parseval's Theorem; Definition of Energy and Power Spectral Density; Examples.

Week 3, Lectures 9-10

Introduction to linear time-invariant systems (LTI); Impulse response function, Frequency response function; Examples.

Week 3, Lectures 11-12

Filtering, filtering properties (bandwidth, phase lag); Ideal filters. Examples.

Week 4, Lectures 13-14

Sampling; A/D conversion; Impulse-train sampling; Nyquist sampling theorem, aliasing; Examples.

Week 4, Lectures 15-16

Introduction to Discrete Fourier Transform (DFT) and Fast-Fourier Transform (FFT); Examples

Week 5, Studio Classroom Session

Sampling, aliasing, windowing, leakage. Basic signal conditioning; Low-pass filter. Using data from actual aerospace sensors (accelerometer, pitot tube, rate sensor, light sensor).

Week 6, Lectures 17-18

Basic principles of transferring information (communication); modulation (digital system, binary signaling); On-Off-Keying, and Binary Phase Shift Keying; Time and frequency representation.

Week 6, Lectures 19-20

Effects of noise; Additive White Gaussian Noise (AWGN); thermal noise, noise temperature, noise density, effective noise bandwidth; Signal-to-Noise-Ratio (SNR); Signal detection.

Week 7, Lectures 21-22

Optimal signal detection (false alarm and missed detection probabilities); range estimation for navigation and surveillance; examples in aerospace; signal bandwidth versus bit-rate (communication) link/channel capacity, and bit energy to noise density ratio Eb/N0. Signal bandwidth versus ranging accuracy (navigation), chip/pulse duration, and carrier to noise density ratio C/N0.

Week 7, Lectures 23-24

Design calculations for telecommunications sub-system in aerospace; basic radio (wireless) signal link budget (aand radar equation): Emitted Isotropic Radiation Power (EIRP), free space loss, and antenna gain. Examples: satellite-Earth link, aircraft-tower link, and radar two-way sensing; quick review of transmitter and receiver building blocks.","At the end of this course, the student will be able to :

1. How to acquire and condition a signal (from a transducer) suitable for further processing?

2. How to transfer a signal from A to B?

3. Comprehend signal representation/decomposition in time domain and frequency domain

4. Design a filter to condition signal (including trade-offs in performance)

5. Design a sampling scheme

6. Apply filtering and sampling to an actual case, and evaluate the result

7. Comprehend limitations and constraints (quantization, signal-to-noise)

8. Know building block, electronic components, and comprehend main functions

9. Comprehend signal modulation techniques

10. Apply en implement modulation to a (simplified) real signal

11. Comprehend signal detection techniques

12. Produce a signal link budget",Bachelor,Aerospace Engineering,https://studiegids.tudelft.nl/courses/study-guide/educations/20616,"['BSc Aerospace Engineering (Bachelor)', 'Bridging Programme Aerospace Engineering (Bridging)']"
Exchange Period BSc,AE3060,"Please note: up to date information about the exchange programme will be published on the Brightspace page: Student Exchange Programmes Aerospace Engineering.

During the Bachelor programme you have the possibility to follow the 30 ECTS of your Minor programme abroad at one of the partner universities that the Faculty of Aerospace Engineering has an agreement with. The Faculty of AE has a number of places for allocation under the semester exchange agreement with the partner university, either bilateral, or as part of a TU wide agreement. Please be aware that even if there is an active agreement, it doesn't automatically mean that there are exchange places available every year. An overview of exchange partner universities can be found at here.

Usually, you need to create a self-composed course package, which means that you can make your own selection of courses that have to meet the requirements of the partner university and the requirements of the TU Delft Faculty of Aerospace Engineering. Students are encouraged to choose courses outside the field of Aerospace Engineering. However, this might not always be possible and depends on the courses available for exchange students.

The courses for the Minor programme that you take abroad at the partner university in academic year 2026-2027 need to meet the following criteria:

1. The courses do not have overlap with the content of the Aerospace Engineering BSc curriculum.
2. The courses have to be coherent and fit preferably within one or a maximum of two themes. The theme can be related to the field of Aerospace Engineering or a completely new field.
3. The courses contain a minimum of 15 ECs of 3rd and 4th year BSc courses or MSc courses. Taking some 1st or 2nd year BSc courses is allowed if well motivated, for example to close a knowledge gap in fields other than aerospace engineering. You must always have at least 15 ECs of 3rd year BSc/4th year BSc/MSc courses.
4. A (research/course) project with a maximum of 10 ECTS is allowed, as long as it is in line with criteria 2 and 3 and can be registered as a course on the transcript of the partner university.
5. You are allowed to choose up to 6 ECTS of cultural courses related to the host country OR language courses in the language of the partner university's country. This is intended to support your integration into the host country. English or a language that the student is already proficient in is not allowed to be taken as a language course. These 6 ECTS do not count toward the minimum requirement of 15 EC in 3rd/4th-year or MSc-level courses as specified in requirement 3, regardless of the level indicated by the partner institution.
6. The courses must add up to 30 ECTs (or the equivalent of that), no less. More than 30 is allowed, if no course can be removed and the remaining courses still add up to 30.
7. It is possible to complete all the courses during the student enrolment period at the partner university.","To prepare for the future interdisciplinary world of work, to broaden academic skills in a certain discipline and to obtain intercultural competences.",Bachelor,Aerospace Engineering,https://studiegids.tudelft.nl/courses/study-guide/educations/24520,[]
Design Synthesis,AE3200,"The Design Synthesis Exercise (DSE) students are required to make a design in the field of aircraft, spacecraft or wind turbines. In the design project the student is provided with an opportunity to obtain ""design experience"". This means that the student goes through the complete design process, from drawing up a set of detailed (mission) requirements, concept analysis and design, concept selection to the presentation of the final design, in a structured and iterative manner.

He/she will experience the difficulty of making well-motivated design choices, thereby taking into account (sometimes conflicting) demands, etcetera. He/she will also experience that design iterations are necessary to tune non-optimal design decisions to meet the specifications drawn up at the start of the exercise. Some examples of aerospace vehicles designed in the past include:

High-altitude VTOL rescue

Thin Haul Transport and Air Taxi

Water Bomber UAVs

Aircraft Maintenance Drone

Returning to Saturn - Characterizing the Icy Moons and Rings

Demonstrator for Airbreathing Electrostatic Propulsion, Earth Observation Satellite

A Personal Air Mobility Vehicle as Maritime Pilot Shuttle

A stratospheric balloon as operational and test platform for Earth observation.

eVTOL emergency aircraft

Develop of a secondary rotor wind turbine

Low-cost system for stratospheric aerosol injection

Adaptive Regional Airliner

The credits that can be gained by successfully completing the exercise are 15 EC.

Students who have suggestions for design topics can bring them forward to the responsible instructor. The idea must be within the topics of aircraft, spacecraft or wind turbine design and concern the design of a complete object. Parts of these objects, mission designs without hardware components or procedures are not considered suitable for the DSE. If the idea seems feasible, a suitable principal tutor will be sought. When a suitable principle tutor can indeed be found the text of the assignment can de written and put forward to the external quality control committee.

Together with this principal tutor the student can draft the assignment. The assignment will have to pass the regular quality control procedure. If successful, the assignment will be offered to all the participants of the DSE in either the Spring of the Fall DSE. The topic of the design is limited to aircraft, spacecraft or wind turbines. Participation of those that have helped with the set-up of the design assignment is limited to two students per design team.

Entry requirements:

Spring DSE (fourth period)

- First and second year fully completed

- Registered on time for the exercise

- Third year BSc-student or older

- Selection for the Spring DSE takes place on the basis of results up to and including the second examination period (January).

Fall DSE (second period)

- First year and second year fully completed

- Registered on time for the exercise

- Fourth year BSc- student or older

- Selection for the Fall DSE takes place on the basis of results up to and including the summer resit exam period (July).

The registration for the Spring DSE will open in week 2.5 and close by the end of week 3.1. The registration for the Fall DSE will open in week 4.5 and close by the end of week 1.1.

There will be only one message posted on Brightspace when registering in Osiris is possible. It is the responsibility of the student to watch this closely. Failing to register on time will automatically exclude a student from participating in the DSE for that period.

Please contact the academic counsellor in case of special mitigating personal circumstances.","In the design project, the students must demonstrate that they have the basic knowledge and skills necessary to accomplish a successful ""paper"" design of an aerospace system. By completing the project, the student will demonstrate:

- Technical competence and ability to apply knowledge

- Design competence (Perform conceptual design of an aircraft or spacecraft system, integrate life-cycle and sustainability issues in the design)

- Effective communications (plan, prepare, deliver and assess meetings, oral presentations and written reports).

- Professional attitude.

- Work in multi-disciplinary teams

- Manage their work

- Perform peer and self reviews

- Understand contemporary en societal issues in their work

- Exhibit life long learning attitudes and abilities",Bachelor,Aerospace Engineering,https://studiegids.tudelft.nl/courses/study-guide/educations/20617,['BSc Aerospace Engineering (Bachelor)']
Systems Engineering en Aerospace Design,AE3211-I,"- Characteristics of complex projects

- Process of Systems Engineering

- User needs and constraints

- Setup of System Design Team

- Requirement and functional analysis for aircraft/spacecraft mission

- Categories of research and development work to match user needs

- Design iterations

- Risk management

- Planning of verification efforts

- Dynamical System Configuration

- Technical and Project Management.","The course shall provide the student with Systems Engineering material for engineering of complex aerospace products according to customer needs. In addition, it shall prepare the student for the Design Synthesis Exercise.",Bachelor,Aerospace Engineering,https://studiegids.tudelft.nl/courses/study-guide/educations/20788,['BSc Aerospace Engineering (Bachelor)']
Production of Aerospace Systems,AE3211-II,"I Part manufacture; the philosophy and physics of formative, subtractive and additive manufacturing processes, giving materials its shape and function.

II Joining and integration methods of aerospace structures, such as bonding, riveting, bolting and welding.

III Principles of sustainable manufacturing, determining and assessing the environmental cost of a manufacturing system. Recurring vs. non-recurring cost and automation principles.

IV Cases studies (aviation/space/wind and emerging technologies).

V Large scale manufacturing and assembly systems, lean manufacturing, principles of quality improvement.","At the end of this course, the student will be able to:

1. Understand the principles of formative, subtractive and additive manufacturing and their impact on design freedom.

2. Theoretically apply combinations of formative, subtractive and additive manufacturing process and joining methods to realize complex structures.

3. Analyze manufacturing systems in respect to their environmental impact, considering the entire life cycle including end of life and evaluate scenarios with varying production volume and level of automation.

4. Apply principles of manufacturing system breakdown or decomposition to given case studies.

5. Remember principles of quality improvement in industrial large-scale manufacturing and assembly systems.",Bachelor,Aerospace Engineering,https://studiegids.tudelft.nl/courses/study-guide/educations/20789,['BSc Aerospace Engineering (Bachelor)']
"Aerospace Flight Dynamics en Simulation, including Flight Test",AE3212-I,"Derivation and analysis of the stability and dynamic behavior of aerospace vehicles, taking into account the effects of different altitude/velocity combinations.","At the end of this course, the student will be able to:

1. Determine the stability properties and characteristic motions of aerospace vehicles

2. Predict rotational motion of aerospace vehicles by means of simulation

3. Master reference frames + transformations

4. Utilize Euler angles

5. Derive and linearize the Equations of Motion

6. Determine static and dynamic stability properties

7. Separate symmetric/asymmetric E.O.M

8. Calculate and interpret Eigenvalues and Eigenmodes

9. Apply theory to different altitude/velocity regimes

10. Identify the effect of different vehicle configurations.",Bachelor,Aerospace Engineering,https://studiegids.tudelft.nl/courses/study-guide/educations/20790,['BSc Aerospace Engineering (Bachelor)']
Aerospace Flight Dynamics and Simulation,AE3212-I S,see AE3212-I,see AE3212-I,Bachelor,Aerospace Engineering,https://studiegids.tudelft.nl/courses/study-guide/educations/20465,['Bridging Programme Aerospace Engineering (Bridging)']
"Simulation, Verification en Validation",AE3212-II,"The following topics are addressed:

- Creation of a numerical model for a structural analysis and a flight dynamics problem.

- Verification of the numerical model against existing (analytical) models.

- Assessment of the effect of assumptions on accuracy of results.

- Validation of the simulation results with experiments.","At the end of this course the student will be able to:

1. Plan the simulation, verification and validation of a complex aerospace problem.

2. Produce a complete numerical simulation to solve an aerospace problem, based on theory taught in courses of the BSc.

3. Verify the simulation with analytical models using a hierarchy of tests and to improve the simulation based on this verification.

4. Assess the influence of assumptions in the simulation.

5. Validate the simulation with data from experiments and improve the simulation based on this.

6. Organize group work and solve issues related to team work and group processes.",Bachelor,Aerospace Engineering,https://studiegids.tudelft.nl/courses/study-guide/educations/20791,['BSc Aerospace Engineering (Bachelor)']
Air Transportation,AE3501-25,"The course offers an introduction to the various aspects of air transportation, including air law, regulatory frameworks, airline economics, airline network and fleet planning, etc.

The course consists of theoretical lectures covering:

-          Introduction to air transportation as a global transportation system, including the history of aviation

-          Regulations and economics in air transport

-          Business models

-          Revenue management

-          Air cargo operations

-          Airline planning (flight scheduling, fleet assignment, etc.)

-          Aircraft performance and technologies

-          Aircraft maintenance

-          Sustainability in air transportation

and guest lectures from practitioners in the aviation industry. We will include case studies and real-world examples in the lectures to apply theoretical concepts in practical contexts.The course offers an introduction to the various aspects of air transportation, including air law, regulatory frameworks, airline economics, airline network and fleet planning, etc.

The course consists of theoretical lectures covering:

-          Introduction to air transportation as a global transportation system, including the history of aviation

-          Regulations and economics in air transport

-          Business models

-          Revenue management

-          Air cargo operations

-          Airline planning (flight scheduling, fleet assignment, etc.)

-          Aircraft performance and technologies

-          Aircraft maintenance

-          Sustainability in air transportation

and guest lectures from practitioners in the aviation industry. We will include case studies and real-world examples in the lectures to apply theoretical concepts in practical contexts.","At the end of the course, the students should be able to:

1.      Explain the role of air transport in the global economy.

2.      Describe the economic and technical regulations, and standards pertaining to organizations within the air transport industry.

3.      Identify the characteristics and trends in the airline industry by using key performance indicators.

4.      Explain key economic principles and strategic choices in the airline industry, including market structures, business models, and network and fleet strategies, as well as the role of airports.

5.      Give examples of strategic, tactical, and operational planning problems of commercial passenger and cargo airlines.

6.      Analyze the structure of airline costs and pricing.

7.      Explain key demand and supply factors affecting the air cargo sector.

8.      Discuss the application of different aircraft (technologies) in airline operations.

9.      Discuss current sustainability challenges in aviation, along with potential solutions and transition bottlenecks.

10. Reflect on practical insights shared by stakeholders from the air transport industry by engaging with guest lecturers.",Bachelor,Aerospace Engineering,https://studiegids.tudelft.nl/courses/study-guide/educations/21064,[]
"Airport Planning, Design and Operations",AE3502-14,"The course Airport Planning, Design and Operation aims to provide students with an understanding of the complex interrelationships and interactions among airport capacity, airport demand, policy changes, investments, and environmental issues and the effects that changes in any of these can have on airport profits and performance","Being able to:

Estimate the capacity of any airport configuration and understand the influence of weather, aircraft mix, and other operational parameters on capacity

Determine runway requirements for a given aircraft type

Estimate the (future) demand for transport of both passengers and freight

Estimate the flight delays at an airport given the capacity of the facility and daily demand factors

Analyze the noise impacts of aircraft in the vicinity of airports using computer models

Estimate the geometric design characteristics of an airport including taxiways, aprons and runways

Estimate siting criteria for new airports including terminals

Conduct a Cost-Benefit analysis for new airport infrastructure developments

Present and defend the policy recommendations consistent with the long-terms vision for the airport",Bachelor,Aerospace Engineering,https://studiegids.tudelft.nl/courses/study-guide/educations/20488,[]
Strategic Planning for Airport Systems,AE3503,"The airport business is high-paced, dynamic and unpredictable. Airport decision makers are faced with the continual challenge of having to make strategic plans and business decisions regarding infrastructure, market positioning, and commercial activities at the airport. The final project will explore the various aspects of strategic planning for airport systems","The major goal of the capstone project is that it aims to provide students with an understanding of the complex interrelationships and interactions among airport capacity, airport demand, policy changes, investments, security and environmental issues and the effects that changes in any of these can have on airport profits and performance. Using a policy analysis/system-modeling framework, the full range of airport strategic planning issues will be addressed.",Bachelor,Aerospace Engineering,https://studiegids.tudelft.nl/courses/study-guide/educations/20489,[]
Group Assignment Responsible Risk Management for Airport Development,AE3504,,,Bachelor,Aerospace Engineering,https://studiegids.tudelft.nl/courses/study-guide/educations/21065,[]
Asset Management,AE3512-20,"Asset management concerns all activities related to the primary company values relative to asset ownership and use. It is most visible in the execution of the strategic plan which an organization must have in place to optimally manage its assets to realize its core values. Optimal asset management incorporates addressing the balance between performance, risk and costs over the entire asset lifecycle. For many asset-intensive companies, asset management is the primary business process. In recent years, various standards have been developed for asset management which are now being implemented in industry. An important element in these standards is that the optimal balance between costs, performance and risks are addressed at the strategic level (from a systems perspective) and covers the entire portfolio of assets. To reach the aforementioned optimal balance, asset-intensive companies require significant volumes and a variety of data (e.g. asset condition data, contractual data, operational data, etc.).

This course provides basic systems-oriented asset management concepts and tools and introduces students to the principles, challenges and solutions faced by the wind industry. Effective asset management is crucial for optimizing the lifecycle cost of offshore wind energy which is a rapidly developing industry sector. The course combines state-of-the-art theory with concrete examples and practical applications to wind energy assets. During this course, students have the unique opportunity to directly hear from and engage with world-leading industry and academic experts on wind farm asset management. They are introduced to the current practices and innovation in industry as well as to the state-of-the-art and latest developments of the research in the field. The study material of the course includes a selection of research articles, which is regularly updated as novel research is generated. Hands-on assignments allow students to apply what they learn during the lectures to real wind farm management-related problems.","In this course, you will learn the foundation of the theory of modern systems-oriented asset management and how to extend and apply this knowledge to current and future offshore wind farms in order to optimise their life-cycle costs.

By the end of this course, you should be able to:

LO1: Describe the primary asset management concepts, tools and policies and their applications to offshore wind farms.

LO2: Apply the key concepts (RAMS) governing the management of wind assets.

LO3: Analyse the most cost-effective and intelligent maintenance and logistics strategies and policies for offshore wind farms.

LO4: Evaluate state-of-the-art condition monitoring data acquisition and analysis tools of wind assets and ways for their future improvements.

LO5: Formulate strategies to mitigate the main issues (from design to end-of life) affecting the life-cycle costs of offshore wind turbine blades.",Bachelor,Aerospace Engineering,https://studiegids.tudelft.nl/courses/study-guide/educations/20481,[]
Integration Assignment,AE3513,"The assignment consists in answering key questions in the future development of offshore wind energy. The questions can relate to technical challenges, as well as environmental and management aspects. As far as possible, the assignment is done in collaboration with a company or a governmental body.","At the end of the assignment, the student should be able to:

- integrate knowledge from the different courses and sources,

- reflect on challenges and trends for the future of offshore wind power,

- report the work in a coherent written document and oral presentation of high academic standards,

- work in a team to answer questions of industrial interest.",Bachelor,Aerospace Engineering,https://studiegids.tudelft.nl/courses/study-guide/educations/20482,[]
Basics of Aeroacoustics for Wind Energy,AE3515,"Aeroacoustics is one of the most important challenges for engineering students approaching the world of sustainable energies. In wind-energy, new wind farms are designed with extremely large rotors. Off-shore wind-farms are additionally built relatively closer to the coast line and to populated areas, in order to benefit from those locations where the winds are relatively stronger. The aim of this course is to provide the students with a fundamental knowledge about noise sources with full focus and attention on the problem of wind-turbine noise. The course is structured in three main areas:

1) Introduction to noise sources and sound:

This module introduces the basic knowledge about sound, sound pressure levels, sound power level and wave propagation.

2) Airfoil self-noise:

In this module the students will study the fundamental sources of noise in airfoils operating at high-Reynolds number, with extension to blade noise for wind-turbine applications.

3) Wind-turbine noise

The third area of the course deals with the theory behind wind-turbine noise. Experimental and numerical applications will be taken into account with an industrial view to the problem and to the most interesting noise-mitigation strategies.","The course is meant to give the students a basic knowledge of wind-turbine noise for on/off shore applications.

Fundamental knowledge and industrial applications will be covered to help the students who either want to continue with an academic or industrial career.

By the end of this course, you will be able to:

- Know what sound is and how noise is generated

- Describe the most important sources of noise for airfoils and how to translate that to a wind-turbine blade

- Analyze the most important sources of noise for wind-turbine rotors and their consequences for on/off shore applications",Bachelor,Aerospace Engineering,https://studiegids.tudelft.nl/courses/study-guide/educations/20483,[]
Fundamentals of Wind Energy I,AE3516A,"This course introduces the topic of offshore wind energy by going through the main steps that a wind farm developer needs to achieve in order to build an offshore wind farm. The main topics cover in the course are:

- Historical developments in wind energy

- Wind energy harvesting and Betz limit

- Offshore wind and wave conditions

- Estimation of the energy yield

- Design considerations for wind turbine farms

- Economic aspects

- Planning issues

- Emerging concepts such as floating wind turbines","At the end of this course, the students will be able to:

- Explain the basic principles of wind energy conversion.

- Identify the steps required when developing offshore wind farms.

- Differentiate between the challenges and opportunities of offshore and onshore wind energy harvesting.

- Use existing tools for estimating the power produced by an offshore wind farm and the effect of wakes.

- Integrate knowledge from various fields of engineering related to the development of offshore wind parks.

- Reflect on the current and future trends in the field of offshore wind energy.",Bachelor,Aerospace Engineering,https://studiegids.tudelft.nl/courses/study-guide/educations/20484,[]
Fundamentals of Wind Energy II,AE3516B,"This course introduces the topic of offshore wind energy production from the perspective of a wind turbine Original Equipment Manufacturer (OEM). The main questions covered in the course are:

- Why harvest offshore wind energy?

- What are key components of a wind turbine?

- What are objectives and steps in the wind turbine design process?

- What are key technical, economic and social acceptance related challenges and opportunities for offshore wind energy?

- What are current trends and emerging technologies in offshore wind energy?","At the end of this course, in the context of offshore wind, the students will be able to:

- Identify different stakeholders and reflect on differences in their interests.

- Explain the basic components of a wind turbine.

- Explain the objectives of the wind turbine design and name the steps of the process.

- Identify technical, financial and social acceptance related challenges and opportunities.

- Reflect on current trends and emerging technologies.",Bachelor,Aerospace Engineering,https://studiegids.tudelft.nl/courses/study-guide/educations/20485,[]
Educational Research Project BSc,AE3997,"Educational research project for incoming exchange students enrolled at the Faculty of Aerospace Engineering.

This course is for BSc (undergraduate) exchange students from partner universities of the TU Delft Faculty of Aerospace Engineering. The student is responsible for finding a supervisor from the TU Delft Faculty of Aerospace Engineering and an educational project or research topic to work on. Please note that the Space Engineering department is excluded. There are no supervisors available at this department for exchange students. The supervisor must confirm to the Exchange Office of the Faculty of Aerospace Engineering by email that they have agreed to supervise the exchange student. Preferably the supervisor is found before the exchange application deadline has passed. If this process is not completed by the application deadline, the student must also include a full course load (24-30 ECTS) in their application, which they can fall back on in case they are unable to find a supervisor at all.",Obtain or further develop research skills and gain in-depth knowledge of the topic.,Bachelor,Aerospace Engineering,https://studiegids.tudelft.nl/courses/study-guide/educations/24522,[]
Sustainability in Engineering,AE4006E,"As future engineers, students at TU Delft need to be aware of the social and ecological responsibilities that come with the engineering profession. This course is based on the principles of Blue Engineering, an innovative, student-led, workshop-style course developed at Technische Universität Berlin. It is currently running at more than 10 German universities as well as TU Delft.

Two key questions guide us throughout the course:

What is the purpose of technology, and how does it affect us?


What is our role as individuals and professionals in achieving a just and sustainable society?


The course focuses on sustainability, encompassing both ecological and social aspects. It promotes social-ecological transformation by discussing topics such as engineers’ responsibilities, neutrality of technology, climate change, gender and diversity, and others. Students also work on self-chosen topics, which are a core part of the course and allow deeper exploration of issues they find meaningful.

A key feature of the course is a series of guest lectures by experts on topics such as degrowth, circular economy, decolonisation, and climate justice. These lectures connect classroom discussions with the real world and critical perspectives. Additionally, the course includes the Climate Fresk workshop, an interactive group activity that helps students understand the complex science behind climate change.

Through creative, interdisciplinary, and sometimes heated discussions, the course explores the impacts of technology on society and nature. It fosters an inclusive and open learning environment, offering a refreshing alternative to traditional teacher-centered instruction. Students gain not only specialized knowledge but also orientation knowledge, competencies to understand and shape their role with technology and society, together with others.","By the end of the course, students will be able to:

●      Analyze the relationships between technology, individuals, nature, society, and democracy from multiple perspectives, and act according to their own informed position.

●      Design and co-facilitate course sessions.

●      Collaborate effectively in group discussions and activities on sustainability-related topics.

●      Develop key competencies for sustainable development, including:

Perspective-taking

Anticipation

Interdisciplinary thinking

Dealing with complexity

Cooperation

Decision-making in dilemmas

Participation

Motivation

Self-reflection

Moral reasoning

Independent action

Supporting others",Master,Aerospace Engineering,https://studiegids.tudelft.nl/courses/study-guide/educations/20792,"['MSc Aerospace Engineering (Master)', 'MSc Mechanical Engineering (Master)', 'MSc Robotics (Master)']"
Research Methodologies,AE4010,"The aim of the course is to be a preparation for the aerospace engineering MSc thesis in the final year of the MSc. It will help you prepare for the challenges of your thesis work.

The course will consist of 6 units and will be taught as a fully online course using video lectures and other online contents.

The set up is as follows:

1. Research Design in MSc - Introduction to research, research framework

2. Research Methods - Stages of a project, Research objective, research questions, research strategy, research methods

3. Data Analysis - Quantitative and Qualitative methods

4. Validation en Sustainable Research - How to validate and verify your work? What does it mean to conduct sustainable research?

5. Project Management - How to manage your project and your thesis progress. How to plan, expectations, Gannt Charts

6. Academic Writing - Learn the peculiarities of academic writing.

The course has been designed to be suitable for distant learning but the exam will be on campus.","At the end of the course you will be able to:

1. formulate a scientific research question(s).

2. correctly cite the relevant literature.

3. understand the appropriate methodologies and tools in research.

4. learn how to set-up a clear research plan.",Master,Aerospace Engineering,https://studiegids.tudelft.nl/courses/study-guide/educations/20794,['MSc Aerospace Engineering (Master)']
Experimental Simulations,AE4115-23,Experimental simulation (in aeronautics) deals with the systematic approach required to design and perform good experiments simulating flight. It looks at the deficiencies of scaling real flight into a ground testing simulation and defines the validity of simplifications required for testing. Particular attention is given to the simulation of aircraft propulsion and noise generation in ground testing facilities.,"At the end of this course, the student will be able to:

- Reduce a simulation challenge to its dominant nondimensional scaling parameters

- Identify the necessary hardware required for ground based testing of the identified parameters

- Create an effective test plan for a low-speed wind-tunnel test to satisfy predefined measurement objectives

- Reflect on the possibilities of and limitations to obtaining data from wind-tunnel tests to describe aircraft behavior in free flight

- Evaluate the power integration effects on aircraft performance and noise for a propeller-driven aircraft",Master,Aerospace Engineering,https://studiegids.tudelft.nl/courses/study-guide/educations/20635,['MSc Aerospace Engineering (Master)']
Fluid-Structure Interaction,AE4117,"Fluid-Structure interaction is a topic that covers many important and complex problems in engineering where the interaction between the mechanical behaviour of a solid structure is significantly influenced by surrounding fluids (water, air, etc ) and where, in turn, the aero/hydro-dynamic forces are modified by the deformation of the structure. Although it was pioneered by aeronautics engineers to study the static and dynamic deformation of wings under aerodynamic forces (aeroelasticity), fluid-structure interaction analysis involves also the description of interaction phenomenon in constructions (e.g. wind induced vibrations), vibro-acoutics, blood flow in elastic arteries or ink flow in an actuated printer head.

In the past, many semi-analytical approaches were developed to describe fluid-structure interaction. Today, complex problems interaction problems are investigated using engineering codes that couple structural models to fluid models.

In this course, we will recall the basics of fluid and solid mechanics and discuss some important numerical issues appearing when coupling fluid-structure models. In particular we will shortly introduce the Finite Volume Discretization of the fluid, discuss the expression of the fluid equation on moving meshes (Arbitrary Eulerian Lagragian formulation) and discuss time integration issues of the coupled problem.

We will go in more details in discussion the issues of time-integration of the coupled problem. Also the issue on sharing forces/displacements across the interface between the fluid and the structural mesh will be handled in more details.","In this course you will learn the modeling philosophies and computational techniques required to set up and simulate fluid-structure interaction (FSI) problems. The course focuses on the algorithmic aspects and provides the necessary background to choose (and motivate) the appropriate methodologies to simulate an FSI problem using a partitioned solution strategy in a robust and efficient manner.

After the course you will be able to:

1. Derive the Navier-Stokes equations to describe fluid flow,

2. Explain the concepts of Eulerian, Lagrangian and Arbitrary Lagrangian-Eulerian reference frames and relate them to the governing equations,

3. Derive, apply and interpret the (Discrete) Geometric Conservation Law,

4. Formulate the FSI problem in terms of dynamic and kinematic interface (coupling) conditions,

5. Explain the different approaches to impose the coupling conditions when dealing with spatial and temporal discretization,

6. Give an overview of mesh deformation methods and their properties,

7. Explain basic concepts of time integration methods (implicit vs. explicit schemes and multi-step vs. multi-stage schemes),

8. Apply time integration on a coupled problem using a partitioned approach,

9. Motivate the choice for a specific (mesh deformation/interpolation, partitioning) method for a given application,",Master,Aerospace Engineering,https://studiegids.tudelft.nl/courses/study-guide/educations/20795,"['MSc Aerospace Engineering (Master)', 'MSc Mechanical Engineering (Master)']"
Viscous Flows,AE4120,"The transport equations of mass, momentum and energy for flows with viscosity and heat conduction: the Navier-Stokes equations; molecular transport properties; boundary layer simplifications.

Incompressible laminar flows: exact solutions, self-similar and non-similar boundary layers; approximate (integral) methods for boundary layer computations.

Laminar flows with thermal and compressibility effects.

Stability of laminar flows; transition.

Turbulent flows: basic concepts, law of the wall and defect law, equilibrium boundary layers, introduction to turbulence modelling.",Understanding and operational knowledge of viscous flow concepts and their relevance to applications in the aeronautical domain.,Master,Aerospace Engineering,https://studiegids.tudelft.nl/courses/study-guide/educations/20636,['MSc Aerospace Engineering (Master)']
Aircraft Aerodynamics,AE4130-22,"After a short recap on inviscid flow the first part of the course deals with boundary layer theory. Topics addressed are: the laminar boundary layer, the transition process, the turbulent boundary layer, laminar and turbulent flow separation, the separation bubble, lift and drag. The second part of the course starts with general information on drag, useful for the aerodynamic design of aircraft. The course continues with the analysis and design of single and multi-component airfoils, illustrated by examples of CFD analyses and windtunnel experiments. Special topics like winglets, high lift systems, flow control and propeller propulsion for sustainable aircraft applications will be treated as well. Some aerodynamic analysis and design codes will be demonstrated during the course.",The course is designed to provide the student with the basic theoretical and experimental tools for the aerodynamic design of aircraft. At the end the student will be able to apply basic aerodynamics concepts as well as some usefull design codes.,Master,Aerospace Engineering,https://studiegids.tudelft.nl/courses/study-guide/educations/20637,['MSc Aerospace Engineering (Master)']
Rotor / wake Aerodynamics,AE4135,"Introduction to rotary wing aerodynamics. Applications in aircraft, propulsion, fans and wind turbines.

The introduction of actuator surfaces.

Conservation laws. Actuator disk/momentum theory. Limitations. Helicopter rotor vertical flight and windmill brake state. Figure of merit. Wind turbine Betz optimum. Lift and drag devices.

The relationship between force field, vorticity field, pressure field of an airfoil and an actuator disc.

Blade element momentum method, Tip correction methods. Correction for finite nr. of blades and heavily loaded rotors.

Aerodynamic characteristics of airfoils for rotor application.

Wind turbine rotor blade design.

Yawed flow, Autogiro, helicopter rotor in forward flight.

Vorticity based method.

Vortex line methods. Vortex wake structure. Frozen and free wake, vortex core modelling.

Unsteady aerodynamics at rotor scale.

Unsteady aerodynamics at airfoil scale and dynamic stall effects.

Aeroacoustics and rotor aeroacoustics.

Vertical axis wind turbine rotor aerodynamics.

Airborne wind energy.

Wind farm aerodynamics. Rotor-wake interaction. Single and multiple wakes. Effects upon loads and performance.","Provide an overview of the phenomena and models present in aerodynamics of rotors, with special emphasis in horizontal axis wind turbine rotors. Propellers, vertical axis (crossflow) wind turbine rotors and helicopter rotors will also be addressed, but with less detail. ""Hands on"" introduction to the different computational models used nowadays to analyse the aerodynamics of rotors.",Master,Aerospace Engineering,https://studiegids.tudelft.nl/courses/study-guide/educations/20638,"['MSc Aerospace Engineering (Master)', 'MSc Sustainable Energy Technology (Master)']"
CFD 2: Discretisation Techniques,AE4136-24,"In these lectures the fundamental principles underlying the approximation of partial differential equations will be explained. This unifying approach will be applied to finite difference methods, finite volume methods and finite elements. The main focus will be on the approximation of physical models. Extensions to high order methods and the application to curvilinear domains will be addressed","Understanding the structure of physical models and the discrete representation. Ability to implement numerical schemes. Interpretation of numerical results.

After this course the student is expected to be able to write a simple Navier-Stokes solver. To be able to verify and validate the code and to interpret results obtained by numerical means.",Master,Aerospace Engineering,https://studiegids.tudelft.nl/courses/study-guide/educations/20639,"['MSc Aerospace Engineering (Master)', 'MSc Marine Technology (Master)']"
CFD 4: Uncertainty Quantification,AE4138-18,"This course is a general introduction to the numerical-statistical field of Uncertainty Quantification (UQ), with a particular focus on methods relevant for fluid dynamics (both CFD and to a lesser extent experimental methods), and machine learning.

Prerequisites:

- Probability and statistics (fundamentals)

- Numerical analysis (fundamentals)

- CFD (familiarity and interest)

- Scientific programming in Python (basics)

The latter is for completing the programming homework assignments. Python is recommended and supported, but other languages may be used if preferred.","We aim for a broad overview of the field of uncertainty quantification, touching on all sub-topics of recent interest:

The role of uncertainty in science and engineering

The place of probability and statistics in describing and quantifying uncertainty

Numerical methods for pushing probabilistic quantities through complex models

Monte-Carlo

Linear models and Taylor series approximation of nonlinear models

Stochastic spectral techniques - polynomial chaos

Quadrature rules on stochastic spaces

Sparse-grid quadrature and interpolation

Numerical methods for Bayesian inversion (calibration)

Linear-Gaussian analytic results - Kalman gain

Markov-chain Monte-Carlo sampling methods (McMC)

Maximum-a-posteriori estimates (MAP)

Variational inversion of complex models (adjoints)

Hessian approximations of posterior covariance

Gaussian process regression (Kriging)

Gaussian processes

Kriging

Generalizations - co-kriging, gradient-enhanced Kriging, etc.

At several places we will build a connection to machine learning, and demonstrate how the numerical-statistical approach informs those methods, and addresses issues of identifiability, overfitting, etc.

In practical terms, at the end of the course you should be capable of, e.g.:

Propagating (specified) uncertainty in input parameters through a simulation code.

Estimating the effect of experimental uncertainty on measurements.

Performing (non)linear regression with appropriate statistical models and quantified uncertainty.

Calibrating turbulence closure models in RANS or LES against experimental data.

Combining data and simulation into a coherent single prediction (data-assimilation).

Regressing data with Kriging.

Identifying

Some important topics we will not have time to touch on are:

Kalman filtering

Classical stochastic PDEs (though all our PDEs will be random)",Master,Aerospace Engineering,https://studiegids.tudelft.nl/courses/study-guide/educations/20796,['MSc Aerospace Engineering (Master)']
CFD 3: Large Eddy Simulation,AE4139,Introduction to turbulence; scale separation; spectral turbulence theory for homogeneous turbulence; Reynolds stress balance in free shear layers and wall bounded turbulence; functional and structural subgrid-scale models for large-eddy simulation; resolution requirements and cost of large-eddy simulations; numerical methods for large-eddy simulation; analysis and validation of large-eddy simulation data; case studies.,"Understand fundamentals of turbulence theory for canonical flows. Understand mathematical foundations of large-eddy simulation, and the relation between physical, mathematical and numerical modeling. Be familiar with different concepts of functional and structural subgrid-scale modeling and multi-scale modeling. Be able to analyze turbulence data. Be aware of uncertainties and errors and be able to critically evaluate simulation results.",Master,Aerospace Engineering,https://studiegids.tudelft.nl/courses/study-guide/educations/20797,['MSc Aerospace Engineering (Master)']
Gas Dynamics,AE4140,"- How to apply the basic laws of mechanics and thermodynamics to describe compressible flows.

- How can we properly describe a compressible flow field using the Euler equation + jump relations.

- Understand the concept of characteristics and invariants in the context of linear and non-linear flows.

- How to apply characteristics for non-linear flows for the computation of isentropic unsteady flows.

- Understand the relation between shock waves and characteristics.

- Application of Hugoniot and Poisson curves to solve a Riemann problem.

- Definition of characteristics for 2D steady flows, and similarity with 1D unsteady flows (time-like and space-like).

- How can use the method of characteristics and method of waves to compute a 2D compressible flow field.

- Investigate the effect of viscosity and heat transfer in a 1D flow (Fanno and Rayleigh flow).","At the end of this course, the student will be able to:

- Understand aerodynamic concepts and apply aerodynamic theory for compressible flows.

- Apply the fundamental equations of fluid mechanics and thermodynamics to describe compressible flows; derive the governing equations for compressible flow and discuss the terms.

- Derive the jump relations for the Euler equations and describe their relation to shock waves.

- Discuss the role of entropy in combination with the jump relation for a correct description of a flow field.

- Explain the concept of characteristics and invariants for 1D unsteady and 2D steady flows and how to use them for flow field computations (MOC).

- Understand the role of characteristics in shock wave formation, elaborate on the theory of simple waves.

- Derive the equations governing 1D flows through channels and nozzles in presence of viscosity and heat transfer. Explain the physical phenomena and processes that occur.",Master,Aerospace Engineering,https://studiegids.tudelft.nl/courses/study-guide/educations/20640,"['MSc Aerospace Engineering (Master)', 'MSc Mechanical Engineering (Master)']"
Hypersonic Aerodynamics,AE4143,"Hypersonic Flow: Inviscid flow, compressions and expansions, surface inclination methods, similarity rules, hypersonic small perturbations, Euler equations. Viscous flow, boundary layers, viscous interactions, heat transfer, radiation effects. High temperature effects, inviscid and viscous equilibrium and nonequilibrium flow. Rarefied gasdynamics.",This course is designed to provide the student with fundamental knowledge of hypersonic aerothermodynamics. The course is set up to deliver engineering tools for conceptual design problems together with a fysical understanding of various aspects of the broad gamma of hypersonic flow.,Master,Aerospace Engineering,https://studiegids.tudelft.nl/courses/study-guide/educations/20798,['MSc Aerospace Engineering (Master)']
Flow Measurement Techniques,AE4180,"Introduction to experimental analysis of aerodynamic problems. Flow visualization methods. Measurement techniques: Laser Doppler Anemometry, Hot Wire Anemometry, Pressure measurements, Optical refractive methods, Particle image velocimetry, Infra-Red Thermography. Laboratory exercise: NACA 0012 airfoil at incidence measured with HWA and PIV","After this course, students will be able to:

1) Discuss the main aspects related to the conduction of aerodynamic tests in simulation facilities

2) Describe and explain the working principle of the most important and up-to-date flow measurement techniques

3) Select the most suitable measurement technique depending on the aerodynamic problem to investigate

4) Design and conduct wind tunnel experiments for aerodynamic investigation",Master,Aerospace Engineering,https://studiegids.tudelft.nl/courses/study-guide/educations/20641,['MSc Aerospace Engineering (Master)']
Fluid Flow Data Processing and Visualization,AE4185,"This course is a general introduction to data processing techniques used in fluid mechanics to analyse unsteady flows. Specifically, techniques related to the flow visualization and the postprocessing of numerical data will be presented. The overall content of the course is:

1. Review of fundamentals of turbulent flows (energy cascade, Reynolds-averaged equations, Reynolds stress, turbulent kinetic energy, vorticity equation, turbulence spectrum, energy budget, ...)

2. Characteristics of flow datasets (Nyquist criterion, sampling and resolution, first principle of visualization, vortex/Q criteria, ...)

3. Statistical analysis in flows

- Deterministic/random data

- Averaging (ensemble, condition, phase)

- Probability: PDFs, statistical moments, conditional PDFs

- Correlation function

- Ergodic hypothesis

- Statistical convergence and uncertainty

4. Temporal and spectral data processing

- Fourier transform

- Physical/spectral space and multi-dimensional FFTs

- Auto/cross spectra

- Integral length/time scale

- Convolution (filtering) and transfer function

5. Modal analysis and coherent structure eduction

- Proper Orthogonal Decomposition

- Dynamic Mode Decomposition

- Basics of reduced-order modelling","At the end of this course, the student should be able to:

- Visualize fluid mechanics datasets using relevant quantities

- Analyse fluid mechanics datasets using statistical methods

- Apply temporal and spectral analysis methods to analyse flow datasets

- Postprocess fluid mechanics datasets using modal-based methods",Master,Aerospace Engineering,https://studiegids.tudelft.nl/courses/study-guide/educations/20799,['MSc Aerospace Engineering (Master)']
CFD for Aerospace Engineers,AE4202,"CFD for Aerospace Engineers sets the grounds of the essential physical, mathematical, and numerical models for turbulent fluid flows and shows the opportunities and limits of fluid flow simulations in the aerospace industry. This course includes: (1) short survey of history, basic equations and dimensionless numbers, (2) turbulence theory and models for turbulence simulations with DNS, RANS, LES, (3) generation of suitable computational grids, (4) discretization methods, boundary conditions, effect of numerical truncation (5) solvers for large linear systems, error and residuum, (6) visualization, (7) validation and verification, (8) hands-on tutorials with ANSYS CFX and OpenFOAM.","After completion of this course, students (1) know and understand the methods and models used in state-of-the-art CFD software, (2) are able to set-up and run CFD simulations, and (3) can critically analyze and evaluate CFD results.",Master,Aerospace Engineering,https://studiegids.tudelft.nl/courses/study-guide/educations/20642,"['MSc Aerospace Engineering (Master)', 'MSc Sustainable Energy Technology (Master)']"
Knowledge Based Engineering,AE4204,"The course will provide a theoretical and practical introduction to Knowledge Based Engineering (KBE) technology, as a means to address complex engineering problems through design automation/digitalization principles.

Other addressed topics, strictly related to KBE include

- UML/SysMl modelling language (class and activity diagrams)

- object oriented modelling paradigm","The main goals are the following:

- understanding of Knowledge Based Engineering theoretical foundations and programming principles and their application to support complex engineering design problems

- hands-on experience in developing simple but representative KBE applications by means of a provided KBE system

- ability to model product and process knowledge by means of UML/SysMl",Master,Aerospace Engineering,https://studiegids.tudelft.nl/courses/study-guide/educations/20753,['MSc Aerospace Engineering (Master)']
MDO for Aerospace Applications,AE4205,"The course will introduce students to multidisciplinary design optimization (MDO), as a modern methodology to support complex product development.

Main topics:

- What and why MDO

- Parameterization techniques

- Numerical optimisation methods (focus on gradient based methods)

- Decomposition and coordination of complex computational systems

- the eXtended Design Structure Matrix (XDSM)

- MDO architectures

- Intro to surrogate modeling, discreteenmixed integer problems, genetic

algorithms and Multi Objective Optimisation","The main goals are the following:

- understanding of Multidisciplinary Design Optimization (MDO) methods and architectures

- hands-on experience in setting up and solving MDO problems",Master,Aerospace Engineering,https://studiegids.tudelft.nl/courses/study-guide/educations/20754,"['MSc Aerospace Engineering (Master)', 'MSc Sustainable Energy Technology (Master)']"
Turbomachinery,AE4206-24,"This course educates aerospace students to apply theoretical knowledge of fluid mechanics and thermodynamics and basic principles of fluid machines for aero-thermal design of turbomachinery used in the aerospace and power industry. Examples covered in the course are: axial and radial compressors of gas turbine engines and fuel-cell systems, rocket engine turbines, steam turbines, radial turbines of automotive turbochargers, centrifugal compressors for aircraft thermal management and heat pumps, micro-turbines for power generation.

Given the inherently interdisciplinary nature of turbomachinery, it is assumed that students enrolling in this course already possess a foundational knowledge of thermodynamics, fluid-mechanics, applied mathematics, propulsion systems, internal flows, acquired in previous courses. Prerequisites for this course therefore include both bachelor- and master-level courses that cover the fundamental (e.g., Thermodynamics, Internal Flows) and applied (e.g., Aero-Engines) aspects of air-breathing engines.

Starting from fundamental concepts in gas dynamics and fluid machinery, the course guides students to a level where they are able to select appropriate turbomachinery for specific applications, carry out the conceptual design of the stages, and ultimately predict flow characteristics within blade passages using both conceptual physical models and advanced simulation tools.","After the course the student will be able to:

Classify and illustrate the main features of a turbomachine

Select the most appropriate turbomachine for a given application

Apply first principles to analyze turbomachinery flow

Identify the most prominent loss sources of a given turbomachine stage

Define the aerodynamic blade design of turbomachinery cascades

Predict the performance of a turbomachine with analytical and numerical methods

Devise solutions for performance improvement of turbomachinery cascades based on physical understanding

Perform the conceptual and detailed fluid-dynamic design of a turbomachine for propulsion systems using analytical and numerical tools",Master,Aerospace Engineering,https://studiegids.tudelft.nl/courses/study-guide/educations/20996,['MSc Aerospace Engineering (Master)']
Aero Engine Technology,AE4238,"The course presents advanced concepts in aircraft propulsion. This is an flipped course in which the lectures are pre-recorded and the students are supposed to watch the lectures before coming to the classroom. The classroom interaction is mainly to have discussions and for tutorials.

The course is aimed at looking into the details of an aircraft engine, the various components of gas turbine and their interaction. The course is divided into various modules which deal with the various aspects / disciplines that are essential in an aero engine.

The important modules of this course are engine performance, sustainability in aviation, new engine/propulsion concepts, engine inlets, turbo machinery, combustion, engine exhaust systems, gas turbine performance and engine controls.

Throughout the course, practical examples of systems from aircraft engines and gas turbines will be used to demonstrate the various methods and techniques.

The learning goals will be supported by lab visits and guest lectures by experts from aviation industry.","After the course the students will have basic knowledge of the various modules and disciplines that play an important role in aircraft propulsion. The specific study goals of the course are

1. Calculate thermodynamic parameters of Brayton cycle and variations of the cycle.

2. Identify differences in cycle characteristics between Brayton cycle and other thermodynamic cycles.

3. Calculate the design point thermodynamic performance of an aircraft gas turbine

4. Evaluate the effect of engine design parameters on the engine performance

5. Evaluate the effect of engine architecture on its performance

6. Compare the efficacy of different engine architecture for different missions

7. understanding the environmental effects of different aircraft emissions

8. Evaluate various options of making aviation sustainable

9. Understand the basic fluid mechanics involved in turbomachinery

10. Perform the conceptual design of axial compressors and turbines

11. Compute the flow angles and flow properties within a axial and radial turbomachinery components

12. Determine matching conditions for compressors and turbines

13. Evaluate the calorific values for various fuels

14. Understand the basics of combustion and emission formation in Aero engines

15. Understand the working of gas turbine combustor

16. Understand the basic principles of gas turbine controls and evaluate different strategies for control

17. Enhance reporting and presentation skills",Master,Aerospace Engineering,https://studiegids.tudelft.nl/courses/study-guide/educations/20755,['MSc Aerospace Engineering (Master)']
Advanced Aircraft Design I,AE4240,"In this course, it is demonstrated how the exterior design of high-subsonic transport aircraft can be manipulated in order to meet specified performance objectives and satisfy relevant certification constraints. It is shown what geometric characteristics of the airplane allow for a high operating Mach number while keeping fuel burn at acceptable levels. In particular, it is demonstrated how the exterior of all major airplane components can be shaped such as to adequately handle low-subsonic and transonic flow. It is demonstrated how the aerodynamic design and the operation at low speed and high speed affect the airplane in terms of balance, stability, aeroelastic behavior, weight, controllability, cruise performance, and field performance. Through many historic and contemporary examples, the student learns to relate the functionality of high-subsonic transport airplanes to their external design.","Students are able to:

1. Recognize the aerodynamic phenomena occurring around external shapes at a variety of conditions, such as Mach number, Reynolds number, or angle of attack.

2. Derive how these phenomena can be affected by the detailed external shape and interposition of various airplane components such as wing, fuselage, tail, nacelle, pylon, and fuselage.

3. Show how wing and tail movables can be applied to locally affect the flow at low subsonic and/or high-subsonic conditions.

4. Explain the effect of the aerodynamic characteristics on the airplane's cruise performance, field performance, stability, balance, and controllability.

5. Identify the advantages and disadvantages of various external design features on the airplane's aerodynamic performance and cross-disciplinary characteristics such as aeroelasticity, weight, or practical limitations resulting from the operational use of the aircraft.",Master,Aerospace Engineering,https://studiegids.tudelft.nl/courses/study-guide/educations/20800,['MSc Aerospace Engineering (Master)']
Fundamentals of Aeroacoustics,AE4260A,"Aeroacoustics is one of the most important challenges for engineering students approaching either an industrial or an academic career in propulsion, wind energy and aerodynamics. The aim of the course Fundamentals of Aeroacoustics is to provide the students with a fundamental knowledge to model and predict aerodynamic noise generation and propagation. In particular, students will learn how to:

describe how aerodynamic noise is generated and radiated;

identify the most important sound generation mechanisms in practical situations and select the suitable aeroacoustic model to describe those mechanisms;

setup a numerical simulation to predict the noise generated by elementary unsteady flows.","Describe the different noise sources that can generate aerodynamic sound

Describe the most important aeroacoustic analogies used in aeroacoustic models

Identify potential aerodynamic noise sources in engineering applications (including cars, propellers, and aircrafts)

Assess models to study and predict the aeroacoustics of engineering designs",Master,Aerospace Engineering,https://studiegids.tudelft.nl/courses/study-guide/educations/20801,['MSc Aerospace Engineering (Master)']
Experimental Applications of Aeroacoustics,AE4260B,"Aeroacoustics is one of the most disciplines for engineering students approaching either an industrial or an academic career in propulsion, wind energy and aerodynamics.

The aim of the course Experimental Aeroacoustics is to provide the students with knowledge on how to measure and design an experiment for the study of noise sources in many industrial applications.

The course is structured in three main areas:

1) Introduction to Aeroacoustics:

This area introduces the basic knowledge about sound, sound pressure levels, sound power level and wave equations.

2) Measurement Techniques for Noise:

In this part of the course the students will cover the basic of signal theory, microphone measurements and beamforming. The most innovative techniques for simultaneous flow visualization and noise computations will be also covered in this phase.

3) Experimental Aeroacoustic Applications

Many engineering systems are dealing today with the problem of noise emission. The students will explore in this module many practical applications, including wind-turbine, propeller/propfan and jet/cavity noise sources.","The course is meant to give the students a basic knowledge of experimental aeroacoustics.

Fundamental knowledge and industrial applications will be covered to help the students who either want to continue with an academic or industrial career.

By the end of this course, you will be able to:

- Describe how sound and noise sources are generated

- Identify the most important sources of noise in industrial applications and give indications on how to accurately measure them

- Predict and eventually propose your own ideas on possible mitigation techniques for noise sources in many engineering applications (including cars, rotors, aircraft)",Master,Aerospace Engineering,https://studiegids.tudelft.nl/courses/study-guide/educations/20802,['MSc Aerospace Engineering (Master)']
Internal Flows,AE4261,"In this course we address fluid dynamic phenomena of interest in internal flow situations for aerospace propulsion applications. The goal of the course is to develop physical insight into the phenomena that characterize internal flow in fluid machinery. As such we will discuss not just what happens, but why it happens and what are the consequences for propulsion systems. The course covers topic, which are not dealt with in courses or texts about external fluid dynamics. The flows described in Internal Flows are generally rotational, often three-dimensional, unsteady, and sometimes occurring in non-inertial (e.g., rotating) coordinate systems.

The course can be viewed as the development of flow models and ideas to enable allow physical insight into the behavior of three-dimensional and unsteady flows. One of the objectives of the course is to provide an increased ability to interpret computational and experimental results and hence to effectively extract conclusions about the key features of complex internal flows.

This course is inspired by 16.540 Internal Flow from the Department of Aeronautics and Astronautics at MIT. Much of the material is based on the lectures of Profesor E. M. Greitzer, with permission.","By the end of the course, you should be able to:

1. Understand the underlying principles governing internal flow phenomena in fluid machinery by explaining not only ""what"" occurred but also ""why"" ;

2. Interpret temperature, pressure, velocity data to predict the behavior of internal flows.

3. Assess the effect of three-dimensional and unsteady flows on the design of a turbo-machine.",Master,Aerospace Engineering,https://studiegids.tudelft.nl/courses/study-guide/educations/20999,['MSc Aerospace Engineering (Master)']
Combustion for Propulsion and Power Technologies,AE4262,"1. Thermodynamics of combustion

2. Chemical kinetics

3. Transport processes

4. Premixed and diffusion flames

5. Laminar and turbulent reactive flows

6. Combustion experiments and diagnostics

7. Combustion modelling

8. Laboratory Tutorial en Exercise

9. Practical combustion systems for aerospace applications

10. Pollutants and emissions

11. Hydrogen combustion physics and technology","Write chemical equations and perform stoichiometry calculations.

Compute heating values of fuels, enthalpies of formation and adiabatic flame temperature.

Apply principles of thermodynamics to analyse reacting mixtures at chemical equilibrium.

Describe the fundamentals of the physics involved in premixed- and diffusion flames, laminar and turbulent.

Discuss the physics related to turbulent reacting flows and chemistry interaction.

Explain experimental measurement techniques and their role in understanding combustion.

Discuss critical mechanisms for improving the efficiency and reducing the emissions of air-breathing combustion systems.

Provide phenomenological descriptions of pollutant formation of conventional combustion systems.

Elaborate on the potential and challenges related to the use of alternative fuels in combustion systems.",Master,Aerospace Engineering,https://studiegids.tudelft.nl/courses/study-guide/educations/20803,"['MSc Aerospace Engineering (Master)', 'MSc Sustainable Energy Technology (Master)']"
"Modelling, Simulation and Application of Propulsion and Power Systems",AE4263,"Part 1 - 3 ECTS

Part 2 - 2 ECTS

2nd EDUCATION PERIOD

Part 1 (2 ECTS)

Module 1 Introduction, Context, Foundations

Module 2 Conservation equations

Module 3 Modeling paradigms

Module 4 Numerical methods and software

Module 5 Modelica

Module 6 Constitutive equations

Module 7 Components and system modeling

Module 8 Verification and validation

3rd EDUCATION PERIOD

Part 1 - Continuation (1 ECTS)

Module 9 Model-based control

Exam on Part 1

Part 2 (2 ECTS)

Module 10 - Team Project to be chosen among

a) Aero engine with GSP or GTPsim

b) Power or propulsion system with Modelica","After learning the content of the course, the student will be able to:

Given an engineering problem related to propulsion and power systems, use the 9-steps method to create or select the appropriate model and run and interpret simulations in order to obtain a good solution of such problem, and communicate the results.

In particular, this overarching objective can be obtained by developing the following theoretical capabilities:

1. Describe the role and types of models in Propulsion and Power Systems Engineering, and define which different modeling paradigms and numerical methods are most appropriate or needed to develop a system model given its purpose.

2. Formulate a mathematical model for a typical propulsion and power system or component, by first analyzing the functionality of a system by means of a process flow diagram; by defining the energy, mass, and momentum conservation balances for the system of interest, and choosing the most appropriate form of conservation equations; by selecting the constitutive equations required to close the mathematical model (thermophysical models of fluids, chemical reaction eqs, heat transfer correlations, etc.).

3. Choose and configure numerical techniques for the solution of non-linear algebraic and differential-algebraic equation systems, which result from the formulation of a mathematical model.

4. Implement and code a system model of a power and propulsion application by adopting an object-oriented modeling approach (use of modularity, hierarchy, predefined connectors and inter-module variables).

5. Evaluate the reliability and possibly the fidelity of a model in the light of its purpose (model validation)

6. Use system models to solve engineering problems such as system performance assessment, preliminary design of the system and its components, the design of control strategies and the tuning of controller parameters, as well as communicate the results of the engineering analysis both verbally, and by means of a technical report.",Master,Aerospace Engineering,https://studiegids.tudelft.nl/courses/study-guide/educations/20768,"['MSc Aerospace Engineering (Master)', 'MSc Marine Technology (Master)']"
Control and Operations Project,AE4270,"This course code is a placeholder for miscellaneous student assignments within the Control and Operations track. For example, a lecturer would like to have some data processed or have a nice simulation model that can be used for demonstration purposes in the lectures. Through this course code, we now have a way to compensate students for their efforts by considering it as an elective of 4 ECTS. If there are such assignments available, they will be announced.","n/a, depends on the nature of the assignment",Master,Aerospace Engineering,https://studiegids.tudelft.nl/courses/study-guide/educations/20829,['MSc Aerospace Engineering (Master)']
Automatic Flight Control System Design,AE4301,"Classical control is still predominantly used in aerospace industry for the design and analysis of automatic flight control systems. Various existing control systems such as Stability Augmentation Systems (SAS), Control Augmentation Systems (CAS) and fly-bywire systems are reviewed in detail. The emphasis of the course lies in demonstrating, through application of classical frequency domain and state space techniques, how to design systems that fulfill the requirements imposed by the aviation authorities, with emphasis on understanding the benefits and limitations of such systems.","After this course you should be able to:

understand dynamics of linear time invariant systems and design controllers for such systems that satisfy desired performance metrics.

substantiate the function of a Flight Control System (FCS) in civil aviation.

apply the theory of flight dynamics and control to FCS design for civil aviation.

verify if a given FCS satisfies the handling qualities for civil aviation criteria.

design static and dynamic stability augmentation systems.

design all longitudinal and lateral autopilot modes for civil aviation.",Master,Aerospace Engineering,https://studiegids.tudelft.nl/courses/study-guide/educations/20658,"['MSc Aerospace Engineering (Master)', 'MSc Robotics (Master)', 'MSc Systems and Control (Master)']"
Exercise Automatic Flight Control System Design,AE4301P,"The goal of this exercise is to design a flight control system using classical control theory, using a simulation model in Simulink. The exercise makes you in a practical way familiar with the implementation of inner control loop design, handling qualities satisfying CAP/Gibson/MIL-specifications, and the design of a higher level autopilot mode such as glideslope tracking or terrain following.","To become familiar with classical flight controllers and their design, and to gain insight in handling qualities of open-loop and controlled aircraft.",Master,Aerospace Engineering,https://studiegids.tudelft.nl/courses/study-guide/educations/20659,['MSc Aerospace Engineering (Master)']
Avionics and Operations,AE4302,"This course provides a comprehensive, unified coverage of the principles of modern navigation equipment and systems, both in the aircraft and on the ground, including the aircraft instrumentation and flight-deck systems, with a special emphasis on the important trends in the global air navigation and air traffic management system.

In each lecture (a set of) different aviation systems will be covered and will start at the aircraft systems used for measuring its speed (air data systems), attitude (gyroscopes) and heading (compass). After a brief excursion to the flight deck and instruments used by pilots, aircraft navigation systems will be covered, including the ground-based radio systems, that can help to determine an aircraft's current and predicted positions, as well as guiding an aircraft safely to the runway. After the basics of space-based navigation (i.e., GPS), communication and surveillance (radar) systems will be covered. Finally, an outlook on the future airspace environment will be provided.

Lecture arrangement:

Introduction to avionics systems.

Air Data Systems (self study, no lecture!)

Gyroscopes, attitude reference systems.

Compasses, heading reference systems.

Navigation equations.

Flight deck instruments and integrated systems.

The Flight Management System (FMS) (self study, no lecture!)

Inertial Navigation Systems.

Radio navigation systems (VOR, DME).

Landing guidance systems (ILS, GPS).

Satellite navigation systems (GPS).

Communication, Navigation, Surveillance (CNS).

Air Traffic Management (ATM).

The Future Air Navigation System (FANS) (self study, no lecture!)","1. The student can describe in detail the working principles of the avionics systems treated in the course.

2. The student can demonstrate the avionics systems' functionalities, identify their strong points and weaknesses, and make comparisons between the avionics systems.

3. The student can evaluate, criticize, and appraise their usage in the current and future operational context.",Master,Aerospace Engineering,https://studiegids.tudelft.nl/courses/study-guide/educations/20660,['MSc Aerospace Engineering (Master)']
Stochastic Aerospace Systems,AE4304,"The course AE4304 covers ONLY the first five chapters of the lecture notes, the practical assignment AE4304P covers chapters six to eight. Chapter 9 (Etkin's 4 point model) serves as background reading.

 So, the lecture AE4304 (and its exam) covers:

 1. Introduction (aircraft do respond to atmospheric turbulence, effects on flight control system design).

 2. Scalar stochastic processes (probability theory, joint probability density functions, covariance and correlation functions, stochastic processes, ergodic processes).

3. Spectral analysis of stochastic processes in continuous time (Fourier analysis, power spectral densities, analysis of dynamic linear system responses in frequency domain).

4. Spectral analysis of stochastic processes in discrete time (discrete time Fourier transform, Fast Fourier Transform, spectral estimates-smoothing).

5. Multivariable stochastic processes (covariance function matrix and spectral density matrix, multi-variable system responses in the frequency and in the time domain).

The practical assignment AE4304P (Matlab or Python) covers:

6. Description of atmospheric turbulence (physical mechanisms, stochastic models of atmospheric turbulence, the two fundamental correlation functions, von Karman en Dryden spectra, models in the time domain).

7. Symmetric aircraft response to atmospheric turbulence (symmetrical aerodynamic forces and moments due to turbulence, gust derivatives, equations of motion of aircraft flying in symmetrical atmospheric turbulence).

8. Asymmetric aircraft response to atmospheric turbulence (elementary two-dimensional fields of turbulence, asymmetrical aerodynamic forces and moments, asymmetrical gust derivatives, equations of motion).","Introduction to stochastic processes, spectral analysis, understanding the physics of aircraft responses to atmospheric turbulence, derivation of equations of motion of symmetrical and asymmetrical responses to atmospheric turbulence.",Master,Aerospace Engineering,https://studiegids.tudelft.nl/courses/study-guide/educations/24253,['MSc Aerospace Engineering (Master)']
Stochastic Aerospace Systems Practical,AE4304P,"Application of MATLAB or Python software to aircraft specific turbulence responses:

Calculation of aircraft time-histories due to both symmetrical and asymmetrical, longitudinal, lateral and vertical turbulence components.

Calculation of analytical transfer functions, frequency response functions, and auto- and cross Power Spectral Density (PSD) functions of state- and output variables (e.g. acceleration levels).

Numerical calculation of frequency response functions, and auto- and cross Power Spectral Density (PSD) functions of state- and output-variables.

Calculation of (co)variance- and correlation-functions of aircraft state-and output-variables.

The effects of Automatic Flight Control Systems on the aircraft's responses to atmospheric turbulence.",Introduction to both time- and frequency-domain identification and simulation techniques using MATLAB or Python. The techniques are applied to example aircraft (amongst others Cessna Citation 500).,Master,Aerospace Engineering,https://studiegids.tudelft.nl/courses/study-guide/educations/20661,['MSc Aerospace Engineering (Master)']
Non-linear and Adaptive Flight Control,AE4311,"Safety and survivability of modern civil and military aircraft when airframe and structural failures have occurred in flight have become a key issue in the aerospace industry nowadays. This course introduces nonlinear and adaptive control techniques to enhance reconfigurabilities of aircraft flight control systems. Advanced nonlinear and adaptive control techniques such as Adaptive Nonlinear Dynamic Inversion (ANDI), Incremental Nonlinear Dynamic Inversion (INDI), Adaptive Backstepping (ABS) and Incremental Backstepping are described together with applications to fault tolerant and reconfigurable aircraft flight control system designs. Unconventional yet available control effectors are used through control allocation algorithms to achieve required performance.","Students will be able to acquire the skills in designing fault tolerant and reconfigurable flight control systems using Adaptive Nonlinear Dynamic Inversion (ANDI), Incremental Nonlinear Dynamic Inversion, Adaptive Backstepping (ABS) and Incremental Backstepping control techniques.",Master,Aerospace Engineering,https://studiegids.tudelft.nl/courses/study-guide/educations/20830,"['MSc Aerospace Engineering (Master)', 'MSc Systems and Control (Master)']"
"Helicopter Performance, Stability and Control",AE4314-21,"General lay-out of helicopters, rotorcraft and other vertical take-off and landing (VTOL) configurations, performance calculations during hover, vertical climb and descent and forward flight.

Helicopter blade dynamics.

Introduction to helicopter control characteristics: symmetrical equations of motion handling- and control properties.

Introduction to aeroelasticity of rotorcraft.","1. An example of the synthesis of a large diversity of subject areas, aimed at the analysis of a complicated technical object.

2. Introduction to aerodynamics, flight mechanics and aeroelasticity of helicopters and more general rotorcraft, which enables the student to independently study more advanced literature.",Master,Aerospace Engineering,https://studiegids.tudelft.nl/courses/study-guide/educations/20832,"['MSc Aerospace Engineering (Master)', 'MSc Systems and Control (Master)']"
Aerospace Human-Machine Systems,AE4316,"This course focuses on the various aspects of actual and future flight deck and air traffic control human-machine interfaces. It provides extensive theoretical as well as practical knowledge on the specific characteristics of human behavior, such as human control behavior (i.e., cybernetics), human perception (visual en haptic), human mental processing, cognitive factors, and human-automation interaction in manual and supervisory control tasks.","Overall, the student will have a working knowledge of human operator (pilot) characteristics that are relevant for the design and evaluation of human-machine systems. Specific study goals:

The student:

* Is able to classify different types of human behaviour according to Rasmussen's rule-skill and knowledge taxonomy

* Is able to predict performance and human behaviour in manual control tasks, using McRuer's cross-over theory, and is able to reason on the effect of task variables (motion, haptics, etc.)

* Knows the physiology and characteristics of human sensory systems and actuation processes (visual, vestibular, propioceptive senses and neuromuscular system) as relevant for human behaviour, and is able to predict the implications of these properties for human perception and behaviour, and relate this to design choices for displays and manipulators, and can assess physiological effects of vehicular motion.

* can describe the pitfalls of automation (i.e., ironies of automation) and is familiar with various taxonomies on levels en stages of automation.

* can analyse accident and incident reports, find latent and active errors and classify these with Rasmussen's SRK taxonomy and identify Reason's error shaping factor. The student understands the wider context of human error (Dekker's ""new view"").

* is familiar with workload and situation awareness, and knows which methods are used to measure these properties and can consider their properties and limitations

* understands the nature of human cognition, can distinguish between different views and models of cognition and knows when these are applicable

* can describe the differences and similarities between interface design approaches that aim to support both system and human (control en cognitive) performances

* is familiar with workload theory, knows different metrics for workload, and when these are applicable",Master,Aerospace Engineering,https://studiegids.tudelft.nl/courses/study-guide/educations/20662,"['MSc Aerospace Engineering (Master)', 'MSc Robotics (Master)']"
Advanced Topics in Aerospace Human-Machine Systems,AE4316P,"This course further explores the various aspects of supervisory control and manual control (cybernetics) and their applications in aerospace as introduced in the AE4316 lecture series. Through a number of lectures in the first weeks, this course provides detailed practical information on the current advanced state-of-the art methods used for measuring, analyzing, and modeling human performance and behavior in supervisory and manual control tasks and how such methods are used in research applications relevant to aerospace.

Furthermore, through extensive practical work performed in small groups (3-5 students), students will gain practical experience with the advanced analysis of human-machine system performance through an experiment they need to plan and perform themselves. In this experiment, which will be performed in one of the simulator setups available at Control & Simulation (i.e., the ATC-Lab, the HMI-Lab or SIMONA), students will collect data for an experiment of their choice, analyze the collected data, and reflect on the conclusions drawn from their experimental measurements.","1. Formulate a good research question and hypotheses for a supervisory or manual control experiment.

2. Demonstrate understanding of the direct link between an experiments independent, dependent and control variables and the data analysis that can be performed on its data.

3. Analyze data from a supervisory or manual control experiment using state-of-the-art data analysis techniques and statistical tests.

4. Compare experimental findings with theoretical constructs and elementary models of human performance or control behavior.

5. Reflect on the scientific conclusions drawn from a set of human subject experiment data and their reliability.

6. Reflect on the consequences of experiment design choices on the scope and validity of human subject experiment results.",Master,Aerospace Engineering,https://studiegids.tudelft.nl/courses/study-guide/educations/20833,['MSc Aerospace Engineering (Master)']
Autonomous Flight of Micro Air Vehicles,AE4317,"This course covers the challenges and existing state-of-the-art methods for enabling autonomous flight of Micro Air Vehicles (MAVs), ranging from 20-gram flapping wings to 1 kg quad rotors. The emphasis is on computationally efficient, bio-inspired approaches to MAV autonomous flight.

The students will apply the theoretical knowledge in the practical assignment, in which student groups program quad rotors to avoid obstacles in TU Delft's Cyberzoo.","(1) Students can explain the differences between MAVs and larger aircraft in terms of control, design, aerodynamics, and electronics.

(2) Students can explain how the differences mentioned above affect the task of achieving autonomous flight with MAVs.

(3) Students can list and explain Artificial Intelligence (AI) and control techniques useful for autonomous flight of Micro Air Vehicles (MAVs).

a) Bio-inspired robotics

b) Vision-based navigation

(4) Students can apply the learned AI and control techniques to, and create new algorithms for an autonomous flight task.

(5) Students can reproduce the current state of regulations for MAV operations. In addition, they can assess and discuss the safety and ethical aspects of MAV operations.",Master,Aerospace Engineering,https://studiegids.tudelft.nl/courses/study-guide/educations/20834,"['MSc Aerospace Engineering (Master)', 'MSc Robotics (Master)', 'MSc Systems and Control (Master)']"
System Identification of Aerospace Vehicles,AE4320,"Accurate aerodynamic models play a crucial role in the design and operation of flight simulators and flight control systems. The creation of accurate aerodynamic models from CFD, wind tunnel, and flight test data has historically been a highly challenging task. This is a direct result of the nonlinear nature of aircraft (aero)dynamics and the fact that not all aircraft states can be measured directly. As a consequence, the aerospace vehicle parameter identification problem constitutes a joint parameter-state estimation problem. It is the aim of this course to provide the student with a complete overview of the system identification cycle as it is currently applied to aerospace systems, and to introduce the student to the current state of the art in the field of aerodynamic model identification.

The course consists of 7 parts covering the entire system identification cycle. In the first part of the course, the process of data acquisition using on-board sensors including accelerometers, gyroscopes, GPS and various air data sensors is discussed. It will be demonstrated that measurements made by real-world sensors are contaminated with noise, and are sometimes biased. Additionally, some aircraft states, like the true angle of attack, cannot be measured directly and must be reconstructed by combining sensor measurements. The second part of the course introduces the concept of state estimation in which prior physical knowledge of the system is used in a Kalman filter (KF) to estimate the true aircraft states from the measured states. Next to the ordinary Kalman filter, the Extended Kalman filter (EKF) and the Iterated extended Kalman filter (IEKF) will be introduced. In the third part of the course various methods for the estimation of model parameters will be discussed. It will be shown how the results from the state estimation are used in combination with a parameter estimator. This part not only focuses on offline batch parameter estimation methods like ordinary least squares (OLS), weighted least squares (WLS), total least squares (TLS), and maximum likelihood (ML) estimators, but also on recursive parameter estimation methods like recursive least squares (RLS) that can be used online. Special attention will be paid on the process of choosing a parameter estimator that is right for the job.

The fourth part of the course introduces an advanced global nonlinear optimization method based on interval analysis. In aerospace system identification, so-called non-convex and nonlinear optimization problems are often encountered. Such problems can be solved with global nonlinear optimization methods like interval analysis. The fifth and sixth part of the course focuses on two advanced model structures that can be used in combination with the earlier introduced parameter estimation methods. In the fifth part of the course the neural network black-box function approximator is introduced. It is shown how neural networks are used to approximate scattered multidimensional data. In the sixth part of the course a new method for aerodynamic model identification based on multivariate simplex B-splines is introduced. This method was recently developed at the Faculty of Aerospace Engineering of the TU-Delft, and has a number of advantages over existing methods. For example, the simplex B-splines have a transparent model structure, are general in any number of dimensions, and can be computed efficiently in real-time.

In the final part of the course, all theory introduced in the first six parts is used in a demonstration that uses real flight data from a real-life system like the Cessna Citation II laboratory aircraft, or a Micro Air Vehicle to identify a multivariate spline based aerodynamic model. The created model is validated using various techniques. Finally, pointers are given towards further research in the field of aerodynamic model validation.","After completing the course, students will have a thorough understanding of the theoretical elements of aircraft system identification. Students will be able to apply these elements to go from real CFD, wind tunnel, and flight test data to an accurate aerodynamic model that can be used in simulator or flight control system applications.",Master,Aerospace Engineering,https://studiegids.tudelft.nl/courses/study-guide/educations/20835,['MSc Aerospace Engineering (Master)']
Air Traffic Management,AE4321-15,"The course gives an Introduction in Air Traffic Management and ATM research topics.

1. Introduction and history of Air Traffic Management, organisational en regulatory aspects

2. Airspace set-up, flight planning and navigation

3. Communication: Information services, Voice R/T, Data Link

4. Navigation: Great Circle calculations, WGS'84, approximations, beacons/navaids, landing aids

5. Surveillance: Radar basics, primary-secondary radar, radar types, ADS-B

6. Separation: Separation Minima, Near Misses, Closest Point of Approach Calculations, wind vortex categories

7. New concepts: Airborne separation assurance, 4D contract TBO, paired approaches, etc.

8. ATC Simulations: fast-time, human in the loop

9. ATC Research organisations and large scale programs (SESAR, NextGen)

10. ATM research topics: interactively discussed in class based on presentations by students

While the first part of the course is mainly lectures, the second part of the course is much more interactive. Here pairs of students get assigned a paper, project or case to study and form an opinion on. They should explain and review it in both a brief essay and during a short presentation in class, followed by a discussion with the class in which they need to defend their view on this study. In this way the students are familiarized with different aspects and opinions on the 'hot topics' in ATM research currently.","This course is designed to give the students an appreciation of the current ATM systems, throughout the world, with emphasis on the core area of Europe, in preparing the existing ATC systems for the predicted increase of traffic.

Emerging technologies will be described, with the associated implementation aspects like Air Traffic Controllers' systems, the history and future of ATC, airline perspective, European and US new ATM programmes SESAR and NEXTGEN.

Emphasis is on both the current technology as well as future concepts and technology which are currently being researched.",Master,Aerospace Engineering,https://studiegids.tudelft.nl/courses/study-guide/educations/20836,"['MSc Aerospace Engineering (Master)', 'MSc Transport, Infrastructure and Logistics (Master)', 'MSc Robotics (Master)']"
Piloted Flight Simulation,AE4322-24,"Lecture topics, not necessarily in chronological order

Introduction to piloted flight simulation, including fidelity considerations

Use of piloted flight simulation, including training and qualification

Simulator sub-systems

Modelling of vehicle dynamics

Motion bases, including cueing

Visual systems, including image generation

Control loading","You can explain the use cases of piloted flight simulators and the resulting (sub-)system requirements.

You can explain the working principles of piloted flight simulator subsystems (vehicle model, motion system, visual system, and control loading).

You can identify the design options for a flight simulator's functions, distinguish strong and weak points, as well as relate these to the simulator's intended use.

You can identify, analyze, and evaluate piloted flight simulator systems in an operational context, e.g. in a flight training centre or a simulator manufacturing plant.

You can identify and explain the different ways in which the fidelity of a simulator (system) can be evaluated (physical, perceptual, behavioural).

You can use common methodologies used for assessing simulator fidelity in industry (QTG, OMCT, numerical stability).",Master,Aerospace Engineering,https://studiegids.tudelft.nl/courses/study-guide/educations/20663,['MSc Aerospace Engineering (Master)']
Real-time Distributed Flight and Space Simulation,AE4323,"Lecture topics, not necessarily in chronological order

1) C++ introduction

2) Real-time software engineering

3) Delft University Environment for Communication and Activation (DUECA)

4) Modelling tools

5) Verification and Validation

6) Software project management

Programming assignments, individually and in a team. The course is completed with a practical project in which students program, demonstrate and document a distributed simulation with an aerospace theme. Attendance in the project meetings is mandatory.","1) You can identify the software issues related to real-time, distributed simulation.

2) You can actively apply the theory of rigid body dynamics in real-time simulation.

3) You can combine the modelling of dynamical systems with numerical integration routines.

4) You can use quaternions to represent rigid body attitudes.

5) You can implement simulation models using different software languages and tools (C++, Simulink).

6) You can create 3D models for computer visualisation and optimise these for real-time simulation.

7) You can (in a team) implement a real-time simulation on a distributed platform, using advanced software tools.",Master,Aerospace Engineering,https://studiegids.tudelft.nl/courses/study-guide/educations/20837,"['MSc Aerospace Engineering (Master)', 'MSc Systems and Control (Master)']"
Physical Interaction for Aerial and Space Robots,AE4324,"Course Overview:
This course introduces the fundamentals of Robotics, with a particular focus on the mechanics of physical interaction in aerial and free-flying systems. It builds from the core principles of robot design, kinematic modeling, and motion control in fixed-base systems, progressing toward advanced topics in the control of floating-base robots that physically interact with their environment.

The skills developed in this course are essential for advanced applications in Robotics. In orbital robotics, they support tasks like satellite servicing, autonomous docking, and debris capture. For planetary exploration, they enable robots to navigate rough terrain and interact with their environment. In aerial manipulation, they are key to enabling drones to physically interact with the environment using onboard robotic arms. This includes performing complex tasks such as contact-based inspection of infrastructure (e.g., bridges, wind turbines, or power lines), precise placement or retrieval of objects in hard-to-reach areas, and remote maintenance operations in environments that are hazardous or inaccessible to humans.

Course Format:
The format consists of lectures and in-class tutorials. There are 2 summative assessments: assignment and written exam.

Course Topics:

Introduction and Applications

Robot Morphologies

Robot Kinematics

The Jacobian Matrix

Robot Dynamics

Trajectory Planning

Interaction Control for Fixed Robots

Interaction Control for Floating-base Robots

Tactile Exploration

Course Assignment:
The learning objective is to implement kinematics, motion planning and interaction tasks on a real robotic arm. The assignment is conducted in groups of 2/3 students. The deliverable is a written report, videos of the robot demonstrations, and well-documented code. To pass the assignment, the grade of the assignment should be higher than 5.5.","After completing this course, the students are able to:

Identify different robot morphologies and associate the correct modelling rules

Derive the kinematics of simple and complex morphologies

Implement motion-based control laws for robot arms

Implement interaction control laws for robot arms

Implement kinematics and control theory in simulation and on real robotic hardware",Master,Aerospace Engineering,https://studiegids.tudelft.nl/courses/study-guide/educations/20838,['MSc Aerospace Engineering (Master)']
